<?xml version="1.0" encoding="utf-8" ?>
<dwsync>
<file name="fdd000004.xml" server="teamsite.loc.gov//default/main/LC-PUB/LC-HOME/WORKAREA/kmur/htdocs/preservation/digital/formats/" local="131315683620000000" remote="131315683620000000" Dst="2" />
<file name="fdd000003.xml" server="teamsite.loc.gov//default/main/LC-PUB/LC-HOME/WORKAREA/kmur/htdocs/preservation/digital/formats/" local="131315683620000000" remote="131315683620000000" Dst="2" />
<file name="fdd000002.xml" server="teamsite.loc.gov//default/main/LC-PUB/LC-HOME/WORKAREA/kmur/htdocs/preservation/digital/formats/" local="131315683630000000" remote="131315683630000000" Dst="2" />
<file name="fdd000021.xml" server="teamsite.loc.gov//default/main/LC-PUB/LC-HOME/WORKAREA/kmur/htdocs/preservation/digital/formats/" local="131317245330000000" remote="131317245330000000" Dst="2" />
<file name="fdd000016.xml" server="teamsite.loc.gov//default/main/LC-PUB/LC-HOME/WORKAREA/kmur/htdocs/preservation/digital/formats/" local="131317245330000000" remote="131317245330000000" Dst="2" />
<file name="fdd000013.xml" server="teamsite.loc.gov//default/main/LC-PUB/LC-HOME/WORKAREA/kmur/htdocs/preservation/digital/formats/" local="131317245340000000" remote="131317245340000000" Dst="2" />
<file name="fdd000023.xml" server="teamsite.loc.gov//default/main/LC-PUB/LC-HOME/WORKAREA/kmur/htdocs/preservation/digital/formats/" local="131318307910000000" remote="131318307910000000" Dst="2" />
<file name="fdd000024.xml" server="teamsite.loc.gov//default/main/LC-PUB/LC-HOME/WORKAREA/kmur/htdocs/preservation/digital/formats/" local="131318307910000000" remote="131318307910000000" Dst="2" />
<file name="fdd000025.xml" server="teamsite.loc.gov//default/main/LC-PUB/LC-HOME/WORKAREA/kmur/htdocs/preservation/digital/formats/" local="131318307910000000" remote="131318307910000000" Dst="2" />
<file name="fdd000028.xml" server="teamsite.loc.gov//default/main/LC-PUB/LC-HOME/WORKAREA/kmur/htdocs/preservation/digital/formats/" local="131753775970000000" remote="131753777510000000" Dst="2" />
<file name="fdd000032.xml" server="teamsite.loc.gov//default/main/LC-PUB/LC-HOME/WORKAREA/kmur/htdocs/preservation/digital/formats/" local="131318307920000000" remote="131318307920000000" Dst="2" />
<file name="fdd000033.xml" server="teamsite.loc.gov//default/main/LC-PUB/LC-HOME/WORKAREA/kmur/htdocs/preservation/digital/formats/" local="131318307920000000" remote="131318307920000000" Dst="2" />
<file name="fdd000034.xml" server="teamsite.loc.gov//default/main/LC-PUB/LC-HOME/WORKAREA/kmur/htdocs/preservation/digital/formats/" local="131318307920000000" remote="131318307920000000" Dst="2" />
<file name="fdd000036.xml" server="teamsite.loc.gov//default/main/LC-PUB/LC-HOME/WORKAREA/kmur/htdocs/preservation/digital/formats/" local="131318307930000000" remote="131318307930000000" Dst="2" />
<file name="fdd000038.xml" server="teamsite.loc.gov//default/main/LC-PUB/LC-HOME/WORKAREA/kmur/htdocs/preservation/digital/formats/" local="131318307930000000" remote="131318307930000000" Dst="2" />
<file name="fdd000039.xml" server="teamsite.loc.gov//default/main/LC-PUB/LC-HOME/WORKAREA/kmur/htdocs/preservation/digital/formats/" local="131318307930000000" remote="131318307930000000" Dst="2" />
<file name="fdd000044.xml" server="teamsite.loc.gov//default/main/LC-PUB/LC-HOME/WORKAREA/kmur/htdocs/preservation/digital/formats/" local="131318307930000000" remote="131318307930000000" Dst="2" />
<file name="fdd000045.xml" server="teamsite.loc.gov//default/main/LC-PUB/LC-HOME/WORKAREA/kmur/htdocs/preservation/digital/formats/" local="131318307930000000" remote="131318307930000000" Dst="2" />
<file name="fdd000080.xml" server="teamsite.loc.gov//default/main/LC-PUB/LC-HOME/WORKAREA/kmur/htdocs/preservation/digital/formats/" local="131321517510000000" remote="131321517510000000" Dst="2" />
<file name="fdd000079.xml" server="teamsite.loc.gov//default/main/LC-PUB/LC-HOME/WORKAREA/kmur/htdocs/preservation/digital/formats/" local="131321517520000000" remote="131321517520000000" Dst="2" />
<file name="fdd000078.xml" server="teamsite.loc.gov//default/main/LC-PUB/LC-HOME/WORKAREA/kmur/htdocs/preservation/digital/formats/" local="131321517520000000" remote="131321517520000000" Dst="2" />
<file name="fdd000077.xml" server="teamsite.loc.gov//default/main/LC-PUB/LC-HOME/WORKAREA/kmur/htdocs/preservation/digital/formats/" local="131321517520000000" remote="131321517520000000" Dst="2" />
<file name="fdd000074.xml" server="teamsite.loc.gov//default/main/LC-PUB/LC-HOME/WORKAREA/kmur/htdocs/preservation/digital/formats/" local="131321517520000000" remote="131321517520000000" Dst="2" />
<file name="fdd000073.xml" server="teamsite.loc.gov//default/main/LC-PUB/LC-HOME/WORKAREA/kmur/htdocs/preservation/digital/formats/" local="131321517520000000" remote="131321517520000000" Dst="2" />
<file name="fdd000072.xml" server="teamsite.loc.gov//default/main/LC-PUB/LC-HOME/WORKAREA/kmur/htdocs/preservation/digital/formats/" local="131321517520000000" remote="131321517520000000" Dst="2" />
<file name="fdd000069.xml" server="teamsite.loc.gov//default/main/LC-PUB/LC-HOME/WORKAREA/kmur/htdocs/preservation/digital/formats/" local="131321517520000000" remote="131321517520000000" Dst="2" />
<file name="fdd000068.xml" server="teamsite.loc.gov//default/main/LC-PUB/LC-HOME/WORKAREA/kmur/htdocs/preservation/digital/formats/" local="131321517520000000" remote="131321517520000000" Dst="2" />
<file name="fdd000066.xml" server="teamsite.loc.gov//default/main/LC-PUB/LC-HOME/WORKAREA/kmur/htdocs/preservation/digital/formats/" local="131321517520000000" remote="131321517520000000" Dst="2" />
<file name="fdd000065.xml" server="teamsite.loc.gov//default/main/LC-PUB/LC-HOME/WORKAREA/kmur/htdocs/preservation/digital/formats/" local="131321517530000000" remote="131321517530000000" Dst="2" />
<file name="fdd000064.xml" server="teamsite.loc.gov//default/main/LC-PUB/LC-HOME/WORKAREA/kmur/htdocs/preservation/digital/formats/" local="131321517530000000" remote="131321517530000000" Dst="2" />
<file name="fdd000063.xml" server="teamsite.loc.gov//default/main/LC-PUB/LC-HOME/WORKAREA/kmur/htdocs/preservation/digital/formats/" local="131321517530000000" remote="131321517530000000" Dst="2" />
<file name="fdd000062.xml" server="teamsite.loc.gov//default/main/LC-PUB/LC-HOME/WORKAREA/kmur/htdocs/preservation/digital/formats/" local="131321517530000000" remote="131321517530000000" Dst="2" />
<file name="fdd000061.xml" server="teamsite.loc.gov//default/main/LC-PUB/LC-HOME/WORKAREA/kmur/htdocs/preservation/digital/formats/" local="131321517530000000" remote="131321517530000000" Dst="2" />
<file name="fdd000060.xml" server="teamsite.loc.gov//default/main/LC-PUB/LC-HOME/WORKAREA/kmur/htdocs/preservation/digital/formats/" local="131321517530000000" remote="131321517530000000" Dst="2" />
<file name="fdd000058.xml" server="teamsite.loc.gov//default/main/LC-PUB/LC-HOME/WORKAREA/kmur/htdocs/preservation/digital/formats/" local="131321517530000000" remote="131321517530000000" Dst="2" />
<file name="fdd000057.xml" server="teamsite.loc.gov//default/main/LC-PUB/LC-HOME/WORKAREA/kmur/htdocs/preservation/digital/formats/" local="131321517530000000" remote="131321517530000000" Dst="2" />
<file name="fdd000056.xml" server="teamsite.loc.gov//default/main/LC-PUB/LC-HOME/WORKAREA/kmur/htdocs/preservation/digital/formats/" local="131321517530000000" remote="131321517530000000" Dst="2" />
<file name="fdd000054.xml" server="teamsite.loc.gov//default/main/LC-PUB/LC-HOME/WORKAREA/kmur/htdocs/preservation/digital/formats/" local="131321517530000000" remote="131321517530000000" Dst="2" />
<file name="fdd000053.xml" server="teamsite.loc.gov//default/main/LC-PUB/LC-HOME/WORKAREA/kmur/htdocs/preservation/digital/formats/" local="131321517530000000" remote="131321517530000000" Dst="2" />
<file name="fdd000051.xml" server="teamsite.loc.gov//default/main/LC-PUB/LC-HOME/WORKAREA/kmur/htdocs/preservation/digital/formats/" local="131321517540000000" remote="131321517540000000" Dst="2" />
<file name="fdd000050.xml" server="teamsite.loc.gov//default/main/LC-PUB/LC-HOME/WORKAREA/kmur/htdocs/preservation/digital/formats/" local="131321517540000000" remote="131321517540000000" Dst="2" />
<file name="fdd000049.xml" server="teamsite.loc.gov//default/main/LC-PUB/LC-HOME/WORKAREA/kmur/htdocs/preservation/digital/formats/" local="131321517540000000" remote="131321517540000000" Dst="2" />
<file name="fdd000048.xml" server="teamsite.loc.gov//default/main/LC-PUB/LC-HOME/WORKAREA/kmur/htdocs/preservation/digital/formats/" local="131321517540000000" remote="131321517540000000" Dst="2" />
<file name="fdd000047.xml" server="teamsite.loc.gov//default/main/LC-PUB/LC-HOME/WORKAREA/kmur/htdocs/preservation/digital/formats/" local="131321517540000000" remote="131321517540000000" Dst="2" />
<file name="fdd000046.xml" server="teamsite.loc.gov//default/main/LC-PUB/LC-HOME/WORKAREA/kmur/htdocs/preservation/digital/formats/" local="131321517540000000" remote="131321517540000000" Dst="2" />
<file name="fdd000099.xml" server="teamsite.loc.gov//default/main/LC-PUB/LC-HOME/WORKAREA/kmur/htdocs/preservation/digital/formats/" local="131321553240000000" remote="131321553240000000" Dst="2" />
<file name="fdd000098.xml" server="teamsite.loc.gov//default/main/LC-PUB/LC-HOME/WORKAREA/kmur/htdocs/preservation/digital/formats/" local="131321553250000000" remote="131321553250000000" Dst="2" />
<file name="fdd000092.xml" server="teamsite.loc.gov//default/main/LC-PUB/LC-HOME/WORKAREA/kmur/htdocs/preservation/digital/formats/" local="131321553250000000" remote="131321553250000000" Dst="2" />
<file name="fdd000091.xml" server="teamsite.loc.gov//default/main/LC-PUB/LC-HOME/WORKAREA/kmur/htdocs/preservation/digital/formats/" local="131321553250000000" remote="131321553250000000" Dst="2" />
<file name="fdd000090.xml" server="teamsite.loc.gov//default/main/LC-PUB/LC-HOME/WORKAREA/kmur/htdocs/preservation/digital/formats/" local="131321553250000000" remote="131321553250000000" Dst="2" />
<file name="fdd000089.xml" server="teamsite.loc.gov//default/main/LC-PUB/LC-HOME/WORKAREA/kmur/htdocs/preservation/digital/formats/" local="131321553250000000" remote="131321553250000000" Dst="2" />
<file name="fdd000088.xml" server="teamsite.loc.gov//default/main/LC-PUB/LC-HOME/WORKAREA/kmur/htdocs/preservation/digital/formats/" local="131321553250000000" remote="131321553250000000" Dst="2" />
<file name="fdd000087.xml" server="teamsite.loc.gov//default/main/LC-PUB/LC-HOME/WORKAREA/kmur/htdocs/preservation/digital/formats/" local="131321553250000000" remote="131321553250000000" Dst="2" />
<file name="fdd000086.xml" server="teamsite.loc.gov//default/main/LC-PUB/LC-HOME/WORKAREA/kmur/htdocs/preservation/digital/formats/" local="131321553250000000" remote="131321553250000000" Dst="2" />
<file name="fdd000085.xml" server="teamsite.loc.gov//default/main/LC-PUB/LC-HOME/WORKAREA/kmur/htdocs/preservation/digital/formats/" local="131321553250000000" remote="131321553250000000" Dst="2" />
<file name="fdd000084.xml" server="teamsite.loc.gov//default/main/LC-PUB/LC-HOME/WORKAREA/kmur/htdocs/preservation/digital/formats/" local="131321553250000000" remote="131321553250000000" Dst="2" />
<file name="fdd000083.xml" server="teamsite.loc.gov//default/main/LC-PUB/LC-HOME/WORKAREA/kmur/htdocs/preservation/digital/formats/" local="131321553250000000" remote="131321553250000000" Dst="2" />
<file name="fdd000082.xml" server="teamsite.loc.gov//default/main/LC-PUB/LC-HOME/WORKAREA/kmur/htdocs/preservation/digital/formats/" local="131321553250000000" remote="131321553250000000" Dst="2" />
<file name="fdd000081.xml" server="teamsite.loc.gov//default/main/LC-PUB/LC-HOME/WORKAREA/kmur/htdocs/preservation/digital/formats/" local="131321553250000000" remote="131321553250000000" Dst="2" />
<file name="fdd000097.xml" server="teamsite.loc.gov//default/main/LC-PUB/LC-HOME/WORKAREA/kmur/htdocs/preservation/digital/formats/" local="131321553250000000" remote="131321553250000000" Dst="2" />
<file name="fdd000096.xml" server="teamsite.loc.gov//default/main/LC-PUB/LC-HOME/WORKAREA/kmur/htdocs/preservation/digital/formats/" local="131321553260000000" remote="131321553260000000" Dst="2" />
<file name="fdd000095.xml" server="teamsite.loc.gov//default/main/LC-PUB/LC-HOME/WORKAREA/kmur/htdocs/preservation/digital/formats/" local="131321553260000000" remote="131321553260000000" Dst="2" />
<file name="fdd000094.xml" server="teamsite.loc.gov//default/main/LC-PUB/LC-HOME/WORKAREA/kmur/htdocs/preservation/digital/formats/" local="131321553260000000" remote="131321553260000000" Dst="2" />
<file name="fdd000093.xml" server="teamsite.loc.gov//default/main/LC-PUB/LC-HOME/WORKAREA/kmur/htdocs/preservation/digital/formats/" local="131321553260000000" remote="131321553260000000" Dst="2" />
<file name="fdd000100.xml" server="teamsite.loc.gov//default/main/LC-PUB/LC-HOME/WORKAREA/kmur/htdocs/preservation/digital/formats/" local="131321576750000000" remote="131321576750000000" Dst="2" />
<file name="fdd000101.xml" server="teamsite.loc.gov//default/main/LC-PUB/LC-HOME/WORKAREA/kmur/htdocs/preservation/digital/formats/" local="131321576750000000" remote="131321576750000000" Dst="2" />
<file name="fdd000102.xml" server="teamsite.loc.gov//default/main/LC-PUB/LC-HOME/WORKAREA/kmur/htdocs/preservation/digital/formats/" local="131321576750000000" remote="131321576750000000" Dst="2" />
<file name="fdd000103.xml" server="teamsite.loc.gov//default/main/LC-PUB/LC-HOME/WORKAREA/kmur/htdocs/preservation/digital/formats/" local="131321576750000000" remote="131321576750000000" Dst="2" />
<file name="fdd000104.xml" server="teamsite.loc.gov//default/main/LC-PUB/LC-HOME/WORKAREA/kmur/htdocs/preservation/digital/formats/" local="131321576750000000" remote="131321576750000000" Dst="2" />
<file name="fdd000105.xml" server="teamsite.loc.gov//default/main/LC-PUB/LC-HOME/WORKAREA/kmur/htdocs/preservation/digital/formats/" local="131321576750000000" remote="131321576750000000" Dst="2" />
<file name="fdd000106.xml" server="teamsite.loc.gov//default/main/LC-PUB/LC-HOME/WORKAREA/kmur/htdocs/preservation/digital/formats/" local="131321576750000000" remote="131321576750000000" Dst="2" />
<file name="fdd000107.xml" server="teamsite.loc.gov//default/main/LC-PUB/LC-HOME/WORKAREA/kmur/htdocs/preservation/digital/formats/" local="131321576750000000" remote="131321576750000000" Dst="2" />
<file name="fdd000108.xml" server="teamsite.loc.gov//default/main/LC-PUB/LC-HOME/WORKAREA/kmur/htdocs/preservation/digital/formats/" local="131321576750000000" remote="131321576750000000" Dst="2" />
<file name="fdd000109.xml" server="teamsite.loc.gov//default/main/LC-PUB/LC-HOME/WORKAREA/kmur/htdocs/preservation/digital/formats/" local="131321576750000000" remote="131321576750000000" Dst="2" />
<file name="fdd000110.xml" server="teamsite.loc.gov//default/main/LC-PUB/LC-HOME/WORKAREA/kmur/htdocs/preservation/digital/formats/" local="131321576750000000" remote="131321576750000000" Dst="2" />
<file name="fdd000111.xml" server="teamsite.loc.gov//default/main/LC-PUB/LC-HOME/WORKAREA/kmur/htdocs/preservation/digital/formats/" local="131321576750000000" remote="131321576750000000" Dst="2" />
<file name="fdd000112.xml" server="teamsite.loc.gov//default/main/LC-PUB/LC-HOME/WORKAREA/kmur/htdocs/preservation/digital/formats/" local="131321576750000000" remote="131321576750000000" Dst="2" />
<file name="fdd000114.xml" server="teamsite.loc.gov//default/main/LC-PUB/LC-HOME/WORKAREA/kmur/htdocs/preservation/digital/formats/" local="131321576750000000" remote="131321576750000000" Dst="2" />
<file name="fdd000115.xml" server="teamsite.loc.gov//default/main/LC-PUB/LC-HOME/WORKAREA/kmur/htdocs/preservation/digital/formats/" local="131321576760000000" remote="131321576760000000" Dst="2" />
<file name="fdd000116.xml" server="teamsite.loc.gov//default/main/LC-PUB/LC-HOME/WORKAREA/kmur/htdocs/preservation/digital/formats/" local="131321576760000000" remote="131321576760000000" Dst="2" />
<file name="fdd000117.xml" server="teamsite.loc.gov//default/main/LC-PUB/LC-HOME/WORKAREA/kmur/htdocs/preservation/digital/formats/" local="131321576760000000" remote="131321576760000000" Dst="2" />
<file name="fdd000118.xml" server="teamsite.loc.gov//default/main/LC-PUB/LC-HOME/WORKAREA/kmur/htdocs/preservation/digital/formats/" local="131321576760000000" remote="131321576760000000" Dst="2" />
<file name="fdd000119.xml" server="teamsite.loc.gov//default/main/LC-PUB/LC-HOME/WORKAREA/kmur/htdocs/preservation/digital/formats/" local="131321576760000000" remote="131321576760000000" Dst="2" />
<file name="fdd000120.xml" server="teamsite.loc.gov//default/main/LC-PUB/LC-HOME/WORKAREA/kmur/htdocs/preservation/digital/formats/" local="131321576760000000" remote="131321576760000000" Dst="2" />
<file name="fdd000121.xml" server="teamsite.loc.gov//default/main/LC-PUB/LC-HOME/WORKAREA/kmur/htdocs/preservation/digital/formats/" local="131321576760000000" remote="131321576760000000" Dst="2" />
<file name="fdd000122.xml" server="teamsite.loc.gov//default/main/LC-PUB/LC-HOME/WORKAREA/kmur/htdocs/preservation/digital/formats/" local="131321576760000000" remote="131321576760000000" Dst="2" />
<file name="fdd000123.xml" server="teamsite.loc.gov//default/main/LC-PUB/LC-HOME/WORKAREA/kmur/htdocs/preservation/digital/formats/" local="131321576770000000" remote="131321576770000000" Dst="2" />
<file name="fdd000125.xml" server="teamsite.loc.gov//default/main/LC-PUB/LC-HOME/WORKAREA/kmur/htdocs/preservation/digital/formats/" local="131321576770000000" remote="131321576770000000" Dst="2" />
<file name="fdd000126.xml" server="teamsite.loc.gov//default/main/LC-PUB/LC-HOME/WORKAREA/kmur/htdocs/preservation/digital/formats/" local="131321751710000000" remote="131321751710000000" Dst="2" />
<file name="fdd000129.xml" server="teamsite.loc.gov//default/main/LC-PUB/LC-HOME/WORKAREA/kmur/htdocs/preservation/digital/formats/" local="131321751710000000" remote="131321751710000000" Dst="2" />
<file name="fdd000130.xml" server="teamsite.loc.gov//default/main/LC-PUB/LC-HOME/WORKAREA/kmur/htdocs/preservation/digital/formats/" local="131321751710000000" remote="131321751710000000" Dst="2" />
<file name="fdd000131.xml" server="teamsite.loc.gov//default/main/LC-PUB/LC-HOME/WORKAREA/kmur/htdocs/preservation/digital/formats/" local="131321751710000000" remote="131321751710000000" Dst="2" />
<file name="fdd000132.xml" server="teamsite.loc.gov//default/main/LC-PUB/LC-HOME/WORKAREA/kmur/htdocs/preservation/digital/formats/" local="131321751720000000" remote="131321751720000000" Dst="2" />
<file name="fdd000135.xml" server="teamsite.loc.gov//default/main/LC-PUB/LC-HOME/WORKAREA/kmur/htdocs/preservation/digital/formats/" local="131321751720000000" remote="131321751720000000" Dst="2" />
<file name="fdd000136.xml" server="teamsite.loc.gov//default/main/LC-PUB/LC-HOME/WORKAREA/kmur/htdocs/preservation/digital/formats/" local="131321751720000000" remote="131321751720000000" Dst="2" />
<file name="fdd000137.xml" server="teamsite.loc.gov//default/main/LC-PUB/LC-HOME/WORKAREA/kmur/htdocs/preservation/digital/formats/" local="131321751720000000" remote="131321751720000000" Dst="2" />
<file name="fdd000138.xml" server="teamsite.loc.gov//default/main/LC-PUB/LC-HOME/WORKAREA/kmur/htdocs/preservation/digital/formats/" local="131321751720000000" remote="131321751720000000" Dst="2" />
<file name="fdd000139.xml" server="teamsite.loc.gov//default/main/LC-PUB/LC-HOME/WORKAREA/kmur/htdocs/preservation/digital/formats/" local="131321751720000000" remote="131321751720000000" Dst="2" />
<file name="fdd000140.xml" server="teamsite.loc.gov//default/main/LC-PUB/LC-HOME/WORKAREA/kmur/htdocs/preservation/digital/formats/" local="131321751720000000" remote="131321751720000000" Dst="2" />
<file name="fdd000141.xml" server="teamsite.loc.gov//default/main/LC-PUB/LC-HOME/WORKAREA/kmur/htdocs/preservation/digital/formats/" local="131321751720000000" remote="131321751720000000" Dst="2" />
<file name="fdd000142.xml" server="teamsite.loc.gov//default/main/LC-PUB/LC-HOME/WORKAREA/kmur/htdocs/preservation/digital/formats/" local="131321751720000000" remote="131321751720000000" Dst="2" />
<file name="fdd000145.xml" server="teamsite.loc.gov//default/main/LC-PUB/LC-HOME/WORKAREA/kmur/htdocs/preservation/digital/formats/" local="131321751730000000" remote="131321751730000000" Dst="2" />
<file name="fdd000147.xml" server="teamsite.loc.gov//default/main/LC-PUB/LC-HOME/WORKAREA/kmur/htdocs/preservation/digital/formats/" local="131321751730000000" remote="131321751730000000" Dst="2" />
<file name="fdd000150.xml" server="teamsite.loc.gov//default/main/LC-PUB/LC-HOME/WORKAREA/kmur/htdocs/preservation/digital/formats/" local="131321751730000000" remote="131321751730000000" Dst="2" />
<file name="fdd000151.xml" server="teamsite.loc.gov//default/main/LC-PUB/LC-HOME/WORKAREA/kmur/htdocs/preservation/digital/formats/" local="131321751730000000" remote="131321751730000000" Dst="2" />
<file name="fdd000155.xml" server="teamsite.loc.gov//default/main/LC-PUB/LC-HOME/WORKAREA/kmur/htdocs/preservation/digital/formats/" local="131321751740000000" remote="131321751740000000" Dst="2" />
<file name="fdd000156.xml" server="teamsite.loc.gov//default/main/LC-PUB/LC-HOME/WORKAREA/kmur/htdocs/preservation/digital/formats/" local="131321751740000000" remote="131321751740000000" Dst="2" />
<file name="fdd000157.xml" server="teamsite.loc.gov//default/main/LC-PUB/LC-HOME/WORKAREA/kmur/htdocs/preservation/digital/formats/" local="131321751740000000" remote="131321751740000000" Dst="2" />
<file name="fdd000158.xml" server="teamsite.loc.gov//default/main/LC-PUB/LC-HOME/WORKAREA/kmur/htdocs/preservation/digital/formats/" local="131321751740000000" remote="131321751740000000" Dst="2" />
<file name="fdd000161.xml" server="teamsite.loc.gov//default/main/LC-PUB/LC-HOME/WORKAREA/kmur/htdocs/preservation/digital/formats/" local="131321751740000000" remote="131321751740000000" Dst="2" />
<file name="fdd000162.xml" server="teamsite.loc.gov//default/main/LC-PUB/LC-HOME/WORKAREA/kmur/htdocs/preservation/digital/formats/" local="131321751740000000" remote="131321751740000000" Dst="2" />
<file name="fdd000167.xml" server="teamsite.loc.gov//default/main/LC-PUB/LC-HOME/WORKAREA/kmur/htdocs/preservation/digital/formats/" local="131321751740000000" remote="131321751740000000" Dst="2" />
<file name="fdd000168.xml" server="teamsite.loc.gov//default/main/LC-PUB/LC-HOME/WORKAREA/kmur/htdocs/preservation/digital/formats/" local="131321751740000000" remote="131321751740000000" Dst="2" />
<file name="fdd000169.xml" server="teamsite.loc.gov//default/main/LC-PUB/LC-HOME/WORKAREA/kmur/htdocs/preservation/digital/formats/" local="131321751740000000" remote="131321751740000000" Dst="2" />
<file name="fdd000170.xml" server="teamsite.loc.gov//default/main/LC-PUB/LC-HOME/WORKAREA/kmur/htdocs/preservation/digital/formats/" local="131321751740000000" remote="131321751740000000" Dst="2" />
<file name="fdd000171.xml" server="teamsite.loc.gov//default/main/LC-PUB/LC-HOME/WORKAREA/kmur/htdocs/preservation/digital/formats/" local="131321751740000000" remote="131321751740000000" Dst="2" />
<file name="fdd000173.xml" server="teamsite.loc.gov//default/main/LC-PUB/LC-HOME/WORKAREA/kmur/htdocs/preservation/digital/formats/" local="131321751740000000" remote="131321751740000000" Dst="2" />
<file name="fdd000176.xml" server="teamsite.loc.gov//default/main/LC-PUB/LC-HOME/WORKAREA/kmur/htdocs/preservation/digital/formats/" local="131321751740000000" remote="131321751740000000" Dst="2" />
<file name="fdd000177.xml" server="teamsite.loc.gov//default/main/LC-PUB/LC-HOME/WORKAREA/kmur/htdocs/preservation/digital/formats/" local="131321751740000000" remote="131321751740000000" Dst="2" />
<file name="fdd000179.xml" server="teamsite.loc.gov//default/main/LC-PUB/LC-HOME/WORKAREA/kmur/htdocs/preservation/digital/formats/" local="131321751750000000" remote="131321751750000000" Dst="2" />
<file name="fdd000180.xml" server="teamsite.loc.gov//default/main/LC-PUB/LC-HOME/WORKAREA/kmur/htdocs/preservation/digital/formats/" local="131321751750000000" remote="131321751750000000" Dst="2" />
<file name="fdd000183.xml" server="teamsite.loc.gov//default/main/LC-PUB/LC-HOME/WORKAREA/kmur/htdocs/preservation/digital/formats/" local="131321751750000000" remote="131321751750000000" Dst="2" />
<file name="fdd000190.xml" server="teamsite.loc.gov//default/main/LC-PUB/LC-HOME/WORKAREA/kmur/htdocs/preservation/digital/formats/" local="131321751750000000" remote="131321751750000000" Dst="2" />
<file name="fdd000192.xml" server="teamsite.loc.gov//default/main/LC-PUB/LC-HOME/WORKAREA/kmur/htdocs/preservation/digital/formats/" local="131321751750000000" remote="131321751750000000" Dst="2" />
<file name="fdd000194.xml" server="teamsite.loc.gov//default/main/LC-PUB/LC-HOME/WORKAREA/kmur/htdocs/preservation/digital/formats/" local="131321751750000000" remote="131321751750000000" Dst="2" />
<file name="fdd000195.xml" server="teamsite.loc.gov//default/main/LC-PUB/LC-HOME/WORKAREA/kmur/htdocs/preservation/digital/formats/" local="131321751750000000" remote="131321751750000000" Dst="2" />
<file name="fdd000196.xml" server="teamsite.loc.gov//default/main/LC-PUB/LC-HOME/WORKAREA/kmur/htdocs/preservation/digital/formats/" local="131321751750000000" remote="131321751750000000" Dst="2" />
<file name="fdd000197.xml" server="teamsite.loc.gov//default/main/LC-PUB/LC-HOME/WORKAREA/kmur/htdocs/preservation/digital/formats/" local="131321751760000000" remote="131321751760000000" Dst="2" />
<file name="fdd000198.xml" server="teamsite.loc.gov//default/main/LC-PUB/LC-HOME/WORKAREA/kmur/htdocs/preservation/digital/formats/" local="131321751760000000" remote="131321751760000000" Dst="2" />
<file name="fdd000199.xml" server="teamsite.loc.gov//default/main/LC-PUB/LC-HOME/WORKAREA/kmur/htdocs/preservation/digital/formats/" local="131321751760000000" remote="131321751760000000" Dst="2" />
<file name="fdd000402.xml" server="teamsite.loc.gov//default/main/LC-PUB/LC-HOME/WORKAREA/kmur/htdocs/preservation/digital/formats/" local="131321865580000000" remote="131321865580000000" Dst="2" />
<file name="fdd000401.xml" server="teamsite.loc.gov//default/main/LC-PUB/LC-HOME/WORKAREA/kmur/htdocs/preservation/digital/formats/" local="131321865580000000" remote="131321865580000000" Dst="2" />
<file name="fdd000400.xml" server="teamsite.loc.gov//default/main/LC-PUB/LC-HOME/WORKAREA/kmur/htdocs/preservation/digital/formats/" local="131321865580000000" remote="131321865580000000" Dst="2" />
<file name="fdd000396.xml" server="teamsite.loc.gov//default/main/LC-PUB/LC-HOME/WORKAREA/kmur/htdocs/preservation/digital/formats/" local="131321865610000000" remote="131321865610000000" Dst="2" />
<file name="fdd000368.xml" server="teamsite.loc.gov//default/main/LC-PUB/LC-HOME/WORKAREA/kmur/htdocs/preservation/digital/formats/" local="131321876510000000" remote="131321876510000000" Dst="2" />
<file name="fdd000204.xml" server="teamsite.loc.gov//default/main/LC-PUB/LC-HOME/WORKAREA/kmur/htdocs/preservation/digital/formats/" local="131322550950000000" remote="131322550950000000" Dst="2" />
<file name="fdd000206.xml" server="teamsite.loc.gov//default/main/LC-PUB/LC-HOME/WORKAREA/kmur/htdocs/preservation/digital/formats/" local="131322550950000000" remote="131322550950000000" Dst="2" />
<file name="fdd000208.xml" server="teamsite.loc.gov//default/main/LC-PUB/LC-HOME/WORKAREA/kmur/htdocs/preservation/digital/formats/" local="131322550950000000" remote="131322550950000000" Dst="2" />
<file name="fdd000209.xml" server="teamsite.loc.gov//default/main/LC-PUB/LC-HOME/WORKAREA/kmur/htdocs/preservation/digital/formats/" local="131322550950000000" remote="131322550950000000" Dst="2" />
<file name="fdd000211.xml" server="teamsite.loc.gov//default/main/LC-PUB/LC-HOME/WORKAREA/kmur/htdocs/preservation/digital/formats/" local="131322550950000000" remote="131322550950000000" Dst="2" />
<file name="fdd000212.xml" server="teamsite.loc.gov//default/main/LC-PUB/LC-HOME/WORKAREA/kmur/htdocs/preservation/digital/formats/" local="131322550950000000" remote="131322550950000000" Dst="2" />
<file name="fdd000213.xml" server="teamsite.loc.gov//default/main/LC-PUB/LC-HOME/WORKAREA/kmur/htdocs/preservation/digital/formats/" local="131322550950000000" remote="131322550950000000" Dst="2" />
<file name="fdd000214.xml" server="teamsite.loc.gov//default/main/LC-PUB/LC-HOME/WORKAREA/kmur/htdocs/preservation/digital/formats/" local="131322550950000000" remote="131322550950000000" Dst="2" />
<file name="fdd000215.xml" server="teamsite.loc.gov//default/main/LC-PUB/LC-HOME/WORKAREA/kmur/htdocs/preservation/digital/formats/" local="131322550950000000" remote="131322550950000000" Dst="2" />
<file name="fdd000216.xml" server="teamsite.loc.gov//default/main/LC-PUB/LC-HOME/WORKAREA/kmur/htdocs/preservation/digital/formats/" local="131322550950000000" remote="131322550950000000" Dst="2" />
<file name="fdd000217.xml" server="teamsite.loc.gov//default/main/LC-PUB/LC-HOME/WORKAREA/kmur/htdocs/preservation/digital/formats/" local="131322550960000000" remote="131322550960000000" Dst="2" />
<file name="fdd000218.xml" server="teamsite.loc.gov//default/main/LC-PUB/LC-HOME/WORKAREA/kmur/htdocs/preservation/digital/formats/" local="131322550960000000" remote="131322550960000000" Dst="2" />
<file name="fdd000219.xml" server="teamsite.loc.gov//default/main/LC-PUB/LC-HOME/WORKAREA/kmur/htdocs/preservation/digital/formats/" local="131322550960000000" remote="131322550960000000" Dst="2" />
<file name="fdd000220.xml" server="teamsite.loc.gov//default/main/LC-PUB/LC-HOME/WORKAREA/kmur/htdocs/preservation/digital/formats/" local="131322550960000000" remote="131322550960000000" Dst="2" />
<file name="fdd000221.xml" server="teamsite.loc.gov//default/main/LC-PUB/LC-HOME/WORKAREA/kmur/htdocs/preservation/digital/formats/" local="131322550960000000" remote="131322550960000000" Dst="2" />
<file name="fdd000222.xml" server="teamsite.loc.gov//default/main/LC-PUB/LC-HOME/WORKAREA/kmur/htdocs/preservation/digital/formats/" local="131322550960000000" remote="131322550960000000" Dst="2" />
<file name="fdd000223.xml" server="teamsite.loc.gov//default/main/LC-PUB/LC-HOME/WORKAREA/kmur/htdocs/preservation/digital/formats/" local="131322550960000000" remote="131322550960000000" Dst="2" />
<file name="fdd000224.xml" server="teamsite.loc.gov//default/main/LC-PUB/LC-HOME/WORKAREA/kmur/htdocs/preservation/digital/formats/" local="131322550960000000" remote="131322550960000000" Dst="2" />
<file name="fdd000225.xml" server="teamsite.loc.gov//default/main/LC-PUB/LC-HOME/WORKAREA/kmur/htdocs/preservation/digital/formats/" local="131322550960000000" remote="131322550960000000" Dst="2" />
<file name="fdd000226.xml" server="teamsite.loc.gov//default/main/LC-PUB/LC-HOME/WORKAREA/kmur/htdocs/preservation/digital/formats/" local="131322550960000000" remote="131322550960000000" Dst="2" />
<file name="fdd000227.xml" server="teamsite.loc.gov//default/main/LC-PUB/LC-HOME/WORKAREA/kmur/htdocs/preservation/digital/formats/" local="131322550960000000" remote="131322550960000000" Dst="2" />
<file name="fdd000228.xml" server="teamsite.loc.gov//default/main/LC-PUB/LC-HOME/WORKAREA/kmur/htdocs/preservation/digital/formats/" local="131322550960000000" remote="131322550960000000" Dst="2" />
<file name="fdd000229.xml" server="teamsite.loc.gov//default/main/LC-PUB/LC-HOME/WORKAREA/kmur/htdocs/preservation/digital/formats/" local="131322550960000000" remote="131322550960000000" Dst="2" />
<file name="fdd000233.xml" server="teamsite.loc.gov//default/main/LC-PUB/LC-HOME/WORKAREA/kmur/htdocs/preservation/digital/formats/" local="131322550970000000" remote="131322550970000000" Dst="2" />
<file name="fdd000234.xml" server="teamsite.loc.gov//default/main/LC-PUB/LC-HOME/WORKAREA/kmur/htdocs/preservation/digital/formats/" local="131322550970000000" remote="131322550970000000" Dst="2" />
<file name="fdd000237.xml" server="teamsite.loc.gov//default/main/LC-PUB/LC-HOME/WORKAREA/kmur/htdocs/preservation/digital/formats/" local="131322550970000000" remote="131322550970000000" Dst="2" />
<file name="fdd000240.xml" server="teamsite.loc.gov//default/main/LC-PUB/LC-HOME/WORKAREA/kmur/htdocs/preservation/digital/formats/" local="131322550970000000" remote="131322550970000000" Dst="2" />
<file name="fdd000242.xml" server="teamsite.loc.gov//default/main/LC-PUB/LC-HOME/WORKAREA/kmur/htdocs/preservation/digital/formats/" local="131322550970000000" remote="131322550970000000" Dst="2" />
<file name="fdd000243.xml" server="teamsite.loc.gov//default/main/LC-PUB/LC-HOME/WORKAREA/kmur/htdocs/preservation/digital/formats/" local="131322550970000000" remote="131322550970000000" Dst="2" />
<file name="fdd000248.xml" server="teamsite.loc.gov//default/main/LC-PUB/LC-HOME/WORKAREA/kmur/htdocs/preservation/digital/formats/" local="131322550980000000" remote="131322550980000000" Dst="2" />
<file name="fdd000251.xml" server="teamsite.loc.gov//default/main/LC-PUB/LC-HOME/WORKAREA/kmur/htdocs/preservation/digital/formats/" local="131718577680000000" remote="131718577680000000" Dst="2" />
<file name="fdd000252.xml" server="teamsite.loc.gov//default/main/LC-PUB/LC-HOME/WORKAREA/kmur/htdocs/preservation/digital/formats/" local="131322591860000000" remote="131322591860000000" Dst="2" />
<file name="fdd000253.xml" server="teamsite.loc.gov//default/main/LC-PUB/LC-HOME/WORKAREA/kmur/htdocs/preservation/digital/formats/" local="131322591860000000" remote="131322591860000000" Dst="2" />
<file name="fdd000254.xml" server="teamsite.loc.gov//default/main/LC-PUB/LC-HOME/WORKAREA/kmur/htdocs/preservation/digital/formats/" local="131322591860000000" remote="131322591860000000" Dst="2" />
<file name="fdd000255.xml" server="teamsite.loc.gov//default/main/LC-PUB/LC-HOME/WORKAREA/kmur/htdocs/preservation/digital/formats/" local="131322591860000000" remote="131322591860000000" Dst="2" />
<file name="fdd000256.xml" server="teamsite.loc.gov//default/main/LC-PUB/LC-HOME/WORKAREA/kmur/htdocs/preservation/digital/formats/" local="131718567820000000" remote="131718567820000000" Dst="2" />
<file name="fdd000259.xml" server="teamsite.loc.gov//default/main/LC-PUB/LC-HOME/WORKAREA/kmur/htdocs/preservation/digital/formats/" local="131322591870000000" remote="131322591870000000" Dst="2" />
<file name="fdd000260.xml" server="teamsite.loc.gov//default/main/LC-PUB/LC-HOME/WORKAREA/kmur/htdocs/preservation/digital/formats/" local="131322591870000000" remote="131322591870000000" Dst="2" />
<file name="fdd000263.xml" server="teamsite.loc.gov//default/main/LC-PUB/LC-HOME/WORKAREA/kmur/htdocs/preservation/digital/formats/" local="131322591870000000" remote="131322591870000000" Dst="2" />
<file name="fdd000264.xml" server="teamsite.loc.gov//default/main/LC-PUB/LC-HOME/WORKAREA/kmur/htdocs/preservation/digital/formats/" local="131322591870000000" remote="131322591870000000" Dst="2" />
<file name="fdd000265.xml" server="teamsite.loc.gov//default/main/LC-PUB/LC-HOME/WORKAREA/kmur/htdocs/preservation/digital/formats/" local="131322591870000000" remote="131322591870000000" Dst="2" />
<file name="fdd000266.xml" server="teamsite.loc.gov//default/main/LC-PUB/LC-HOME/WORKAREA/kmur/htdocs/preservation/digital/formats/" local="131322591870000000" remote="131322591870000000" Dst="2" />
<file name="fdd000276.xml" server="teamsite.loc.gov//default/main/LC-PUB/LC-HOME/WORKAREA/kmur/htdocs/preservation/digital/formats/" local="131322591870000000" remote="131322591870000000" Dst="2" />
<file name="fdd000277.xml" server="teamsite.loc.gov//default/main/LC-PUB/LC-HOME/WORKAREA/kmur/htdocs/preservation/digital/formats/" local="131322591870000000" remote="131322591870000000" Dst="2" />
<file name="fdd000282.xml" server="teamsite.loc.gov//default/main/LC-PUB/LC-HOME/WORKAREA/kmur/htdocs/preservation/digital/formats/" local="131322591880000000" remote="131322591880000000" Dst="2" />
<file name="fdd000283.xml" server="teamsite.loc.gov//default/main/LC-PUB/LC-HOME/WORKAREA/kmur/htdocs/preservation/digital/formats/" local="131322591880000000" remote="131322591880000000" Dst="2" />
<file name="fdd000284.xml" server="teamsite.loc.gov//default/main/LC-PUB/LC-HOME/WORKAREA/kmur/htdocs/preservation/digital/formats/" local="131322591880000000" remote="131322591880000000" Dst="2" />
<file name="fdd000285.xml" server="teamsite.loc.gov//default/main/LC-PUB/LC-HOME/WORKAREA/kmur/htdocs/preservation/digital/formats/" local="131322591880000000" remote="131322591880000000" Dst="2" />
<file name="fdd000286.xml" server="teamsite.loc.gov//default/main/LC-PUB/LC-HOME/WORKAREA/kmur/htdocs/preservation/digital/formats/" local="131322591880000000" remote="131322591880000000" Dst="2" />
<file name="fdd000288.xml" server="teamsite.loc.gov//default/main/LC-PUB/LC-HOME/WORKAREA/kmur/htdocs/preservation/digital/formats/" local="131322591880000000" remote="131322591880000000" Dst="2" />
<file name="fdd000289.xml" server="teamsite.loc.gov//default/main/LC-PUB/LC-HOME/WORKAREA/kmur/htdocs/preservation/digital/formats/" local="131322591880000000" remote="131322591880000000" Dst="2" />
<file name="fdd000290.xml" server="teamsite.loc.gov//default/main/LC-PUB/LC-HOME/WORKAREA/kmur/htdocs/preservation/digital/formats/" local="131322591880000000" remote="131322591880000000" Dst="2" />
<file name="fdd000292.xml" server="teamsite.loc.gov//default/main/LC-PUB/LC-HOME/WORKAREA/kmur/htdocs/preservation/digital/formats/" local="131322591890000000" remote="131322591890000000" Dst="2" />
<file name="fdd000293.xml" server="teamsite.loc.gov//default/main/LC-PUB/LC-HOME/WORKAREA/kmur/htdocs/preservation/digital/formats/" local="131322591890000000" remote="131322591890000000" Dst="2" />
<file name="fdd000294.xml" server="teamsite.loc.gov//default/main/LC-PUB/LC-HOME/WORKAREA/kmur/htdocs/preservation/digital/formats/" local="131322591890000000" remote="131322591890000000" Dst="2" />
<file name="fdd000295.xml" server="teamsite.loc.gov//default/main/LC-PUB/LC-HOME/WORKAREA/kmur/htdocs/preservation/digital/formats/" local="131322591890000000" remote="131322591890000000" Dst="2" />
<file name="fdd000296.xml" server="teamsite.loc.gov//default/main/LC-PUB/LC-HOME/WORKAREA/kmur/htdocs/preservation/digital/formats/" local="131322591890000000" remote="131322591890000000" Dst="2" />
<file name="fdd000297.xml" server="teamsite.loc.gov//default/main/LC-PUB/LC-HOME/WORKAREA/kmur/htdocs/preservation/digital/formats/" local="131322591890000000" remote="131322591890000000" Dst="2" />
<file name="fdd000298.xml" server="teamsite.loc.gov//default/main/LC-PUB/LC-HOME/WORKAREA/kmur/htdocs/preservation/digital/formats/" local="131322591890000000" remote="131322591890000000" Dst="2" />
<file name="fdd000299.xml" server="teamsite.loc.gov//default/main/LC-PUB/LC-HOME/WORKAREA/kmur/htdocs/preservation/digital/formats/" local="131322591890000000" remote="131322591890000000" Dst="2" />
<file name="fdd000300.xml" server="teamsite.loc.gov//default/main/LC-PUB/LC-HOME/WORKAREA/kmur/htdocs/preservation/digital/formats/" local="131322591900000000" remote="131322591900000000" Dst="2" />
<file name="fdd000437.xml" server="teamsite.loc.gov//default/main/LC-PUB/LC-HOME/WORKAREA/kmur/htdocs/preservation/digital/formats/" local="131326773700000000" remote="131326773700000000" Dst="2" />
<file name="fdd000431.xml" server="teamsite.loc.gov//default/main/LC-PUB/LC-HOME/WORKAREA/kmur/htdocs/preservation/digital/formats/" local="131326773700000000" remote="131326773700000000" Dst="2" />
<file name="fdd000430.xml" server="teamsite.loc.gov//default/main/LC-PUB/LC-HOME/WORKAREA/kmur/htdocs/preservation/digital/formats/" local="131326773700000000" remote="131326773700000000" Dst="2" />
<file name="fdd000422.xml" server="teamsite.loc.gov//default/main/LC-PUB/LC-HOME/WORKAREA/kmur/htdocs/preservation/digital/formats/" local="131326773710000000" remote="131326773710000000" Dst="2" />
<file name="fdd000421.xml" server="teamsite.loc.gov//default/main/LC-PUB/LC-HOME/WORKAREA/kmur/htdocs/preservation/digital/formats/" local="131326773720000000" remote="131326773720000000" Dst="2" />
<file name="fdd000420.xml" server="teamsite.loc.gov//default/main/LC-PUB/LC-HOME/WORKAREA/kmur/htdocs/preservation/digital/formats/" local="131326773720000000" remote="131326773720000000" Dst="2" />
<file name="fdd000412.xml" server="teamsite.loc.gov//default/main/LC-PUB/LC-HOME/WORKAREA/kmur/htdocs/preservation/digital/formats/" local="131326773720000000" remote="131326773720000000" Dst="2" />
<file name="fdd000411.xml" server="teamsite.loc.gov//default/main/LC-PUB/LC-HOME/WORKAREA/kmur/htdocs/preservation/digital/formats/" local="131326773720000000" remote="131326773720000000" Dst="2" />
<file name="fdd000410.xml" server="teamsite.loc.gov//default/main/LC-PUB/LC-HOME/WORKAREA/kmur/htdocs/preservation/digital/formats/" local="131326773720000000" remote="131326773720000000" Dst="2" />
<file name="fdd000407.xml" server="teamsite.loc.gov//default/main/LC-PUB/LC-HOME/WORKAREA/kmur/htdocs/preservation/digital/formats/" local="131326773720000000" remote="131326773720000000" Dst="2" />
<file name="fdd000406.xml" server="teamsite.loc.gov//default/main/LC-PUB/LC-HOME/WORKAREA/kmur/htdocs/preservation/digital/formats/" local="131326773720000000" remote="131326773720000000" Dst="2" />
<file name="fdd000405.xml" server="teamsite.loc.gov//default/main/LC-PUB/LC-HOME/WORKAREA/kmur/htdocs/preservation/digital/formats/" local="131326773730000000" remote="131326773730000000" Dst="2" />
<file name="fdd000404.xml" server="teamsite.loc.gov//default/main/LC-PUB/LC-HOME/WORKAREA/kmur/htdocs/preservation/digital/formats/" local="131326773730000000" remote="131326773730000000" Dst="2" />
<file name="fdd000403.xml" server="teamsite.loc.gov//default/main/LC-PUB/LC-HOME/WORKAREA/kmur/htdocs/preservation/digital/formats/" local="131326773730000000" remote="131326773730000000" Dst="2" />
<file name="fdd000449.xml" server="teamsite.loc.gov//default/main/LC-PUB/LC-HOME/WORKAREA/kmur/htdocs/preservation/digital/formats/" local="131326773730000000" remote="131326773730000000" Dst="2" />
<file name="fdd000448.xml" server="teamsite.loc.gov//default/main/LC-PUB/LC-HOME/WORKAREA/kmur/htdocs/preservation/digital/formats/" local="131326773730000000" remote="131326773730000000" Dst="2" />
<file name="fdd000446.xml" server="teamsite.loc.gov//default/main/LC-PUB/LC-HOME/WORKAREA/kmur/htdocs/preservation/digital/formats/" local="131326773730000000" remote="131326773730000000" Dst="2" />
<file name="fdd000441.xml" server="teamsite.loc.gov//default/main/LC-PUB/LC-HOME/WORKAREA/kmur/htdocs/preservation/digital/formats/" local="131326773740000000" remote="131326773740000000" Dst="2" />
<file name="fdd000440.xml" server="teamsite.loc.gov//default/main/LC-PUB/LC-HOME/WORKAREA/kmur/htdocs/preservation/digital/formats/" local="131326773740000000" remote="131326773740000000" Dst="2" />
<file name="fdd000376.xml" server="teamsite.loc.gov//default/main/LC-PUB/LC-HOME/WORKAREA/kmur/htdocs/preservation/digital/formats/" local="131326773740000000" remote="131326773740000000" Dst="2" />
<file name="fdd000375.xml" server="teamsite.loc.gov//default/main/LC-PUB/LC-HOME/WORKAREA/kmur/htdocs/preservation/digital/formats/" local="131326773740000000" remote="131326773740000000" Dst="2" />
<file name="fdd000374.xml" server="teamsite.loc.gov//default/main/LC-PUB/LC-HOME/WORKAREA/kmur/htdocs/preservation/digital/formats/" local="131326773740000000" remote="131326773740000000" Dst="2" />
<file name="fdd000373.xml" server="teamsite.loc.gov//default/main/LC-PUB/LC-HOME/WORKAREA/kmur/htdocs/preservation/digital/formats/" local="131326773740000000" remote="131326773740000000" Dst="2" />
<file name="fdd000372.xml" server="teamsite.loc.gov//default/main/LC-PUB/LC-HOME/WORKAREA/kmur/htdocs/preservation/digital/formats/" local="131326773740000000" remote="131326773740000000" Dst="2" />
<file name="fdd000371.xml" server="teamsite.loc.gov//default/main/LC-PUB/LC-HOME/WORKAREA/kmur/htdocs/preservation/digital/formats/" local="131326773740000000" remote="131326773740000000" Dst="2" />
<file name="fdd000370.xml" server="teamsite.loc.gov//default/main/LC-PUB/LC-HOME/WORKAREA/kmur/htdocs/preservation/digital/formats/" local="131326773740000000" remote="131326773740000000" Dst="2" />
<file name="fdd000369.xml" server="teamsite.loc.gov//default/main/LC-PUB/LC-HOME/WORKAREA/kmur/htdocs/preservation/digital/formats/" local="131326773740000000" remote="131326773740000000" Dst="2" />
<file name="fdd000394.xml" server="teamsite.loc.gov//default/main/LC-PUB/LC-HOME/WORKAREA/kmur/htdocs/preservation/digital/formats/" local="131326773750000000" remote="131326773750000000" Dst="2" />
<file name="fdd000392.xml" server="teamsite.loc.gov//default/main/LC-PUB/LC-HOME/WORKAREA/kmur/htdocs/preservation/digital/formats/" local="131326773750000000" remote="131326773750000000" Dst="2" />
<file name="fdd000391.xml" server="teamsite.loc.gov//default/main/LC-PUB/LC-HOME/WORKAREA/kmur/htdocs/preservation/digital/formats/" local="131711303680000000" remote="131711313050000000" Dst="2" />
<file name="fdd000390.xml" server="teamsite.loc.gov//default/main/LC-PUB/LC-HOME/WORKAREA/kmur/htdocs/preservation/digital/formats/" local="131326773750000000" remote="131326773750000000" Dst="2" />
<file name="fdd000387.xml" server="teamsite.loc.gov//default/main/LC-PUB/LC-HOME/WORKAREA/kmur/htdocs/preservation/digital/formats/" local="131711310380000000" remote="131711313030000000" Dst="2" />
<file name="fdd000386.xml" server="teamsite.loc.gov//default/main/LC-PUB/LC-HOME/WORKAREA/kmur/htdocs/preservation/digital/formats/" local="131711303690000000" remote="131711313040000000" Dst="2" />
<file name="fdd000385.xml" server="teamsite.loc.gov//default/main/LC-PUB/LC-HOME/WORKAREA/kmur/htdocs/preservation/digital/formats/" local="131711303690000000" remote="131711313040000000" Dst="2" />
<file name="fdd000384.xml" server="teamsite.loc.gov//default/main/LC-PUB/LC-HOME/WORKAREA/kmur/htdocs/preservation/digital/formats/" local="131711303690000000" remote="131711313040000000" Dst="2" />
<file name="fdd000382.xml" server="teamsite.loc.gov//default/main/LC-PUB/LC-HOME/WORKAREA/kmur/htdocs/preservation/digital/formats/" local="131326773760000000" remote="131326773760000000" Dst="2" />
<file name="fdd000380.xml" server="teamsite.loc.gov//default/main/LC-PUB/LC-HOME/WORKAREA/kmur/htdocs/preservation/digital/formats/" local="131326773760000000" remote="131326773760000000" Dst="2" />
<file name="fdd000379.xml" server="teamsite.loc.gov//default/main/LC-PUB/LC-HOME/WORKAREA/kmur/htdocs/preservation/digital/formats/" local="131711303700000000" remote="131711313030000000" Dst="2" />
<file name="fdd000367.xml" server="teamsite.loc.gov//default/main/LC-PUB/LC-HOME/WORKAREA/kmur/htdocs/preservation/digital/formats/" local="131326773760000000" remote="131326773760000000" Dst="2" />
<file name="fdd000366.xml" server="teamsite.loc.gov//default/main/LC-PUB/LC-HOME/WORKAREA/kmur/htdocs/preservation/digital/formats/" local="131326773760000000" remote="131326773760000000" Dst="2" />
<file name="fdd000365.xml" server="teamsite.loc.gov//default/main/LC-PUB/LC-HOME/WORKAREA/kmur/htdocs/preservation/digital/formats/" local="131326773760000000" remote="131326773760000000" Dst="2" />
<file name="fdd000364.xml" server="teamsite.loc.gov//default/main/LC-PUB/LC-HOME/WORKAREA/kmur/htdocs/preservation/digital/formats/" local="131326773760000000" remote="131326773760000000" Dst="2" />
<file name="fdd000362.xml" server="teamsite.loc.gov//default/main/LC-PUB/LC-HOME/WORKAREA/kmur/htdocs/preservation/digital/formats/" local="131326773760000000" remote="131326773760000000" Dst="2" />
<file name="fdd000361.xml" server="teamsite.loc.gov//default/main/LC-PUB/LC-HOME/WORKAREA/kmur/htdocs/preservation/digital/formats/" local="131326773770000000" remote="131326773770000000" Dst="2" />
<file name="fdd000360.xml" server="teamsite.loc.gov//default/main/LC-PUB/LC-HOME/WORKAREA/kmur/htdocs/preservation/digital/formats/" local="131326773770000000" remote="131326773770000000" Dst="2" />
<file name="fdd000359.xml" server="teamsite.loc.gov//default/main/LC-PUB/LC-HOME/WORKAREA/kmur/htdocs/preservation/digital/formats/" local="131326773770000000" remote="131326773770000000" Dst="2" />
<file name="fdd000358.xml" server="teamsite.loc.gov//default/main/LC-PUB/LC-HOME/WORKAREA/kmur/htdocs/preservation/digital/formats/" local="131326773770000000" remote="131326773770000000" Dst="2" />
<file name="fdd000355.xml" server="teamsite.loc.gov//default/main/LC-PUB/LC-HOME/WORKAREA/kmur/htdocs/preservation/digital/formats/" local="131326773770000000" remote="131326773770000000" Dst="2" />
<file name="fdd000353.xml" server="teamsite.loc.gov//default/main/LC-PUB/LC-HOME/WORKAREA/kmur/htdocs/preservation/digital/formats/" local="131326773770000000" remote="131326773770000000" Dst="2" />
<file name="fdd000352.xml" server="teamsite.loc.gov//default/main/LC-PUB/LC-HOME/WORKAREA/kmur/htdocs/preservation/digital/formats/" local="131326773770000000" remote="131326773770000000" Dst="2" />
<file name="fdd000351.xml" server="teamsite.loc.gov//default/main/LC-PUB/LC-HOME/WORKAREA/kmur/htdocs/preservation/digital/formats/" local="131326773770000000" remote="131326773770000000" Dst="2" />
<file name="fdd000346.xml" server="teamsite.loc.gov//default/main/LC-PUB/LC-HOME/WORKAREA/kmur/htdocs/preservation/digital/formats/" local="131326773770000000" remote="131326773770000000" Dst="2" />
<file name="fdd000345.xml" server="teamsite.loc.gov//default/main/LC-PUB/LC-HOME/WORKAREA/kmur/htdocs/preservation/digital/formats/" local="131326773780000000" remote="131326773780000000" Dst="2" />
<file name="fdd000344.xml" server="teamsite.loc.gov//default/main/LC-PUB/LC-HOME/WORKAREA/kmur/htdocs/preservation/digital/formats/" local="131326773780000000" remote="131326773780000000" Dst="2" />
<file name="fdd000343.xml" server="teamsite.loc.gov//default/main/LC-PUB/LC-HOME/WORKAREA/kmur/htdocs/preservation/digital/formats/" local="131326773780000000" remote="131326773780000000" Dst="2" />
<file name="fdd000341.xml" server="teamsite.loc.gov//default/main/LC-PUB/LC-HOME/WORKAREA/kmur/htdocs/preservation/digital/formats/" local="131326773780000000" remote="131326773780000000" Dst="2" />
<file name="fdd000339.xml" server="teamsite.loc.gov//default/main/LC-PUB/LC-HOME/WORKAREA/kmur/htdocs/preservation/digital/formats/" local="131326773780000000" remote="131326773780000000" Dst="2" />
<file name="fdd000338.xml" server="teamsite.loc.gov//default/main/LC-PUB/LC-HOME/WORKAREA/kmur/htdocs/preservation/digital/formats/" local="131326773780000000" remote="131326773780000000" Dst="2" />
<file name="fdd000337.xml" server="teamsite.loc.gov//default/main/LC-PUB/LC-HOME/WORKAREA/kmur/htdocs/preservation/digital/formats/" local="131326773780000000" remote="131326773780000000" Dst="2" />
<file name="fdd000336.xml" server="teamsite.loc.gov//default/main/LC-PUB/LC-HOME/WORKAREA/kmur/htdocs/preservation/digital/formats/" local="131326773780000000" remote="131326773780000000" Dst="2" />
<file name="fdd000335.xml" server="teamsite.loc.gov//default/main/LC-PUB/LC-HOME/WORKAREA/kmur/htdocs/preservation/digital/formats/" local="131326773780000000" remote="131326773780000000" Dst="2" />
<file name="fdd000334.xml" server="teamsite.loc.gov//default/main/LC-PUB/LC-HOME/WORKAREA/kmur/htdocs/preservation/digital/formats/" local="131326773790000000" remote="131326773790000000" Dst="2" />
<file name="fdd000333.xml" server="teamsite.loc.gov//default/main/LC-PUB/LC-HOME/WORKAREA/kmur/htdocs/preservation/digital/formats/" local="131326773790000000" remote="131326773790000000" Dst="2" />
<file name="fdd000329.xml" server="teamsite.loc.gov//default/main/LC-PUB/LC-HOME/WORKAREA/kmur/htdocs/preservation/digital/formats/" local="131326773790000000" remote="131326773790000000" Dst="2" />
<file name="fdd000328.xml" server="teamsite.loc.gov//default/main/LC-PUB/LC-HOME/WORKAREA/kmur/htdocs/preservation/digital/formats/" local="131326773790000000" remote="131326773790000000" Dst="2" />
<file name="fdd000327.xml" server="teamsite.loc.gov//default/main/LC-PUB/LC-HOME/WORKAREA/kmur/htdocs/preservation/digital/formats/" local="131326773790000000" remote="131326773790000000" Dst="2" />
<file name="fdd000326.xml" server="teamsite.loc.gov//default/main/LC-PUB/LC-HOME/WORKAREA/kmur/htdocs/preservation/digital/formats/" local="131326773790000000" remote="131326773790000000" Dst="2" />
<file name="fdd000325.xml" server="teamsite.loc.gov//default/main/LC-PUB/LC-HOME/WORKAREA/kmur/htdocs/preservation/digital/formats/" local="131326773790000000" remote="131326773790000000" Dst="2" />
<file name="fdd000324.xml" server="teamsite.loc.gov//default/main/LC-PUB/LC-HOME/WORKAREA/kmur/htdocs/preservation/digital/formats/" local="131326773790000000" remote="131326773790000000" Dst="2" />
<file name="fdd000322.xml" server="teamsite.loc.gov//default/main/LC-PUB/LC-HOME/WORKAREA/kmur/htdocs/preservation/digital/formats/" local="131326773800000000" remote="131326773800000000" Dst="2" />
<file name="fdd000321.xml" server="teamsite.loc.gov//default/main/LC-PUB/LC-HOME/WORKAREA/kmur/htdocs/preservation/digital/formats/" local="131326773800000000" remote="131326773800000000" Dst="2" />
<file name="fdd000320.xml" server="teamsite.loc.gov//default/main/LC-PUB/LC-HOME/WORKAREA/kmur/htdocs/preservation/digital/formats/" local="131326773800000000" remote="131326773800000000" Dst="2" />
<file name="fdd000319.xml" server="teamsite.loc.gov//default/main/LC-PUB/LC-HOME/WORKAREA/kmur/htdocs/preservation/digital/formats/" local="131326773800000000" remote="131326773800000000" Dst="2" />
<file name="fdd000317.xml" server="teamsite.loc.gov//default/main/LC-PUB/LC-HOME/WORKAREA/kmur/htdocs/preservation/digital/formats/" local="131831573020000000" remote="131831573020000000" Dst="2" />
<file name="fdd000316.xml" server="teamsite.loc.gov//default/main/LC-PUB/LC-HOME/WORKAREA/kmur/htdocs/preservation/digital/formats/" local="131326773800000000" remote="131326773800000000" Dst="2" />
<file name="fdd000315.xml" server="teamsite.loc.gov//default/main/LC-PUB/LC-HOME/WORKAREA/kmur/htdocs/preservation/digital/formats/" local="131326773800000000" remote="131326773800000000" Dst="2" />
<file name="fdd000314.xml" server="teamsite.loc.gov//default/main/LC-PUB/LC-HOME/WORKAREA/kmur/htdocs/preservation/digital/formats/" local="131326773810000000" remote="131326773810000000" Dst="2" />
<file name="fdd000313.xml" server="teamsite.loc.gov//default/main/LC-PUB/LC-HOME/WORKAREA/kmur/htdocs/preservation/digital/formats/" local="131326773810000000" remote="131326773810000000" Dst="2" />
<file name="fdd000307.xml" server="teamsite.loc.gov//default/main/LC-PUB/LC-HOME/WORKAREA/kmur/htdocs/preservation/digital/formats/" local="131326773810000000" remote="131326773810000000" Dst="2" />
<file name="fdd000306.xml" server="teamsite.loc.gov//default/main/LC-PUB/LC-HOME/WORKAREA/kmur/htdocs/preservation/digital/formats/" local="131326773810000000" remote="131326773810000000" Dst="2" />
<file name="fdd000305.xml" server="teamsite.loc.gov//default/main/LC-PUB/LC-HOME/WORKAREA/kmur/htdocs/preservation/digital/formats/" local="131326773810000000" remote="131326773810000000" Dst="2" />
<file name="fdd000304.xml" server="teamsite.loc.gov//default/main/LC-PUB/LC-HOME/WORKAREA/kmur/htdocs/preservation/digital/formats/" local="131326773810000000" remote="131326773810000000" Dst="2" />
<file name="fdd000303.xml" server="teamsite.loc.gov//default/main/LC-PUB/LC-HOME/WORKAREA/kmur/htdocs/preservation/digital/formats/" local="131326773810000000" remote="131326773810000000" Dst="2" />
<file name="fdd000302.xml" server="teamsite.loc.gov//default/main/LC-PUB/LC-HOME/WORKAREA/kmur/htdocs/preservation/digital/formats/" local="131326773810000000" remote="131326773810000000" Dst="2" />
<file name="fdd000301.xml" server="teamsite.loc.gov//default/main/LC-PUB/LC-HOME/WORKAREA/kmur/htdocs/preservation/digital/formats/" local="131326773820000000" remote="131326773820000000" Dst="2" />
<file name="fdd000349.xml" server="teamsite.loc.gov//default/main/LC-PUB/LC-HOME/WORKAREA/kmur/htdocs/preservation/digital/formats/" local="131326773820000000" remote="131326773820000000" Dst="2" />
<file name="fdd000348.xml" server="teamsite.loc.gov//default/main/LC-PUB/LC-HOME/WORKAREA/kmur/htdocs/preservation/digital/formats/" local="131326773820000000" remote="131326773820000000" Dst="2" />
<file name="fdd000347.xml" server="teamsite.loc.gov//default/main/LC-PUB/LC-HOME/WORKAREA/kmur/htdocs/preservation/digital/formats/" local="131326773820000000" remote="131326773820000000" Dst="2" />
<file name="fdd000193.xml" server="teamsite.loc.gov//default/main/LC-PUB/LC-HOME/WORKAREA/kmur/htdocs/preservation/digital/formats/" local="131327560490000000" remote="131327560490000000" Dst="2" />
<file name="fdd000055.xml" server="teamsite.loc.gov//default/main/LC-PUB/LC-HOME/WORKAREA/kmur/htdocs/preservation/digital/formats/" local="131327560490000000" remote="131327560490000000" Dst="2" />
<file name="fdd000011.xml" server="teamsite.loc.gov//default/main/LC-PUB/LC-HOME/WORKAREA/kmur/htdocs/preservation/digital/formats/" local="131327560490000000" remote="131327560490000000" Dst="2" />
<file name="fdd000312.xml" server="teamsite.loc.gov//default/main/LC-PUB/LC-HOME/WORKAREA/kmur/htdocs/preservation/digital/formats/" local="131327793420000000" remote="131327793420000000" Dst="2" />
<file name="fdd000247.xml" server="teamsite.loc.gov//default/main/LC-PUB/LC-HOME/WORKAREA/kmur/htdocs/preservation/digital/formats/" local="131327793420000000" remote="131327793420000000" Dst="2" />
<file name="fdd000245.xml" server="teamsite.loc.gov//default/main/LC-PUB/LC-HOME/WORKAREA/kmur/htdocs/preservation/digital/formats/" local="131327793420000000" remote="131327793420000000" Dst="2" />
<file name="fdd000235.xml" server="teamsite.loc.gov//default/main/LC-PUB/LC-HOME/WORKAREA/kmur/htdocs/preservation/digital/formats/" local="131327793420000000" remote="131327793420000000" Dst="2" />
<file name="fdd000230.xml" server="teamsite.loc.gov//default/main/LC-PUB/LC-HOME/WORKAREA/kmur/htdocs/preservation/digital/formats/" local="131327793420000000" remote="131327793420000000" Dst="2" />
<file name="fdd000030.xml" server="teamsite.loc.gov//default/main/LC-PUB/LC-HOME/WORKAREA/kmur/htdocs/preservation/digital/formats/" local="131831572800000000" remote="131831572800000000" Dst="2" />
<file name="fdd000425.xml" server="teamsite.loc.gov//default/main/LC-PUB/LC-HOME/WORKAREA/kmur/htdocs/preservation/digital/formats/" local="131327793440000000" remote="131327793440000000" Dst="2" />
<file name="fdd000424.xml" server="teamsite.loc.gov//default/main/LC-PUB/LC-HOME/WORKAREA/kmur/htdocs/preservation/digital/formats/" local="131327793440000000" remote="131327793440000000" Dst="2" />
<file name="fdd000350.xml" server="teamsite.loc.gov//default/main/LC-PUB/LC-HOME/WORKAREA/kmur/htdocs/preservation/digital/formats/" local="131327793440000000" remote="131327793440000000" Dst="2" />
<file name="fdd000241.xml" server="teamsite.loc.gov//default/main/LC-PUB/LC-HOME/WORKAREA/kmur/htdocs/preservation/digital/formats/" local="131328569360000000" remote="131328569360000000" Dst="2" />
<file name="fdd000133.xml" server="teamsite.loc.gov//default/main/LC-PUB/LC-HOME/WORKAREA/kmur/htdocs/preservation/digital/formats/" local="131328569360000000" remote="131328569360000000" Dst="2" />
<file name="fdd000017.xml" server="teamsite.loc.gov//default/main/LC-PUB/LC-HOME/WORKAREA/kmur/htdocs/preservation/digital/formats/" local="131328569360000000" remote="131328569360000000" Dst="2" />
<file name="fddXMLreadme.txt" server="teamsite.loc.gov//default/main/LC-PUB/LC-HOME/WORKAREA/kmur/htdocs/preservation/digital/formats/" local="131329484060000000" remote="131329484060000000" Dst="2" />
<file name="fdd000378.xml" server="teamsite.loc.gov//default/main/LC-PUB/LC-HOME/WORKAREA/kmur/htdocs/preservation/digital/formats/" local="131714019650000000" remote="131714022080000000" Dst="2" />
<file name="fdd000175.xml" server="teamsite.loc.gov//default/main/LC-PUB/LC-HOME/WORKAREA/kmur/htdocs/preservation/digital/formats/" local="131337311490000000" remote="131337311490000000" Dst="2" />
<file name="fdd000453.xml" server="teamsite.loc.gov//default/main/LC-PUB/LC-HOME/WORKAREA/kmur/htdocs/preservation/digital/formats/" local="131341620990000000" remote="131341620990000000" Dst="2" />
<file name="fdd000451.xml" server="teamsite.loc.gov//default/main/LC-PUB/LC-HOME/WORKAREA/kmur/htdocs/preservation/digital/formats/" local="131341656180000000" remote="131341656180000000" Dst="2" />
<file name="fdd000452.xml" server="teamsite.loc.gov//default/main/LC-PUB/LC-HOME/WORKAREA/kmur/htdocs/preservation/digital/formats/" local="131341665010000000" remote="131341665010000000" Dst="2" />
<file name="fdd000174.xml" server="teamsite.loc.gov//default/main/LC-PUB/LC-HOME/WORKAREA/kmur/htdocs/preservation/digital/formats/" local="131341665020000000" remote="131341665020000000" Dst="2" />
<file name="fdd000447.xml" server="teamsite.loc.gov//default/main/LC-PUB/LC-HOME/WORKAREA/kmur/htdocs/preservation/digital/formats/" local="131768441280000000" remote="131768442820000000" Dst="2" />
<file name="fdd000432.xml" server="teamsite.loc.gov//default/main/LC-PUB/LC-HOME/WORKAREA/kmur/htdocs/preservation/digital/formats/" local="131353628110000000" remote="131353628110000000" Dst="2" />
<file name="fdd000419.xml" server="teamsite.loc.gov//default/main/LC-PUB/LC-HOME/WORKAREA/kmur/htdocs/preservation/digital/formats/" local="131363190930000000" remote="131363190930000000" Dst="2" />
<file name="fdd000332.xml" server="teamsite.loc.gov//default/main/LC-PUB/LC-HOME/WORKAREA/kmur/htdocs/preservation/digital/formats/" local="131363871360000000" remote="131363871360000000" Dst="2" />
<file name="fdd000232.xml" server="teamsite.loc.gov//default/main/LC-PUB/LC-HOME/WORKAREA/kmur/htdocs/preservation/digital/formats/" local="131363871360000000" remote="131363871360000000" Dst="2" />
<file name="fdd000014.xml" server="teamsite.loc.gov//default/main/LC-PUB/LC-HOME/WORKAREA/kmur/htdocs/preservation/digital/formats/" local="131363871360000000" remote="131363871360000000" Dst="2" />
<file name="fdd000467.xml" server="teamsite.loc.gov//default/main/LC-PUB/LC-HOME/WORKAREA/kmur/htdocs/preservation/digital/formats/" local="131400141230000000" remote="131400141230000000" Dst="2" />
<file name="fdd000466.xml" server="teamsite.loc.gov//default/main/LC-PUB/LC-HOME/WORKAREA/kmur/htdocs/preservation/digital/formats/" local="131400141240000000" remote="131400141240000000" Dst="2" />
<file name="fdd000464.xml" server="teamsite.loc.gov//default/main/LC-PUB/LC-HOME/WORKAREA/kmur/htdocs/preservation/digital/formats/" local="131401028420000000" remote="131401028420000000" Dst="2" />
<file name="fdd000363.xml" server="teamsite.loc.gov//default/main/LC-PUB/LC-HOME/WORKAREA/kmur/htdocs/preservation/digital/formats/" local="131410597430000000" remote="131410597430000000" Dst="2" />
<file name="fdd000463.xml" server="teamsite.loc.gov//default/main/LC-PUB/LC-HOME/WORKAREA/kmur/htdocs/preservation/digital/formats/" local="131412154920000000" remote="131412154920000000" Dst="2" />
<file name="fdd000468.xml" server="teamsite.loc.gov//default/main/LC-PUB/LC-HOME/WORKAREA/kmur/htdocs/preservation/digital/formats/" local="131413103180000000" remote="131413103180000000" Dst="2" />
<file name="fdd000470.xml" server="teamsite.loc.gov//default/main/LC-PUB/LC-HOME/WORKAREA/kmur/htdocs/preservation/digital/formats/" local="131417915340000000" remote="131417915340000000" Dst="2" />
<file name="fdd000471.xml" server="teamsite.loc.gov//default/main/LC-PUB/LC-HOME/WORKAREA/kmur/htdocs/preservation/digital/formats/" local="131419341310000000" remote="131419341310000000" Dst="2" />
<file name="fdd000460.xml" server="teamsite.loc.gov//default/main/LC-PUB/LC-HOME/WORKAREA/kmur/htdocs/preservation/digital/formats/" local="131442536950000000" remote="131442536950000000" Dst="2" />
<file name="fdd000458.xml" server="teamsite.loc.gov//default/main/LC-PUB/LC-HOME/WORKAREA/kmur/htdocs/preservation/digital/formats/" local="131776296300000000" remote="131776297360000000" Dst="2" />
<file name="fdd000457.xml" server="teamsite.loc.gov//default/main/LC-PUB/LC-HOME/WORKAREA/kmur/htdocs/preservation/digital/formats/" local="131442536950000000" remote="131442536950000000" Dst="2" />
<file name="fdd000436.xml" server="teamsite.loc.gov//default/main/LC-PUB/LC-HOME/WORKAREA/kmur/htdocs/preservation/digital/formats/" local="131456401260000000" remote="131456401260000000" Dst="2" />
<file name="fdd000429.xml" server="teamsite.loc.gov//default/main/LC-PUB/LC-HOME/WORKAREA/kmur/htdocs/preservation/digital/formats/" local="131456401260000000" remote="131456401260000000" Dst="2" />
<file name="fdd000428.xml" server="teamsite.loc.gov//default/main/LC-PUB/LC-HOME/WORKAREA/kmur/htdocs/preservation/digital/formats/" local="131456401270000000" remote="131456401270000000" Dst="2" />
<file name="fdd000427.xml" server="teamsite.loc.gov//default/main/LC-PUB/LC-HOME/WORKAREA/kmur/htdocs/preservation/digital/formats/" local="131456401270000000" remote="131456401270000000" Dst="2" />
<file name="fdd000426.xml" server="teamsite.loc.gov//default/main/LC-PUB/LC-HOME/WORKAREA/kmur/htdocs/preservation/digital/formats/" local="131456401270000000" remote="131456401270000000" Dst="2" />
<file name="fdd000409.xml" server="teamsite.loc.gov//default/main/LC-PUB/LC-HOME/WORKAREA/kmur/htdocs/preservation/digital/formats/" local="131456401270000000" remote="131456401270000000" Dst="2" />
<file name="fdd000408.xml" server="teamsite.loc.gov//default/main/LC-PUB/LC-HOME/WORKAREA/kmur/htdocs/preservation/digital/formats/" local="131456401270000000" remote="131456401270000000" Dst="2" />
<file name="fdd000469.xml" server="teamsite.loc.gov//default/main/LC-PUB/LC-HOME/WORKAREA/kmur/htdocs/preservation/digital/formats/" local="131456401270000000" remote="131456401270000000" Dst="2" />
<file name="fdd000462.xml" server="teamsite.loc.gov//default/main/LC-PUB/LC-HOME/WORKAREA/kmur/htdocs/preservation/digital/formats/" local="131456401280000000" remote="131456401280000000" Dst="2" />
<file name="fdd000461.xml" server="teamsite.loc.gov//default/main/LC-PUB/LC-HOME/WORKAREA/kmur/htdocs/preservation/digital/formats/" local="131456401280000000" remote="131456401280000000" Dst="2" />
<file name="fdd000439.xml" server="teamsite.loc.gov//default/main/LC-PUB/LC-HOME/WORKAREA/kmur/htdocs/preservation/digital/formats/" local="131456401280000000" remote="131456401280000000" Dst="2" />
<file name="fdd000438.xml" server="teamsite.loc.gov//default/main/LC-PUB/LC-HOME/WORKAREA/kmur/htdocs/preservation/digital/formats/" local="131456401280000000" remote="131456401280000000" Dst="2" />
<file name="fdd000399.xml" server="teamsite.loc.gov//default/main/LC-PUB/LC-HOME/WORKAREA/kmur/htdocs/preservation/digital/formats/" local="131456401290000000" remote="131456401290000000" Dst="2" />
<file name="fdd000398.xml" server="teamsite.loc.gov//default/main/LC-PUB/LC-HOME/WORKAREA/kmur/htdocs/preservation/digital/formats/" local="131456401290000000" remote="131456401290000000" Dst="2" />
<file name="fdd000397.xml" server="teamsite.loc.gov//default/main/LC-PUB/LC-HOME/WORKAREA/kmur/htdocs/preservation/digital/formats/" local="131456401290000000" remote="131456401290000000" Dst="2" />
<file name="fdd000395.xml" server="teamsite.loc.gov//default/main/LC-PUB/LC-HOME/WORKAREA/kmur/htdocs/preservation/digital/formats/" local="131456401290000000" remote="131456401290000000" Dst="2" />
<file name="fdd000393.xml" server="teamsite.loc.gov//default/main/LC-PUB/LC-HOME/WORKAREA/kmur/htdocs/preservation/digital/formats/" local="131711303670000000" remote="131711313050000000" Dst="2" />
<file name="fdd000389.xml" server="teamsite.loc.gov//default/main/LC-PUB/LC-HOME/WORKAREA/kmur/htdocs/preservation/digital/formats/" local="131456401290000000" remote="131456401290000000" Dst="2" />
<file name="fdd000381.xml" server="teamsite.loc.gov//default/main/LC-PUB/LC-HOME/WORKAREA/kmur/htdocs/preservation/digital/formats/" local="131456401300000000" remote="131456401300000000" Dst="2" />
<file name="fdd000377.xml" server="teamsite.loc.gov//default/main/LC-PUB/LC-HOME/WORKAREA/kmur/htdocs/preservation/digital/formats/" local="131714019650000000" remote="131714022080000000" Dst="2" />
<file name="fdd000357.xml" server="teamsite.loc.gov//default/main/LC-PUB/LC-HOME/WORKAREA/kmur/htdocs/preservation/digital/formats/" local="131456401300000000" remote="131456401300000000" Dst="2" />
<file name="fdd000356.xml" server="teamsite.loc.gov//default/main/LC-PUB/LC-HOME/WORKAREA/kmur/htdocs/preservation/digital/formats/" local="131456401300000000" remote="131456401300000000" Dst="2" />
<file name="fdd000354.xml" server="teamsite.loc.gov//default/main/LC-PUB/LC-HOME/WORKAREA/kmur/htdocs/preservation/digital/formats/" local="131456401300000000" remote="131456401300000000" Dst="2" />
<file name="fdd000342.xml" server="teamsite.loc.gov//default/main/LC-PUB/LC-HOME/WORKAREA/kmur/htdocs/preservation/digital/formats/" local="131456401300000000" remote="131456401300000000" Dst="2" />
<file name="fdd000340.xml" server="teamsite.loc.gov//default/main/LC-PUB/LC-HOME/WORKAREA/kmur/htdocs/preservation/digital/formats/" local="131456401300000000" remote="131456401300000000" Dst="2" />
<file name="fdd000330.xml" server="teamsite.loc.gov//default/main/LC-PUB/LC-HOME/WORKAREA/kmur/htdocs/preservation/digital/formats/" local="131456401310000000" remote="131456401310000000" Dst="2" />
<file name="fdd000323.xml" server="teamsite.loc.gov//default/main/LC-PUB/LC-HOME/WORKAREA/kmur/htdocs/preservation/digital/formats/" local="131456401310000000" remote="131456401310000000" Dst="2" />
<file name="fdd000318.xml" server="teamsite.loc.gov//default/main/LC-PUB/LC-HOME/WORKAREA/kmur/htdocs/preservation/digital/formats/" local="131456401310000000" remote="131456401310000000" Dst="2" />
<file name="fdd000308.xml" server="teamsite.loc.gov//default/main/LC-PUB/LC-HOME/WORKAREA/kmur/htdocs/preservation/digital/formats/" local="131738154010000000" remote="131738155660000000" Dst="2" />
<file name="fdd000291.xml" server="teamsite.loc.gov//default/main/LC-PUB/LC-HOME/WORKAREA/kmur/htdocs/preservation/digital/formats/" local="131456401310000000" remote="131456401310000000" Dst="2" />
<file name="fdd000287.xml" server="teamsite.loc.gov//default/main/LC-PUB/LC-HOME/WORKAREA/kmur/htdocs/preservation/digital/formats/" local="131456401310000000" remote="131456401310000000" Dst="2" />
<file name="fdd000281.xml" server="teamsite.loc.gov//default/main/LC-PUB/LC-HOME/WORKAREA/kmur/htdocs/preservation/digital/formats/" local="131456401310000000" remote="131456401310000000" Dst="2" />
<file name="fdd000280.xml" server="teamsite.loc.gov//default/main/LC-PUB/LC-HOME/WORKAREA/kmur/htdocs/preservation/digital/formats/" local="131456401310000000" remote="131456401310000000" Dst="2" />
<file name="fdd000279.xml" server="teamsite.loc.gov//default/main/LC-PUB/LC-HOME/WORKAREA/kmur/htdocs/preservation/digital/formats/" local="131456401310000000" remote="131456401310000000" Dst="2" />
<file name="fdd000278.xml" server="teamsite.loc.gov//default/main/LC-PUB/LC-HOME/WORKAREA/kmur/htdocs/preservation/digital/formats/" local="131738154010000000" remote="131738155660000000" Dst="2" />
<file name="fdd000236.xml" server="teamsite.loc.gov//default/main/LC-PUB/LC-HOME/WORKAREA/kmur/htdocs/preservation/digital/formats/" local="131763993550000000" remote="131763995480000000" Dst="2" />
<file name="fdd000154.xml" server="teamsite.loc.gov//default/main/LC-PUB/LC-HOME/WORKAREA/kmur/htdocs/preservation/digital/formats/" local="131456401320000000" remote="131456401320000000" Dst="2" />
<file name="fdd000153.xml" server="teamsite.loc.gov//default/main/LC-PUB/LC-HOME/WORKAREA/kmur/htdocs/preservation/digital/formats/" local="131456401320000000" remote="131456401320000000" Dst="2" />
<file name="fdd000149.xml" server="teamsite.loc.gov//default/main/LC-PUB/LC-HOME/WORKAREA/kmur/htdocs/preservation/digital/formats/" local="131456401320000000" remote="131456401320000000" Dst="2" />
<file name="fdd000146.xml" server="teamsite.loc.gov//default/main/LC-PUB/LC-HOME/WORKAREA/kmur/htdocs/preservation/digital/formats/" local="131456401320000000" remote="131456401320000000" Dst="2" />
<file name="fdd000144.xml" server="teamsite.loc.gov//default/main/LC-PUB/LC-HOME/WORKAREA/kmur/htdocs/preservation/digital/formats/" local="131456401320000000" remote="131456401320000000" Dst="2" />
<file name="fdd000143.xml" server="teamsite.loc.gov//default/main/LC-PUB/LC-HOME/WORKAREA/kmur/htdocs/preservation/digital/formats/" local="131456401320000000" remote="131456401320000000" Dst="2" />
<file name="fdd000127.xml" server="teamsite.loc.gov//default/main/LC-PUB/LC-HOME/WORKAREA/kmur/htdocs/preservation/digital/formats/" local="131456401330000000" remote="131456401330000000" Dst="2" />
<file name="fdd000076.xml" server="teamsite.loc.gov//default/main/LC-PUB/LC-HOME/WORKAREA/kmur/htdocs/preservation/digital/formats/" local="131456401330000000" remote="131456401330000000" Dst="2" />
<file name="fdd000059.xml" server="teamsite.loc.gov//default/main/LC-PUB/LC-HOME/WORKAREA/kmur/htdocs/preservation/digital/formats/" local="131456401330000000" remote="131456401330000000" Dst="2" />
<file name="fdd000052.xml" server="teamsite.loc.gov//default/main/LC-PUB/LC-HOME/WORKAREA/kmur/htdocs/preservation/digital/formats/" local="131722433360000000" remote="131722433360000000" Dst="2" />
<file name="fdd000043.xml" server="teamsite.loc.gov//default/main/LC-PUB/LC-HOME/WORKAREA/kmur/htdocs/preservation/digital/formats/" local="131456401330000000" remote="131456401330000000" Dst="2" />
<file name="fdd000442.xml" server="teamsite.loc.gov//default/main/LC-PUB/LC-HOME/WORKAREA/kmur/htdocs/preservation/digital/formats/" local="131456401330000000" remote="131456401330000000" Dst="2" />
<file name="fdd000189.xml" server="teamsite.loc.gov//default/main/LC-PUB/LC-HOME/WORKAREA/kmur/htdocs/preservation/digital/formats/" local="131456401330000000" remote="131456401330000000" Dst="2" />
<file name="fdd000188.xml" server="teamsite.loc.gov//default/main/LC-PUB/LC-HOME/WORKAREA/kmur/htdocs/preservation/digital/formats/" local="131456401330000000" remote="131456401330000000" Dst="2" />
<file name="fdd000184.xml" server="teamsite.loc.gov//default/main/LC-PUB/LC-HOME/WORKAREA/kmur/htdocs/preservation/digital/formats/" local="131456401330000000" remote="131456401330000000" Dst="2" />
<file name="fdd000037.xml" server="teamsite.loc.gov//default/main/LC-PUB/LC-HOME/WORKAREA/kmur/htdocs/preservation/digital/formats/" local="131456401330000000" remote="131456401330000000" Dst="2" />
<file name="fdd000035.xml" server="teamsite.loc.gov//default/main/LC-PUB/LC-HOME/WORKAREA/kmur/htdocs/preservation/digital/formats/" local="131456401330000000" remote="131456401330000000" Dst="2" />
<file name="fdd000031.xml" server="teamsite.loc.gov//default/main/LC-PUB/LC-HOME/WORKAREA/kmur/htdocs/preservation/digital/formats/" local="131456401330000000" remote="131456401330000000" Dst="2" />
<file name="fdd000027.xml" server="teamsite.loc.gov//default/main/LC-PUB/LC-HOME/WORKAREA/kmur/htdocs/preservation/digital/formats/" local="131456401340000000" remote="131456401340000000" Dst="2" />
<file name="fdd000020.xml" server="teamsite.loc.gov//default/main/LC-PUB/LC-HOME/WORKAREA/kmur/htdocs/preservation/digital/formats/" local="131456401340000000" remote="131456401340000000" Dst="2" />
<file name="fdd000019.xml" server="teamsite.loc.gov//default/main/LC-PUB/LC-HOME/WORKAREA/kmur/htdocs/preservation/digital/formats/" local="131456401340000000" remote="131456401340000000" Dst="2" />
<file name="fdd000018.xml" server="teamsite.loc.gov//default/main/LC-PUB/LC-HOME/WORKAREA/kmur/htdocs/preservation/digital/formats/" local="131456401340000000" remote="131456401340000000" Dst="2" />
<file name="fdd000012.xml" server="teamsite.loc.gov//default/main/LC-PUB/LC-HOME/WORKAREA/kmur/htdocs/preservation/digital/formats/" local="131456401340000000" remote="131456401340000000" Dst="2" />
<file name="fdd000007.xml" server="teamsite.loc.gov//default/main/LC-PUB/LC-HOME/WORKAREA/kmur/htdocs/preservation/digital/formats/" local="131776023120000000" remote="131776025350000000" Dst="2" />
<file name="fdd000005.xml" server="teamsite.loc.gov//default/main/LC-PUB/LC-HOME/WORKAREA/kmur/htdocs/preservation/digital/formats/" local="131456401340000000" remote="131456401340000000" Dst="2" />
<file name="fdd000001.xml" server="teamsite.loc.gov//default/main/LC-PUB/LC-HOME/WORKAREA/kmur/htdocs/preservation/digital/formats/" local="131456401340000000" remote="131456401340000000" Dst="2" />
<file name="fdd000418.xml" server="teamsite.loc.gov//default/main/LC-PUB/LC-HOME/WORKAREA/kmur/htdocs/preservation/digital/formats/" local="131457361440000000" remote="131457361440000000" Dst="2" />
<file name="fdd000178.xml" server="teamsite.loc.gov//default/main/LC-PUB/LC-HOME/WORKAREA/kmur/htdocs/preservation/digital/formats/" local="131472075090000000" remote="131472075090000000" Dst="2" />
<file name="fdd000200.xml" server="teamsite.loc.gov//default/main/LC-PUB/LC-HOME/WORKAREA/kmur/htdocs/preservation/digital/formats/" local="131481669320000000" remote="131481669320000000" Dst="2" />
<file name="fdd000124.xml" server="teamsite.loc.gov//default/main/LC-PUB/LC-HOME/WORKAREA/kmur/htdocs/preservation/digital/formats/" local="131491869560000000" remote="131491869560000000" Dst="2" />
<file name="fdd000383.xml" server="teamsite.loc.gov//default/main/LC-PUB/LC-HOME/WORKAREA/kmur/htdocs/preservation/digital/formats/" local="131711303690000000" remote="131711313050000000" Dst="2" />
<file name="fdd000459.xml" server="teamsite.loc.gov//default/main/LC-PUB/LC-HOME/WORKAREA/kmur/htdocs/preservation/digital/formats/" local="131539338660000000" remote="131539338660000000" Dst="2" />
<file name="fdd000450.xml" server="teamsite.loc.gov//default/main/LC-PUB/LC-HOME/WORKAREA/kmur/htdocs/preservation/digital/formats/" local="131539338660000000" remote="131539338660000000" Dst="2" />
<file name="fdd000246.xml" server="teamsite.loc.gov//default/main/LC-PUB/LC-HOME/WORKAREA/kmur/htdocs/preservation/digital/formats/" local="131738154010000000" remote="131738155670000000" Dst="2" />
<file name="fdd000029.xml" server="teamsite.loc.gov//default/main/LC-PUB/LC-HOME/WORKAREA/kmur/htdocs/preservation/digital/formats/" local="131542632740000000" remote="131542632740000000" Dst="2" />
<file name="fdd000022.xml" server="teamsite.loc.gov//default/main/LC-PUB/LC-HOME/WORKAREA/kmur/htdocs/preservation/digital/formats/" local="131711303670000000" remote="131711313050000000" Dst="2" />
<file name="fdd000473.xml" server="teamsite.loc.gov//default/main/LC-PUB/LC-HOME/WORKAREA/kmur/htdocs/preservation/digital/formats/" local="131582756840000000" remote="131582756840000000" Dst="2" />
<file name="fdd000075.xml" server="teamsite.loc.gov//default/main/LC-PUB/LC-HOME/WORKAREA/kmur/htdocs/preservation/digital/formats/" local="131715723630000000" remote="131715723630000000" Dst="2" />
<file name="fdd000413.xml" server="teamsite.loc.gov//default/main/LC-PUB/LC-HOME/WORKAREA/kmur/htdocs/preservation/digital/formats/" local="131624895760000000" remote="131624895760000000" Dst="2" />
<file name="fdd000275.xml" server="teamsite.loc.gov//default/main/LC-PUB/LC-HOME/WORKAREA/kmur/htdocs/preservation/digital/formats/" local="131624895760000000" remote="131624895760000000" Dst="2" />
<file name="fdd000067.xml" server="teamsite.loc.gov//default/main/LC-PUB/LC-HOME/WORKAREA/kmur/htdocs/preservation/digital/formats/" local="131630051660000000" remote="131630051660000000" Dst="2" />
<file name="fdd000026.xml" server="teamsite.loc.gov//default/main/LC-PUB/LC-HOME/WORKAREA/kmur/htdocs/preservation/digital/formats/" local="131644700880000000" remote="131644700880000000" Dst="2" />
<file name="fdd000465.xml" server="teamsite.loc.gov//default/main/LC-PUB/LC-HOME/WORKAREA/kmur/htdocs/preservation/digital/formats/" local="131644838080000000" remote="131644838080000000" Dst="2" />
<file name="fdd000388.xml" server="teamsite.loc.gov//default/main/LC-PUB/LC-HOME/WORKAREA/kmur/htdocs/preservation/digital/formats/" local="131727638230000000" remote="131727721120000000" Dst="2" />
<file name="fdd000484.xml" server="teamsite.loc.gov//default/main/LC-PUB/LC-HOME/WORKAREA/kmur/htdocs/preservation/digital/formats/" local="131667252750000000" remote="131667252750000000" Dst="2" />
<file name="fdd000483.xml" server="teamsite.loc.gov//default/main/LC-PUB/LC-HOME/WORKAREA/kmur/htdocs/preservation/digital/formats/" local="131667252760000000" remote="131667252760000000" Dst="2" />
<file name="fdd000479.xml" server="teamsite.loc.gov//default/main/LC-PUB/LC-HOME/WORKAREA/kmur/htdocs/preservation/digital/formats/" local="131667252770000000" remote="131667252770000000" Dst="2" />
<file name="fdd000445.xml" server="teamsite.loc.gov//default/main/LC-PUB/LC-HOME/WORKAREA/kmur/htdocs/preservation/digital/formats/" local="131667252790000000" remote="131667252790000000" Dst="2" />
<file name="fdd000478.xml" server="teamsite.loc.gov//default/main/LC-PUB/LC-HOME/WORKAREA/kmur/htdocs/preservation/digital/formats/" local="131667282910000000" remote="131667282910000000" Dst="2" />
<file name="fdd000482.xml" server="teamsite.loc.gov//default/main/LC-PUB/LC-HOME/WORKAREA/kmur/htdocs/preservation/digital/formats/" local="131667552450000000" remote="131667552450000000" Dst="2" />
<file name="fdd000476.xml" server="teamsite.loc.gov//default/main/LC-PUB/LC-HOME/WORKAREA/kmur/htdocs/preservation/digital/formats/" local="131667571360000000" remote="131667571360000000" Dst="2" />
<file name="fdd000477.xml" server="teamsite.loc.gov//default/main/LC-PUB/LC-HOME/WORKAREA/kmur/htdocs/preservation/digital/formats/" local="131667578730000000" remote="131667578730000000" Dst="2" />
<file name="fdd000481.xml" server="teamsite.loc.gov//default/main/LC-PUB/LC-HOME/WORKAREA/kmur/htdocs/preservation/digital/formats/" local="131667613370000000" remote="131667613370000000" Dst="2" />
<file name="fdd000480.xml" server="teamsite.loc.gov//default/main/LC-PUB/LC-HOME/WORKAREA/kmur/htdocs/preservation/digital/formats/" local="131667953890000000" remote="131667953890000000" Dst="2" />
<file name="fdd000475.xml" server="teamsite.loc.gov//default/main/LC-PUB/LC-HOME/WORKAREA/kmur/htdocs/preservation/digital/formats/" local="131669048390000000" remote="131669048390000000" Dst="2" />
<file name="fdd000433.xml" server="teamsite.loc.gov//default/main/LC-PUB/LC-HOME/WORKAREA/kmur/htdocs/preservation/digital/formats/" local="131711303670000000" remote="131711313050000000" Dst="2" />
<file name="fdd000435.xml" server="teamsite.loc.gov//default/main/LC-PUB/LC-HOME/WORKAREA/kmur/htdocs/preservation/digital/formats/" local="131674986920000000" remote="131674986920000000" Dst="2" />
<file name="fdd000487.xml" server="teamsite.loc.gov//default/main/LC-PUB/LC-HOME/WORKAREA/kmur/htdocs/preservation/digital/formats/" local="131734736490000000" remote="131734736490000000" Dst="2" />
<file name="fdd000486.xml" server="teamsite.loc.gov//default/main/LC-PUB/LC-HOME/WORKAREA/kmur/htdocs/preservation/digital/formats/" local="131752691980000000" remote="131752693550000000" Dst="2" />
<file name="fdd000491.xml" server="teamsite.loc.gov//default/main/LC-PUB/LC-HOME/WORKAREA/kmur/htdocs/preservation/digital/formats/" local="131850353850000000" remote="131850353850000000" Dst="2" />
</dwsync>