<?xml version="1.0" encoding="utf-8" ?>
<dwsync>
<file name="fdd000004.xml" server="c1vlptscms02.loc.gov//default/main/LC-PUB/LC-HOME/WORKAREA/kmur/htdocs/preservation/digital/formats/" local="131315719620000000" remote="131315719620000000" Dst="1" />
<file name="fdd000003.xml" server="c1vlptscms02.loc.gov//default/main/LC-PUB/LC-HOME/WORKAREA/kmur/htdocs/preservation/digital/formats/" local="131315719620000000" remote="131315719620000000" Dst="1" />
<file name="fdd000002.xml" server="c1vlptscms02.loc.gov//default/main/LC-PUB/LC-HOME/WORKAREA/kmur/htdocs/preservation/digital/formats/" local="131315719630000000" remote="131315719630000000" Dst="1" />
<file name="fdd000021.xml" server="c1vlptscms02.loc.gov//default/main/LC-PUB/LC-HOME/WORKAREA/kmur/htdocs/preservation/digital/formats/" local="131317281330000000" remote="131317281330000000" Dst="1" />
<file name="fdd000016.xml" server="c1vlptscms02.loc.gov//default/main/LC-PUB/LC-HOME/WORKAREA/kmur/htdocs/preservation/digital/formats/" local="131317281330000000" remote="131317281330000000" Dst="1" />
<file name="fdd000013.xml" server="c1vlptscms02.loc.gov//default/main/LC-PUB/LC-HOME/WORKAREA/kmur/htdocs/preservation/digital/formats/" local="131317281340000000" remote="131317281340000000" Dst="1" />
<file name="fdd000023.xml" server="c1vlptscms02.loc.gov//default/main/LC-PUB/LC-HOME/WORKAREA/kmur/htdocs/preservation/digital/formats/" local="131318343910000000" remote="131318343910000000" Dst="1" />
<file name="fdd000024.xml" server="c1vlptscms02.loc.gov//default/main/LC-PUB/LC-HOME/WORKAREA/kmur/htdocs/preservation/digital/formats/" local="132288370780000000" remote="132288370780000000" Dst="2" />
<file name="fdd000025.xml" server="c1vlptscms02.loc.gov//default/main/LC-PUB/LC-HOME/WORKAREA/kmur/htdocs/preservation/digital/formats/" local="131318343910000000" remote="131318343910000000" Dst="1" />
<file name="fdd000032.xml" server="c1vlptscms02.loc.gov//default/main/LC-PUB/LC-HOME/WORKAREA/kmur/htdocs/preservation/digital/formats/" local="131318343920000000" remote="131318343920000000" Dst="1" />
<file name="fdd000033.xml" server="c1vlptscms02.loc.gov//default/main/LC-PUB/LC-HOME/WORKAREA/kmur/htdocs/preservation/digital/formats/" local="131318343920000000" remote="131318343920000000" Dst="1" />
<file name="fdd000034.xml" server="c1vlptscms02.loc.gov//default/main/LC-PUB/LC-HOME/WORKAREA/kmur/htdocs/preservation/digital/formats/" local="131318343920000000" remote="131318343920000000" Dst="1" />
<file name="fdd000036.xml" server="c1vlptscms02.loc.gov//default/main/LC-PUB/LC-HOME/WORKAREA/kmur/htdocs/preservation/digital/formats/" local="131318343930000000" remote="131318343930000000" Dst="1" />
<file name="fdd000038.xml" server="c1vlptscms02.loc.gov//default/main/LC-PUB/LC-HOME/WORKAREA/kmur/htdocs/preservation/digital/formats/" local="131318343930000000" remote="131318343930000000" Dst="1" />
<file name="fdd000039.xml" server="c1vlptscms02.loc.gov//default/main/LC-PUB/LC-HOME/WORKAREA/kmur/htdocs/preservation/digital/formats/" local="131318343930000000" remote="131318343930000000" Dst="1" />
<file name="fdd000044.xml" server="c1vlptscms02.loc.gov//default/main/LC-PUB/LC-HOME/WORKAREA/kmur/htdocs/preservation/digital/formats/" local="131318343930000000" remote="131318343930000000" Dst="1" />
<file name="fdd000045.xml" server="c1vlptscms02.loc.gov//default/main/LC-PUB/LC-HOME/WORKAREA/kmur/htdocs/preservation/digital/formats/" local="131318343930000000" remote="131318343930000000" Dst="1" />
<file name="fdd000080.xml" server="c1vlptscms02.loc.gov//default/main/LC-PUB/LC-HOME/WORKAREA/kmur/htdocs/preservation/digital/formats/" local="131321553510000000" remote="131321553510000000" Dst="1" />
<file name="fdd000079.xml" server="c1vlptscms02.loc.gov//default/main/LC-PUB/LC-HOME/WORKAREA/kmur/htdocs/preservation/digital/formats/" local="131321553520000000" remote="131321553520000000" Dst="1" />
<file name="fdd000078.xml" server="c1vlptscms02.loc.gov//default/main/LC-PUB/LC-HOME/WORKAREA/kmur/htdocs/preservation/digital/formats/" local="131321553520000000" remote="131321553520000000" Dst="1" />
<file name="fdd000077.xml" server="c1vlptscms02.loc.gov//default/main/LC-PUB/LC-HOME/WORKAREA/kmur/htdocs/preservation/digital/formats/" local="131321553520000000" remote="131321553520000000" Dst="1" />
<file name="fdd000074.xml" server="c1vlptscms02.loc.gov//default/main/LC-PUB/LC-HOME/WORKAREA/kmur/htdocs/preservation/digital/formats/" local="132288370780000000" remote="132288370780000000" Dst="2" />
<file name="fdd000073.xml" server="c1vlptscms02.loc.gov//default/main/LC-PUB/LC-HOME/WORKAREA/kmur/htdocs/preservation/digital/formats/" local="131321553520000000" remote="131321553520000000" Dst="1" />
<file name="fdd000072.xml" server="c1vlptscms02.loc.gov//default/main/LC-PUB/LC-HOME/WORKAREA/kmur/htdocs/preservation/digital/formats/" local="131321553520000000" remote="131321553520000000" Dst="1" />
<file name="fdd000069.xml" server="c1vlptscms02.loc.gov//default/main/LC-PUB/LC-HOME/WORKAREA/kmur/htdocs/preservation/digital/formats/" local="131321553520000000" remote="131321553520000000" Dst="1" />
<file name="fdd000068.xml" server="c1vlptscms02.loc.gov//default/main/LC-PUB/LC-HOME/WORKAREA/kmur/htdocs/preservation/digital/formats/" local="131321553520000000" remote="131321553520000000" Dst="1" />
<file name="fdd000066.xml" server="c1vlptscms02.loc.gov//default/main/LC-PUB/LC-HOME/WORKAREA/kmur/htdocs/preservation/digital/formats/" local="131321553520000000" remote="131321553520000000" Dst="1" />
<file name="fdd000065.xml" server="c1vlptscms02.loc.gov//default/main/LC-PUB/LC-HOME/WORKAREA/kmur/htdocs/preservation/digital/formats/" local="131321553530000000" remote="131321553530000000" Dst="1" />
<file name="fdd000064.xml" server="c1vlptscms02.loc.gov//default/main/LC-PUB/LC-HOME/WORKAREA/kmur/htdocs/preservation/digital/formats/" local="131321553530000000" remote="131321553530000000" Dst="1" />
<file name="fdd000063.xml" server="c1vlptscms02.loc.gov//default/main/LC-PUB/LC-HOME/WORKAREA/kmur/htdocs/preservation/digital/formats/" local="131321553530000000" remote="131321553530000000" Dst="1" />
<file name="fdd000062.xml" server="c1vlptscms02.loc.gov//default/main/LC-PUB/LC-HOME/WORKAREA/kmur/htdocs/preservation/digital/formats/" local="131321553530000000" remote="131321553530000000" Dst="1" />
<file name="fdd000061.xml" server="c1vlptscms02.loc.gov//default/main/LC-PUB/LC-HOME/WORKAREA/kmur/htdocs/preservation/digital/formats/" local="131321553530000000" remote="131321553530000000" Dst="1" />
<file name="fdd000060.xml" server="c1vlptscms02.loc.gov//default/main/LC-PUB/LC-HOME/WORKAREA/kmur/htdocs/preservation/digital/formats/" local="131321553530000000" remote="131321553530000000" Dst="1" />
<file name="fdd000058.xml" server="c1vlptscms02.loc.gov//default/main/LC-PUB/LC-HOME/WORKAREA/kmur/htdocs/preservation/digital/formats/" local="131321553530000000" remote="131321553530000000" Dst="1" />
<file name="fdd000057.xml" server="c1vlptscms02.loc.gov//default/main/LC-PUB/LC-HOME/WORKAREA/kmur/htdocs/preservation/digital/formats/" local="131321553530000000" remote="131321553530000000" Dst="1" />
<file name="fdd000056.xml" server="c1vlptscms02.loc.gov//default/main/LC-PUB/LC-HOME/WORKAREA/kmur/htdocs/preservation/digital/formats/" local="131321553530000000" remote="131321553530000000" Dst="1" />
<file name="fdd000054.xml" server="c1vlptscms02.loc.gov//default/main/LC-PUB/LC-HOME/WORKAREA/kmur/htdocs/preservation/digital/formats/" local="131321553530000000" remote="131321553530000000" Dst="1" />
<file name="fdd000053.xml" server="c1vlptscms02.loc.gov//default/main/LC-PUB/LC-HOME/WORKAREA/kmur/htdocs/preservation/digital/formats/" local="131321553530000000" remote="131321553530000000" Dst="1" />
<file name="fdd000051.xml" server="c1vlptscms02.loc.gov//default/main/LC-PUB/LC-HOME/WORKAREA/kmur/htdocs/preservation/digital/formats/" local="131321553540000000" remote="131321553540000000" Dst="1" />
<file name="fdd000050.xml" server="c1vlptscms02.loc.gov//default/main/LC-PUB/LC-HOME/WORKAREA/kmur/htdocs/preservation/digital/formats/" local="131321553540000000" remote="131321553540000000" Dst="1" />
<file name="fdd000049.xml" server="c1vlptscms02.loc.gov//default/main/LC-PUB/LC-HOME/WORKAREA/kmur/htdocs/preservation/digital/formats/" local="131321553540000000" remote="131321553540000000" Dst="1" />
<file name="fdd000048.xml" server="c1vlptscms02.loc.gov//default/main/LC-PUB/LC-HOME/WORKAREA/kmur/htdocs/preservation/digital/formats/" local="131321553540000000" remote="131321553540000000" Dst="1" />
<file name="fdd000047.xml" server="c1vlptscms02.loc.gov//default/main/LC-PUB/LC-HOME/WORKAREA/kmur/htdocs/preservation/digital/formats/" local="131321553540000000" remote="131321553540000000" Dst="1" />
<file name="fdd000046.xml" server="c1vlptscms02.loc.gov//default/main/LC-PUB/LC-HOME/WORKAREA/kmur/htdocs/preservation/digital/formats/" local="131321553540000000" remote="131321553540000000" Dst="1" />
<file name="fdd000099.xml" server="c1vlptscms02.loc.gov//default/main/LC-PUB/LC-HOME/WORKAREA/kmur/htdocs/preservation/digital/formats/" local="131321589240000000" remote="131321589240000000" Dst="1" />
<file name="fdd000098.xml" server="c1vlptscms02.loc.gov//default/main/LC-PUB/LC-HOME/WORKAREA/kmur/htdocs/preservation/digital/formats/" local="131321589250000000" remote="131321589250000000" Dst="1" />
<file name="fdd000092.xml" server="c1vlptscms02.loc.gov//default/main/LC-PUB/LC-HOME/WORKAREA/kmur/htdocs/preservation/digital/formats/" local="131321589250000000" remote="131321589250000000" Dst="1" />
<file name="fdd000091.xml" server="c1vlptscms02.loc.gov//default/main/LC-PUB/LC-HOME/WORKAREA/kmur/htdocs/preservation/digital/formats/" local="131321589250000000" remote="131321589250000000" Dst="1" />
<file name="fdd000090.xml" server="c1vlptscms02.loc.gov//default/main/LC-PUB/LC-HOME/WORKAREA/kmur/htdocs/preservation/digital/formats/" local="131321589250000000" remote="131321589250000000" Dst="1" />
<file name="fdd000089.xml" server="c1vlptscms02.loc.gov//default/main/LC-PUB/LC-HOME/WORKAREA/kmur/htdocs/preservation/digital/formats/" local="131321589250000000" remote="131321589250000000" Dst="1" />
<file name="fdd000088.xml" server="c1vlptscms02.loc.gov//default/main/LC-PUB/LC-HOME/WORKAREA/kmur/htdocs/preservation/digital/formats/" local="131321589250000000" remote="131321589250000000" Dst="1" />
<file name="fdd000087.xml" server="c1vlptscms02.loc.gov//default/main/LC-PUB/LC-HOME/WORKAREA/kmur/htdocs/preservation/digital/formats/" local="131321589250000000" remote="131321589250000000" Dst="1" />
<file name="fdd000086.xml" server="c1vlptscms02.loc.gov//default/main/LC-PUB/LC-HOME/WORKAREA/kmur/htdocs/preservation/digital/formats/" local="131321589250000000" remote="131321589250000000" Dst="1" />
<file name="fdd000085.xml" server="c1vlptscms02.loc.gov//default/main/LC-PUB/LC-HOME/WORKAREA/kmur/htdocs/preservation/digital/formats/" local="131321589250000000" remote="131321589250000000" Dst="1" />
<file name="fdd000084.xml" server="c1vlptscms02.loc.gov//default/main/LC-PUB/LC-HOME/WORKAREA/kmur/htdocs/preservation/digital/formats/" local="131321589250000000" remote="131321589250000000" Dst="1" />
<file name="fdd000083.xml" server="c1vlptscms02.loc.gov//default/main/LC-PUB/LC-HOME/WORKAREA/kmur/htdocs/preservation/digital/formats/" local="131321589250000000" remote="131321589250000000" Dst="1" />
<file name="fdd000082.xml" server="c1vlptscms02.loc.gov//default/main/LC-PUB/LC-HOME/WORKAREA/kmur/htdocs/preservation/digital/formats/" local="131321589250000000" remote="131321589250000000" Dst="1" />
<file name="fdd000081.xml" server="c1vlptscms02.loc.gov//default/main/LC-PUB/LC-HOME/WORKAREA/kmur/htdocs/preservation/digital/formats/" local="131321589250000000" remote="131321589250000000" Dst="1" />
<file name="fdd000097.xml" server="c1vlptscms02.loc.gov//default/main/LC-PUB/LC-HOME/WORKAREA/kmur/htdocs/preservation/digital/formats/" local="131321589250000000" remote="131321589250000000" Dst="1" />
<file name="fdd000096.xml" server="c1vlptscms02.loc.gov//default/main/LC-PUB/LC-HOME/WORKAREA/kmur/htdocs/preservation/digital/formats/" local="131321589260000000" remote="131321589260000000" Dst="1" />
<file name="fdd000095.xml" server="c1vlptscms02.loc.gov//default/main/LC-PUB/LC-HOME/WORKAREA/kmur/htdocs/preservation/digital/formats/" local="131321589260000000" remote="131321589260000000" Dst="1" />
<file name="fdd000094.xml" server="c1vlptscms02.loc.gov//default/main/LC-PUB/LC-HOME/WORKAREA/kmur/htdocs/preservation/digital/formats/" local="131321589260000000" remote="131321589260000000" Dst="1" />
<file name="fdd000093.xml" server="c1vlptscms02.loc.gov//default/main/LC-PUB/LC-HOME/WORKAREA/kmur/htdocs/preservation/digital/formats/" local="131321589260000000" remote="131321589260000000" Dst="1" />
<file name="fdd000100.xml" server="c1vlptscms02.loc.gov//default/main/LC-PUB/LC-HOME/WORKAREA/kmur/htdocs/preservation/digital/formats/" local="131321612750000000" remote="131321612750000000" Dst="1" />
<file name="fdd000101.xml" server="c1vlptscms02.loc.gov//default/main/LC-PUB/LC-HOME/WORKAREA/kmur/htdocs/preservation/digital/formats/" local="131321612750000000" remote="131321612750000000" Dst="1" />
<file name="fdd000102.xml" server="c1vlptscms02.loc.gov//default/main/LC-PUB/LC-HOME/WORKAREA/kmur/htdocs/preservation/digital/formats/" local="131321612750000000" remote="131321612750000000" Dst="1" />
<file name="fdd000103.xml" server="c1vlptscms02.loc.gov//default/main/LC-PUB/LC-HOME/WORKAREA/kmur/htdocs/preservation/digital/formats/" local="132288370780000000" remote="132288370780000000" Dst="2" />
<file name="fdd000104.xml" server="c1vlptscms02.loc.gov//default/main/LC-PUB/LC-HOME/WORKAREA/kmur/htdocs/preservation/digital/formats/" local="132288370770000000" remote="132288370770000000" Dst="2" />
<file name="fdd000105.xml" server="c1vlptscms02.loc.gov//default/main/LC-PUB/LC-HOME/WORKAREA/kmur/htdocs/preservation/digital/formats/" local="131321612750000000" remote="131321612750000000" Dst="1" />
<file name="fdd000106.xml" server="c1vlptscms02.loc.gov//default/main/LC-PUB/LC-HOME/WORKAREA/kmur/htdocs/preservation/digital/formats/" local="131321612750000000" remote="131321612750000000" Dst="1" />
<file name="fdd000107.xml" server="c1vlptscms02.loc.gov//default/main/LC-PUB/LC-HOME/WORKAREA/kmur/htdocs/preservation/digital/formats/" local="131321612750000000" remote="131321612750000000" Dst="1" />
<file name="fdd000108.xml" server="c1vlptscms02.loc.gov//default/main/LC-PUB/LC-HOME/WORKAREA/kmur/htdocs/preservation/digital/formats/" local="131321612750000000" remote="131321612750000000" Dst="1" />
<file name="fdd000109.xml" server="c1vlptscms02.loc.gov//default/main/LC-PUB/LC-HOME/WORKAREA/kmur/htdocs/preservation/digital/formats/" local="131321612750000000" remote="131321612750000000" Dst="1" />
<file name="fdd000110.xml" server="c1vlptscms02.loc.gov//default/main/LC-PUB/LC-HOME/WORKAREA/kmur/htdocs/preservation/digital/formats/" local="131321612750000000" remote="131321612750000000" Dst="1" />
<file name="fdd000111.xml" server="c1vlptscms02.loc.gov//default/main/LC-PUB/LC-HOME/WORKAREA/kmur/htdocs/preservation/digital/formats/" local="131321612750000000" remote="131321612750000000" Dst="1" />
<file name="fdd000112.xml" server="c1vlptscms02.loc.gov//default/main/LC-PUB/LC-HOME/WORKAREA/kmur/htdocs/preservation/digital/formats/" local="131321612750000000" remote="131321612750000000" Dst="1" />
<file name="fdd000114.xml" server="c1vlptscms02.loc.gov//default/main/LC-PUB/LC-HOME/WORKAREA/kmur/htdocs/preservation/digital/formats/" local="131321612750000000" remote="131321612750000000" Dst="1" />
<file name="fdd000115.xml" server="c1vlptscms02.loc.gov//default/main/LC-PUB/LC-HOME/WORKAREA/kmur/htdocs/preservation/digital/formats/" local="131321612760000000" remote="131321612760000000" Dst="1" />
<file name="fdd000116.xml" server="c1vlptscms02.loc.gov//default/main/LC-PUB/LC-HOME/WORKAREA/kmur/htdocs/preservation/digital/formats/" local="131321612760000000" remote="131321612760000000" Dst="1" />
<file name="fdd000117.xml" server="c1vlptscms02.loc.gov//default/main/LC-PUB/LC-HOME/WORKAREA/kmur/htdocs/preservation/digital/formats/" local="131321612760000000" remote="131321612760000000" Dst="1" />
<file name="fdd000118.xml" server="c1vlptscms02.loc.gov//default/main/LC-PUB/LC-HOME/WORKAREA/kmur/htdocs/preservation/digital/formats/" local="131321612760000000" remote="131321612760000000" Dst="1" />
<file name="fdd000119.xml" server="c1vlptscms02.loc.gov//default/main/LC-PUB/LC-HOME/WORKAREA/kmur/htdocs/preservation/digital/formats/" local="131321612760000000" remote="131321612760000000" Dst="1" />
<file name="fdd000120.xml" server="c1vlptscms02.loc.gov//default/main/LC-PUB/LC-HOME/WORKAREA/kmur/htdocs/preservation/digital/formats/" local="131321612760000000" remote="131321612760000000" Dst="1" />
<file name="fdd000121.xml" server="c1vlptscms02.loc.gov//default/main/LC-PUB/LC-HOME/WORKAREA/kmur/htdocs/preservation/digital/formats/" local="131321612760000000" remote="131321612760000000" Dst="1" />
<file name="fdd000126.xml" server="c1vlptscms02.loc.gov//default/main/LC-PUB/LC-HOME/WORKAREA/kmur/htdocs/preservation/digital/formats/" local="131321787710000000" remote="131321787710000000" Dst="1" />
<file name="fdd000129.xml" server="c1vlptscms02.loc.gov//default/main/LC-PUB/LC-HOME/WORKAREA/kmur/htdocs/preservation/digital/formats/" local="131321787710000000" remote="131321787710000000" Dst="1" />
<file name="fdd000130.xml" server="c1vlptscms02.loc.gov//default/main/LC-PUB/LC-HOME/WORKAREA/kmur/htdocs/preservation/digital/formats/" local="131321787710000000" remote="131321787710000000" Dst="1" />
<file name="fdd000131.xml" server="c1vlptscms02.loc.gov//default/main/LC-PUB/LC-HOME/WORKAREA/kmur/htdocs/preservation/digital/formats/" local="131321787710000000" remote="131321787710000000" Dst="1" />
<file name="fdd000132.xml" server="c1vlptscms02.loc.gov//default/main/LC-PUB/LC-HOME/WORKAREA/kmur/htdocs/preservation/digital/formats/" local="131321787720000000" remote="131321787720000000" Dst="1" />
<file name="fdd000135.xml" server="c1vlptscms02.loc.gov//default/main/LC-PUB/LC-HOME/WORKAREA/kmur/htdocs/preservation/digital/formats/" local="131321787720000000" remote="131321787720000000" Dst="1" />
<file name="fdd000136.xml" server="c1vlptscms02.loc.gov//default/main/LC-PUB/LC-HOME/WORKAREA/kmur/htdocs/preservation/digital/formats/" local="131321787720000000" remote="131321787720000000" Dst="1" />
<file name="fdd000137.xml" server="c1vlptscms02.loc.gov//default/main/LC-PUB/LC-HOME/WORKAREA/kmur/htdocs/preservation/digital/formats/" local="131321787720000000" remote="131321787720000000" Dst="1" />
<file name="fdd000138.xml" server="c1vlptscms02.loc.gov//default/main/LC-PUB/LC-HOME/WORKAREA/kmur/htdocs/preservation/digital/formats/" local="131321787720000000" remote="131321787720000000" Dst="1" />
<file name="fdd000139.xml" server="c1vlptscms02.loc.gov//default/main/LC-PUB/LC-HOME/WORKAREA/kmur/htdocs/preservation/digital/formats/" local="131321787720000000" remote="131321787720000000" Dst="1" />
<file name="fdd000140.xml" server="c1vlptscms02.loc.gov//default/main/LC-PUB/LC-HOME/WORKAREA/kmur/htdocs/preservation/digital/formats/" local="131321787720000000" remote="131321787720000000" Dst="1" />
<file name="fdd000141.xml" server="c1vlptscms02.loc.gov//default/main/LC-PUB/LC-HOME/WORKAREA/kmur/htdocs/preservation/digital/formats/" local="131321787720000000" remote="131321787720000000" Dst="1" />
<file name="fdd000142.xml" server="c1vlptscms02.loc.gov//default/main/LC-PUB/LC-HOME/WORKAREA/kmur/htdocs/preservation/digital/formats/" local="131321787720000000" remote="131321787720000000" Dst="1" />
<file name="fdd000145.xml" server="c1vlptscms02.loc.gov//default/main/LC-PUB/LC-HOME/WORKAREA/kmur/htdocs/preservation/digital/formats/" local="131321787730000000" remote="131321787730000000" Dst="1" />
<file name="fdd000147.xml" server="c1vlptscms02.loc.gov//default/main/LC-PUB/LC-HOME/WORKAREA/kmur/htdocs/preservation/digital/formats/" local="131321787730000000" remote="131321787730000000" Dst="1" />
<file name="fdd000150.xml" server="c1vlptscms02.loc.gov//default/main/LC-PUB/LC-HOME/WORKAREA/kmur/htdocs/preservation/digital/formats/" local="131321787730000000" remote="131321787730000000" Dst="1" />
<file name="fdd000151.xml" server="c1vlptscms02.loc.gov//default/main/LC-PUB/LC-HOME/WORKAREA/kmur/htdocs/preservation/digital/formats/" local="131321787730000000" remote="131321787730000000" Dst="1" />
<file name="fdd000155.xml" server="c1vlptscms02.loc.gov//default/main/LC-PUB/LC-HOME/WORKAREA/kmur/htdocs/preservation/digital/formats/" local="131321787740000000" remote="131321787740000000" Dst="1" />
<file name="fdd000156.xml" server="c1vlptscms02.loc.gov//default/main/LC-PUB/LC-HOME/WORKAREA/kmur/htdocs/preservation/digital/formats/" local="131321787740000000" remote="131321787740000000" Dst="1" />
<file name="fdd000157.xml" server="c1vlptscms02.loc.gov//default/main/LC-PUB/LC-HOME/WORKAREA/kmur/htdocs/preservation/digital/formats/" local="131321787740000000" remote="131321787740000000" Dst="1" />
<file name="fdd000158.xml" server="c1vlptscms02.loc.gov//default/main/LC-PUB/LC-HOME/WORKAREA/kmur/htdocs/preservation/digital/formats/" local="131321787740000000" remote="131321787740000000" Dst="1" />
<file name="fdd000161.xml" server="c1vlptscms02.loc.gov//default/main/LC-PUB/LC-HOME/WORKAREA/kmur/htdocs/preservation/digital/formats/" local="131321787740000000" remote="131321787740000000" Dst="1" />
<file name="fdd000162.xml" server="c1vlptscms02.loc.gov//default/main/LC-PUB/LC-HOME/WORKAREA/kmur/htdocs/preservation/digital/formats/" local="131321787740000000" remote="131321787740000000" Dst="1" />
<file name="fdd000167.xml" server="c1vlptscms02.loc.gov//default/main/LC-PUB/LC-HOME/WORKAREA/kmur/htdocs/preservation/digital/formats/" local="131321787740000000" remote="131321787740000000" Dst="1" />
<file name="fdd000168.xml" server="c1vlptscms02.loc.gov//default/main/LC-PUB/LC-HOME/WORKAREA/kmur/htdocs/preservation/digital/formats/" local="131321787740000000" remote="131321787740000000" Dst="1" />
<file name="fdd000169.xml" server="c1vlptscms02.loc.gov//default/main/LC-PUB/LC-HOME/WORKAREA/kmur/htdocs/preservation/digital/formats/" local="131321787740000000" remote="131321787740000000" Dst="1" />
<file name="fdd000170.xml" server="c1vlptscms02.loc.gov//default/main/LC-PUB/LC-HOME/WORKAREA/kmur/htdocs/preservation/digital/formats/" local="131321787740000000" remote="131321787740000000" Dst="1" />
<file name="fdd000171.xml" server="c1vlptscms02.loc.gov//default/main/LC-PUB/LC-HOME/WORKAREA/kmur/htdocs/preservation/digital/formats/" local="131321787740000000" remote="131321787740000000" Dst="1" />
<file name="fdd000173.xml" server="c1vlptscms02.loc.gov//default/main/LC-PUB/LC-HOME/WORKAREA/kmur/htdocs/preservation/digital/formats/" local="131321787740000000" remote="131321787740000000" Dst="1" />
<file name="fdd000176.xml" server="c1vlptscms02.loc.gov//default/main/LC-PUB/LC-HOME/WORKAREA/kmur/htdocs/preservation/digital/formats/" local="131321787740000000" remote="131321787740000000" Dst="1" />
<file name="fdd000177.xml" server="c1vlptscms02.loc.gov//default/main/LC-PUB/LC-HOME/WORKAREA/kmur/htdocs/preservation/digital/formats/" local="131321787740000000" remote="131321787740000000" Dst="1" />
<file name="fdd000179.xml" server="c1vlptscms02.loc.gov//default/main/LC-PUB/LC-HOME/WORKAREA/kmur/htdocs/preservation/digital/formats/" local="131321787750000000" remote="131321787750000000" Dst="1" />
<file name="fdd000180.xml" server="c1vlptscms02.loc.gov//default/main/LC-PUB/LC-HOME/WORKAREA/kmur/htdocs/preservation/digital/formats/" local="131321787750000000" remote="131321787750000000" Dst="1" />
<file name="fdd000183.xml" server="c1vlptscms02.loc.gov//default/main/LC-PUB/LC-HOME/WORKAREA/kmur/htdocs/preservation/digital/formats/" local="131321787750000000" remote="131321787750000000" Dst="1" />
<file name="fdd000190.xml" server="c1vlptscms02.loc.gov//default/main/LC-PUB/LC-HOME/WORKAREA/kmur/htdocs/preservation/digital/formats/" local="131321787750000000" remote="131321787750000000" Dst="1" />
<file name="fdd000192.xml" server="c1vlptscms02.loc.gov//default/main/LC-PUB/LC-HOME/WORKAREA/kmur/htdocs/preservation/digital/formats/" local="131321787750000000" remote="131321787750000000" Dst="1" />
<file name="fdd000194.xml" server="c1vlptscms02.loc.gov//default/main/LC-PUB/LC-HOME/WORKAREA/kmur/htdocs/preservation/digital/formats/" local="131321787750000000" remote="131321787750000000" Dst="1" />
<file name="fdd000195.xml" server="c1vlptscms02.loc.gov//default/main/LC-PUB/LC-HOME/WORKAREA/kmur/htdocs/preservation/digital/formats/" local="131321787750000000" remote="131321787750000000" Dst="1" />
<file name="fdd000196.xml" server="c1vlptscms02.loc.gov//default/main/LC-PUB/LC-HOME/WORKAREA/kmur/htdocs/preservation/digital/formats/" local="131321787750000000" remote="131321787750000000" Dst="1" />
<file name="fdd000197.xml" server="c1vlptscms02.loc.gov//default/main/LC-PUB/LC-HOME/WORKAREA/kmur/htdocs/preservation/digital/formats/" local="131321787760000000" remote="131321787760000000" Dst="1" />
<file name="fdd000198.xml" server="c1vlptscms02.loc.gov//default/main/LC-PUB/LC-HOME/WORKAREA/kmur/htdocs/preservation/digital/formats/" local="131321787760000000" remote="131321787760000000" Dst="1" />
<file name="fdd000199.xml" server="c1vlptscms02.loc.gov//default/main/LC-PUB/LC-HOME/WORKAREA/kmur/htdocs/preservation/digital/formats/" local="131321787760000000" remote="131321787760000000" Dst="1" />
<file name="fdd000402.xml" server="c1vlptscms02.loc.gov//default/main/LC-PUB/LC-HOME/WORKAREA/kmur/htdocs/preservation/digital/formats/" local="131321901580000000" remote="131321901580000000" Dst="1" />
<file name="fdd000401.xml" server="c1vlptscms02.loc.gov//default/main/LC-PUB/LC-HOME/WORKAREA/kmur/htdocs/preservation/digital/formats/" local="131321901580000000" remote="131321901580000000" Dst="1" />
<file name="fdd000400.xml" server="c1vlptscms02.loc.gov//default/main/LC-PUB/LC-HOME/WORKAREA/kmur/htdocs/preservation/digital/formats/" local="131321901580000000" remote="131321901580000000" Dst="1" />
<file name="fdd000396.xml" server="c1vlptscms02.loc.gov//default/main/LC-PUB/LC-HOME/WORKAREA/kmur/htdocs/preservation/digital/formats/" local="132281423190000000" remote="132281423190000000" Dst="2" />
<file name="fdd000368.xml" server="c1vlptscms02.loc.gov//default/main/LC-PUB/LC-HOME/WORKAREA/kmur/htdocs/preservation/digital/formats/" local="131321912510000000" remote="131321912510000000" Dst="1" />
<file name="fdd000204.xml" server="c1vlptscms02.loc.gov//default/main/LC-PUB/LC-HOME/WORKAREA/kmur/htdocs/preservation/digital/formats/" local="131322586950000000" remote="131322586950000000" Dst="1" />
<file name="fdd000206.xml" server="c1vlptscms02.loc.gov//default/main/LC-PUB/LC-HOME/WORKAREA/kmur/htdocs/preservation/digital/formats/" local="131322586950000000" remote="131322586950000000" Dst="1" />
<file name="fdd000208.xml" server="c1vlptscms02.loc.gov//default/main/LC-PUB/LC-HOME/WORKAREA/kmur/htdocs/preservation/digital/formats/" local="131322586950000000" remote="131322586950000000" Dst="1" />
<file name="fdd000209.xml" server="c1vlptscms02.loc.gov//default/main/LC-PUB/LC-HOME/WORKAREA/kmur/htdocs/preservation/digital/formats/" local="131322586950000000" remote="131322586950000000" Dst="1" />
<file name="fdd000211.xml" server="c1vlptscms02.loc.gov//default/main/LC-PUB/LC-HOME/WORKAREA/kmur/htdocs/preservation/digital/formats/" local="131322586950000000" remote="131322586950000000" Dst="1" />
<file name="fdd000212.xml" server="c1vlptscms02.loc.gov//default/main/LC-PUB/LC-HOME/WORKAREA/kmur/htdocs/preservation/digital/formats/" local="131322586950000000" remote="131322586950000000" Dst="1" />
<file name="fdd000213.xml" server="c1vlptscms02.loc.gov//default/main/LC-PUB/LC-HOME/WORKAREA/kmur/htdocs/preservation/digital/formats/" local="131322586950000000" remote="131322586950000000" Dst="1" />
<file name="fdd000214.xml" server="c1vlptscms02.loc.gov//default/main/LC-PUB/LC-HOME/WORKAREA/kmur/htdocs/preservation/digital/formats/" local="131322586950000000" remote="131322586950000000" Dst="1" />
<file name="fdd000215.xml" server="c1vlptscms02.loc.gov//default/main/LC-PUB/LC-HOME/WORKAREA/kmur/htdocs/preservation/digital/formats/" local="131322586950000000" remote="131322586950000000" Dst="1" />
<file name="fdd000216.xml" server="c1vlptscms02.loc.gov//default/main/LC-PUB/LC-HOME/WORKAREA/kmur/htdocs/preservation/digital/formats/" local="131322586950000000" remote="131322586950000000" Dst="1" />
<file name="fdd000217.xml" server="c1vlptscms02.loc.gov//default/main/LC-PUB/LC-HOME/WORKAREA/kmur/htdocs/preservation/digital/formats/" local="131322586960000000" remote="131322586960000000" Dst="1" />
<file name="fdd000218.xml" server="c1vlptscms02.loc.gov//default/main/LC-PUB/LC-HOME/WORKAREA/kmur/htdocs/preservation/digital/formats/" local="131322586960000000" remote="131322586960000000" Dst="1" />
<file name="fdd000219.xml" server="c1vlptscms02.loc.gov//default/main/LC-PUB/LC-HOME/WORKAREA/kmur/htdocs/preservation/digital/formats/" local="131322586960000000" remote="131322586960000000" Dst="1" />
<file name="fdd000220.xml" server="c1vlptscms02.loc.gov//default/main/LC-PUB/LC-HOME/WORKAREA/kmur/htdocs/preservation/digital/formats/" local="131322586960000000" remote="131322586960000000" Dst="1" />
<file name="fdd000221.xml" server="c1vlptscms02.loc.gov//default/main/LC-PUB/LC-HOME/WORKAREA/kmur/htdocs/preservation/digital/formats/" local="131322586960000000" remote="131322586960000000" Dst="1" />
<file name="fdd000222.xml" server="c1vlptscms02.loc.gov//default/main/LC-PUB/LC-HOME/WORKAREA/kmur/htdocs/preservation/digital/formats/" local="131322586960000000" remote="131322586960000000" Dst="1" />
<file name="fdd000223.xml" server="c1vlptscms02.loc.gov//default/main/LC-PUB/LC-HOME/WORKAREA/kmur/htdocs/preservation/digital/formats/" local="131322586960000000" remote="131322586960000000" Dst="1" />
<file name="fdd000224.xml" server="c1vlptscms02.loc.gov//default/main/LC-PUB/LC-HOME/WORKAREA/kmur/htdocs/preservation/digital/formats/" local="131322586960000000" remote="131322586960000000" Dst="1" />
<file name="fdd000225.xml" server="c1vlptscms02.loc.gov//default/main/LC-PUB/LC-HOME/WORKAREA/kmur/htdocs/preservation/digital/formats/" local="131322586960000000" remote="131322586960000000" Dst="1" />
<file name="fdd000226.xml" server="c1vlptscms02.loc.gov//default/main/LC-PUB/LC-HOME/WORKAREA/kmur/htdocs/preservation/digital/formats/" local="131322586960000000" remote="131322586960000000" Dst="1" />
<file name="fdd000227.xml" server="c1vlptscms02.loc.gov//default/main/LC-PUB/LC-HOME/WORKAREA/kmur/htdocs/preservation/digital/formats/" local="131322586960000000" remote="131322586960000000" Dst="1" />
<file name="fdd000228.xml" server="c1vlptscms02.loc.gov//default/main/LC-PUB/LC-HOME/WORKAREA/kmur/htdocs/preservation/digital/formats/" local="131322586960000000" remote="131322586960000000" Dst="1" />
<file name="fdd000229.xml" server="c1vlptscms02.loc.gov//default/main/LC-PUB/LC-HOME/WORKAREA/kmur/htdocs/preservation/digital/formats/" local="131322586960000000" remote="131322586960000000" Dst="1" />
<file name="fdd000233.xml" server="c1vlptscms02.loc.gov//default/main/LC-PUB/LC-HOME/WORKAREA/kmur/htdocs/preservation/digital/formats/" local="131322586970000000" remote="131322586970000000" Dst="1" />
<file name="fdd000234.xml" server="c1vlptscms02.loc.gov//default/main/LC-PUB/LC-HOME/WORKAREA/kmur/htdocs/preservation/digital/formats/" local="131322586970000000" remote="131322586970000000" Dst="1" />
<file name="fdd000237.xml" server="c1vlptscms02.loc.gov//default/main/LC-PUB/LC-HOME/WORKAREA/kmur/htdocs/preservation/digital/formats/" local="131322586970000000" remote="131322586970000000" Dst="1" />
<file name="fdd000240.xml" server="c1vlptscms02.loc.gov//default/main/LC-PUB/LC-HOME/WORKAREA/kmur/htdocs/preservation/digital/formats/" local="131322586970000000" remote="131322586970000000" Dst="1" />
<file name="fdd000242.xml" server="c1vlptscms02.loc.gov//default/main/LC-PUB/LC-HOME/WORKAREA/kmur/htdocs/preservation/digital/formats/" local="131322586970000000" remote="131322586970000000" Dst="1" />
<file name="fdd000243.xml" server="c1vlptscms02.loc.gov//default/main/LC-PUB/LC-HOME/WORKAREA/kmur/htdocs/preservation/digital/formats/" local="131322586970000000" remote="131322586970000000" Dst="1" />
<file name="fdd000248.xml" server="c1vlptscms02.loc.gov//default/main/LC-PUB/LC-HOME/WORKAREA/kmur/htdocs/preservation/digital/formats/" local="131322586980000000" remote="131322586980000000" Dst="1" />
<file name="fdd000253.xml" server="c1vlptscms02.loc.gov//default/main/LC-PUB/LC-HOME/WORKAREA/kmur/htdocs/preservation/digital/formats/" local="131322627860000000" remote="131322627860000000" Dst="1" />
<file name="fdd000254.xml" server="c1vlptscms02.loc.gov//default/main/LC-PUB/LC-HOME/WORKAREA/kmur/htdocs/preservation/digital/formats/" local="131322627860000000" remote="131322627860000000" Dst="1" />
<file name="fdd000255.xml" server="c1vlptscms02.loc.gov//default/main/LC-PUB/LC-HOME/WORKAREA/kmur/htdocs/preservation/digital/formats/" local="131322627860000000" remote="131322627860000000" Dst="1" />
<file name="fdd000259.xml" server="c1vlptscms02.loc.gov//default/main/LC-PUB/LC-HOME/WORKAREA/kmur/htdocs/preservation/digital/formats/" local="131322627870000000" remote="131322627870000000" Dst="1" />
<file name="fdd000260.xml" server="c1vlptscms02.loc.gov//default/main/LC-PUB/LC-HOME/WORKAREA/kmur/htdocs/preservation/digital/formats/" local="131322627870000000" remote="131322627870000000" Dst="1" />
<file name="fdd000263.xml" server="c1vlptscms02.loc.gov//default/main/LC-PUB/LC-HOME/WORKAREA/kmur/htdocs/preservation/digital/formats/" local="131322627870000000" remote="131322627870000000" Dst="1" />
<file name="fdd000264.xml" server="c1vlptscms02.loc.gov//default/main/LC-PUB/LC-HOME/WORKAREA/kmur/htdocs/preservation/digital/formats/" local="131322627870000000" remote="131322627870000000" Dst="1" />
<file name="fdd000265.xml" server="c1vlptscms02.loc.gov//default/main/LC-PUB/LC-HOME/WORKAREA/kmur/htdocs/preservation/digital/formats/" local="131322627870000000" remote="131322627870000000" Dst="1" />
<file name="fdd000266.xml" server="c1vlptscms02.loc.gov//default/main/LC-PUB/LC-HOME/WORKAREA/kmur/htdocs/preservation/digital/formats/" local="131322627870000000" remote="131322627870000000" Dst="1" />
<file name="fdd000282.xml" server="c1vlptscms02.loc.gov//default/main/LC-PUB/LC-HOME/WORKAREA/kmur/htdocs/preservation/digital/formats/" local="131322627880000000" remote="131322627880000000" Dst="1" />
<file name="fdd000283.xml" server="c1vlptscms02.loc.gov//default/main/LC-PUB/LC-HOME/WORKAREA/kmur/htdocs/preservation/digital/formats/" local="131322627880000000" remote="131322627880000000" Dst="1" />
<file name="fdd000284.xml" server="c1vlptscms02.loc.gov//default/main/LC-PUB/LC-HOME/WORKAREA/kmur/htdocs/preservation/digital/formats/" local="131322627880000000" remote="131322627880000000" Dst="1" />
<file name="fdd000285.xml" server="c1vlptscms02.loc.gov//default/main/LC-PUB/LC-HOME/WORKAREA/kmur/htdocs/preservation/digital/formats/" local="131322627880000000" remote="131322627880000000" Dst="1" />
<file name="fdd000286.xml" server="c1vlptscms02.loc.gov//default/main/LC-PUB/LC-HOME/WORKAREA/kmur/htdocs/preservation/digital/formats/" local="131322627880000000" remote="131322627880000000" Dst="1" />
<file name="fdd000288.xml" server="c1vlptscms02.loc.gov//default/main/LC-PUB/LC-HOME/WORKAREA/kmur/htdocs/preservation/digital/formats/" local="131322627880000000" remote="131322627880000000" Dst="1" />
<file name="fdd000289.xml" server="c1vlptscms02.loc.gov//default/main/LC-PUB/LC-HOME/WORKAREA/kmur/htdocs/preservation/digital/formats/" local="131322627880000000" remote="131322627880000000" Dst="1" />
<file name="fdd000290.xml" server="c1vlptscms02.loc.gov//default/main/LC-PUB/LC-HOME/WORKAREA/kmur/htdocs/preservation/digital/formats/" local="131322627880000000" remote="131322627880000000" Dst="1" />
<file name="fdd000292.xml" server="c1vlptscms02.loc.gov//default/main/LC-PUB/LC-HOME/WORKAREA/kmur/htdocs/preservation/digital/formats/" local="131322627890000000" remote="131322627890000000" Dst="1" />
<file name="fdd000293.xml" server="c1vlptscms02.loc.gov//default/main/LC-PUB/LC-HOME/WORKAREA/kmur/htdocs/preservation/digital/formats/" local="131322627890000000" remote="131322627890000000" Dst="1" />
<file name="fdd000294.xml" server="c1vlptscms02.loc.gov//default/main/LC-PUB/LC-HOME/WORKAREA/kmur/htdocs/preservation/digital/formats/" local="131322627890000000" remote="131322627890000000" Dst="1" />
<file name="fdd000295.xml" server="c1vlptscms02.loc.gov//default/main/LC-PUB/LC-HOME/WORKAREA/kmur/htdocs/preservation/digital/formats/" local="131322627890000000" remote="131322627890000000" Dst="1" />
<file name="fdd000296.xml" server="c1vlptscms02.loc.gov//default/main/LC-PUB/LC-HOME/WORKAREA/kmur/htdocs/preservation/digital/formats/" local="132295295570000000" remote="132295295570000000" Dst="2" />
<file name="fdd000297.xml" server="c1vlptscms02.loc.gov//default/main/LC-PUB/LC-HOME/WORKAREA/kmur/htdocs/preservation/digital/formats/" local="131322627890000000" remote="131322627890000000" Dst="1" />
<file name="fdd000298.xml" server="c1vlptscms02.loc.gov//default/main/LC-PUB/LC-HOME/WORKAREA/kmur/htdocs/preservation/digital/formats/" local="131322627890000000" remote="131322627890000000" Dst="1" />
<file name="fdd000299.xml" server="c1vlptscms02.loc.gov//default/main/LC-PUB/LC-HOME/WORKAREA/kmur/htdocs/preservation/digital/formats/" local="131322627890000000" remote="131322627890000000" Dst="1" />
<file name="fdd000300.xml" server="c1vlptscms02.loc.gov//default/main/LC-PUB/LC-HOME/WORKAREA/kmur/htdocs/preservation/digital/formats/" local="131322627900000000" remote="131322627900000000" Dst="1" />
<file name="fdd000437.xml" server="c1vlptscms02.loc.gov//default/main/LC-PUB/LC-HOME/WORKAREA/kmur/htdocs/preservation/digital/formats/" local="131326809700000000" remote="131326809700000000" Dst="1" />
<file name="fdd000431.xml" server="c1vlptscms02.loc.gov//default/main/LC-PUB/LC-HOME/WORKAREA/kmur/htdocs/preservation/digital/formats/" local="131326809700000000" remote="131326809700000000" Dst="1" />
<file name="fdd000430.xml" server="c1vlptscms02.loc.gov//default/main/LC-PUB/LC-HOME/WORKAREA/kmur/htdocs/preservation/digital/formats/" local="131326809700000000" remote="131326809700000000" Dst="1" />
<file name="fdd000422.xml" server="c1vlptscms02.loc.gov//default/main/LC-PUB/LC-HOME/WORKAREA/kmur/htdocs/preservation/digital/formats/" local="131326809710000000" remote="131326809710000000" Dst="1" />
<file name="fdd000421.xml" server="c1vlptscms02.loc.gov//default/main/LC-PUB/LC-HOME/WORKAREA/kmur/htdocs/preservation/digital/formats/" local="131326809720000000" remote="131326809720000000" Dst="1" />
<file name="fdd000420.xml" server="c1vlptscms02.loc.gov//default/main/LC-PUB/LC-HOME/WORKAREA/kmur/htdocs/preservation/digital/formats/" local="131326809720000000" remote="131326809720000000" Dst="1" />
<file name="fdd000412.xml" server="c1vlptscms02.loc.gov//default/main/LC-PUB/LC-HOME/WORKAREA/kmur/htdocs/preservation/digital/formats/" local="131326809720000000" remote="131326809720000000" Dst="1" />
<file name="fdd000411.xml" server="c1vlptscms02.loc.gov//default/main/LC-PUB/LC-HOME/WORKAREA/kmur/htdocs/preservation/digital/formats/" local="131326809720000000" remote="131326809720000000" Dst="1" />
<file name="fdd000410.xml" server="c1vlptscms02.loc.gov//default/main/LC-PUB/LC-HOME/WORKAREA/kmur/htdocs/preservation/digital/formats/" local="131326809720000000" remote="131326809720000000" Dst="1" />
<file name="fdd000407.xml" server="c1vlptscms02.loc.gov//default/main/LC-PUB/LC-HOME/WORKAREA/kmur/htdocs/preservation/digital/formats/" local="131326809720000000" remote="131326809720000000" Dst="1" />
<file name="fdd000406.xml" server="c1vlptscms02.loc.gov//default/main/LC-PUB/LC-HOME/WORKAREA/kmur/htdocs/preservation/digital/formats/" local="131326809720000000" remote="131326809720000000" Dst="1" />
<file name="fdd000405.xml" server="c1vlptscms02.loc.gov//default/main/LC-PUB/LC-HOME/WORKAREA/kmur/htdocs/preservation/digital/formats/" local="131326809730000000" remote="131326809730000000" Dst="1" />
<file name="fdd000404.xml" server="c1vlptscms02.loc.gov//default/main/LC-PUB/LC-HOME/WORKAREA/kmur/htdocs/preservation/digital/formats/" local="131326809730000000" remote="131326809730000000" Dst="1" />
<file name="fdd000403.xml" server="c1vlptscms02.loc.gov//default/main/LC-PUB/LC-HOME/WORKAREA/kmur/htdocs/preservation/digital/formats/" local="131326809730000000" remote="131326809730000000" Dst="1" />
<file name="fdd000449.xml" server="c1vlptscms02.loc.gov//default/main/LC-PUB/LC-HOME/WORKAREA/kmur/htdocs/preservation/digital/formats/" local="131326809730000000" remote="131326809730000000" Dst="1" />
<file name="fdd000448.xml" server="c1vlptscms02.loc.gov//default/main/LC-PUB/LC-HOME/WORKAREA/kmur/htdocs/preservation/digital/formats/" local="131326809730000000" remote="131326809730000000" Dst="1" />
<file name="fdd000446.xml" server="c1vlptscms02.loc.gov//default/main/LC-PUB/LC-HOME/WORKAREA/kmur/htdocs/preservation/digital/formats/" local="131326809730000000" remote="131326809730000000" Dst="1" />
<file name="fdd000441.xml" server="c1vlptscms02.loc.gov//default/main/LC-PUB/LC-HOME/WORKAREA/kmur/htdocs/preservation/digital/formats/" local="131326809740000000" remote="131326809740000000" Dst="1" />
<file name="fdd000440.xml" server="c1vlptscms02.loc.gov//default/main/LC-PUB/LC-HOME/WORKAREA/kmur/htdocs/preservation/digital/formats/" local="131326809740000000" remote="131326809740000000" Dst="1" />
<file name="fdd000376.xml" server="c1vlptscms02.loc.gov//default/main/LC-PUB/LC-HOME/WORKAREA/kmur/htdocs/preservation/digital/formats/" local="131326809740000000" remote="131326809740000000" Dst="1" />
<file name="fdd000375.xml" server="c1vlptscms02.loc.gov//default/main/LC-PUB/LC-HOME/WORKAREA/kmur/htdocs/preservation/digital/formats/" local="131326809740000000" remote="131326809740000000" Dst="1" />
<file name="fdd000374.xml" server="c1vlptscms02.loc.gov//default/main/LC-PUB/LC-HOME/WORKAREA/kmur/htdocs/preservation/digital/formats/" local="131326809740000000" remote="131326809740000000" Dst="1" />
<file name="fdd000373.xml" server="c1vlptscms02.loc.gov//default/main/LC-PUB/LC-HOME/WORKAREA/kmur/htdocs/preservation/digital/formats/" local="131326809740000000" remote="131326809740000000" Dst="1" />
<file name="fdd000372.xml" server="c1vlptscms02.loc.gov//default/main/LC-PUB/LC-HOME/WORKAREA/kmur/htdocs/preservation/digital/formats/" local="131326809740000000" remote="131326809740000000" Dst="1" />
<file name="fdd000371.xml" server="c1vlptscms02.loc.gov//default/main/LC-PUB/LC-HOME/WORKAREA/kmur/htdocs/preservation/digital/formats/" local="131326809740000000" remote="131326809740000000" Dst="1" />
<file name="fdd000370.xml" server="c1vlptscms02.loc.gov//default/main/LC-PUB/LC-HOME/WORKAREA/kmur/htdocs/preservation/digital/formats/" local="131326809740000000" remote="131326809740000000" Dst="1" />
<file name="fdd000369.xml" server="c1vlptscms02.loc.gov//default/main/LC-PUB/LC-HOME/WORKAREA/kmur/htdocs/preservation/digital/formats/" local="131326809740000000" remote="131326809740000000" Dst="1" />
<file name="fdd000394.xml" server="c1vlptscms02.loc.gov//default/main/LC-PUB/LC-HOME/WORKAREA/kmur/htdocs/preservation/digital/formats/" local="131326809750000000" remote="131326809750000000" Dst="1" />
<file name="fdd000390.xml" server="c1vlptscms02.loc.gov//default/main/LC-PUB/LC-HOME/WORKAREA/kmur/htdocs/preservation/digital/formats/" local="131326809750000000" remote="131326809750000000" Dst="1" />
<file name="fdd000382.xml" server="c1vlptscms02.loc.gov//default/main/LC-PUB/LC-HOME/WORKAREA/kmur/htdocs/preservation/digital/formats/" local="131326809760000000" remote="131326809760000000" Dst="1" />
<file name="fdd000367.xml" server="c1vlptscms02.loc.gov//default/main/LC-PUB/LC-HOME/WORKAREA/kmur/htdocs/preservation/digital/formats/" local="131326809760000000" remote="131326809760000000" Dst="1" />
<file name="fdd000366.xml" server="c1vlptscms02.loc.gov//default/main/LC-PUB/LC-HOME/WORKAREA/kmur/htdocs/preservation/digital/formats/" local="131326809760000000" remote="131326809760000000" Dst="1" />
<file name="fdd000362.xml" server="c1vlptscms02.loc.gov//default/main/LC-PUB/LC-HOME/WORKAREA/kmur/htdocs/preservation/digital/formats/" local="131326809760000000" remote="131326809760000000" Dst="1" />
<file name="fdd000361.xml" server="c1vlptscms02.loc.gov//default/main/LC-PUB/LC-HOME/WORKAREA/kmur/htdocs/preservation/digital/formats/" local="131326809770000000" remote="131326809770000000" Dst="1" />
<file name="fdd000359.xml" server="c1vlptscms02.loc.gov//default/main/LC-PUB/LC-HOME/WORKAREA/kmur/htdocs/preservation/digital/formats/" local="131326809770000000" remote="131326809770000000" Dst="1" />
<file name="fdd000355.xml" server="c1vlptscms02.loc.gov//default/main/LC-PUB/LC-HOME/WORKAREA/kmur/htdocs/preservation/digital/formats/" local="132261487140000000" remote="132261487140000000" Dst="1" />
<file name="fdd000346.xml" server="c1vlptscms02.loc.gov//default/main/LC-PUB/LC-HOME/WORKAREA/kmur/htdocs/preservation/digital/formats/" local="131326809770000000" remote="131326809770000000" Dst="1" />
<file name="fdd000345.xml" server="c1vlptscms02.loc.gov//default/main/LC-PUB/LC-HOME/WORKAREA/kmur/htdocs/preservation/digital/formats/" local="131326809780000000" remote="131326809780000000" Dst="1" />
<file name="fdd000344.xml" server="c1vlptscms02.loc.gov//default/main/LC-PUB/LC-HOME/WORKAREA/kmur/htdocs/preservation/digital/formats/" local="131326809780000000" remote="131326809780000000" Dst="1" />
<file name="fdd000343.xml" server="c1vlptscms02.loc.gov//default/main/LC-PUB/LC-HOME/WORKAREA/kmur/htdocs/preservation/digital/formats/" local="131326809780000000" remote="131326809780000000" Dst="1" />
<file name="fdd000341.xml" server="c1vlptscms02.loc.gov//default/main/LC-PUB/LC-HOME/WORKAREA/kmur/htdocs/preservation/digital/formats/" local="131326809780000000" remote="131326809780000000" Dst="1" />
<file name="fdd000339.xml" server="c1vlptscms02.loc.gov//default/main/LC-PUB/LC-HOME/WORKAREA/kmur/htdocs/preservation/digital/formats/" local="131326809780000000" remote="131326809780000000" Dst="1" />
<file name="fdd000338.xml" server="c1vlptscms02.loc.gov//default/main/LC-PUB/LC-HOME/WORKAREA/kmur/htdocs/preservation/digital/formats/" local="131326809780000000" remote="131326809780000000" Dst="1" />
<file name="fdd000337.xml" server="c1vlptscms02.loc.gov//default/main/LC-PUB/LC-HOME/WORKAREA/kmur/htdocs/preservation/digital/formats/" local="131326809780000000" remote="131326809780000000" Dst="1" />
<file name="fdd000336.xml" server="c1vlptscms02.loc.gov//default/main/LC-PUB/LC-HOME/WORKAREA/kmur/htdocs/preservation/digital/formats/" local="131326809780000000" remote="131326809780000000" Dst="1" />
<file name="fdd000335.xml" server="c1vlptscms02.loc.gov//default/main/LC-PUB/LC-HOME/WORKAREA/kmur/htdocs/preservation/digital/formats/" local="131326809780000000" remote="131326809780000000" Dst="1" />
<file name="fdd000334.xml" server="c1vlptscms02.loc.gov//default/main/LC-PUB/LC-HOME/WORKAREA/kmur/htdocs/preservation/digital/formats/" local="131326809790000000" remote="131326809790000000" Dst="1" />
<file name="fdd000333.xml" server="c1vlptscms02.loc.gov//default/main/LC-PUB/LC-HOME/WORKAREA/kmur/htdocs/preservation/digital/formats/" local="131326809790000000" remote="131326809790000000" Dst="1" />
<file name="fdd000329.xml" server="c1vlptscms02.loc.gov//default/main/LC-PUB/LC-HOME/WORKAREA/kmur/htdocs/preservation/digital/formats/" local="131326809790000000" remote="131326809790000000" Dst="1" />
<file name="fdd000328.xml" server="c1vlptscms02.loc.gov//default/main/LC-PUB/LC-HOME/WORKAREA/kmur/htdocs/preservation/digital/formats/" local="131326809790000000" remote="131326809790000000" Dst="1" />
<file name="fdd000327.xml" server="c1vlptscms02.loc.gov//default/main/LC-PUB/LC-HOME/WORKAREA/kmur/htdocs/preservation/digital/formats/" local="131326809790000000" remote="131326809790000000" Dst="1" />
<file name="fdd000326.xml" server="c1vlptscms02.loc.gov//default/main/LC-PUB/LC-HOME/WORKAREA/kmur/htdocs/preservation/digital/formats/" local="131326809790000000" remote="131326809790000000" Dst="1" />
<file name="fdd000325.xml" server="c1vlptscms02.loc.gov//default/main/LC-PUB/LC-HOME/WORKAREA/kmur/htdocs/preservation/digital/formats/" local="131326809790000000" remote="131326809790000000" Dst="1" />
<file name="fdd000324.xml" server="c1vlptscms02.loc.gov//default/main/LC-PUB/LC-HOME/WORKAREA/kmur/htdocs/preservation/digital/formats/" local="131326809790000000" remote="131326809790000000" Dst="1" />
<file name="fdd000307.xml" server="c1vlptscms02.loc.gov//default/main/LC-PUB/LC-HOME/WORKAREA/kmur/htdocs/preservation/digital/formats/" local="131326809810000000" remote="131326809810000000" Dst="1" />
<file name="fdd000305.xml" server="c1vlptscms02.loc.gov//default/main/LC-PUB/LC-HOME/WORKAREA/kmur/htdocs/preservation/digital/formats/" local="131326809810000000" remote="131326809810000000" Dst="1" />
<file name="fdd000304.xml" server="c1vlptscms02.loc.gov//default/main/LC-PUB/LC-HOME/WORKAREA/kmur/htdocs/preservation/digital/formats/" local="131326809810000000" remote="131326809810000000" Dst="1" />
<file name="fdd000303.xml" server="c1vlptscms02.loc.gov//default/main/LC-PUB/LC-HOME/WORKAREA/kmur/htdocs/preservation/digital/formats/" local="132295295570000000" remote="132295295570000000" Dst="2" />
<file name="fdd000302.xml" server="c1vlptscms02.loc.gov//default/main/LC-PUB/LC-HOME/WORKAREA/kmur/htdocs/preservation/digital/formats/" local="131326809810000000" remote="131326809810000000" Dst="1" />
<file name="fdd000301.xml" server="c1vlptscms02.loc.gov//default/main/LC-PUB/LC-HOME/WORKAREA/kmur/htdocs/preservation/digital/formats/" local="131326809820000000" remote="131326809820000000" Dst="1" />
<file name="fdd000349.xml" server="c1vlptscms02.loc.gov//default/main/LC-PUB/LC-HOME/WORKAREA/kmur/htdocs/preservation/digital/formats/" local="131326809820000000" remote="131326809820000000" Dst="1" />
<file name="fdd000348.xml" server="c1vlptscms02.loc.gov//default/main/LC-PUB/LC-HOME/WORKAREA/kmur/htdocs/preservation/digital/formats/" local="131326809820000000" remote="131326809820000000" Dst="1" />
<file name="fdd000347.xml" server="c1vlptscms02.loc.gov//default/main/LC-PUB/LC-HOME/WORKAREA/kmur/htdocs/preservation/digital/formats/" local="131326809820000000" remote="131326809820000000" Dst="1" />
<file name="fdd000193.xml" server="c1vlptscms02.loc.gov//default/main/LC-PUB/LC-HOME/WORKAREA/kmur/htdocs/preservation/digital/formats/" local="131327596490000000" remote="131327596490000000" Dst="1" />
<file name="fdd000055.xml" server="c1vlptscms02.loc.gov//default/main/LC-PUB/LC-HOME/WORKAREA/kmur/htdocs/preservation/digital/formats/" local="131327596490000000" remote="131327596490000000" Dst="1" />
<file name="fdd000011.xml" server="c1vlptscms02.loc.gov//default/main/LC-PUB/LC-HOME/WORKAREA/kmur/htdocs/preservation/digital/formats/" local="131327596490000000" remote="131327596490000000" Dst="1" />
<file name="fdd000312.xml" server="c1vlptscms02.loc.gov//default/main/LC-PUB/LC-HOME/WORKAREA/kmur/htdocs/preservation/digital/formats/" local="131327829420000000" remote="131327829420000000" Dst="1" />
<file name="fdd000247.xml" server="c1vlptscms02.loc.gov//default/main/LC-PUB/LC-HOME/WORKAREA/kmur/htdocs/preservation/digital/formats/" local="131327829420000000" remote="131327829420000000" Dst="1" />
<file name="fdd000245.xml" server="c1vlptscms02.loc.gov//default/main/LC-PUB/LC-HOME/WORKAREA/kmur/htdocs/preservation/digital/formats/" local="131327829420000000" remote="131327829420000000" Dst="1" />
<file name="fdd000235.xml" server="c1vlptscms02.loc.gov//default/main/LC-PUB/LC-HOME/WORKAREA/kmur/htdocs/preservation/digital/formats/" local="131327829420000000" remote="131327829420000000" Dst="1" />
<file name="fdd000425.xml" server="c1vlptscms02.loc.gov//default/main/LC-PUB/LC-HOME/WORKAREA/kmur/htdocs/preservation/digital/formats/" local="131327829440000000" remote="131327829440000000" Dst="1" />
<file name="fdd000424.xml" server="c1vlptscms02.loc.gov//default/main/LC-PUB/LC-HOME/WORKAREA/kmur/htdocs/preservation/digital/formats/" local="131327829440000000" remote="131327829440000000" Dst="1" />
<file name="fdd000241.xml" server="c1vlptscms02.loc.gov//default/main/LC-PUB/LC-HOME/WORKAREA/kmur/htdocs/preservation/digital/formats/" local="131328605360000000" remote="131328605360000000" Dst="1" />
<file name="fdd000133.xml" server="c1vlptscms02.loc.gov//default/main/LC-PUB/LC-HOME/WORKAREA/kmur/htdocs/preservation/digital/formats/" local="131328605360000000" remote="131328605360000000" Dst="1" />
<file name="fddXMLreadme.txt" server="c1vlptscms02.loc.gov//default/main/LC-PUB/LC-HOME/WORKAREA/kmur/htdocs/preservation/digital/formats/" local="131329520060000000" remote="131329520060000000" Dst="1" />
<file name="fdd000175.xml" server="c1vlptscms02.loc.gov//default/main/LC-PUB/LC-HOME/WORKAREA/kmur/htdocs/preservation/digital/formats/" local="131337347490000000" remote="131337347490000000" Dst="1" />
<file name="fdd000453.xml" server="c1vlptscms02.loc.gov//default/main/LC-PUB/LC-HOME/WORKAREA/kmur/htdocs/preservation/digital/formats/" local="131341656990000000" remote="131341656990000000" Dst="1" />
<file name="fdd000451.xml" server="c1vlptscms02.loc.gov//default/main/LC-PUB/LC-HOME/WORKAREA/kmur/htdocs/preservation/digital/formats/" local="132295295560000000" remote="132295295560000000" Dst="2" />
<file name="fdd000452.xml" server="c1vlptscms02.loc.gov//default/main/LC-PUB/LC-HOME/WORKAREA/kmur/htdocs/preservation/digital/formats/" local="131341701010000000" remote="131341701010000000" Dst="1" />
<file name="fdd000174.xml" server="c1vlptscms02.loc.gov//default/main/LC-PUB/LC-HOME/WORKAREA/kmur/htdocs/preservation/digital/formats/" local="131341701020000000" remote="131341701020000000" Dst="1" />
<file name="fdd000432.xml" server="c1vlptscms02.loc.gov//default/main/LC-PUB/LC-HOME/WORKAREA/kmur/htdocs/preservation/digital/formats/" local="131353664110000000" remote="131353664110000000" Dst="1" />
<file name="fdd000419.xml" server="c1vlptscms02.loc.gov//default/main/LC-PUB/LC-HOME/WORKAREA/kmur/htdocs/preservation/digital/formats/" local="132295295560000000" remote="132295295560000000" Dst="2" />
<file name="fdd000332.xml" server="c1vlptscms02.loc.gov//default/main/LC-PUB/LC-HOME/WORKAREA/kmur/htdocs/preservation/digital/formats/" local="131363907360000000" remote="131363907360000000" Dst="1" />
<file name="fdd000232.xml" server="c1vlptscms02.loc.gov//default/main/LC-PUB/LC-HOME/WORKAREA/kmur/htdocs/preservation/digital/formats/" local="131363907360000000" remote="131363907360000000" Dst="1" />
<file name="fdd000014.xml" server="c1vlptscms02.loc.gov//default/main/LC-PUB/LC-HOME/WORKAREA/kmur/htdocs/preservation/digital/formats/" local="131363907360000000" remote="131363907360000000" Dst="1" />
<file name="fdd000467.xml" server="c1vlptscms02.loc.gov//default/main/LC-PUB/LC-HOME/WORKAREA/kmur/htdocs/preservation/digital/formats/" local="131400177230000000" remote="131400177230000000" Dst="1" />
<file name="fdd000466.xml" server="c1vlptscms02.loc.gov//default/main/LC-PUB/LC-HOME/WORKAREA/kmur/htdocs/preservation/digital/formats/" local="131400177240000000" remote="131400177240000000" Dst="1" />
<file name="fdd000464.xml" server="c1vlptscms02.loc.gov//default/main/LC-PUB/LC-HOME/WORKAREA/kmur/htdocs/preservation/digital/formats/" local="131401064420000000" remote="131401064420000000" Dst="1" />
<file name="fdd000463.xml" server="c1vlptscms02.loc.gov//default/main/LC-PUB/LC-HOME/WORKAREA/kmur/htdocs/preservation/digital/formats/" local="131412190920000000" remote="131412190920000000" Dst="1" />
<file name="fdd000468.xml" server="c1vlptscms02.loc.gov//default/main/LC-PUB/LC-HOME/WORKAREA/kmur/htdocs/preservation/digital/formats/" local="131413139180000000" remote="131413139180000000" Dst="1" />
<file name="fdd000470.xml" server="c1vlptscms02.loc.gov//default/main/LC-PUB/LC-HOME/WORKAREA/kmur/htdocs/preservation/digital/formats/" local="131417951340000000" remote="131417951340000000" Dst="1" />
<file name="fdd000471.xml" server="c1vlptscms02.loc.gov//default/main/LC-PUB/LC-HOME/WORKAREA/kmur/htdocs/preservation/digital/formats/" local="131419377310000000" remote="131419377310000000" Dst="1" />
<file name="fdd000460.xml" server="c1vlptscms02.loc.gov//default/main/LC-PUB/LC-HOME/WORKAREA/kmur/htdocs/preservation/digital/formats/" local="131442572950000000" remote="131442572950000000" Dst="1" />
<file name="fdd000457.xml" server="c1vlptscms02.loc.gov//default/main/LC-PUB/LC-HOME/WORKAREA/kmur/htdocs/preservation/digital/formats/" local="131442572950000000" remote="131442572950000000" Dst="1" />
<file name="fdd000436.xml" server="c1vlptscms02.loc.gov//default/main/LC-PUB/LC-HOME/WORKAREA/kmur/htdocs/preservation/digital/formats/" local="131456437260000000" remote="131456437260000000" Dst="1" />
<file name="fdd000429.xml" server="c1vlptscms02.loc.gov//default/main/LC-PUB/LC-HOME/WORKAREA/kmur/htdocs/preservation/digital/formats/" local="131456437260000000" remote="131456437260000000" Dst="1" />
<file name="fdd000409.xml" server="c1vlptscms02.loc.gov//default/main/LC-PUB/LC-HOME/WORKAREA/kmur/htdocs/preservation/digital/formats/" local="131456437270000000" remote="131456437270000000" Dst="1" />
<file name="fdd000408.xml" server="c1vlptscms02.loc.gov//default/main/LC-PUB/LC-HOME/WORKAREA/kmur/htdocs/preservation/digital/formats/" local="131456437270000000" remote="131456437270000000" Dst="1" />
<file name="fdd000469.xml" server="c1vlptscms02.loc.gov//default/main/LC-PUB/LC-HOME/WORKAREA/kmur/htdocs/preservation/digital/formats/" local="131456437270000000" remote="131456437270000000" Dst="1" />
<file name="fdd000462.xml" server="c1vlptscms02.loc.gov//default/main/LC-PUB/LC-HOME/WORKAREA/kmur/htdocs/preservation/digital/formats/" local="131456437280000000" remote="131456437280000000" Dst="1" />
<file name="fdd000461.xml" server="c1vlptscms02.loc.gov//default/main/LC-PUB/LC-HOME/WORKAREA/kmur/htdocs/preservation/digital/formats/" local="131456437280000000" remote="131456437280000000" Dst="1" />
<file name="fdd000439.xml" server="c1vlptscms02.loc.gov//default/main/LC-PUB/LC-HOME/WORKAREA/kmur/htdocs/preservation/digital/formats/" local="131456437280000000" remote="131456437280000000" Dst="1" />
<file name="fdd000438.xml" server="c1vlptscms02.loc.gov//default/main/LC-PUB/LC-HOME/WORKAREA/kmur/htdocs/preservation/digital/formats/" local="131456437280000000" remote="131456437280000000" Dst="1" />
<file name="fdd000399.xml" server="c1vlptscms02.loc.gov//default/main/LC-PUB/LC-HOME/WORKAREA/kmur/htdocs/preservation/digital/formats/" local="132254104300000000" remote="132254104300000000" Dst="1" />
<file name="fdd000395.xml" server="c1vlptscms02.loc.gov//default/main/LC-PUB/LC-HOME/WORKAREA/kmur/htdocs/preservation/digital/formats/" local="132211474120000000" remote="132211474120000000" Dst="1" />
<file name="fdd000389.xml" server="c1vlptscms02.loc.gov//default/main/LC-PUB/LC-HOME/WORKAREA/kmur/htdocs/preservation/digital/formats/" local="131456437290000000" remote="131456437290000000" Dst="1" />
<file name="fdd000381.xml" server="c1vlptscms02.loc.gov//default/main/LC-PUB/LC-HOME/WORKAREA/kmur/htdocs/preservation/digital/formats/" local="131456437300000000" remote="131456437300000000" Dst="1" />
<file name="fdd000357.xml" server="c1vlptscms02.loc.gov//default/main/LC-PUB/LC-HOME/WORKAREA/kmur/htdocs/preservation/digital/formats/" local="131456437300000000" remote="131456437300000000" Dst="1" />
<file name="fdd000356.xml" server="c1vlptscms02.loc.gov//default/main/LC-PUB/LC-HOME/WORKAREA/kmur/htdocs/preservation/digital/formats/" local="131456437300000000" remote="131456437300000000" Dst="1" />
<file name="fdd000354.xml" server="c1vlptscms02.loc.gov//default/main/LC-PUB/LC-HOME/WORKAREA/kmur/htdocs/preservation/digital/formats/" local="131456437300000000" remote="131456437300000000" Dst="1" />
<file name="fdd000342.xml" server="c1vlptscms02.loc.gov//default/main/LC-PUB/LC-HOME/WORKAREA/kmur/htdocs/preservation/digital/formats/" local="131456437300000000" remote="131456437300000000" Dst="1" />
<file name="fdd000340.xml" server="c1vlptscms02.loc.gov//default/main/LC-PUB/LC-HOME/WORKAREA/kmur/htdocs/preservation/digital/formats/" local="131456437300000000" remote="131456437300000000" Dst="1" />
<file name="fdd000330.xml" server="c1vlptscms02.loc.gov//default/main/LC-PUB/LC-HOME/WORKAREA/kmur/htdocs/preservation/digital/formats/" local="131456437310000000" remote="131456437310000000" Dst="1" />
<file name="fdd000323.xml" server="c1vlptscms02.loc.gov//default/main/LC-PUB/LC-HOME/WORKAREA/kmur/htdocs/preservation/digital/formats/" local="131456437310000000" remote="131456437310000000" Dst="1" />
<file name="fdd000291.xml" server="c1vlptscms02.loc.gov//default/main/LC-PUB/LC-HOME/WORKAREA/kmur/htdocs/preservation/digital/formats/" local="131456437310000000" remote="131456437310000000" Dst="1" />
<file name="fdd000287.xml" server="c1vlptscms02.loc.gov//default/main/LC-PUB/LC-HOME/WORKAREA/kmur/htdocs/preservation/digital/formats/" local="131456437310000000" remote="131456437310000000" Dst="1" />
<file name="fdd000281.xml" server="c1vlptscms02.loc.gov//default/main/LC-PUB/LC-HOME/WORKAREA/kmur/htdocs/preservation/digital/formats/" local="131456437310000000" remote="131456437310000000" Dst="1" />
<file name="fdd000280.xml" server="c1vlptscms02.loc.gov//default/main/LC-PUB/LC-HOME/WORKAREA/kmur/htdocs/preservation/digital/formats/" local="131456437310000000" remote="131456437310000000" Dst="1" />
<file name="fdd000154.xml" server="c1vlptscms02.loc.gov//default/main/LC-PUB/LC-HOME/WORKAREA/kmur/htdocs/preservation/digital/formats/" local="131456437320000000" remote="131456437320000000" Dst="1" />
<file name="fdd000153.xml" server="c1vlptscms02.loc.gov//default/main/LC-PUB/LC-HOME/WORKAREA/kmur/htdocs/preservation/digital/formats/" local="132283237240000000" remote="132283237240000000" Dst="2" />
<file name="fdd000149.xml" server="c1vlptscms02.loc.gov//default/main/LC-PUB/LC-HOME/WORKAREA/kmur/htdocs/preservation/digital/formats/" local="131456437320000000" remote="131456437320000000" Dst="1" />
<file name="fdd000146.xml" server="c1vlptscms02.loc.gov//default/main/LC-PUB/LC-HOME/WORKAREA/kmur/htdocs/preservation/digital/formats/" local="131456437320000000" remote="131456437320000000" Dst="1" />
<file name="fdd000144.xml" server="c1vlptscms02.loc.gov//default/main/LC-PUB/LC-HOME/WORKAREA/kmur/htdocs/preservation/digital/formats/" local="131456437320000000" remote="131456437320000000" Dst="1" />
<file name="fdd000143.xml" server="c1vlptscms02.loc.gov//default/main/LC-PUB/LC-HOME/WORKAREA/kmur/htdocs/preservation/digital/formats/" local="131456437320000000" remote="131456437320000000" Dst="1" />
<file name="fdd000127.xml" server="c1vlptscms02.loc.gov//default/main/LC-PUB/LC-HOME/WORKAREA/kmur/htdocs/preservation/digital/formats/" local="131456437330000000" remote="131456437330000000" Dst="1" />
<file name="fdd000076.xml" server="c1vlptscms02.loc.gov//default/main/LC-PUB/LC-HOME/WORKAREA/kmur/htdocs/preservation/digital/formats/" local="131456437330000000" remote="131456437330000000" Dst="1" />
<file name="fdd000059.xml" server="c1vlptscms02.loc.gov//default/main/LC-PUB/LC-HOME/WORKAREA/kmur/htdocs/preservation/digital/formats/" local="131456437330000000" remote="131456437330000000" Dst="1" />
<file name="fdd000043.xml" server="c1vlptscms02.loc.gov//default/main/LC-PUB/LC-HOME/WORKAREA/kmur/htdocs/preservation/digital/formats/" local="132315407100000000" remote="132315407100000000" Dst="2" />
<file name="fdd000442.xml" server="c1vlptscms02.loc.gov//default/main/LC-PUB/LC-HOME/WORKAREA/kmur/htdocs/preservation/digital/formats/" local="131456437330000000" remote="131456437330000000" Dst="1" />
<file name="fdd000189.xml" server="c1vlptscms02.loc.gov//default/main/LC-PUB/LC-HOME/WORKAREA/kmur/htdocs/preservation/digital/formats/" local="131456437330000000" remote="131456437330000000" Dst="1" />
<file name="fdd000188.xml" server="c1vlptscms02.loc.gov//default/main/LC-PUB/LC-HOME/WORKAREA/kmur/htdocs/preservation/digital/formats/" local="131456437330000000" remote="131456437330000000" Dst="1" />
<file name="fdd000184.xml" server="c1vlptscms02.loc.gov//default/main/LC-PUB/LC-HOME/WORKAREA/kmur/htdocs/preservation/digital/formats/" local="132295295580000000" remote="132295295580000000" Dst="2" />
<file name="fdd000037.xml" server="c1vlptscms02.loc.gov//default/main/LC-PUB/LC-HOME/WORKAREA/kmur/htdocs/preservation/digital/formats/" local="131456437330000000" remote="131456437330000000" Dst="1" />
<file name="fdd000035.xml" server="c1vlptscms02.loc.gov//default/main/LC-PUB/LC-HOME/WORKAREA/kmur/htdocs/preservation/digital/formats/" local="131456437330000000" remote="131456437330000000" Dst="1" />
<file name="fdd000031.xml" server="c1vlptscms02.loc.gov//default/main/LC-PUB/LC-HOME/WORKAREA/kmur/htdocs/preservation/digital/formats/" local="132288370780000000" remote="132288370780000000" Dst="2" />
<file name="fdd000027.xml" server="c1vlptscms02.loc.gov//default/main/LC-PUB/LC-HOME/WORKAREA/kmur/htdocs/preservation/digital/formats/" local="132272881790000000" remote="132272884710000000" Dst="1" />
<file name="fdd000020.xml" server="c1vlptscms02.loc.gov//default/main/LC-PUB/LC-HOME/WORKAREA/kmur/htdocs/preservation/digital/formats/" local="132315407140000000" remote="132315407140000000" Dst="2" />
<file name="fdd000019.xml" server="c1vlptscms02.loc.gov//default/main/LC-PUB/LC-HOME/WORKAREA/kmur/htdocs/preservation/digital/formats/" local="131456437340000000" remote="131456437340000000" Dst="1" />
<file name="fdd000012.xml" server="c1vlptscms02.loc.gov//default/main/LC-PUB/LC-HOME/WORKAREA/kmur/htdocs/preservation/digital/formats/" local="131456437340000000" remote="131456437340000000" Dst="1" />
<file name="fdd000005.xml" server="c1vlptscms02.loc.gov//default/main/LC-PUB/LC-HOME/WORKAREA/kmur/htdocs/preservation/digital/formats/" local="131456437340000000" remote="131456437340000000" Dst="1" />
<file name="fdd000001.xml" server="c1vlptscms02.loc.gov//default/main/LC-PUB/LC-HOME/WORKAREA/kmur/htdocs/preservation/digital/formats/" local="132283246130000000" remote="132283246130000000" Dst="2" />
<file name="fdd000418.xml" server="c1vlptscms02.loc.gov//default/main/LC-PUB/LC-HOME/WORKAREA/kmur/htdocs/preservation/digital/formats/" local="132254107940000000" remote="132254107940000000" Dst="1" />
<file name="fdd000178.xml" server="c1vlptscms02.loc.gov//default/main/LC-PUB/LC-HOME/WORKAREA/kmur/htdocs/preservation/digital/formats/" local="131472111090000000" remote="131472111090000000" Dst="1" />
<file name="fdd000200.xml" server="c1vlptscms02.loc.gov//default/main/LC-PUB/LC-HOME/WORKAREA/kmur/htdocs/preservation/digital/formats/" local="131481705320000000" remote="131481705320000000" Dst="1" />
<file name="fdd000459.xml" server="c1vlptscms02.loc.gov//default/main/LC-PUB/LC-HOME/WORKAREA/kmur/htdocs/preservation/digital/formats/" local="131539374660000000" remote="131539374660000000" Dst="1" />
<file name="fdd000450.xml" server="c1vlptscms02.loc.gov//default/main/LC-PUB/LC-HOME/WORKAREA/kmur/htdocs/preservation/digital/formats/" local="131539374660000000" remote="131539374660000000" Dst="1" />
<file name="fdd000473.xml" server="c1vlptscms02.loc.gov//default/main/LC-PUB/LC-HOME/WORKAREA/kmur/htdocs/preservation/digital/formats/" local="131582792840000000" remote="131582792840000000" Dst="1" />
<file name="fdd000413.xml" server="c1vlptscms02.loc.gov//default/main/LC-PUB/LC-HOME/WORKAREA/kmur/htdocs/preservation/digital/formats/" local="131624931760000000" remote="131624931760000000" Dst="1" />
<file name="fdd000275.xml" server="c1vlptscms02.loc.gov//default/main/LC-PUB/LC-HOME/WORKAREA/kmur/htdocs/preservation/digital/formats/" local="131624931760000000" remote="131624931760000000" Dst="1" />
<file name="fdd000067.xml" server="c1vlptscms02.loc.gov//default/main/LC-PUB/LC-HOME/WORKAREA/kmur/htdocs/preservation/digital/formats/" local="131630087660000000" remote="131630087660000000" Dst="1" />
<file name="fdd000026.xml" server="c1vlptscms02.loc.gov//default/main/LC-PUB/LC-HOME/WORKAREA/kmur/htdocs/preservation/digital/formats/" local="131644736880000000" remote="131644736880000000" Dst="1" />
<file name="fdd000445.xml" server="c1vlptscms02.loc.gov//default/main/LC-PUB/LC-HOME/WORKAREA/kmur/htdocs/preservation/digital/formats/" local="132246229340000000" remote="132246229340000000" Dst="1" />
<file name="fdd000482.xml" server="c1vlptscms02.loc.gov//default/main/LC-PUB/LC-HOME/WORKAREA/kmur/htdocs/preservation/digital/formats/" local="131667588450000000" remote="131667588450000000" Dst="1" />
<file name="fdd000435.xml" server="c1vlptscms02.loc.gov//default/main/LC-PUB/LC-HOME/WORKAREA/kmur/htdocs/preservation/digital/formats/" local="131675022920000000" remote="131675022920000000" Dst="1" />
<file name="fdd000387.xml" server="c1vlptscms02.loc.gov//default/main/LC-PUB/LC-HOME/WORKAREA/kmur/htdocs/preservation/digital/formats/" local="131711349030000000" remote="131711349030000000" Dst="1" />
<file name="fdd000386.xml" server="c1vlptscms02.loc.gov//default/main/LC-PUB/LC-HOME/WORKAREA/kmur/htdocs/preservation/digital/formats/" local="131711349040000000" remote="131711349040000000" Dst="1" />
<file name="fdd000385.xml" server="c1vlptscms02.loc.gov//default/main/LC-PUB/LC-HOME/WORKAREA/kmur/htdocs/preservation/digital/formats/" local="131711349040000000" remote="131711349040000000" Dst="1" />
<file name="fdd000384.xml" server="c1vlptscms02.loc.gov//default/main/LC-PUB/LC-HOME/WORKAREA/kmur/htdocs/preservation/digital/formats/" local="131711349040000000" remote="131711349040000000" Dst="1" />
<file name="fdd000391.xml" server="c1vlptscms02.loc.gov//default/main/LC-PUB/LC-HOME/WORKAREA/kmur/htdocs/preservation/digital/formats/" local="131711349050000000" remote="131711349050000000" Dst="1" />
<file name="fdd000433.xml" server="c1vlptscms02.loc.gov//default/main/LC-PUB/LC-HOME/WORKAREA/kmur/htdocs/preservation/digital/formats/" local="132288370770000000" remote="132288370770000000" Dst="2" />
<file name="fdd000393.xml" server="c1vlptscms02.loc.gov//default/main/LC-PUB/LC-HOME/WORKAREA/kmur/htdocs/preservation/digital/formats/" local="131711349050000000" remote="131711349050000000" Dst="1" />
<file name="fdd000378.xml" server="c1vlptscms02.loc.gov//default/main/LC-PUB/LC-HOME/WORKAREA/kmur/htdocs/preservation/digital/formats/" local="131714058080000000" remote="131714058080000000" Dst="1" />
<file name="fdd000377.xml" server="c1vlptscms02.loc.gov//default/main/LC-PUB/LC-HOME/WORKAREA/kmur/htdocs/preservation/digital/formats/" local="131714058080000000" remote="131714058080000000" Dst="1" />
<file name="fdd000075.xml" server="c1vlptscms02.loc.gov//default/main/LC-PUB/LC-HOME/WORKAREA/kmur/htdocs/preservation/digital/formats/" local="131715759630000000" remote="131715759630000000" Dst="1" />
<file name="fdd000256.xml" server="c1vlptscms02.loc.gov//default/main/LC-PUB/LC-HOME/WORKAREA/kmur/htdocs/preservation/digital/formats/" local="131718603820000000" remote="131718603820000000" Dst="1" />
<file name="fdd000052.xml" server="c1vlptscms02.loc.gov//default/main/LC-PUB/LC-HOME/WORKAREA/kmur/htdocs/preservation/digital/formats/" local="131722469360000000" remote="131722469360000000" Dst="1" />
<file name="fdd000388.xml" server="c1vlptscms02.loc.gov//default/main/LC-PUB/LC-HOME/WORKAREA/kmur/htdocs/preservation/digital/formats/" local="132295295570000000" remote="132295295570000000" Dst="2" />
<file name="fdd000308.xml" server="c1vlptscms02.loc.gov//default/main/LC-PUB/LC-HOME/WORKAREA/kmur/htdocs/preservation/digital/formats/" local="131738191660000000" remote="131738191660000000" Dst="1" />
<file name="fdd000278.xml" server="c1vlptscms02.loc.gov//default/main/LC-PUB/LC-HOME/WORKAREA/kmur/htdocs/preservation/digital/formats/" local="132284272260000000" remote="132284273770000000" Dst="2" />
<file name="fdd000246.xml" server="c1vlptscms02.loc.gov//default/main/LC-PUB/LC-HOME/WORKAREA/kmur/htdocs/preservation/digital/formats/" local="131738191670000000" remote="131738191670000000" Dst="1" />
<file name="fdd000486.xml" server="c1vlptscms02.loc.gov//default/main/LC-PUB/LC-HOME/WORKAREA/kmur/htdocs/preservation/digital/formats/" local="131752729550000000" remote="131752729550000000" Dst="1" />
<file name="fdd000028.xml" server="c1vlptscms02.loc.gov//default/main/LC-PUB/LC-HOME/WORKAREA/kmur/htdocs/preservation/digital/formats/" local="131753813510000000" remote="131753813510000000" Dst="1" />
<file name="fdd000236.xml" server="c1vlptscms02.loc.gov//default/main/LC-PUB/LC-HOME/WORKAREA/kmur/htdocs/preservation/digital/formats/" local="132288370770000000" remote="132288370770000000" Dst="2" />
<file name="fdd000447.xml" server="c1vlptscms02.loc.gov//default/main/LC-PUB/LC-HOME/WORKAREA/kmur/htdocs/preservation/digital/formats/" local="131768478820000000" remote="131768478820000000" Dst="1" />
<file name="fdd000007.xml" server="c1vlptscms02.loc.gov//default/main/LC-PUB/LC-HOME/WORKAREA/kmur/htdocs/preservation/digital/formats/" local="131776061350000000" remote="131776061350000000" Dst="1" />
<file name="fdd000458.xml" server="c1vlptscms02.loc.gov//default/main/LC-PUB/LC-HOME/WORKAREA/kmur/htdocs/preservation/digital/formats/" local="131776333360000000" remote="131776333360000000" Dst="1" />
<file name="fdd000487.xml" server="c1vlptscms02.loc.gov//default/main/LC-PUB/LC-HOME/WORKAREA/kmur/htdocs/preservation/digital/formats/" local="131734772490000000" remote="131734772490000000" Dst="1" />
<file name="fdd000476.xml" server="c1vlptscms02.loc.gov//default/main/LC-PUB/LC-HOME/WORKAREA/kmur/htdocs/preservation/digital/formats/" local="131667607360000000" remote="131667607360000000" Dst="1" />
<file name="fdd000477.xml" server="c1vlptscms02.loc.gov//default/main/LC-PUB/LC-HOME/WORKAREA/kmur/htdocs/preservation/digital/formats/" local="131667614730000000" remote="131667614730000000" Dst="1" />
<file name="fdd000478.xml" server="c1vlptscms02.loc.gov//default/main/LC-PUB/LC-HOME/WORKAREA/kmur/htdocs/preservation/digital/formats/" local="131667318910000000" remote="131667318910000000" Dst="1" />
<file name="fdd000480.xml" server="c1vlptscms02.loc.gov//default/main/LC-PUB/LC-HOME/WORKAREA/kmur/htdocs/preservation/digital/formats/" local="131667989890000000" remote="131667989890000000" Dst="1" />
<file name="fdd000481.xml" server="c1vlptscms02.loc.gov//default/main/LC-PUB/LC-HOME/WORKAREA/kmur/htdocs/preservation/digital/formats/" local="131667649370000000" remote="131667649370000000" Dst="1" />
<file name="fdd000483.xml" server="c1vlptscms02.loc.gov//default/main/LC-PUB/LC-HOME/WORKAREA/kmur/htdocs/preservation/digital/formats/" local="131667288760000000" remote="131667288760000000" Dst="1" />
<file name="fdd000484.xml" server="c1vlptscms02.loc.gov//default/main/LC-PUB/LC-HOME/WORKAREA/kmur/htdocs/preservation/digital/formats/" local="131667288750000000" remote="131667288750000000" Dst="1" />
<file name="fdd000317.xml" server="c1vlptscms02.loc.gov//default/main/LC-PUB/LC-HOME/WORKAREA/kmur/htdocs/preservation/digital/formats/" local="131831609020000000" remote="131831609020000000" Dst="1" />
<file name="fdd000365.xml" server="c1vlptscms02.loc.gov//default/main/LC-PUB/LC-HOME/WORKAREA/kmur/htdocs/preservation/digital/formats/" local="131871157620000000" remote="131871157620000000" Dst="1" />
<file name="fdd000364.xml" server="c1vlptscms02.loc.gov//default/main/LC-PUB/LC-HOME/WORKAREA/kmur/htdocs/preservation/digital/formats/" local="131871157630000000" remote="131871157630000000" Dst="1" />
<file name="fdd000353.xml" server="c1vlptscms02.loc.gov//default/main/LC-PUB/LC-HOME/WORKAREA/kmur/htdocs/preservation/digital/formats/" local="131871157630000000" remote="131871157630000000" Dst="1" />
<file name="fdd000352.xml" server="c1vlptscms02.loc.gov//default/main/LC-PUB/LC-HOME/WORKAREA/kmur/htdocs/preservation/digital/formats/" local="131871157640000000" remote="131871157640000000" Dst="1" />
<file name="fdd000351.xml" server="c1vlptscms02.loc.gov//default/main/LC-PUB/LC-HOME/WORKAREA/kmur/htdocs/preservation/digital/formats/" local="131871157640000000" remote="131871157640000000" Dst="1" />
<file name="fdd000456.xml" server="c1vlptscms02.loc.gov//default/main/LC-PUB/LC-HOME/WORKAREA/kmur/htdocs/preservation/digital/formats/" local="131879871500000000" remote="131879871500000000" Dst="1" />
<file name="fdd000022.xml" server="c1vlptscms02.loc.gov//default/main/LC-PUB/LC-HOME/WORKAREA/kmur/htdocs/preservation/digital/formats/" local="132288370780000000" remote="132288370780000000" Dst="2" />
<file name="fdd000455.xml" server="c1vlptscms02.loc.gov//default/main/LC-PUB/LC-HOME/WORKAREA/kmur/htdocs/preservation/digital/formats/" local="131892080300000000" remote="131892080300000000" Dst="1" />
<file name="fdd000465.xml" server="c1vlptscms02.loc.gov//default/main/LC-PUB/LC-HOME/WORKAREA/kmur/htdocs/preservation/digital/formats/" local="131892084710000000" remote="131892084710000000" Dst="1" />
<file name="fdd000426.xml" server="c1vlptscms02.loc.gov//default/main/LC-PUB/LC-HOME/WORKAREA/kmur/htdocs/preservation/digital/formats/" local="131917825140000000" remote="131917825140000000" Dst="1" />
<file name="fdd000492.xml" server="c1vlptscms02.loc.gov//default/main/LC-PUB/LC-HOME/WORKAREA/kmur/htdocs/preservation/digital/formats/" local="131950752540000000" remote="131950752540000000" Dst="1" />
<file name="fdd000314.xml" server="c1vlptscms02.loc.gov//default/main/LC-PUB/LC-HOME/WORKAREA/kmur/htdocs/preservation/digital/formats/" local="131960984250000000" remote="131960984250000000" Dst="1" />
<file name="fdd000490.xml" server="c1vlptscms02.loc.gov//default/main/LC-PUB/LC-HOME/WORKAREA/kmur/htdocs/preservation/digital/formats/" local="132294655350000000" remote="132294656720000000" Dst="2" />
<file name="fdd000230.xml" server="c1vlptscms02.loc.gov//default/main/LC-PUB/LC-HOME/WORKAREA/kmur/htdocs/preservation/digital/formats/" local="131953240420000000" remote="131953240420000000" Dst="1" />
<file name="fdd000472.xml" server="c1vlptscms02.loc.gov//default/main/LC-PUB/LC-HOME/WORKAREA/kmur/htdocs/preservation/digital/formats/" local="131976672900000000" remote="131976672900000000" Dst="1" />
<file name="fdd000322.xml" server="c1vlptscms02.loc.gov//default/main/LC-PUB/LC-HOME/WORKAREA/kmur/htdocs/preservation/digital/formats/" local="131986272270000000" remote="131986272270000000" Dst="1" />
<file name="fdd000321.xml" server="c1vlptscms02.loc.gov//default/main/LC-PUB/LC-HOME/WORKAREA/kmur/htdocs/preservation/digital/formats/" local="131986272300000000" remote="131986272300000000" Dst="1" />
<file name="fdd000320.xml" server="c1vlptscms02.loc.gov//default/main/LC-PUB/LC-HOME/WORKAREA/kmur/htdocs/preservation/digital/formats/" local="131986272320000000" remote="131986272320000000" Dst="1" />
<file name="fdd000125.xml" server="c1vlptscms02.loc.gov//default/main/LC-PUB/LC-HOME/WORKAREA/kmur/htdocs/preservation/digital/formats/" local="131986272390000000" remote="131986272390000000" Dst="1" />
<file name="fdd000306.xml" server="c1vlptscms02.loc.gov//default/main/LC-PUB/LC-HOME/WORKAREA/kmur/htdocs/preservation/digital/formats/" local="131993146100000000" remote="131993146100000000" Dst="1" />
<file name="fdd000360.xml" server="c1vlptscms02.loc.gov//default/main/LC-PUB/LC-HOME/WORKAREA/kmur/htdocs/preservation/digital/formats/" local="132005225410000000" remote="132005225410000000" Dst="1" />
<file name="fdd000350.xml" server="c1vlptscms02.loc.gov//default/main/LC-PUB/LC-HOME/WORKAREA/kmur/htdocs/preservation/digital/formats/" local="132295295570000000" remote="132295295570000000" Dst="2" />
<file name="fdd000315.xml" server="c1vlptscms02.loc.gov//default/main/LC-PUB/LC-HOME/WORKAREA/kmur/htdocs/preservation/digital/formats/" local="132005225480000000" remote="132005225480000000" Dst="1" />
<file name="fdd000316.xml" server="c1vlptscms02.loc.gov//default/main/LC-PUB/LC-HOME/WORKAREA/kmur/htdocs/preservation/digital/formats/" local="132010921760000000" remote="132010921760000000" Dst="1" />
<file name="fdd000252.xml" server="c1vlptscms02.loc.gov//default/main/LC-PUB/LC-HOME/WORKAREA/kmur/htdocs/preservation/digital/formats/" local="132010921810000000" remote="132010921810000000" Dst="1" />
<file name="fdd000123.xml" server="c1vlptscms02.loc.gov//default/main/LC-PUB/LC-HOME/WORKAREA/kmur/htdocs/preservation/digital/formats/" local="132010921830000000" remote="132010921830000000" Dst="1" />
<file name="fdd000029.xml" server="c1vlptscms02.loc.gov//default/main/LC-PUB/LC-HOME/WORKAREA/kmur/htdocs/preservation/digital/formats/" local="132012207330000000" remote="132012207330000000" Dst="1" />
<file name="fdd000479.xml" server="c1vlptscms02.loc.gov//default/main/LC-PUB/LC-HOME/WORKAREA/kmur/htdocs/preservation/digital/formats/" local="132015341940000000" remote="132015341940000000" Dst="1" />
<file name="fdd000279.xml" server="c1vlptscms02.loc.gov//default/main/LC-PUB/LC-HOME/WORKAREA/kmur/htdocs/preservation/digital/formats/" local="132015344300000000" remote="132015344300000000" Dst="1" />
<file name="fdd000503.xml" server="c1vlptscms02.loc.gov//default/main/LC-PUB/LC-HOME/WORKAREA/kmur/htdocs/preservation/digital/formats/" local="132019615330000000" remote="132019615330000000" Dst="1" />
<file name="fdd000358.xml" server="c1vlptscms02.loc.gov//default/main/LC-PUB/LC-HOME/WORKAREA/kmur/htdocs/preservation/digital/formats/" local="132019619510000000" remote="132019619510000000" Dst="1" />
<file name="fdd000499.xml" server="c1vlptscms02.loc.gov//default/main/LC-PUB/LC-HOME/WORKAREA/kmur/htdocs/preservation/digital/formats/" local="132019673650000000" remote="132019673650000000" Dst="1" />
<file name="fdd000277.xml" server="c1vlptscms02.loc.gov//default/main/LC-PUB/LC-HOME/WORKAREA/kmur/htdocs/preservation/digital/formats/" local="132031944970000000" remote="132031944970000000" Dst="1" />
<file name="fdd000251.xml" server="c1vlptscms02.loc.gov//default/main/LC-PUB/LC-HOME/WORKAREA/kmur/htdocs/preservation/digital/formats/" local="132031945000000000" remote="132031945000000000" Dst="1" />
<file name="fdd000318.xml" server="c1vlptscms02.loc.gov//default/main/LC-PUB/LC-HOME/WORKAREA/kmur/htdocs/preservation/digital/formats/" local="132034784640000000" remote="132034784640000000" Dst="1" />
<file name="fdd000122.xml" server="c1vlptscms02.loc.gov//default/main/LC-PUB/LC-HOME/WORKAREA/kmur/htdocs/preservation/digital/formats/" local="132043971210000000" remote="132043971210000000" Dst="1" />
<file name="fdd000502.xml" server="c1vlptscms02.loc.gov//default/main/LC-PUB/LC-HOME/WORKAREA/kmur/htdocs/preservation/digital/formats/" local="132044163230000000" remote="132044163230000000" Dst="1" />
<file name="fdd000124.xml" server="c1vlptscms02.loc.gov//default/main/LC-PUB/LC-HOME/WORKAREA/kmur/htdocs/preservation/digital/formats/" local="132047376400000000" remote="132047376400000000" Dst="1" />
<file name="fdd000018.xml" server="c1vlptscms02.loc.gov//default/main/LC-PUB/LC-HOME/WORKAREA/kmur/htdocs/preservation/digital/formats/" local="132053825720000000" remote="132053825720000000" Dst="1" />
<file name="fdd000500.xml" server="c1vlptscms02.loc.gov//default/main/LC-PUB/LC-HOME/WORKAREA/kmur/htdocs/preservation/digital/formats/" local="132281423190000000" remote="132281423190000000" Dst="2" />
<file name="fdd000498.xml" server="c1vlptscms02.loc.gov//default/main/LC-PUB/LC-HOME/WORKAREA/kmur/htdocs/preservation/digital/formats/" local="132055228920000000" remote="132055228920000000" Dst="1" />
<file name="fdd000017.xml" server="c1vlptscms02.loc.gov//default/main/LC-PUB/LC-HOME/WORKAREA/kmur/htdocs/preservation/digital/formats/" local="132055291460000000" remote="132055291460000000" Dst="1" />
<file name="fdd000319.xml" server="c1vlptscms02.loc.gov//default/main/LC-PUB/LC-HOME/WORKAREA/kmur/htdocs/preservation/digital/formats/" local="132121667720000000" remote="132121667720000000" Dst="1" />
<file name="fdd000501.xml" server="c1vlptscms02.loc.gov//default/main/LC-PUB/LC-HOME/WORKAREA/kmur/htdocs/preservation/digital/formats/" local="132125970390000000" remote="132125970390000000" Dst="1" />
<file name="fdd000506.xml" server="c1vlptscms02.loc.gov//default/main/LC-PUB/LC-HOME/WORKAREA/kmur/htdocs/preservation/digital/formats/" local="132133041680000000" remote="132133041680000000" Dst="1" />
<file name="fdd000505.xml" server="c1vlptscms02.loc.gov//default/main/LC-PUB/LC-HOME/WORKAREA/kmur/htdocs/preservation/digital/formats/" local="132133041680000000" remote="132133041680000000" Dst="1" />
<file name="fdd000383.xml" server="c1vlptscms02.loc.gov//default/main/LC-PUB/LC-HOME/WORKAREA/kmur/htdocs/preservation/digital/formats/" local="132137278830000000" remote="132137278830000000" Dst="1" />
<file name="fdd000508.xml" server="c1vlptscms02.loc.gov//default/main/LC-PUB/LC-HOME/WORKAREA/kmur/htdocs/preservation/digital/formats/" local="132277269800000000" remote="132277270720000000" Dst="1" />
<file name="fdd000504.xml" server="c1vlptscms02.loc.gov//default/main/LC-PUB/LC-HOME/WORKAREA/kmur/htdocs/preservation/digital/formats/" local="132157879190000000" remote="132157879190000000" Dst="1" />
<file name="fdd000496.xml" server="c1vlptscms02.loc.gov//default/main/LC-PUB/LC-HOME/WORKAREA/kmur/htdocs/preservation/digital/formats/" local="132167844690000000" remote="132167844690000000" Dst="1" />
<file name="fdd000495.xml" server="c1vlptscms02.loc.gov//default/main/LC-PUB/LC-HOME/WORKAREA/kmur/htdocs/preservation/digital/formats/" local="132167844690000000" remote="132167844690000000" Dst="1" />
<file name="fdd000491.xml" server="c1vlptscms02.loc.gov//default/main/LC-PUB/LC-HOME/WORKAREA/kmur/htdocs/preservation/digital/formats/" local="132167844690000000" remote="132167844690000000" Dst="1" />
<file name="fdd000313.xml" server="c1vlptscms02.loc.gov//default/main/LC-PUB/LC-HOME/WORKAREA/kmur/htdocs/preservation/digital/formats/" local="132167849730000000" remote="132167849730000000" Dst="1" />
<file name="fdd000474.xml" server="c1vlptscms02.loc.gov//default/main/LC-PUB/LC-HOME/WORKAREA/kmur/htdocs/preservation/digital/formats/" local="132167869750000000" remote="132167869750000000" Dst="1" />
<file name="fdd000030.xml" server="c1vlptscms02.loc.gov//default/main/LC-PUB/LC-HOME/WORKAREA/kmur/htdocs/preservation/digital/formats/" local="132167872070000000" remote="132167872070000000" Dst="1" />
<file name="fdd000507.xml" server="c1vlptscms02.loc.gov//default/main/LC-PUB/LC-HOME/WORKAREA/kmur/htdocs/preservation/digital/formats/" local="132277269800000000" remote="132277270720000000" Dst="1" />
<file name="fdd000276.xml" server="c1vlptscms02.loc.gov//default/main/LC-PUB/LC-HOME/WORKAREA/kmur/htdocs/preservation/digital/formats/" local="132182929290000000" remote="132182929290000000" Dst="1" />
<file name="fdd000475.xml" server="c1vlptscms02.loc.gov//default/main/LC-PUB/LC-HOME/WORKAREA/kmur/htdocs/preservation/digital/formats/" local="132184988150000000" remote="132184988150000000" Dst="1" />
<file name="fdd000363.xml" server="c1vlptscms02.loc.gov//default/main/LC-PUB/LC-HOME/WORKAREA/kmur/htdocs/preservation/digital/formats/" local="132187433340000000" remote="132187433340000000" Dst="1" />
<file name="fdd000398.xml" server="c1vlptscms02.loc.gov//default/main/LC-PUB/LC-HOME/WORKAREA/kmur/htdocs/preservation/digital/formats/" local="132210909330000000" remote="132210909330000000" Dst="1" />
<file name="fdd000427.xml" server="c1vlptscms02.loc.gov//default/main/LC-PUB/LC-HOME/WORKAREA/kmur/htdocs/preservation/digital/formats/" local="132204446560000000" remote="132204446560000000" Dst="1" />
<file name="fdd000443.xml" server="c1vlptscms02.loc.gov//default/main/LC-PUB/LC-HOME/WORKAREA/kmur/htdocs/preservation/digital/formats/" local="132206610710000000" remote="132206610710000000" Dst="1" />
<file name="fdd000428.xml" server="c1vlptscms02.loc.gov//default/main/LC-PUB/LC-HOME/WORKAREA/kmur/htdocs/preservation/digital/formats/" local="132206613930000000" remote="132206613930000000" Dst="1" />
<file name="fdd000512.xml" server="c1vlptscms02.loc.gov//default/main/LC-PUB/LC-HOME/WORKAREA/kmur/htdocs/preservation/digital/formats/" local="132210600960000000" remote="132210600960000000" Dst="1" />
<file name="fdd000397.xml" server="c1vlptscms02.loc.gov//default/main/LC-PUB/LC-HOME/WORKAREA/kmur/htdocs/preservation/digital/formats/" local="132295295560000000" remote="132295295560000000" Dst="2" />
<file name="fdd000392.xml" server="c1vlptscms02.loc.gov//default/main/LC-PUB/LC-HOME/WORKAREA/kmur/htdocs/preservation/digital/formats/" local="132248585610000000" remote="132248585610000000" Dst="1" />
<file name="fdd000380.xml" server="c1vlptscms02.loc.gov//default/main/LC-PUB/LC-HOME/WORKAREA/kmur/htdocs/preservation/digital/formats/" local="132248585650000000" remote="132248585650000000" Dst="1" />
<file name="fdd000379.xml" server="c1vlptscms02.loc.gov//default/main/LC-PUB/LC-HOME/WORKAREA/kmur/htdocs/preservation/digital/formats/" local="132272170010000000" remote="132272171530000000" Dst="1" />
<file name="fdd000510.xml" server="c1vlptscms02.loc.gov//default/main/LC-PUB/LC-HOME/WORKAREA/kmur/htdocs/preservation/digital/formats/" local="132248580010000000" remote="132248580010000000" Dst="1" />
<file name="fdd000509.xml" server="c1vlptscms02.loc.gov//default/main/LC-PUB/LC-HOME/WORKAREA/kmur/htdocs/preservation/digital/formats/" local="132248580010000000" remote="132248580010000000" Dst="1" />
<file name="fdd000511.xml" server="c1vlptscms02.loc.gov//default/main/LC-PUB/LC-HOME/WORKAREA/kmur/htdocs/preservation/digital/formats/" local="132277255400000000" remote="132277255920000000" Dst="1" />
<file name="fdd000514.xml" server="c1vlptscms02.loc.gov//default/main/LC-PUB/LC-HOME/WORKAREA/kmur/htdocs/preservation/digital/formats/" local="132281423190000000" remote="132281423190000000" Dst="2" />
<file name="fdd000513.xml" server="c1vlptscms02.loc.gov//default/main/LC-PUB/LC-HOME/WORKAREA/kmur/htdocs/preservation/digital/formats/" local="132281423190000000" remote="132281423190000000" Dst="2" />
<file name="fdd000515.xml" server="c1vlptscms02.loc.gov//default/main/LC-PUB/LC-HOME/WORKAREA/kmur/htdocs/preservation/digital/formats/" local="132315399930000000" remote="132315399930000000" Dst="2" />
<file name="fdd000517.xml" server="c1vlptscms02.loc.gov//default/main/LC-PUB/LC-HOME/WORKAREA/kmur/htdocs/preservation/digital/formats/" local="132315399930000000" remote="132315399930000000" Dst="2" />
</dwsync>