<?xml version="1.0" encoding="UTF-8"?>
<fdd:FDD id="fdd000030" titleName="PDF (Portable Document Format) Family" shortName="PDF_family" xmlns:xsi="http://www.w3.org/2001/XMLSchema-instance" xmlns:fdd="http://www.loc.gov/preservation/digital/formats/schemas/fdd/v1" xsi:schemaLocation="http://www.loc.gov/preservation/digital/formats/schemas/fdd/v1 http://www.loc.gov/preservation/digital/formats/schemas/fdd/v1/fdd-v1-1.xsd">
	<fdd:properties>
		<fdd:gdfrGenreSelection>
			<fdd:gdfrGenres>
				<fdd:gdfrGenre>text</fdd:gdfrGenre>
				<fdd:gdfrGenre>still-image</fdd:gdfrGenre>
			</fdd:gdfrGenres>
		</fdd:gdfrGenreSelection>
		<fdd:formatCategories>
			<fdd:category>file-format</fdd:category>
			<fdd:category>encoding</fdd:category>
			<fdd:category>family</fdd:category>
		</fdd:formatCategories>
		<fdd:gdfrComposition>unitary</fdd:gdfrComposition>
		<fdd:gdfrForm>binary</fdd:gdfrForm>
		<fdd:gdfrBasis>symbolic</fdd:gdfrBasis>
		<fdd:updates>
			<fdd:date>2012-09-20</fdd:date>
		</fdd:updates>
		<fdd:draftStatus>Full</fdd:draftStatus>
	</fdd:properties>
	<fdd:identificationAndDescription>
		<fdd:fullName>PDF (Portable Document Format) Family</fdd:fullName>
		<fdd:keywords>
			<fdd:keyword>Portable Document Format (PDF)</fdd:keyword>
			<fdd:keyword>document formats</fdd:keyword>
			<fdd:keyword>PDF</fdd:keyword>
		</fdd:keywords>
		<fdd:description>
			<p>PDF (Portable Document Format), developed by Adobe Systems Incorporated, is described by Adobe as a general document representation language. PDF represents formatted, page-oriented documents.  These documents may be structured or simple.  They may contain text, images, graphics, and other multimedia content, such as video and audio.  There is support for annotations, metadata, hypertext links, and bookmarks.  Later versions provide additional functionalities, for example, to embed geospatial information within documents that represent maps or other geospatial images, such as satellite photographs.</p>
			<p>At the core of PDF is an imaging model derived from the PostScript page description
language.   See <fddLink id="fdd000029">Postscript Format Family</fddLink>.  This model enables the description of text and graphics in a device-independent
and resolution-independent manner at a complete, precise and professional level. Unlike PostScript,
which is a programming language, PDF is based on a structured binary file format that is optimised for
high performance in interactive viewing.</p>
		</fdd:description>
		<fdd:shortDescription>PDF (Portable Document Format), developed by Adobe Systems Incorporated.  PDF represents formatted, page-oriented documents.  These documents may be structured or simple.  They may contain text, images, graphics, and other multimedia content, such as video and audio.  There is support for annotations, metadata, hypertext links, and bookmarks.</fdd:shortDescription>
		<fdd:productionPhase>In general, a final-state format for delivery to end users.</fdd:productionPhase>
		<fdd:relationships>
			<fdd:relationship>
				<fdd:typeOfRelationship>Has subtype</fdd:typeOfRelationship>
				<fdd:relatedTo>
					<fdd:id>fdd000316</fdd:id>
					<fdd:shortName>PDF_1_3</fdd:shortName>
					<fdd:titleName>PDF Versions 1.0-1.3</fdd:titleName>
				</fdd:relatedTo>
			</fdd:relationship>
			<fdd:relationship>
				<fdd:typeOfRelationship>Has subtype</fdd:typeOfRelationship>
				<fdd:relatedTo>
					<fdd:id>fdd000122</fdd:id>
					<fdd:shortName>PDF_1_4</fdd:shortName>
					<fdd:titleName>PDF Version 1.4</fdd:titleName>
				</fdd:relatedTo>
			</fdd:relationship>
			<fdd:relationship>
				<fdd:typeOfRelationship>Has subtype</fdd:typeOfRelationship>
				<fdd:relatedTo>
					<fdd:id>fdd000123</fdd:id>
					<fdd:shortName>PDF_1_5</fdd:shortName>
					<fdd:titleName>PDF, Version 1.5</fdd:titleName>
				</fdd:relatedTo>
			</fdd:relationship>
			<fdd:relationship>
				<fdd:typeOfRelationship>Has subtype</fdd:typeOfRelationship>
				<fdd:relatedTo>
					<fdd:id>fdd000276</fdd:id>
					<fdd:shortName>PDF_1_6</fdd:shortName>
					<fdd:titleName>PDF, Version 1.6</fdd:titleName>
				</fdd:relatedTo>
			</fdd:relationship>
			<fdd:relationship>
				<fdd:typeOfRelationship>Has subtype</fdd:typeOfRelationship>
				<fdd:relatedTo>
					<fdd:id>fdd000277</fdd:id>
					<fdd:shortName>PDF_1_7</fdd:shortName>
					<fdd:titleName>PDF, Version 1.7 (ISO 32000-1:2008)</fdd:titleName>
				</fdd:relatedTo>
			</fdd:relationship>
			<fdd:relationship>
				<fdd:typeOfRelationship>Has subtype</fdd:typeOfRelationship>
				<fdd:relatedTo>
					<fdd:id>fdd000313</fdd:id>
					<fdd:shortName>PDF_1_7_ext03</fdd:shortName>
					<fdd:titleName>PDF, Version 1.7, ExtensionLevel 3</fdd:titleName>
				</fdd:relatedTo>
			</fdd:relationship>
			<fdd:relationship>
				<fdd:typeOfRelationship>Has subtype</fdd:typeOfRelationship>
				<fdd:relatedTo>
					<fdd:id>fdd000314</fdd:id>
					<fdd:shortName>PDF_1_7_ext05</fdd:shortName>
					<fdd:titleName>PDF, Version 1.7, ExtensionLevel 5</fdd:titleName>
				</fdd:relatedTo>
			</fdd:relationship>
			<fdd:relationship>
				<fdd:typeOfRelationship>Has subtype</fdd:typeOfRelationship>
				<fdd:relatedTo>
					<fdd:id>fdd000474</fdd:id>
					<fdd:shortName>PDF_2_0</fdd:shortName>
					<fdd:titleName>PDF 2.0, ISO 32000-2</fdd:titleName>
				</fdd:relatedTo>
				<fdd:comment>PDF, Version 2.0 (ISO 32000-2:2017).</fdd:comment>
			</fdd:relationship>
			<fdd:relationship>
				<fdd:typeOfRelationship>Has subtype</fdd:typeOfRelationship>
				<fdd:relatedTo>
					<fdd:id>fdd000318</fdd:id>
					<fdd:shortName>PDF/A_family</fdd:shortName>
					<fdd:titleName>PDF for Long-term Preservation</fdd:titleName>
				</fdd:relatedTo>
				<fdd:comment>As of November 2012, there are three chronological versions of PDF/A.</fdd:comment>
			</fdd:relationship>
			<fdd:relationship>
				<fdd:typeOfRelationship>Has subtype</fdd:typeOfRelationship>
				<fdd:relatedTo>
					<fdd:id>fdd000125</fdd:id>
					<fdd:shortName>PDF/A-1</fdd:shortName>
					<fdd:titleName>PDF for Long-term Preservation, Use of PDF 1.4</fdd:titleName>
				</fdd:relatedTo>
			</fdd:relationship>
			<fdd:relationship>
				<fdd:typeOfRelationship>Has subtype</fdd:typeOfRelationship>
				<fdd:relatedTo>
					<fdd:id>fdd000319</fdd:id>
					<fdd:shortName>PDF/A-2</fdd:shortName>
					<fdd:titleName>PDF/A-2 for Long-term Preservation, Use of ISO 32000-1 (PDF 1.7)</fdd:titleName>
				</fdd:relatedTo>
			</fdd:relationship>
			<fdd:relationship>
				<fdd:typeOfRelationship>Has subtype</fdd:typeOfRelationship>
				<fdd:relatedTo>
					<fdd:id>fdd000360</fdd:id>
					<fdd:shortName>PDF/A-3</fdd:shortName>
					<fdd:titleName>PDF/A-3 for Long-term Preservation, Use of ISO 32000-1 (PDF 1.7), with Embedded Files</fdd:titleName>
				</fdd:relatedTo>
				<fdd:comment/>
			</fdd:relationship>
			<fdd:relationship>
				<fdd:typeOfRelationship>Has subtype</fdd:typeOfRelationship>
				<fdd:relatedTo>
					<fdd:id>fdd000495</fdd:id>
					<fdd:shortName>PDF/E-1</fdd:shortName>
					<fdd:titleName>PDF Engineering Document Format, Use of PDF 1.6</fdd:titleName>
				</fdd:relatedTo>
			</fdd:relationship>
			<fdd:relationship>
				<fdd:typeOfRelationship>Has subtype</fdd:typeOfRelationship>
				<fdd:relatedTo>
					<fdd:id>fdd000350</fdd:id>
					<fdd:shortName>PDF/UA-1</fdd:shortName>
					<fdd:titleName>PDF/UA-1, PDF Enhancement for Accessibility, Use of ISO 32000-1</fdd:titleName>
				</fdd:relatedTo>
			</fdd:relationship>
			<fdd:relationship>
				<fdd:typeOfRelationship>Has subtype</fdd:typeOfRelationship>
				<fdd:relatedTo>
					<fdd:id>fdd000124</fdd:id>
					<fdd:shortName>PDF/X</fdd:shortName>
					<fdd:titleName>PDF for Prepress Graphics File Exchange</fdd:titleName>
				</fdd:relatedTo>
			</fdd:relationship>
			<fdd:relationship>
				<fdd:typeOfRelationship>May contain</fdd:typeOfRelationship>
				<fdd:relatedTo>
					<fdd:id>fdd000315</fdd:id>
					<fdd:shortName>PDF_geospatial</fdd:shortName>
					<fdd:titleName>PDF, Geospatial encoding (Adobe)</fdd:titleName>
				</fdd:relatedTo>
				<fdd:comment>Supported by version 1.7 ExtensionLevel 3.</fdd:comment>
			</fdd:relationship>
			<fdd:relationship>
				<fdd:typeOfRelationship>May contain</fdd:typeOfRelationship>
				<fdd:relatedTo>
					<fdd:id>fdd000312</fdd:id>
					<fdd:shortName>GeoPDF_2_2</fdd:shortName>
					<fdd:titleName>GeoPDF encoding (TerraGo), version 2.2</fdd:titleName>
				</fdd:relatedTo>
			</fdd:relationship>
		</fdd:relationships>
	</fdd:identificationAndDescription>
	<fdd:localUse>
		<fdd:experience>Used as service format, including for some scanned historical materials, primarily to support convenient downloading and printing.  Acceptable format for copyright registration.</fdd:experience>
		<fdd:preference>
			<p>The Library of Congress expresses preferences for formats for content for its collections through through two venues:</p>
			<ul>
				<li>The &quot;Best Edition&quot; specification from the U.S. Copyright Office in <a href="http://www.copyright.gov/circs/circ07b.pdf">Circular 7b</a>. Rev: 08 ⁄ 2010 of Circular 7b lists formats acceptable for mandatory deposit of Electronic Serials available only online, in order of preference. For page-oriented renditions, PDF/A (the <fddLink id="fdd000125">PDF/A-1</fddLink> format or later versions) appears first on the list.  Other forms of PDF are acceptable, preferably with searchable text.  For text, PDF/A is preferred over other PDF variants.  <fddLink id="fdd000124">PDF/X</fddLink> may be appropriate if used by creator or publisher during production.</li>
				<li>The Library of Congress Recommended Formats Statement (RFS) includes high quality PDFs, with features such as searchable text, embedded fonts, lossless compression, high resolution images, as a preferred format for <a href="https://www.loc.gov/preservation/resources/rfs/textmus.html">textual works in digital form</a>, <a href="https://www.loc.gov/preservation/resources/rfs/textmus.html">electronic serials</a>, <a href="https://www.loc.gov/preservation/resources/rfs/textmus.html">digital musical compositions</a>, and
<a href="https://www.loc.gov/preservation/resources/rfs/audio.html">accompanying image/text files for digital audio</a>. The RFS also includes web optimized PDF as an acceptable format for this same content as well as <a href="https://www.loc.gov/preservation/resources/rfs/stillimg.html">other graphic images - digital</a>.  The RFS list does not distinguish between versions of PDF. </li>
			</ul>
		</fdd:preference>
	</fdd:localUse>
	<fdd:sustainabilityFactors>
		<fdd:disclosure>
			<p>Fully documented.  Many members of the PDF family of formats were developed by <a href="http://www.adobe.com/">Adobe Systems Incorporated</a>, which made the specifications available openly and at no charge. Several members of the family have been adopted as ISO international standards, e.g,. PDF/X (ISO 15930), PDF/A (ISO 19005), and PDF version 1.7 (ISO 32000-1:2008).  These standards are available for sale, primarily through national standards bodies and approved agents.  Additional information about specifications and standardization is provided in the format descriptions for several of the subtypes.</p>
			<p>Since the approval by ISO of PDF 1.7 as ISO 32000-1:2008, maintenance of almost all PDF specification has been under the auspices of working groups of <a href="https://www.iso.org/committee/53674.html">ISO TC 171 SC 2</a>, with the main PDF specification under WG8.  From 2002 to 2016, AIIM (The Association for Information and Image Management) acted as secretariat and U.S. Technical Advisory Group (TAG) to ISO/TC 171 SC 2 (see <a href="https://web.archive.org/web/20150910070337/http://www.aiim.org/Research-and-Publications/Standards/Committees/TAG">AIIM | U.S. TAG to ISO/TC 171</a> from 2015).   In 2017, the 3D PDF Consortium was approved by the American National Standards Institute (ANSI) as a standards developer and has assumed the role of secretariat and U.S. TAG Administrator for ISO/TC 171 SC 2  (see <a href="http://3dpdfconsortium.org/2017/07/26/3d-pdf-consortium-approved-ansi-us-tag-administrator-pdf-iso-standards/">3D PDF Consortium Approved by ANSI as US TAG Administrator for PDF ISO Standards</a>).</p>
		</fdd:disclosure>
		<fdd:documentation>
			<p>See <a href="#specs">Specifications</a> below for links to the ISO pages for information about ISO 32000-1:2008 (PDF 1.7) and ISO 32000-2:2017 (PDF 2.0).</p>
			<p>Adobe provides free access to documentation for PDF 1.7 at <a href="http://www.adobe.com/devnet/pdf/pdf_reference.html">http://www.adobe.com/devnet/pdf/pdf_reference.html</a> and an archive of earlier versions at <a href="http://www.adobe.com/devnet/pdf/pdf_reference_archive.html">http://www.adobe.com/devnet/pdf/pdf_reference_archive.html</a>.</p>
		</fdd:documentation>
		<fdd:adoption>
			<p>Extremely widely adopted as a platform-independent format for disseminating page-oriented documents.  For some general observations on trends, see the slides in <a href="https://www.pdfa.org/wp-content/uploads/2018/06/1330_Johnson.pdf">PDF statistics –
the universe of electronic
documents</a>, from a talk by Duff Johnson at PDF Europe Days in May 2018.</p>
			<p>One area in which PDF is particularly widely used is for prepress workflows.  See <a href="https://www.callassoftware.com/en/blog/how-pdf-changed-prepress-production-dramatically-in-the-last-25-years">How PDF changed prepress production dramatically in the last 25 years</a>, a blog post from October 2018.</p>
			<p>Adobe Reader software for viewing PDF files is freely distributed and bundled with most personal computers.
</p>
		</fdd:adoption>
		<fdd:licensingAndPatents>
			<p>Adobe has a number of patents covering technology that is disclosed in the Portable Document Format (PDF) Specification, version 1.3 and later.</p>
			<p>An annotated summary of information on the Adobe Web site in September 2010 (see <a href="https://web.archive.org/web/20101220080159/http://partners.adobe.com:80/public/developer/support/topic_legal_notices.html">http://partners.adobe.com/public/developer/support/topic_legal_notices.html</a> via Internet Archive) follows.  Note that, based on a 20-year period for U.S. Patents, all the patents listed on this Adobe page are expected to have expired in the U.S. by 2019-05-06.  <a href="../contact_format.shtml">Comments welcome</a>.</p>
			<p>To promote the use of PDF for information interchange the following patents are licensed by Adobe on a royalty-free, non-exclusive basis for the term of each patent for developing software that produces, consumes, and interprets PDF files : 5,634,064 (filed 1996-08-02, granted 1997-05-27, probably expired as of 2019-03-01); 5,737,599 (filed 1995-12-07, granted 1998-04-07, probably expired as of 2019-03-01); 5,781,785 (filed 1995-09-26, granted 1998-07-14, probably expired as of 2019-03-01); 5,819,301 (filed 1997-09-09, granted 1998-10-06, probably expired as of 2019-03-01); 6,028,583 (filed 1998-01-16, granted 2002-02-22, probably expired as of 2019-03-01); 6,289,364 (filed 1997-12-22, granted 2001-09-11, probably expired as of 2019-03-01); 6,421,460 (filed 1999-05-06, granted 2002-07-16, probably expiring 2019-05-06).  Patent 5,860,074 (filed 1997-08-14, granted 1999-01-12, probably expired as of 2019-03-01) is similarly licensed on a royalty-free, non-exclusive basis for its term but only for the purpose of developing software that produces PDF files (thus specifically excluding software that consumes and/or interprets PDF files).</p>
			<p>A similar statement was submitted in 2004 to IETF as part of <a href="https://datatracker.ietf.org/ipr/333/">Adobe Systems Incorporated&apos;s Statement about IPR claimed in draft-zilles-pdf</a>.</p>
			<p>In association with the adoption of PDF, version 1.7 as an ISO standard (ISO 32000-1:2008), Adobe issued a <a href="https://www.adobe.com/pdf/pdfs/ISO32000-1PublicPatentLicense.pdf">Public Patent License</a>, granting "every individual and organization in the world the royalty-free right, under all Essential
Claims that Adobe owns, to make, have made, use, sell, import and distribute Compliant
Implementations."</p>
		</fdd:licensingAndPatents>
		<fdd:transparency>Depends upon compliant software tools to read.  Building tools requires sophistication.  In most PDF files, the content is compressed.  Many PDFs include embedded content in binary form, for example for images, and for annotations in audio or video.  See <a href="#notes">Notes</a> below for more detail on compression of &quot;stream objects&quot; in PDF files.</fdd:transparency>
		<fdd:selfDocumentation>
			<p>Starting with <fddLink id="fdd000122">PDF 1.4</fddLink>, chronological versions of PDF can include metadata &quot;streams&quot; in the <a href="https://www.adobe.com/products/xmp.html">XMP</a> (Extensible Metadata Platform) format at the level of the document or for individual objects.  The XMP format, developed by Adobe in 2001, is a framework for including arbitrary blocks of metadata, using a representation in <a href="http://www.w3.org/RDF/">RDF</a>.
 XMP was <a href="https://www.iso.org/news/2012/03/Ref1525.html">approved</a> as <a href="https://www.iso.org/standard/57421.html">ISO 16684-1:2012</a> in 2012.</p>
			<p>Use of document-level XMP is mandatory in some standard subsets for PDF, including the <fddLink id="fdd000318">PDF/A_family</fddLink>.</p>
		</fdd:selfDocumentation>
		<fdd:externalDependencies>Faithful rendering requires that fonts be embedded. PDF variants in the <fddLink id="fdd000125">PDF/A_family</fddLink>, intended for archival purposes, <fddLink id="fdd000126">PDF/X</fddLink>, for prepress exchange, and <fddLink id="fdd000126">PDF/E-1</fddLink>, for engineering documentation, require that fonts be embedded.</fdd:externalDependencies>
		<fdd:techProtection>The PDF format offers several forms of technical protection, including encryption and password protection, that would prevent custodians of digital content ensuring accessibility in future technological environments.</fdd:techProtection>
	</fdd:sustainabilityFactors>
	<fdd:qualityAndFunctionalityFactors>
		<fdd:stillImageQF>
			<fdd:normalImage>PDF is designed for page-oriented documents.   Scaling, zooming, printing are expected functionalities for PDF viewers.  The quality of raster images depend on the quality of the embedded image.   Note that, in general, PDF is not a preferred archival or master format for images.</fdd:normalImage>
			<fdd:clarity>High-resolution images can be embedded using professional tools.  See <fddLink id="fdd000124">PDF/X</fddLink>, a standard version of PDF used by the printing industry.</fdd:clarity>
			<fdd:colorMaint>Parameters to support color management, including CIE-based and ICC-based color spaces, can be stored in the file using professional tools. See <fddLink id="fdd000124">PDF/X</fddLink>, a standard version of PDF used by the printing industry.</fdd:colorMaint>
			<fdd:graphics>Extensive support for graphic elements.  Versions after PDF 1.4 support a transparent imaging model in addition to the opaque model used for earlier versions.  Hence images composed of layers can be stored without pre-composing into a single image.  </fdd:graphics>
			<fdd:multispectral>PDF is designed to support printing and visual display on screens. PDF is not designed to support analysis of multispectral image data, which can include bands/channels outside the visible range.  For scientific communication, raw multispectral image data may be converted to an image in a color space and format supported in the PDF specifications.  See, for example, <a href="https://www.spacetelescope.org/static/projects/fits_liberator/image_processing.pdf">Introduction to Image Processing</a> from the website of the Hubble space telescope.  <a href="../contact_format.shtml">Comments welcome</a>.</fdd:multispectral>
			<fdd:beyondImage>PDF has extensive support for annotations of several types.  PDF, Version 1.7, ExtensionLevel 3 (<fddLink id="fdd000313">PDF_1_7_ext03</fddLink>), introduced with Acrobat 9.0, supports capabilities for embedding data in association with points within 3D and geospatial images.</fdd:beyondImage>
		</fdd:stillImageQF>
		<fdd:textQF>
			<fdd:normalText>
				<p>Good support is possible, but not guaranteed.  The PDF format allow creators to disallow printing and extraction of text for quotations.  PDF can also be used to create documents from scanned page images; such files do not necessarily support indexing of the document text.</p>
				<p>Although for most PDFs that do incorporate character-based text, the text can be reliably extracted and indexed, problems can occur, because the PDF internal structure for text is based primarily on identification of glyphs within fonts and not on Unicode code points.  If Unicode code points are not present, perhaps in order to make the file as small as possible, extracted text will be unintelligible.  See <a href="http://blog.pdf-tools.com/2014/01/why-is-extraction-of-text-from-pdf.html">Why is the extraction of text from a PDF document such a hassle?</a>, a blog post by Dr. Hans Bärfuss of pdf-tools.com.  See also a useful reponse to the problem <a href="https://superuser.com/questions/92615/cannot-copy-non-latin-characters-from-pdf-document">Cannot copy non-latin characters from PDF document</a> on Stack Exchange.</p>
			</fdd:normalText>
			<fdd:structure>The logical structure of a document is only represented in a PDF file if the creator or process during creation takes steps to incorporate structural tagging.</fdd:structure>
			<fdd:layout>PDF is designed to represent the layout of page-oriented documents.</fdd:layout>
			<fdd:mathDiag>
				<p>Can be represented visually by embedded graphics or using mathematical fonts and specialized tools for mathematical layout.  See, for example, <a href="https://www.antennahouse.com/XSLsample/pdf-v32/Sample-math-chicago.pdf">Sample of MathML 2</a>, a PDF 1.4 document from Antenna House, a vendor of specialized typesetting tools.  Antenna House Formatter can use XSL-FO (<a href="https://en.wikipedia.org/wiki/XSL_Formatting_Objects">XSL Formatting Objects</a>) to format MathML for printing or display.  The typesetting system LaTeX has a Math Mode that can be used to create PDFs.  See <a href="http://mathlab.cit.cornell.edu/support/latex/sample/sample.pdf">Very Basic Mathematical Latex</a>, a PDF created using LaTeX that shows sample code and rendered equations and formulas.</p>
				<p>PDF 2.0 introduced a standard way to incorporate the source MathML markup in a way that supports content re-use and accessibility via tools that convert MathML to braille.  See, for example, <a href="http://www.dotlessbraille.org/mathmlandbraille.htm">Positive Impacts of EPUB 3: MathML and Braille Mathematics</a>.  A widely used software library for generating braille, Liblouis, has a version that can translate MathML into a braille representation; see <a href="http://liblouis.org/documentation/liblouisutdml.html#Implementing-Braille-Mathematics-Codes">Liblouisutdml User&apos;s and Programmer&apos;s Manual</a>.</p>
			</fdd:mathDiag>
			<fdd:beyondText>Supports embedding of media objects (in binary format) and links to external media objects, such as images, audio, or video. Audio and video are considered &quot;annotations.&quot;  PDF Support for 3D artwork in the <fddLink id="fdd000491">U3D</fddLink> format was added in Adobe&apos;s PDF 1.7, ExtensionLevel 3 and has been incorporated into PDF 2.0. PDF 2.0 also added support for 3D artwork in the PRC format.</fdd:beyondText>
		</fdd:textQF>
	</fdd:qualityAndFunctionalityFactors>
	<fdd:fileTypeSignifiers>
		<fdd:signifiersGroup>
			<fdd:filenameExtension>
				<fdd:sigValues>
					<fdd:sigValue>pdf</fdd:sigValue>
				</fdd:sigValues>
			</fdd:filenameExtension>
			<fdd:internetMediaType>
				<fdd:sigValues>
					<fdd:sigValue>application/pdf</fdd:sigValue>
				</fdd:sigValues>
				<fdd:note>Registered with IANA (see <a href="http://www.iana.org/assignments/media-types/application/">Application Media-Types</a>), described originally in <a href="http://www.ietf.org/">IETF</a> (Internet Engineering Task Force) <a href="https://tools.ietf.org/html/rfc3778">RFC 3778</a>, which was obsoleted by <a href="https://tools.ietf.org/html/rfc8118">RFC 8118</a>.   Reported for PDF files by <a href="http://jhove.sourceforge.net/pdf-hul.html">JHOVE PDF-hul module</a> for file identification.</fdd:note>
			</fdd:internetMediaType>
			<fdd:internetMediaType>
				<fdd:sigValues>
					<fdd:sigValue>application/x-pdf</fdd:sigValue>
					<fdd:sigValue>application/acrobat</fdd:sigValue>
					<fdd:sigValue>application/vnd.pdf</fdd:sigValue>
					<fdd:sigValue>text/pdf</fdd:sigValue>
					<fdd:sigValue>text/x-pdf</fdd:sigValue>
				</fdd:sigValues>
				<fdd:note>Selected media types listed at <a href="http://filext.com/">The File Extension Source</a>.</fdd:note>
			</fdd:internetMediaType>
			<fdd:magicNumbers>
				<fdd:sigValues>
					<fdd:sigValue>Hex: 25 50 44 46</fdd:sigValue>
					<fdd:sigValue>ASCII: %PDF</fdd:sigValue>
				</fdd:sigValues>
				<fdd:note>From <a href="http://www.garykessler.net/library/file_sigs.html">Gary Kessler's File Signatures Table</a>.</fdd:note>
			</fdd:magicNumbers>
			<fdd:other>
				<fdd:tag>Indicator for profile, level, version, etc.</fdd:tag>
				<fdd:values>
					<fdd:sigValueNA>See note.</fdd:sigValueNA>
					<fdd:note>
						<p>PDF files should have a chronological version identified in the header with the 5 characters %PDF– followed by a version number.  For example, PDF 1.7 would be identified as %PDF-1.7.  However, this version identification can be over-ridden by a version value stored in the document&apos;s <i>Catalog</i>.  See <a href="#notes">Notes</a> below,  for more detail.</p>
					</fdd:note>
				</fdd:values>
			</fdd:other>
			<fdd:other>
				<fdd:tag>Pronom PUID</fdd:tag>
				<fdd:values>
					<fdd:sigValues>
						<fdd:sigValue>See note</fdd:sigValue>
					</fdd:sigValues>
					<fdd:note>Pronom PUIDs at subtype level only.</fdd:note>
				</fdd:values>
			</fdd:other>
			<fdd:other>
				<fdd:tag>Wikidata Title ID</fdd:tag>
				<fdd:values>
					<fdd:sigValues>
						<fdd:sigValue>Q42332</fdd:sigValue>
					</fdd:sigValues>
					<fdd:note>See <a href="https://www.wikidata.org/wiki/Q42332">https://www.wikidata.org/wiki/Q42332</a>.
					</fdd:note>
				</fdd:values>
			</fdd:other>
		</fdd:signifiersGroup>
	</fdd:fileTypeSignifiers>
	<fdd:notes>
		<fdd:general>
			<p>
				<b>Maximum size for PDFs</b>: This topic has been discussed in a number of online forums.  At one Adobe forum <a href="https://forums.adobe.com/thread/1041350">https://forums.adobe.com/thread/1041350</a> (consulted in September 2012), a very high theoretical page-count limit is described: &quot;There&apos;s no explicit page number limit but there is a limit on indirect objects of 8,388,607 in a 32-bit PDF rendering application--Acrobat and Adobe Reader are both 32-bit code--and because each page consumes at least one indirect object, every PDF file created by or opened by Acrobat must have less pages than that. If you were to create a native x64 PDF application you could add more pages, but the resulting files wouldn&apos;t open at all in 32-bit apps.&quot;  This forum entry goes on to say, &quot;Architecturally there is only one limit in the PDF standard: the overall file size must be below ~10GB as the cross-reference tables which define the PDF structure use 10 bits.&quot;</p>
			<p>The preceding paragraph offers a generous view of the potential size for a PDF.  Many commentators argue that the limit for practicality is lower than those stated above.  What matters is whether you can open a given PDF in any reasonable application, including Acrobat and Adobe Reader, mentioned above.  Online forums also include reports like these examples: &quot;It seems that the iPad has a limit of 30MB for displaying PDF files,&quot; and &quot;users of GoodReader have reported flawless performance with files over 1 gig in size.&quot;  The practical limits imposed by applications might also include limits set by indexers if the PDF includes searchable text.</p>
			<p>
				<b>Self-identification of chronological versions of PDF</b>: Identification of chronological versions of PDF can be given in two places in a PDF file.  All PDF files should have a version identified in the header with the 5 characters <i>%PDF–</i> followed by a version number of the form 1.N, where N is a digit between 0 and 7 or a version number of 2.0.  For example, PDF 1.7 would be identified as <i>%PDF–1.7</i>. However, beginning with PDF 1.4, a conforming PDF writer may use the Version entry in the document Catalog to override the version specified in the header. The location of the Catalog within the file is indicated in the Root entry of the file trailer/footer.  This override feature was introduced to facilitate the incremental updating of a PDF by simply adding to the end of the file.  As a result, it is necessary to locate the Catalog within the file to get the correct version number.  Unless the PDF is &quot;linearized,&quot; in which case the Catalog is up front, this will require reading the trailer and then using the reference there to locate the Catalog, which will typically be compressed. This has practical implications because format identification tools, including DROID, typically look for particular characters at the beginning of a file (i.e., in the header), to permit identification with minimal effort.  DROID can look for characters at the end of the file, but is not able to follow an indirect reference or decompress file contents.  When the version number is not the same in the header and the Catalog, there is potential for format identification errors.</p>
			<p>
				<b>Compression of &quot;stream objects&quot; in PDF files</b>:  Stream objects in a PDF file are often compressed.  A number of compression schemes are supported for PDF files, indicated by Filter values defined in the specification.  Filter names correspond to the decoding/decompression that must be applied to recover the original data.  Filters can be combined into pipelines.  The Filters listed below are permitted in generic PDF files.  However, some filters are not permitted in the &quot;subset standards for PDF,&quot; such as PDF/A, PDF/X, and PDF/E.</p>
			<ul>
				<li>ASCIIHexDecode: data encoded in an ASCII hexadecimal representation.  This filter was developed for Postscript, at a time when it was useful to transform binary data into a representation that could be safely used in mail messages.  Binary data can be converted to ASCII by representing each byte of binary data as two ASCII hexadecimal digits (0–9 and either A–For a–f). Newline characters are added in the encoded output at least once every 80 characters, thereby limiting the lengths of lines.  The resulting data was twice as large as the original binary form.  See <a href="https://www.adobe.com/content/dam/acom/en/devnet/actionscript/articles/PLRM.pdf">PostScript Language Reference, 3rd edition</a>.</li>
				<li>ASCII85Decode: data encoded in an ASCII base-85 representation.  This filter was also used in PostScript and was preferred to ASCIIHexDecode, because it yielded smaller files.  Generally, for every 4 bytes of binary data, this compression scheme produces 5 ASCII printable characters.  ASCII85 is the encoding scheme used by the uuencode and uudecode programs available on UNIX systems.  See <a href="https://www.adobe.com/content/dam/acom/en/devnet/actionscript/articles/PLRM.pdf">PostScript Language Reference, 3rd edition</a>.</li>
				<li>LZWDecode: data encoded using LZW (Lempel-Ziv-Welch) compression.  <fddLink id="fdd000135">LZW</fddLink> is a lossless, variable-length, adaptive compression method that can be applied to any form of data.  LZW is supported in the <fddLink id="fdd000022">TIFF 6.0</fddLink> image format.  Until 2004, it was protected by a patent.</li>
				<li>FlateDecode: data encoded using the ZLIB/DEFLATE
compression method defined in <a href="https://www.ietf.org/rfc/rfc1950.txt">IETF RFC 1950</a> and <a href="https://www.ietf.org/rfc/rfc1951.txt">IETF RFC 1951</a>.  Similar to LZW, it had the advantage of being patent-free.  Permitted for PDF 1.2 and above.  The most commonly used method to compress the text content of PDFs.</li>
				<li>RunLengthDecode: data encoded using a byte-oriented run-length
encoding algorithm.  See <a href="https://en.wikipedia.org/wiki/Run-length_encoding">Wikipedia entry for Run-length Encoding</a>.</li>
				<li>CCITTFaxDecode: data encoded using the CCITT (now ITU-T) Group 3 or Group 4 facsimile standard. Used for monochrome image data at
1 bit per pixel.  See <fddLink id="fdd000136">ITU-T Group 4 FAX Compression</fddLink>.</li>
				<li>JBIG2Decode: data encoded using the JBIG2 standard, as defined by <a href="https://www.iso.org/standard/22394.html">ISO/IEC 14492:2001</a> and its amendments 1 and 2, excluding
amendment 3.  Used for monochrome (1 bit per pixel) image data.  Permitted for PDF 1.4 and above.  See <a href="https://en.wikipedia.org/wiki/JBIG2">Wikipedia entry for JBIG2</a>.</li>
				<li>DCTDecode: data encoded using a DCT (discrete cosine
transform) technique based on the JPEG standard.  Baseline JPEG encoding is permitted for all chronological versions of PDF.  For PDF 1.3 and above, Progressive JPEG encoding is permitted.   See <fddLink id="fdd000149">JPEG_DCT_BL</fddLink> and <fddLink id="fdd000333">JPEG_DCT_PRG</fddLink>.</li>
				<li>JPXDecode: data encoded using the JPEG 2000 compression
method and the JPX data structure as defined in ISO/IEC 15444-2.  Permitted for PDF 1.5 and above.  Data used in PDF image XObjects shall be limited to the JPX baseline set of features.  
Enumerated colour space 19 (CIEJab) is not supported. However, enumerated colour space 12 (CMYK), which is part of
JPX but not JPX baseline, is permitted in a PDF.</li>
			</ul>
			<p>The Crypt filter (introduced in PDF 1.5) can be used to specify the encryption algorithm that has been applied to a datastream.  Many of the encryption algorithms supported in earlier chronological versions of PDF are now deprecated.</p>
		</fdd:general>
		<fdd:history>
			<p>Adapted from PDF Reference, Third Edition:  The origins of PDF and the Adobe Acrobat product family date to early 1990.  At that time, the PostScript page description language was rapidly becoming the worldwide standard for the production of the printed page. PDF builds on the PostScript page description language by layering a document structure and interactive navigation features on PostScript's underlying imaging model, providing a convenient, efficient mechanism enabling documents to be reliably viewed and printed anywhere.</p>
			<p>See <a href="https://en.wikipedia.org/wiki/History_of_the_Portable_Document_Format_(PDF)">Wikipedia entry on History of the Portable Document Format (PDF)</a> and descriptions for chronological versions for later history.</p>
			<p>In October 2009, ISO authorized a new project to develop the PDF 2.0 standard, which was published as <a href="https://www.iso.org/standard/63534.html">ISO 32000-2:2017</a>.  See <fddLink id="fdd000474">PDF-2-0</fddLink>.</p>
		</fdd:history>
	</fdd:notes>
	<fdd:formatSpecifications>
		<fdd:urls>
			<fdd:url>
				<fdd:urlReference>
					<link>https://www.iso.org/standard/63534.html</link>
					<tag>ISO 32000-2:2017.  Document management -- Portable document format -- Part 2: PDF 2.0</tag>
				</fdd:urlReference>
			</fdd:url>
			<fdd:url>
				<fdd:urlReference>
					<link>https://www.iso.org/standard/51502.html</link>
					<tag>ISO 32000-1:2008.  Document management -- Portable document format -- Part 1: PDF 1.7</tag>
				</fdd:urlReference>
			</fdd:url>
			<fdd:url>
				<fdd:urlReference>
					<link>http://www.adobe.com/devnet/pdf/pdf_reference.html</link>
					<tag>PDF Version 1.7 specification from Adobe.</tag>
					<comment>This page provides open access to an ISO approved copy of the July 2008 ISO 32000-1 Standards document, together with Adobe-specific extensions from 2008 and 2009. </comment>
				</fdd:urlReference>
			</fdd:url>
			<fdd:url>
				<fdd:urlReference>
					<link>http://www.adobe.com/devnet/pdf/pdf_reference_archive.html</link>
					<tag>Adobe PDF Reference Archives.</tag>
					<comment>Specifications for earlier versions of PDF, starting with Version 1.3.</comment>
				</fdd:urlReference>
			</fdd:url>
		</fdd:urls>
	</fdd:formatSpecifications>
	<fdd:usefulReferences>
		<fdd:urls>
			<fdd:url>
				<fdd:urlReference>
					<link>https://en.wikipedia.org/wiki/Portable_Document_Format</link>
					<tag>Wikipedia entry on Portable Document Format</tag>
				</fdd:urlReference>
			</fdd:url>
			<fdd:url>
				<fdd:urlReference>
					<link>https://en.wikipedia.org/wiki/History_of_the_Portable_Document_Format_(PDF)</link>
					<tag>Wikipedia entry on History of the Portable Document Format (PDF)</tag>
				</fdd:urlReference>
			</fdd:url>
			<fdd:url>
				<fdd:urlReference>
					<link>https://www.pdfa.org/</link>
					<tag>PDF Association</tag>
				</fdd:urlReference>
			</fdd:url>
			<fdd:url>
				<fdd:urlReference>
					<link>https://www.iso.org/news/2008/07/Ref1141.html</link>
					<tag>PDF format becomes ISO standard, July 2008</tag>
					<comment>An ISO announcement.</comment>
				</fdd:urlReference>
			</fdd:url>
			<fdd:url>
				<fdd:urlReference>
					<link>https://www.adobe.com/content/dam/acom/en/devnet/actionscript/articles/PLRM.pdf</link>
					<tag>PostScript Language Reference, 3rd edition.  Adobe Systems Inc. 1999</tag>
				</fdd:urlReference>
			</fdd:url>
			<fdd:url>
				<fdd:urlReference>
					<link>https://www.adobe.com/content/dam/acom/en/devnet/postscript/pdfs/TN5603.Filters.pdf</link>
					<tag>Postscript Technical Note #5603 | Filters and Reusable Streams (Oct 1997)</tag>
				</fdd:urlReference>
			</fdd:url>
			<fdd:url>
				<fdd:urlReference>
					<link>http://web.archive.org/web/20141101010717/http://acroeng.adobe.com/wp/?</link>
					<tag>Former home of the Acrobat &amp; Reader Engineering team</tag>
					<comment>Link now via Internet Archive.  Detailed information and guidance on important aspects of PDF, such as linearization (Fast Web View) and standards-compliant approaches to viewing PDF/A and PDF/X files.</comment>
				</fdd:urlReference>
			</fdd:url>
			<fdd:url>
				<fdd:urlReference>
					<link>http://web.archive.org/web/20140110001341/http://acroeng.adobe.com/wp/?page_id=321</link>
					<tag>Adobe PDF References -- from former acroeng.adobe.com site</tag>
					<comment>Contains links to every version of the PDF Reference published by Adobe as well as associated errata and addenda to the document.  No longer online.  Link via Internet Archive.</comment>
				</fdd:urlReference>
			</fdd:url>
			<fdd:url>
				<fdd:urlReference>
					<link>http://web.archive.org/web/20141012024418/http://www.gnupdf.org:80/Category:PDF</link>
					<tag>Documentation for PDF from GNU PDF.  No longer available online.  Out of date as of 2018, but possibly still helpful.</tag>
				</fdd:urlReference>
			</fdd:url>
			<fdd:url>
				<fdd:urlReference>
					<link>http://jhove.sourceforge.net/pdf-hul.html</link>
					<tag>JHOVE PDF-hul Module</tag>
				</fdd:urlReference>
			</fdd:url>
			<fdd:url>
				<fdd:urlReference>
					<link>http://www.ietf.org/rfc/rfc3778.txt</link>
					<tag>Original (2004) registration for application/pdf media type</tag>
				</fdd:urlReference>
			</fdd:url>
			<fdd:url>
				<fdd:urlReference>
					<link>http://www.ietf.org/rfc/rfc8118.txt</link>
					<tag>Updated (2017) registration for application/pdf media type</tag>
				</fdd:urlReference>
			</fdd:url>
			<fdd:url>
				<fdd:urlReference>
					<link>https://www.dpconline.org/docs/technology-watch-reports/1707-twr17-01-revised/file</link>
					<tag>Preservation with PDF/A (Second Edition) 2017 | by Betsy Fanning</tag>
					<comment>DPC Technology Watch Report 17-01 July 2017</comment>
				</fdd:urlReference>
			</fdd:url>
			<fdd:url>
				<fdd:urlReference>
					<link>https://www.pdfa.org/wp-content/uploads/2018/06/1330_Johnson.pdf</link>
					<tag>PDF statistics – the universe of electronic documents | slides from PDF Europe Days (May 2018)</tag>
				</fdd:urlReference>
			</fdd:url>
			<fdd:url>
				<fdd:urlReference>
					<link>https://www.callassoftware.com/en/blog/how-pdf-changed-prepress-production-dramatically-in-the-last-25-years</link>
					<tag>How PDF changed prepress production dramatically in the last 25 years | blog post (October 2018)</tag>
				</fdd:urlReference>
			</fdd:url>
			<fdd:url>
				<fdd:urlReference>
					<link>http://blog.pdf-tools.com/2014/01/why-is-extraction-of-text-from-pdf.html</link>
					<tag>Why is the extraction of text from a PDF document such a hassle?</tag>
					<comment>January 2014 blog post from pdf-tools.com</comment>
				</fdd:urlReference>
			</fdd:url>
			<fdd:url>
				<fdd:urlReference>
					<link>http://mathlab.cit.cornell.edu/support/latex/sample/sample.pdf</link>
					<tag>Very Basic Mathematical LaTeX | a PDF created in LaTeX</tag>
					<comment>Includes examples of formulas and equations with source LaTeX code and rendered output.</comment>
				</fdd:urlReference>
			</fdd:url>
			<fdd:url>
				<fdd:urlReference>
					<link>http://tug.org/TUGboat/tb29-3/tb93moore.pdf</link>
					<tag>Advanced features for publishing mathematics, in PDF and on the Web | from TUGboat (for TeX and LaTeX)</tag>
				</fdd:urlReference>
			</fdd:url>
			<fdd:url>
				<fdd:urlReference>
					<link>http://web.archive.org/web/20161224065555/https://www.luratech.com/en/subscribe-to-newsletter/detail-vr/article/pdfa-ua-x-vt-and-e/</link>
					<tag>PDF/A, UA, X, VT and E (explanation from Luratech), now via Internet Archive.</tag>
				</fdd:urlReference>
			</fdd:url>
			<fdd:url>
				<fdd:urlReference>
					<link>https://www.wikidata.org/wiki/Q42332</link>
					<tag>Wikidata entry for Q42332</tag>
					<comment>Information in Wikidata about PDF Family. Wikidata Title ID: Q42332.</comment>
				</fdd:urlReference>
			</fdd:url>
		</fdd:urls>
		<fdd:citations>
			<fdd:citation>
				<fdd:articleReference>
					<articleRefDetail rel="au">Morrissey, Sheila M.</articleRefDetail>, &quot;<articleRefDetail rel="atitle">The Network is the Format: PDF and the Long-term Use of Digital Content</articleRefDetail>&quot;, <articleRefDetail rel="jtitle">Archiving 2012</articleRefDetail>, (<articleRefDetail rel="date">2012</articleRefDetail>): pp. 200-203. ISBN: <articleRefDetail rel="issn">978-0-89208-300-8</articleRefDetail> (print).  Available <a href="http://www.portico.org/wp-content/uploads/2017/12/Archiving2012TheNetworkIsTheFormat.pdf">online at Portico</a> with permission of IS&amp;T: The Society for Imaging Science and Technology.</fdd:articleReference>
			</fdd:citation>
		</fdd:citations>
	</fdd:usefulReferences>
</fdd:FDD>
