<?xml version="1.0" encoding="UTF-8"?>
<fdd:FDD id="fdd000138" titleName="JPEG 2000 Part 1, Core Coding System" shortName="J2K_C" xmlns:xsi="http://www.w3.org/2001/XMLSchema-instance" xmlns:fdd="http://www.loc.gov/preservation/digital/formats/schemas/fdd/v1" xsi:schemaLocation="http://www.loc.gov/preservation/digital/formats/schemas/fdd/v1 http://www.loc.gov/preservation/digital/formats/schemas/fdd/v1/fdd-v1-1.xsd">
	<fdd:properties>
		<fdd:gdfrGenreSelection>
			<fdd:gdfrGenreAndSubgenres>
				<fdd:gdfrGenre>still-image</fdd:gdfrGenre>
				<fdd:gdfrSubgenres>
					<fdd:gdfrSubgenre>moving-image</fdd:gdfrSubgenre>
				</fdd:gdfrSubgenres>
			</fdd:gdfrGenreAndSubgenres>
		</fdd:gdfrGenreSelection>
		<fdd:formatCategories>
			<fdd:category>encoding</fdd:category>
		</fdd:formatCategories>
		<fdd:gdfrComposition>unitary</fdd:gdfrComposition>
		<fdd:gdfrForm>binary</fdd:gdfrForm>
		<fdd:gdfrBasis>sampled</fdd:gdfrBasis>
		<fdd:updates>
			<fdd:date>2012-01-05</fdd:date>
		</fdd:updates>
		<fdd:draftStatus>Full</fdd:draftStatus>
	</fdd:properties>
	<fdd:identificationAndDescription>
		<fdd:fullName>ISO/IEC 15444-1:2004. Information technology -- JPEG 2000 image coding system -- Part 1: Core coding system (formal name); JPEG 2000 core coding (common name)</fdd:fullName>
		<fdd:keywords>
			<fdd:keyword>raster image formats</fdd:keyword>
		</fdd:keywords>
		<fdd:description>
			<p>Compression encoding generally used for full color and grayscale continuous-tone pictorial images. Core coding uses a discrete wavelet transform and other elements in a variable manner to produce files with lossy or lossless compression.  The encoding process is briefly described in the <a href="#notes">Notes</a> and in some of the <a href="#useful">Useful references</a> below.  The outcome is the creation of a bitstream (or "codestream") that may be employed in <i>scalable</i> fashion, sometimes stated as "compress once, decompress many ways."  In addition, producers of JPEG 2000 images may identify segments as <i>regions of interest</i> (ROI). Core coding permits certain types of ROI definition; additional types may be defined under <fddLink id="fdd000141">J2K_EXT</fddLink> (specification Part 2).</p>
			<p>Particular implementations of JPEG 2000 Core Coding may be established as <i>profiles</i>; see <a href="#notes">Notes</a> below.  The profiles serve as the basis for several subtypes listed here.  A given file may conform to more than one profile, or fit into more than one subtype.</p>
		</fdd:description>
		<fdd:shortDescription>Compression encoding generally used for full color and grayscale continuous-tone pictorial images.  Core coding uses a discrete wavelet transform and other compression elements in a variable manner, and the outcome may be lossy or lossless. </fdd:shortDescription>
		<fdd:productionPhase>May be applied in initial-state picture creation; often used for middle- and final-state archiving or end-user delivery.</fdd:productionPhase>
		<fdd:relationships>
			<fdd:relationship>
				<fdd:typeOfRelationship>Has subtype</fdd:typeOfRelationship>
				<fdd:relatedTo>
					<fdd:id>fdd000139</fdd:id>
					<fdd:shortName>J2K_C_LL</fdd:shortName>
					<fdd:titleName>JPEG 2000 Part 1, Core Coding, Lossless Compression</fdd:titleName>
				</fdd:relatedTo>
			</fdd:relationship>
			<fdd:relationship>
				<fdd:typeOfRelationship>Has subtype</fdd:typeOfRelationship>
				<fdd:relatedTo>
					<fdd:id>fdd000140</fdd:id>
					<fdd:shortName>J2K_C_LSY</fdd:shortName>
					<fdd:titleName>JPEG 2000 Part 1, Core Coding, Lossy Compression</fdd:titleName>
				</fdd:relatedTo>
			</fdd:relationship>
			<fdd:relationship>
				<fdd:typeOfRelationship>Has subtype</fdd:typeOfRelationship>
				<fdd:relatedTo>
					<fdd:id>fdd000194</fdd:id>
					<fdd:shortName>J2K_C_Profile_0</fdd:shortName>
					<fdd:titleName>Profile 0 for JPEG 2000 Part 1, Core Coding</fdd:titleName>
				</fdd:relatedTo>
			</fdd:relationship>
			<fdd:relationship>
				<fdd:typeOfRelationship>Has subtype</fdd:typeOfRelationship>
				<fdd:relatedTo>
					<fdd:id>fdd000196</fdd:id>
					<fdd:shortName>J2K_C_Profile_1</fdd:shortName>
					<fdd:titleName>Profile 1 for JPEG 2000 Part 1, Core Coding</fdd:titleName>
				</fdd:relatedTo>
			</fdd:relationship>
			<fdd:relationship>
				<fdd:typeOfRelationship>Has subtype</fdd:typeOfRelationship>
				<fdd:relatedTo>
					<fdd:id>fdd000211</fdd:id>
					<fdd:shortName>J2K_C_Profile_3</fdd:shortName>
					<fdd:titleName>Profile 3 for JPEG 2000 Part 1, Core Coding</fdd:titleName>
				</fdd:relatedTo>
				<fdd:comment>For Digital Cinema.</fdd:comment>
			</fdd:relationship>
			<fdd:relationship>
				<fdd:typeOfRelationship>Has subtype</fdd:typeOfRelationship>
				<fdd:relatedTo>
					<fdd:id>fdd000213</fdd:id>
					<fdd:shortName>J2K_C_Profile_4</fdd:shortName>
					<fdd:titleName>Profile 4 for JPEG 2000 Part 1, Core Coding</fdd:titleName>
				</fdd:relatedTo>
				<fdd:comment>For Digital Cinema.</fdd:comment>
			</fdd:relationship>
			<fdd:relationship>
				<fdd:typeOfRelationship>Has subtype</fdd:typeOfRelationship>
				<fdd:relatedTo>
					<fdd:id>fdd000170</fdd:id>
					<fdd:shortName>J2K_C_BIIF_01_00</fdd:shortName>
					<fdd:titleName>BIIF Profile for JPEG 2000 Part 1, Core Coding, Version 01.00</fdd:titleName>
				</fdd:relatedTo>
			</fdd:relationship>
			<fdd:relationship>
				<fdd:typeOfRelationship>Has subtype</fdd:typeOfRelationship>
				<fdd:comment>BIIF Profile for JPEG 2000 Part 1, Core Coding, Version 01.10 (2009), not described at this Web site at this time</fdd:comment>
			</fdd:relationship>
			<fdd:relationship>
				<fdd:typeOfRelationship>Has subtype</fdd:typeOfRelationship>
				<fdd:relatedTo>
					<fdd:id>fdd000192</fdd:id>
					<fdd:shortName>J2K_C_NDNP</fdd:shortName>
					<fdd:titleName>NDNP Profile for JPEG 2000 Part 1, Core Coding</fdd:titleName>
				</fdd:relatedTo>
			</fdd:relationship>
			<fdd:relationship>
				<fdd:typeOfRelationship>Has subtype</fdd:typeOfRelationship>
				<fdd:relatedTo>
					<fdd:titleName>Profiles for broadcast applications</fdd:titleName>
				</fdd:relatedTo>
				<fdd:comment>These seven profiles are specified in ISO/IEC 15444-1:2004/Amd 3:2010.  Not described at this Web site at this time.</fdd:comment>
			</fdd:relationship>
		</fdd:relationships>
	</fdd:identificationAndDescription>
	<fdd:localUse>
		<fdd:experience>See <fddLink id="fdd000143">JP2_FF</fddLink>
		</fdd:experience>
		<fdd:preference>See <fddLink id="fdd000143">JP2_FF</fddLink>
		</fdd:preference>
	</fdd:localUse>
	<fdd:sustainabilityFactors>
		<fdd:disclosure>Open standard.  Developed by Joint Technical Committee ISOAEC JTC 1, Information technology, Subcommittee SC 29, Coding of audio, picture, multimedia and hypermedia information in collaboration with ITU-T.</fdd:disclosure>
		<fdd:documentation>ISO/IEC 15444-1:2004. Information technology -- JPEG 2000 image coding system -- Part 1: Core coding system. See complete list of ISO/IEC JPEG 2000 standards in <a href="fdd000143.shtml#specs">JP2_FF format specifications</a>.</fdd:documentation>
		<fdd:adoption>See <fddLink id="fdd000143">JP2_FF</fddLink>
		</fdd:adoption>
		<fdd:licensingAndPatents>The <i>Guide to the Practical Implementation of JPEG 2000</i>, cited in <a href="#useful">Useful references</a> below, reports, "The JPEG committee has striven to ensure that implementations of Part 1 can be royalty and license-fee free. To help ensure its success, a number of patent holders have waived the right to impose royalties and license fees in connection with JPEG 2000; other technology patents are believed to be non-essential for implementation. This is not a formal guarantee, however."  The specification lists 17 patent holders in Annex L; the compiler of this document was unable to identify a patent pool or similar collective that represented this group of patent-holders.</fdd:licensingAndPatents>
		<fdd:transparency>Depends upon algorithms and tools to read; will require sophistication to build tools.
 JPEG 2000 compensates for this lack of transparency (typical of most compressed	data formats) by a number of &quot;resiliency&quot; elements, described in the <a href="#notes">Notes</a> below.</fdd:transparency>
		<fdd:selfDocumentation>See <fddLink id="fdd000143">JP2_FF</fddLink>
		</fdd:selfDocumentation>
		<fdd:externalDependencies>None.
		</fdd:externalDependencies>
		<fdd:techProtection>See <fddLink id="fdd000143">JP2_FF</fddLink>
		</fdd:techProtection>
	</fdd:sustainabilityFactors>
	<fdd:qualityAndFunctionalityFactors>
		<fdd:stillImageQF>
			<fdd:normalImage>Good support.</fdd:normalImage>
			<fdd:clarity>Excellent support, accommodating images with large picture sizes, high spatial resolution, and high bit depth.  Color rendering (see below for color maintenance) is enhanced by the existence of lossless as well as lossy options for component transforms, and by the possibility of using a wide array of color spaces (each must be identified), three of which are in the specification as defaults: sRGB and sYCC (defined in IEC 61966-2-1 amended), and a grayscale space related to sRGB.  The lossless compression algorithm permits the unchanged image to be recreated upon decompression.  In the lossy realm, the use of wavelet transforms and other elements means that J2K_C codestreams provide greater clarity than <fddLink id="fdd000017">JPEG_DCT</fddLink> ("old" JPEG) at the same file size, or equal clarity in smaller files.</fdd:clarity>
			<fdd:colorMaint>The management of color is supported by the color space elements noted above, and by support for two classes of ICC color profiles defined in ICC.1:1998-09: <i>Monochrome Input Profile</i> and <i>Three-Component Matrix-Based Input Profile</i>.  An <a href="https://www.color.org/profile.xalter">ICC profile</a> is data that may be encapsulated within a JPEG 2000 file that contains a mapping between color component values and a generic color space called the <i>Profile Connection Space</i> (PCS), employing the "fictitious primaries" called X, Y, and Z.</fdd:colorMaint>
			<fdd:graphics>See <fddLink id="fdd000143">JP2_FF</fddLink>
			</fdd:graphics>
			<fdd:multispectral>No support; support for what are called multiple component images is provided by <fddLink id="fdd000154">JPX_FF</fddLink>.</fdd:multispectral>
			<fdd:beyondImage>Special features for error resiliency are described in the <a href="#notes">Notes</a>. </fdd:beyondImage>
		</fdd:stillImageQF>
	</fdd:qualityAndFunctionalityFactors>
	<fdd:fileTypeSignifiers>
		<fdd:signifiersGroup>
			<fdd:filenameExtension>
				<fdd:sigValues>
					<fdd:sigValue>j2c</fdd:sigValue>
				</fdd:sigValues>
				<fdd:note>Extension for raw codestreams; see also <fddLink id="fdd000143">JP2_FF</fddLink>
				</fdd:note>
			</fdd:filenameExtension>
			<fdd:internetMediaType>
				<fdd:sigValueNA>See related format.</fdd:sigValueNA>
				<fdd:note>See <fddLink id="fdd000143">JP2_FF</fddLink>
				</fdd:note>
			</fdd:internetMediaType>
			<fdd:magicNumbers>
				<fdd:sigValueNA>See related format.</fdd:sigValueNA>
				<fdd:note>See <fddLink id="fdd000143">JP2_FF</fddLink>
				</fdd:note>
			</fdd:magicNumbers>
			<fdd:other>
				<fdd:tag>File type brand (ISO Base Media File Format)</fdd:tag>
				<fdd:values>
					<fdd:sigValueNA>See related format.</fdd:sigValueNA>
					<fdd:note>See <fddLink id="fdd000143">JP2_FF</fddLink>
					</fdd:note>
				</fdd:values>
			</fdd:other>
		</fdd:signifiersGroup>
	</fdd:fileTypeSignifiers>
	<fdd:notes>
		<fdd:general>
			<p>
				<b>Regarding encoding.</b> The following three paragraphs have been paraphrased from pages 14-15 of the <i>Guide to the Practical Implementation of JPEG 2000</i> (2003, see <a href="#useful">Useful references</a> below).  This publication includes well-written explanations of additional coding elements, e.g., tiling, codeblock and precinct partitioning, bit plane coding and layering, all of which play a role in JPEG 2000's vaunted scalability.</p>
			<p>Three of the most important areas of compression system design are choice of the transformation (or transformations), choice of the data reduction method (or methods), and choice of the coding system (or systems). JPEG 2000 uses (a) the wavelet transform, (b) a combination of coefficient quantization and post-encoding data reduction, and (c) arithmetic coding.  Quantization means simply that the precision of the numbers in the transform domain, the 'transform coefficients', is selectively reduced: each number is divided by an integer quantization factor and any remainder (fractional part) is thrown away. Unlike the "old" JPEG, in JPEG 2000 the lossy compression is secondary.  Post-encoding data reduction means throwing away some of the encoded data: although this may sound wasteful (why encode it and then throw it away?), it is much more flexible. It enables data reduction to be optimized for varying quality without any recoding (because the quantization is not changed), and it enables an existing JPEG 2000 image to be further compressed, e.g. from lossless to lossy or from lossy to even more lossy, also without any decoding, which supports the important 'scalability' offered by the new format.</p>
			<p>Stated simply, the sequence of events in JPEG 2000 encoding is (1) wavelet transform, (2) quantize coefficients, (3) arithmetic coding, and (4) post-encoding data reduction.  Mathematically, the wavelet transform is closely related to the process of sub-sampling, which means reducing the image data by lowering the number of sample points across the image; that is, lowering the image resolution. (For example, keeping only every other sample would reduce the resolution by a factor of 2; if done in both horizontal and vertical directions it would quarter the amount of data.) Because of this relationship, the wavelet transform is well suited to the removal of the redundancy corresponding to correlations between neighbouring image samples. It is also well suited to enabling the effective sub-sampling of chrominance (color information) relative to luminance (brightness information) in color imagery; this is an appropriate lossy compression technique because the eye is significantly less sensitive to variations in colour than in brightness.</p>
			<p>In other compression systems, such as "old" JPEG, chrominance data are often explicitly subsampled by a factor of 2 in each direction. JPEG 2000's more subtle data reduction in the wavelet-transform domain allows a 'soft sub-sampling' that is more closely matched to the eye. An interesting consequence of the relative insignificance of color information is that the compressed bit-rate figures for visually lossless (about 3 bits per pixel), near-lossless (about 1 bit per pixel), and usable images (about 0.25 bits per pixel or less), are approximately valid for <i>both</i> monochrome and color. In contrast, "old" JPEG's compression required two different compression ratios for monochrome (higher) and color (lower) to achieve the same visual effect. JPEG 2000's lossless compression cannot take advantage of the eye's reduced sensitivity to chrominance and thus does not offer the same effect. In any case lossless compression does not discard the information contained in even the least significant bits. That is why lossily compressed imagery is usually characterized by its compressed bit-rate (in bits per pixel) regardless of the raw data precision, whereas losslessly compressed imagery is usually characterized by compression ratio relative to the raw data.</p>
			<p>Additional notes pertaining to lossless and lossy compression are provided in <fddLink id="fdd000139">J2K_C_LL</fddLink> and <fddLink id="fdd000140">J2K_C_LSY</fddLink>.</p>
			<p>
				<b>Regarding resiliency.</b> Part 1 of the JPEG 2000 standard (the subject of this description) includes several elements intended to overcome errors that may arise in the networked transmission of image data.  As indicated under the Transparency heading in the Sustainability section of this description,  these resiliency elements also support preservation by compensating for the encoding&apos;s lack of transparency. The following bullets paraphrase the elements enumerated in annex J.7 of the standard:</p>
			<ul>
				<li>The entropy coding of the quantized coefficients is done within code-blocks. Since the encoding and decoding of the code-blocks are independent, bit errors in the bit stream of a code-block will be contained within that code-block.</li>
				<li>Termination of the arithmetic coder is allowed after every coding pass. Also, the contexts may be reset after each coding pass. This allows the arithmetic coder to continue to decode coding passes after errors.</li>
				<li>The optional arithmetic coding bypass style puts raw bits into the bit stream without arithmetic coding. This prevents the types of error propagation to which variable length coding is susceptible.</li>
				<li>Short packets are achieved by moving the packet headers to the PPM (Packed Packet headers, Main header marker) or PPT (Packed packet header, Tile-part header marker) segments. If there are errors, the packet headers in the PPM or PPT marker segments can still be associated with the correct packet by using the sequence number in the SOP (Start of Packet marker).</li>
				<li>A segmentation symbol is a special symbol. The correct decoding of this symbol confirms the correctness of the decoding of this bit-plane which allows error detection.</li>
				<li>A packet with a resynchronization marker SOP allows spatial partitioning and resynchronization. This is placed in front of every packet in a tile with a sequence number stating at zero. It is incremented with each packet.</li>
			</ul>
			<p>Additional resiliency elements, intended to overcome errors that may occur in wireless transmission, are defined in Part 11 of the standard (ISO/IEC 15444-11:2007, Information technology -- JPEG 2000 image coding system: Wireless).</p>
			<p>
				<b>Regarding profiles.</b> Particular implementations of JPEG 2000 Core Coding may be established as <i>profiles</i>. Amendment 1 to Part 1 of the Standard, titled <i>Codestream Restrictions</i>, establishes <fddLink id="fdd000194">J2K_C_Profile_0</fddLink> (Profile 0) and <fddLink id="fdd000196">J2K_C_Profile_1</fddLink> (Profile 1), and (by implication) profile 2 (no constraints).  A further amendment to serve the Digital Cinema Initiative's <fddLink id="fdd000200">DCP_1_0</fddLink> specification was proposed in 2005 and establishes <fddLink id="fdd000211">J2K_C_Profile_3</fddLink> (Profile 3) and <fddLink id="fdd000213">J2K_C_Profile_4</fddLink> (Profile 4).  In <i>JPEG2000: Image Compression Fundamentals, Standards and Practices</i> (2002), David S. Taubman and Michael W. Marcellin compare JPEG 2000 profiles to those in MPEG standards: "In JPEG 2000, however, profiles play a much less significant role, since compliant processors are not required to recover all of the information in the codestream."  As summarized by Michael Gormish at a Web page no longer available in December 2011 (formerly at http://www.crc.ricoh.com/~gormish/jpeg2000.html), "Profile 0 codestreams are not allowed to use some of the features of JPEG 2000 . . . . Profile 1 codestreams are only slightly limited from JPEG 2000, the primary limitation is that all components must contain low resolution pieces of 128x128 or smaller."  The specification itself adds, "The case of 'No Restrictions' meaning conforming to JPEG-2000 Part-1 standard can be called profile-2."  (Amendment 1, p. 1)  The profiles are agnostic regarding the use of <fddLink id="fdd000139">J2K_C_LL</fddLink> (Lossless Compression) and <fddLink id="fdd000140">J2K_C_LSY</fddLink> (Lossy Compression), although most of the profiles are designed for service in applications where lossy compression will be employed.</p>
			<p>A <a href="https://www.loc.gov/ndnp/guidelines/docs/NDNP_JP2HistNewsProfile.pdf">profile for scanned newspaper pages</a>, called <fddLink id="fdd000192">J2K_C_NDNP</fddLink> at this Web site, has been specified for the <a href="https://www.neh.gov/divisions/preservation/national-digital-newspaper-program">National Digital Newspaper Program</a>, launched by the Library of Congress and the National Endowment for the Humanities during 2004.  This profile has much in common with Profile 0 as listed above.</p>
		</fdd:general>
	</fdd:notes>
	<fdd:formatSpecifications>
		<fdd:citations>
			<fdd:citation>
				<fdd:specReference>ISO/IEC 15444-1:2004. Information technology -- JPEG 2000 image coding system -- Part 1: Core coding system.</fdd:specReference>
			</fdd:citation>
		</fdd:citations>
	</fdd:formatSpecifications>
	<fdd:usefulReferences>
		<fdd:urls>
			<fdd:url>
				<fdd:urlReference>
					<link>https://jpeg.org/jpeg2000/</link>
					<tag>JPEG 2000</tag>
					<comment>The official Web site of the Joint Photographic Experts Group, JPEG, and Joint Bi-level Image experts Group, JBIG. </comment>
				</fdd:urlReference>
			</fdd:url>
			<fdd:url>
				<fdd:urlReference>
					<link>https://web.archive.org/web/20090419051120/http://www.upatras.gr/ieee/skodras/pubs/ans-c36.pdf</link>
					<tag>"On the JPEG2000 Implementation on Different Computer Platforms"</tag>
					<comment>No longer online.  Link via Internet Archive&apos;s Wayback Machine.</comment>
				</fdd:urlReference>
			</fdd:url>
			<fdd:url>
				<fdd:urlReference>
					<link>http://www.digitizationguidelines.gov/resources/jpeg2000.html</link>
					<tag>JPEG 2000 Summit Workshop at Library of Congress, May 2011</tag>
					<comment>Includes links to presentations and other information.</comment>
				</fdd:urlReference>
			</fdd:url>
			<fdd:url>
				<fdd:urlReference>
					<link>https://web.archive.org/web/20061019171142/http://www.crc.ricoh.com/~gormish/jpeg2000.html</link>
					<tag>JPEG 2000: Gormish Notes on the family of standards and it&apos;s usage </tag>
					<comment>By Michael J. Gormish; Internet Archive 2006 version of page formerly at ricoh.com.</comment>
				</fdd:urlReference>
			</fdd:url>
		</fdd:urls>
		<fdd:citations>
			<fdd:citation>
				<fdd:bookReference>Colyer, Greg and Richard Clark. <i>Guide to the Practical Implementation of JPEG 2000.</i> London: British Standards Institute, 2003.  ISBN: 0580412423 BSI: PD 6777:2003.</fdd:bookReference>
			</fdd:citation>
			<fdd:citation>
				<fdd:bookReference>Taubman, David S. and Michael W. Marcellin. <i>JPEG2000: Image Compression Fundamentals, Standards and Practices.</i> Boston: Kluwer Academic Publishers, 2002. ISBN 0-7923-7519-X.</fdd:bookReference>
			</fdd:citation>
		</fdd:citations>
	</fdd:usefulReferences>
</fdd:FDD>
