<?xml version="1.0" encoding="UTF-8"?>
<fdd:FDD id="fdd000133" titleName="GIF Graphics Interchange Format, Version 89a" shortName="GIF_89a" xmlns:xsi="http://www.w3.org/2001/XMLSchema-instance" xmlns:fdd="http://www.loc.gov/preservation/digital/formats/schemas/fdd/v1" xsi:schemaLocation="http://www.loc.gov/preservation/digital/formats/schemas/fdd/v1 http://www.loc.gov/preservation/digital/formats/schemas/fdd/v1/fdd-v1-1.xsd">
	<fdd:properties>
		<fdd:gdfrGenreSelection>
			<fdd:gdfrGenre>still-image</fdd:gdfrGenre>
		</fdd:gdfrGenreSelection>
		<fdd:formatCategories>
			<fdd:category>encoding</fdd:category>
			<fdd:category>file-format</fdd:category>
		</fdd:formatCategories>
		<fdd:gdfrComposition>unitary</fdd:gdfrComposition>
		<fdd:gdfrConstraint>unstructured</fdd:gdfrConstraint>
		<fdd:gdfrBasis>sampled</fdd:gdfrBasis>
		<fdd:updates>
			<fdd:date>2006-10-04</fdd:date>
		</fdd:updates>
		<fdd:draftStatus>Full</fdd:draftStatus>
	</fdd:properties>
	<fdd:identificationAndDescription>
		<fdd:fullName>Graphics Interchange Format, Version 89a</fdd:fullName>
		<fdd:keywords>
			<fdd:keyword>raster image formats</fdd:keyword>
		</fdd:keywords>
		<fdd:description>Commmonly known as GIF, this is a bitmapped image format widely used on the Web.  Options include "progressive display" in which the rendering exploits interlaced lines, permitting recognizable images to appear before the whole file has downloaded; and short animations that exploit multiple images and control data within a single file.  GIF uses <a href="fdd000135.shtml">LZW</a> compression and palette-based color (256 or fewer shades).</fdd:description>
		<fdd:shortDescription>A bitmapped image format widely used on the Web.  </fdd:shortDescription>
		<fdd:productionPhase>Generally used for middle- and final-state (end-user delivery) purposes. </fdd:productionPhase>
		<fdd:relationships>
			<fdd:relationship>
				<fdd:typeOfRelationship>Has earlier version</fdd:typeOfRelationship>
				<fdd:comment>Graphics Interchange Format, version 87a, not documented here</fdd:comment>
			</fdd:relationship>
			<fdd:relationship>
				<fdd:typeOfRelationship>Contains</fdd:typeOfRelationship>
				<fdd:relatedTo>
					<fdd:id>fdd000135</fdd:id>
					<fdd:shortName>LZW</fdd:shortName>
					<fdd:titleName>LZW Compression Encoding</fdd:titleName>
				</fdd:relatedTo>
				<fdd:comment/>
			</fdd:relationship>
		</fdd:relationships>
	</fdd:identificationAndDescription>
	<fdd:localUse>
		<fdd:experience>None (or very little)</fdd:experience>
		<fdd:preference>
			<fddLink id="fdd000024">TIFF_G4</fddLink> (for documents) and <fddLink id="fdd000023">TIFF_UNC</fddLink> (for documents or pictorial images) are preferred as master images.  Future explorations may add <fddLink id="fdd000138">J2K_C</fddLink> (JPEG 2000 Part 1, Core Coding System), especially <fddLink id="fdd000139">J2K_L_LL</fddLink> (JPEG 2000 Part 1, Core Coding , Lossless Compression) to the Library's list of preferences.  The Library of Congress Recommended Formats Statement (RFS) includes GIF as an acceptable format for <a href="http://www.loc.gov/preservation/resources/rfs/stillimg.html">photographs in digital form</a> and <a href="http://www.loc.gov/preservation/resources/rfs/stillimg.html">other graphic images in digital form</a> It is also a preferred format for <a href="http://www.loc.gov/preservation/resources/rfs/design3D.html">2D and 3D Computer Aided Design raster images</a>. The RFS does not specify a version of GIF.</fdd:preference>
	</fdd:localUse>
	<fdd:sustainabilityFactors>
		<fdd:disclosure>Proprietary standard, openly described. Originally developed by CompuServe Incorporated, Columbus, Ohio.</fdd:disclosure>
		<fdd:documentation>The specification is available from more than one third party, e.g., <a href="http://www.w3.org/Graphics/GIF/spec-gif89a.txt">W3C</a> (the World Wide Web Consortium).
</fdd:documentation>
		<fdd:adoption>Widely adopted.  Many software tools exist for encoding and decoding.  Natively supported by Web browsers.</fdd:adoption>
		<fdd:licensingAndPatents>GIF became notorious in 1994, when UniSys began charging fees to license the <fddLink id="fdd000135">LZW</fddLink> compression algorithm.  Unisys's US patent expired in June 2003, and its European and Japanese patents expired in June 2004.
		</fdd:licensingAndPatents>
		<fdd:transparency>
			Relatively transparent but depends upon algorithms and tools to read.
		</fdd:transparency>
		<fdd:selfDocumentation>
			None
		</fdd:selfDocumentation>
		<fdd:externalDependencies>
			None
		</fdd:externalDependencies>
		<fdd:techProtection>
			None
		</fdd:techProtection>
	</fdd:sustainabilityFactors>
	<fdd:qualityAndFunctionalityFactors>
		<fdd:stillImageQF>
			<fdd:normalImage>Good support.</fdd:normalImage>
			<fdd:clarity>Good, within the limits of palette-based color, discussed in the <a href="http://en.wikipedia.org/wiki/GIF">GIF entry</a> in the Wikipedia (as of September 14, 2003).  <fddLink id="fdd000135">LZW</fddLink> compression is lossless, which supports clarity.</fdd:clarity>
			<fdd:colorMaint>Excellent, since GIF files carry palette information (in terms of RGB values), as internal data. ICC <a href="http://www.color.org/icc1V42.pdf">Profile version 4.2.0.0</a> (Specification ICC.1:2004-10, page 70) provides guidance for embedding ICC profiles in GIF files as Application Extension blocks: &#34;The Application Identifier for an embedded profile shall be the following 8 bytes: &#39;ICCRGBG1.&#39;&#34;</fdd:colorMaint>
			<fdd:graphics>Not applicable.</fdd:graphics>
			<fdd:beyondImage>GIF 89a supports "alpha channel" information relating to the transparency of colors, although not all browsers support this feature.</fdd:beyondImage>
		</fdd:stillImageQF>
	</fdd:qualityAndFunctionalityFactors>
	<fdd:fileTypeSignifiers>
		<fdd:signifiersGroup>
			<fdd:filenameExtension>
				<fdd:sigValues>
					<fdd:sigValue>gif</fdd:sigValue>
				</fdd:sigValues>
			</fdd:filenameExtension>
			<fdd:internetMediaType>
				<fdd:sigValues>
					<fdd:sigValue>image/gif</fdd:sigValue>
				</fdd:sigValues>
				<fdd:note>From <a href="http://www.iana.org/assignments/media-types/image/">IANA Image Media Types list</a> and <a href="http://www.rfc-editor.org/rfc/rfc2046.txt">RFC 2046</a>, Internet Engineering Task Force.</fdd:note>
			</fdd:internetMediaType>
			<fdd:magicNumbers>
				<fdd:sigValues>
					<fdd:sigValue>Hex: 47 49 46 38 39 61</fdd:sigValue>
					<fdd:sigValue>ASCII: GIF89a</fdd:sigValue>
				</fdd:sigValues>
				<fdd:note>
					<p>From Gary Kessler's <a href="http://www.garykessler.net/library/file_sigs.html">File Signature Page</a>.</p>
					<p>Kessler's page also reports a GIF "trailer" as Hex: <i>00 3B</i> ASCII: <i>{NUL} ;</i>.  The 00 (NUL) marks the end of the image data (content stream) and the semicolon the end of file. See <a href="http://www.matthewflickinger.com/lab/whatsinagif/bits_and_bytes.asp">What&apos;s In A GIF - Bit by Byte</a> for diagrams of the structure of a GIF file.</p>
				</fdd:note>
			</fdd:magicNumbers>
			<fdd:other>
				<fdd:tag>Pronom PUID</fdd:tag>
				<fdd:values>
					<fdd:sigValues>
						<fdd:sigValue>fmt/4</fdd:sigValue>
					</fdd:sigValues>
					<fdd:note>See <a href="http://www.nationalarchives.gov.uk/PRONOM/fmt/4">http://www.nationalarchives.gov.uk/PRONOM/fmt/4</a>.</fdd:note>
				</fdd:values>
			</fdd:other>
			<fdd:other>
				<fdd:tag>Wikidata Title ID</fdd:tag>
				<fdd:values>
					<fdd:sigValues>
						<fdd:sigValue>Q27526739</fdd:sigValue>
					</fdd:sigValues>
					<fdd:note>See <a href="https://www.wikidata.org/wiki/Q27526739">https://www.wikidata.org/wiki/Q27526739</a>.
					</fdd:note>
				</fdd:values>
			</fdd:other>
		</fdd:signifiersGroup>
	</fdd:fileTypeSignifiers>
	<fdd:notes>
		<fdd:general>According to <a href="http://en.wikipedia.org/wiki/GIF">Wikipedia</a> (as of August 29, 2008), "The creators of the format pronounced GIF with a soft &quot;g&quot;, /ˈdʒɪf/, as in &quot;George&quot;. However, many people pronounce GIF with a hard &quot;G&quot;, as in a &apos;gift&apos; IPA: /ˈɡɪf/, reflecting the way it is pronounced in its own acronym (Graphics Interchange Format)."</fdd:general>
		<fdd:history>
			<p>According to <a href="http://en.wikipedia.org/wiki/GIF">Wikipedia</a> (as of August 29, 2008), "CompuServe introduced the GIF format in 1987 to provide a color image format for their file downloading areas, replacing their earlier run-length encoding (RLE) format, which was black and white only. GIF became popular because it used LZW data compression, which was more efficient than the run-length encoding that formats such as PCX and MacPaint used, and fairly large images could therefore be downloaded in a reasonably short time, even with very slow modems. ... The optional interlacing feature, which stores image scan lines out of order in such a fashion that even a partially downloaded image was somewhat recognizable, also helped GIF&apos;s popularity, as a user could abort the download if it was not what was required."</p>
			<p>The ironically titled <a href="http://www.kyzer.me.uk/essays/giflzw/">"Sad day . . . GIF patent dead at 20"</a> includes a useful chronology compiled by an individual unhappy with Unisys's patent protections as applied to <fddLink id="fdd000135">LZW</fddLink> compression.</p>
			<p>The Wikipedia article also includes information about PNG (a format specifically designed to succeed GIF and to avoid patent problems) and MNG (a variant of PNG that supports animation).  PNG was never widely adopted, probably because it arrived coincident with the availability of browser support for <fddLink id="fdd000018">JFIF</fddLink> (the file format for <fddLink id="fdd000017">JPEG_ENC</fddLink> encoding), and because the LZW US patent was scheduled to expire in 2003.  MNG was never directly supported in browsers.</p>
		</fdd:history>
	</fdd:notes>
	<fdd:formatSpecifications>
		<fdd:urls>
			<fdd:url>
				<fdd:urlReference>
					<link>http://www.w3.org/Graphics/GIF/spec-gif89a.txt</link>
					<tag>GIF 89a specification</tag>
					<comment>Reproduced at W3C site.</comment>
				</fdd:urlReference>
			</fdd:url>
			<fdd:url>
				<fdd:urlReference>
					<link>http://www.nikis.de/181/gif89a.htm</link>
					<tag>GIF 89a specification</tag>
					<comment>Reproduced at a German Web site.</comment>
				</fdd:urlReference>
			</fdd:url>
		</fdd:urls>
	</fdd:formatSpecifications>
	<fdd:usefulReferences>
		<fdd:urls>
			<fdd:url>
				<fdd:urlReference>
					<link>http://en.wikipedia.org/wiki/GIF</link>
					<tag>Wikipedia GIF entry</tag>
					<comment/>
				</fdd:urlReference>
			</fdd:url>
			<fdd:url>
				<fdd:urlReference>
					<link>http://www.matthewflickinger.com/lab/whatsinagif/</link>
					<tag>What&apos;s In A GIF</tag>
					<comment>Description of the format with lots of diagrams.</comment>
				</fdd:urlReference>
			</fdd:url>
			<fdd:url>
				<fdd:urlReference>
					<link>http://www.kyzer.me.uk/essays/giflzw/</link>
					<tag>"Sad day . . . GIF patent dead at 20"</tag>
					<comment>Example of Web page by person unhappy with Unisys patent policy, 1994-2003.  Contains useful chronology.</comment>
				</fdd:urlReference>
			</fdd:url>
			<fdd:url>
				<fdd:urlReference>
					<link>http://www.ietf.org/rfc/rfc2046.txt</link>
					<tag>RFC 2046 on MIME Types</tag>
					<comment>From Internet Engineering Task Force</comment>
				</fdd:urlReference>
			</fdd:url>
			<fdd:url>
				<fdd:urlReference>
					<link>http://www.nationalarchives.gov.uk/PRONOM/fmt/4</link>
					<tag>PRONOM entry for GIF 89a</tag>
					<comment>PUID for GIF 89a is fmt/4.  PUID for GIF 87a (not described here) is fmt/3.</comment>
				</fdd:urlReference>
			</fdd:url>
			<fdd:url>
				<fdd:urlReference>
					<link>https://www.wikidata.org/wiki/Q27526739</link>
					<tag>Wikidata entry for Q27526739</tag>
					<comment>Information in Wikidata about GIF 89a. Wikidata Title ID: Q27526739.</comment>
				</fdd:urlReference>
			</fdd:url>
			<fdd:url>
				<fdd:urlReference>
					<link>http://jhove.sourceforge.net/gif-hul.html</link>
					<tag>GIF-hul module documentation from JHOVE</tag>
				</fdd:urlReference>
			</fdd:url>
			<fdd:url>
				<fdd:urlGroup>
					<fdd:intro>The Encyclopedia of Graphic File Formats, 2nd Edition, 1996 (EGFF) has information on this format.  See print citation below.  Online access is available at:</fdd:intro>
					<fdd:urlList>
						<fdd:urlReference>
							<link>http://www.fileformat.info/format/gif/egff.htm</link>
							<tag>EGFF: GIF File Format Summary
</tag>
							<comment>From FileFormat.Info.  This presentation states that the work has been released under a Creative Commons Attribution license.</comment>
						</fdd:urlReference>
						<fdd:urlReference>
							<link>http://web.archive.org/web/20071210094024/http://www.fileformat.info/format/gif/egff.htm</link>
							<tag>EGFF: GIF File Format Summary
</tag>
							<comment>From FileFormat.Info, via Internet Archive&apos;s Wayback Machine.  Included because FileFormat.info has not been updated recently (as of November 2012) and was not functioning for a period.</comment>
						</fdd:urlReference>
						<fdd:urlReference>
							<link>http://netghost.narod.ru/gff/graphics/summary/gif.htm</link>
							<tag>EGFF: GIF</tag>
							<comment>Copy made available from a site in Russia.</comment>
						</fdd:urlReference>
					</fdd:urlList>
				</fdd:urlGroup>
			</fdd:url>
		</fdd:urls>
		<fdd:citations>
			<fdd:citation>
				<fdd:bookReference>
					<bookRefDetail rel="au">Murray, James D.</bookRefDetail> and <bookRefDetail rel="au">William vanRyper</bookRefDetail>. <bookRefDetail rel="btitle">Encyclopedia of Graphics File Formats, 2nd Edition.</bookRefDetail> 
Sebastopol, CA. : O'Reilly &amp; Associates, <bookRefDetail rel="date">1996</bookRefDetail>. Includes CD-ROM with complete text of book, and copies of several file format specifications. </fdd:bookReference>
			</fdd:citation>
		</fdd:citations>
	</fdd:usefulReferences>
</fdd:FDD>
