<?xml version="1.0" encoding="UTF-8"?>
<fdd:FDD id="fdd000318" titleName="PDF/A, PDF for Long-term Preservation" shortName="PDF/A" xmlns:xsi="http://www.w3.org/2001/XMLSchema-instance" xmlns:fdd="http://www.loc.gov/preservation/digital/formats/schemas/fdd/v1" xsi:schemaLocation="http://www.loc.gov/preservation/digital/formats/schemas/fdd/v1 http://www.loc.gov/preservation/digital/formats/schemas/fdd/v1/fdd-v1-1.xsd">
	<fdd:properties>
		<fdd:gdfrGenreSelection>
			<fdd:gdfrGenre>text</fdd:gdfrGenre>
		</fdd:gdfrGenreSelection>
		<fdd:formatCategories>
			<fdd:category>family</fdd:category>
			<fdd:category>file-format</fdd:category>
			<fdd:category>encoding</fdd:category>
		</fdd:formatCategories>
		<fdd:gdfrComposition>unitary</fdd:gdfrComposition>
		<fdd:gdfrForm>binary</fdd:gdfrForm>
		<fdd:gdfrConstraint>structured</fdd:gdfrConstraint>
		<fdd:gdfrBasis>symbolic</fdd:gdfrBasis>
		<fdd:updates>
			<fdd:date>2011-02-21</fdd:date>
		</fdd:updates>
		<fdd:draftStatus>Full</fdd:draftStatus>
	</fdd:properties>
	<fdd:identificationAndDescription>
		<fdd:fullName>ISO 19005. Document management - Electronic document file format for long-term preservation </fdd:fullName>
		<fdd:keywords>
			<fdd:keyword>PDF</fdd:keyword>
			<fdd:keyword>Portable Document Format (PDF)</fdd:keyword>
			<fdd:keyword>PDF/A</fdd:keyword>
			<fdd:keyword>document formats</fdd:keyword>
		</fdd:keywords>
		<fdd:description>
			<p>PDF/A is a family of ISO standards for constrained forms of Adobe PDF intended to be suitable for long-term preservation of page-oriented documents for which PDF is already being used in practice.  The PDF/A standards are developed and maintained by a working group with representatives from government, industry, and academia and active support from Adobe Systems Incorporated.  The working group is WG 5 of <i>Technical Committee ISO/TC 171, Document management applications, Subcommittee SC 2, Application issues</i> [ISO TC171/SC2/WG5].  This group works in cooperation with:  ISO/TC130, Graphics technology; ISO/TC42, Photography; and ISO/TC46/SC11, Information and documentation, Archives/records.
management.  </p>
			<p>
				<fddLink id="fdd000125">PDF/A-1</fddLink>, the first PDF/A standard [ISO 19005-1:2005],  was based on PDF version 1.4 and published in 2005.  <fddLink id="fdd000319">PDF/A-2</fddLink> as defined in ISO 19005-2:2011, extends the capabilities of PDF/A-1 and is based on PDF version 1.7 (as defined in ISO 32000-1).  <fddLink id="fdd000360">PDF/A-3</fddLink> adds a single and highly significant feature to its predecessor <fddLink id="fdd000319">PDF/A-2</fddLink>, to permit the embedding within a PDF/A file a file, or files, in any other format, not just other PDF/A files (as permitted in PDF/A-2).  The intent expressed by many proponents is that the embedded files not be considered part of the archival payload.  However, use cases are emerging where the embedded files would likely warrant preservation by archival institutions.</p>
			<p>PDF/A attempts to maximize:</p>
			<ul>
				<li>Device independence</li>
				<li>Self-containment</li>
				<li>Self-documentation</li>
			</ul>
			<p>The constraints include:</p>
			<ul>
				<li>Audio and video content are forbidden</li>
				<li>Javascript and executable file launches are prohibited</li>
				<li>All fonts must be embedded and also must be legally embeddable for unlimited, universal rendering</li>
				<li>Colorspaces specified in a device-independent manner</li>
				<li>Encryption is disallowed</li>
				<li>Use of standards-based metadata is mandated</li>
			</ul>
			<p>The PDF/A standards define levels of conformance:  conformance level A satisfies all requirements in the specification; level B and level U are lower levels of conformance, still satisying the requirements of ISO 19005 regarding the visual appearance of electronic documents, but less demanding as to representation of structural or semantic properties.</p>
		</fdd:description>
		<fdd:shortDescription>A constrained form of Adobe PDF intended to be suitable for long-term preservation of page-oriented documents for which PDF is already being used in practice. The ISO standard family [ISO 19005] is developed and maintained by a working group with representatives from government, industry, and academia and active support from Adobe Systems Incorporated.</fdd:shortDescription>
		<fdd:productionPhase>A final-state format for delivery to end users and long-term preservation of the document as disseminated to users.</fdd:productionPhase>
		<fdd:relationships>
			<fdd:relationship>
				<fdd:typeOfRelationship>Subtype of</fdd:typeOfRelationship>
				<fdd:relatedTo>
					<fdd:id>fdd000030</fdd:id>
					<fdd:shortName>PDF</fdd:shortName>
					<fdd:titleName>Portable Document Format</fdd:titleName>
				</fdd:relatedTo>
			</fdd:relationship>
			<fdd:relationship>
				<fdd:typeOfRelationship>Has subtype</fdd:typeOfRelationship>
				<fdd:relatedTo>
					<fdd:id>fdd000125</fdd:id>
					<fdd:shortName>PDF/A-1</fdd:shortName>
					<fdd:titleName>PDF for Long-term Preservation, Based on PDF 1.4</fdd:titleName>
				</fdd:relatedTo>
			</fdd:relationship>
			<fdd:relationship>
				<fdd:typeOfRelationship>Has subtype</fdd:typeOfRelationship>
				<fdd:relatedTo>
					<fdd:id>fdd000319</fdd:id>
					<fdd:shortName>PDF/A-2</fdd:shortName>
					<fdd:titleName>PDF for Long-term Preservation, Use of ISO 32000-1 (PDF 1.7) (PDF/A-2)</fdd:titleName>
				</fdd:relatedTo>
			</fdd:relationship>
			<fdd:relationship>
				<fdd:typeOfRelationship>Has extension</fdd:typeOfRelationship>
				<fdd:relatedTo>
					<fdd:id>fdd000360</fdd:id>
					<fdd:shortName>PDF/A-3</fdd:shortName>
					<fdd:titleName>PDF for Long-term Preservation, Use of ISO 32000-1 (PDF 1.7) with Embedded Files.</fdd:titleName>
				</fdd:relatedTo>
			</fdd:relationship>
		</fdd:relationships>
	</fdd:identificationAndDescription>
	<fdd:localUse>
		<fdd:experience>LC was represented on the working group for the original PDF/A standard and continues to be active in the development of new versions.</fdd:experience>
		<fdd:preference>
			<p>The Library of Congress expresses preferences for formats for content for its collections through through two venues:</p>
			<ul>
				<li>the &quot;Best Edition&quot; specification from the U.S. Copyright Office in <a href="http://www.copyright.gov/circs/circ07b.pdf">Circular 7b</a>. Rev: 08 ⁄ 2010 of Circular 7b lists formats acceptable for mandatory deposit of Electronic Serials available only online, in order of preference. For page-oriented renditions, PDF/A appears first on the list.  Other forms of PDF are acceptable, preferably with searchable text. [Note: When this Circular was published, PDF/A-2 and PDF/A-3 did not exist.]</li>
				<li>The Library of Congress Recommended Format Statement (RFS) includes PDF/A as a preferred format for <a href="https://www.loc.gov/preservation/resources/rfs/textmus.html">textual works in digital form</a>, <a href="https://www.loc.gov/preservation/resources/rfs/textmus.html">electronic serials</a>, <a href="https://www.loc.gov/preservation/resources/rfs/textmus.html">digital musical compositions</a>, and
<a href="https://www.loc.gov/preservation/resources/rfs/audio.htm">accompanying image/text files for digital audio</a>. The RFS also includes PDF/A as an acceptable format for <a href="https://www.loc.gov/preservation/resources/rfs/stillimg.html">other graphic images - digital</a>.  The RFS list does not distinguish between versions of PDF/A. In general, PDF/A-1 and PDF/A-2 are preferred formats for page-oriented textual (or primarily textual) documents when layout and visual characteristics are more significant than logical structure.  Note that, for PDFs based on page images digitized by scanning, the source images are considered the master format if available.  PDFs created from those images may be optimized for access convenience rather than sustainability.</li>
			</ul>
		</fdd:preference>
	</fdd:localUse>
	<fdd:sustainabilityFactors>
		<fdd:disclosure>
			<p>A family of open standards.  Developed by a working group  (WG 5) under ISO/TC171/SC2, the subcommittee for Document Management Applications, Application Issues, for which AIIM (The Association for Information and Image Management) acts as secretariat until August 2016.  WG5 is a Joint Working Group, which also includes ISO/TC 46 SC11, Archives/records Management, ISO/TC 130, Graphics Technology, and ISO/TC 42, Photography.</p>
		</fdd:disclosure>
		<fdd:documentation>
			<p>
				<a href="http://www.iso.org/iso/iso_catalogue/catalogue_tc/catalogue_detail.htm?csnumber=38920">ISO 19005-1:2005.	Document management -- Electronic document file format for long-term preservation -- Part 1: Use of PDF 1.4 (PDF/A-1)</a>. The standard cannot be used without <a href="http://www.adobe.com/content/dam/Adobe/en/devnet/pdf/pdfs/pdf_reference_archives/PDFReference.pdf">PDF Reference, Third Edition, Version 1.4</a>, which it uses as a normative reference.
	</p>
			<p>
				<a href="http://www.iso.org/iso/iso_catalogue/catalogue_tc/catalogue_detail.htm?csnumber=50655">International Standard ISO 19005-2:2011.	Document management -- Electronic document file format for long-term  preservation -- Part 2: Use of ISO 32000-1 (PDF/A-2)</a>. The standard cannot be used without <a href="http://www.iso.org/iso/iso_catalogue/catalogue_tc/catalogue_detail.htm?csnumber=51502">ISO 32000-1</a>, which it uses as a normative reference.
	</p>
			<p>
				<a href="http://www.iso.org/iso/iso_catalogue/catalogue_tc/catalogue_detail.htm?csnumber=50655">International Standard ISO 19005-3:2012.	Document management -- Electronic document file format for long-term  preservation -- Part 2: Use of ISO 32000-1 with support for embedded files (PDF/A-3)</a>. The standard cannot be used without <a href="http://www.iso.org/iso/iso_catalogue/catalogue_tc/catalogue_detail.htm?csnumber=51502">ISO 32000-1</a>, which it uses as a normative reference.
	</p>
		</fdd:documentation>
		<fdd:adoption>
			<p>Since the initial PDF/A standard was published in late 2005, tools for creation, conversion, and validation have been reaching the market steadily.  Adobe's own Acrobat Professional 7.0 allowed saving files in a form compliant with the draft standard.  Acrobat 8 and later versions support the standard as published.  Microsoft Office 2007 supported creation of PDF/A files through <i>Save as PDF</i>, an add-on module.   Open Office introduced support for PDF/A in release 2.4 (in early 2008).</p>
			<p> Several commercial companies with products aimed at large enterprises, have produced products supporting the creation, migration, and validation of PDF/A files: Apago, Inc., Visioneer (for scanning paper to PDF/A), Callas Software, Compart Systemhaus, Luratech, Nuance, PDF Tools AG.  Many of these companies are based in Europe, where the growing requirements from the EU for use of digital formats that are formal (preferably ISO) standards has produced more market pressure than in the U.S.  Starting with version 0.93 (released in January 2007), the widely used open source FOP (Formatting Object Processor, based on the W3C's XSL-FO standard) from Apache, has support for the minimal PDF/A profile, PDF/A-1b.  A list of supporting products, compiled by AIIM, based on information supplied by vendors, can be found through the <a href="http://web.archive.org/web/20160404213149/http://www.aiim.org/Research-and-Publications/Standards/Articles/PDFA-Compliant-Products">Internet Archive's Wayback Machine</a>
			</p>
			<p>The <a href="http://www.pdfa.org/competence-centers/pdfa-competence-center/">PDF/A Competence Center</a> is a source of news and information about PDF/A.  For example, <a href="http://www.pdfa.org/wp-content/uploads/2011/08/PDFA-forever_1b.pdf">4th International PDF/A Conference Proceedings</a> includes some articles about adoption of and support for PDF/A.  In March 2009, the center issued a press release about a survey, titled <a href="http://www.pdfa.org/2009/03/nearly-all-archiving-projects-use-pdfa/">Nearly all archiving projects use PDF/A
</a>.</p>
			<p>The standards development process involved active participation on behalf of communities whose endorsement or adoption would create significant momentum for wider adoption in the sense of requirement or preference for PDF/A over generic PDF for archival deposit or submission. Important groups are government agencies and legislative and judicial institutions.  Adobe reported migration of legacy "report silos" at several (un-named) financial institutions at a meeting of the European DLM (Document Lifecycle Management) Forum in Helsinki in November 2006.  An increasing number of libraries and other archival institutions are recommending or requiring PDF/A.  For pragmatic reasons, when PDF/A is mandated, PDF/A-1b is usually acceptable.  Full PDF/A-1a compliance, with tagged document structure, is hard to achieve except in a workflow that anticipates that objective from initial document creation.  A few examples of libraries and archives recommending or mandating PDF/A are:  <a href="http://etd.vt.edu/howto/accept.html">Virginia Tech for electronic theses</a>; <a href="http://www.arkivverket.no/eng/Public-Sector/Regulations/Transfer-of-electronic-records">National Archives of Norway</a>; <a href="http://repositories.lib.utexas.edu/recommended_file_formats">University of Texas Libraries</a> (for textual documents deposited in a digital repository).</p>
			<p>Within the U.S. Government, there is an increasing level of encouragement for the use of PDF/A.  The U.S. National Archives and Record Administration (NARA) has participated actively in the development of PDF/A and its 2014 <a href="http://www.archives.gov/records-mgmt/policy/transfer-guidance-tables.html">guidance</a> for transfer of records by government agencies lists PDF/A as a preferred format for textual documents, presentations, posters, and scanned text.  The United States Patent and Trademarks Office (USPTO) has <a href="http://www.uspto.gov/sites/default/files/ebc/portal/efs/pdf-guidelines.pdf">requirements</a> for PDFs that it accepts for electronic filing; the requirements are based on the PDF/A specification.  Documents conforming to PDF/A-1 meet the USPTO requirements.  According to an <a href="https://www.pacer.gov/announcements/general/pdfa.html">announcement</a> available on the PACER (Public Access to Court Electronic Records -- for U.S. Federal Courts) web site in February 2011, "The Judiciary is planning to change the technical standard for filing documents in the Case Management and Electronic Case Filing (CM/ECF) system from PDF to PDF/A."  In July 2012, a <a href="https://www.pacer.gov/announcements/general/pdfa.html">press release</a> by Adlib indicated that the U.S. Department of State had replaced its cable system based on ASCII text with one based on PDF/A.</p>
			<p>A list of entities recommending or requiring use of PDF/A was found at <a href="http://web.archive.org/web/20130502134821/http://www.adobe.com/enterprise/standards/pdfa/">http://www.adobe.com/enterprise/standards/pdfa/</a> from Adobe between 2010 and early 2013 (link now via Internet Archive at http://web.archive.org/web/20130502134821/http://www.adobe.com/enterprise/standards/pdfa/).</p>
			<p>Although many applications claim to create PDF/A files, experience has shown that many PDF documents that identify themselves as PDF/A, are not fully compliant.  In late 2014, a project to develop an open source conformance checker for PDF/A was launched under the auspices of the EU-funded PREFORMA project by the VeraPDF Consortium.  In Spring 2015, results from the design phase were made available at <a href="http://www.preforma-project.eu/pdfa-conformance-checker.html">PREFORMA: PDF/A Conformance Checker</a>.</p>
		</fdd:adoption>
		<fdd:licensingAndPatents>
			<p>Adobe has a number of patents covering technology that is disclosed in the Portable Document Format (PDF) Specification, version 1.3 and later, and hence in the ISO 19005 specifications by reference.  As an ISO standard, the compliance of approved parts of ISO 19005 with the <a href="http://isotc.iso.org/livelink/livelink/fetch/2000/2122/3770791/Common_Policy.htm">ISO/IEC/ITU common patent policy</a> has been vetted.</p>
			<p>A summary of relevant information on the Adobe Web site in September 2010 (see <a href="http://partners.adobe.com/public/developer/support/topic_legal_notices.html">http://partners.adobe.com/public/developer/support/topic_legal_notices.html</a>) follows. </p>
			<p>To promote the use of PDF for information interchange the following patents are licensed by Adobe on a royalty-free, non-exclusive basis for the term of each patent for developing software that produces, consumes, and interprets PDF files : 5,634,064 (filed 1996-08-02, granted 1997-05-27); 5,737,599 (filed 1995-12-07, granted 1998-04-07); 5,781,785 (filed 1995-09-26, granted 1998-07-14); 5,819,301 (filed 1997-09-09, granted 1998-10-06); 6,028,583 (filed 1998-01-16, granted 2002-02-22); 6,289,364 (filed 1997-12-22, granted 2001-09-11); 6,421,460 (filed 1999-05-06, granted 2002-07-16).  Patent 5,860,074 (filed 1997-08-14, granted 1999-01-12) is similarly licensed on a royalty-free, non-exclusive basis for its term but only for the purpose of developing software that produces PDF files (thus specifically excluding software that consumes and/or interprets PDF files).</p>
			<p>In association with the adoption of PDF, version 1.7 as an ISO standard (ISO 32000-1:2008), Adobe issued a <a href="https://www.adobe.com/pdf/pdfs/ISO32000-1PublicPatentLicense.pdf">Public Patent License</a>, granting "every individual and organization in the world the royalty-free right, under all Essential
Claims that Adobe owns, to make, have made, use, sell, import and distribute Compliant
Implementations." </p>
		</fdd:licensingAndPatents>
		<fdd:transparency>Depends upon compliant software tools to read. Building tools requires sophistication. PDF/A does not permit encryption.</fdd:transparency>
		<fdd:selfDocumentation>Support for embedding any form of metadata for a document is extremely good.  Use of XMP is mandatory for basic descriptive and identifying metadata.  Other XMP metadata packages can be embedded.</fdd:selfDocumentation>
		<fdd:externalDependencies>PDF/A is constrained to avoid external dependencies.  All necessary fonts must be embedded.</fdd:externalDependencies>
		<fdd:techProtection>PDF/A does not permit encryption.</fdd:techProtection>
	</fdd:sustainabilityFactors>
	<fdd:qualityAndFunctionalityFactors>
		<fdd:textQF>
			<fdd:normalText>
				<p>Good support is possible, but not guaranteed.  The PDF/A format does not preclude creating documents from scanned page images; such files do not necessarily support indexing of the document text or extraction of text for quotation.  See <a href="#notes">Notes</a> below for more on creating PDF/A documents by scanning.</p>
			</fdd:normalText>
			<fdd:structure>The logical structure of a document is only represented in a PDF/A file if the creator or process during creation takes steps to incorporate structural tagging.  The PDF/A standard recommends the representation of structural hierarchy </fdd:structure>
			<fdd:layout>PDF is designed to represent the layout of page-oriented documents.</fdd:layout>
			<fdd:mathDiag>Can be represented by embedded graphics.</fdd:mathDiag>
			<fdd:beyondText>Annotations may be embedded.  Bookmarks may be provided.</fdd:beyondText>
		</fdd:textQF>
	</fdd:qualityAndFunctionalityFactors>
	<fdd:fileTypeSignifiers>
		<fdd:signifiersGroup>
			<fdd:filenameExtension>
				<fdd:sigValues>
					<fdd:sigValue>pdf</fdd:sigValue>
				</fdd:sigValues>
				<fdd:note>The standard does not indicate that a different extension should be used to distinguish PDF from PDF/A.</fdd:note>
			</fdd:filenameExtension>
			<fdd:internetMediaType>
				<fdd:sigValueNA>See related format.</fdd:sigValueNA>
				<fdd:note>See <fddLink id="fdd000030">PDF</fddLink>.</fdd:note>
			</fdd:internetMediaType>
			<fdd:magicNumbers>
				<fdd:sigValueNA>See related format.</fdd:sigValueNA>
				<fdd:note>See <fddLink id="fdd000030">PDF</fddLink>.</fdd:note>
			</fdd:magicNumbers>
			<fdd:other>
				<fdd:tag>Indicator for profile, level, version, etc.</fdd:tag>
				<fdd:values>
					<fdd:sigValueNA>See note.</fdd:sigValueNA>
					<fdd:note>The standard specifies that the PDF/A version and conformance level of a file shall be specified using the PDF/A Identification extension schema defined in the standard.  This schema has two mandatory elements: pdfaid:part (integer) and pdfaid:conformance (closed list of text values).  For example a PDF/A-1b file should have the integer value 1 for pdfaid:part and the value &quot;B&quot; for pdfaid:conformance.  See <a href="#notes">Notes</a> below for example of tagging in this schema.</fdd:note>
				</fdd:values>
			</fdd:other>
			<fdd:other>
				<fdd:tag>File signature</fdd:tag>
				<fdd:values>
					<fdd:sigValueNA>See note.</fdd:sigValueNA>
					<fdd:note>
						<a href="http://apps.nationalarchives.gov.uk/pronom/fmt/95">PRONOM entry for fmt/95</a> provides signatures used by the DROID software to identify PDF/A files.  This identification is based on the namespace declaration in the PDF/A Identification.  See <a href="#notes">Notes</a> below for an example of PDF/A Identification, including the namespace declaration, beginning <i>xmlns</i>.</fdd:note>
				</fdd:values>
			</fdd:other>
		</fdd:signifiersGroup>
	</fdd:fileTypeSignifiers>
	<fdd:notes>
		<fdd:general>
			<p>Each PDF/A standard is aligned to the fullest extent possible with the then current  <fddLink id="fdd000124">PDF/X</fddLink> standard.</p>
			<p>A sample identification of part and conformance level

is found within a mandatory metadata chunk for PDF/A Identification:<br/>&lt;rdf:Description rdf:about=&quot;&quot; xmlns:pdfaid=&quot;http://www.aiim.org/pdfa/ns/id/&quot;&gt;
<br/>   &lt;pdfaid:part&gt;1&lt;/pdfaid:part&gt;
<br/>   &lt;pdfaid:conformance&gt;B&lt;/pdfaid:conformance&gt;
<br/>  &lt;/rdf:Description&gt;</p>
			<p>In <a href="http://www.archives.gov/records-mgmt/policy/transfer-guidance-tables.html#scannedtext">NARA 2014-04: Appendix A,  Revised Format Guidance for the Transfer of Permanent Electronic Records – Tables of File Formats:  4.2 Scanned Text</a>, the U.S. National Archives provides guidance on image quality when creating PDF/A files by scanning page images.  Such guidelines improve visual legibility.  However, the effectiveness of optical character recognition also depends heavily on the condition of the original document and the degree to which it employs small print, special fonts and complex layout.  For documents that originate in electronic form and are primarily textual, it is almost always preferable to convert to PDF/A using a workflow that does not rely on printing and scanning (or an equivalent process using an intermediate raster image).</p>
			<p>In his <a href="http://talkingpdf.org/white-paper-how-to-implement-pdfa/">White Paper: How to Implement PDF/A</a>, Duff Johnson suggests five general principles for PDF/A implementations and proposes three modes for PDF/A access: Advisory Mode; Strict PDF/A Mode; Strict PDF/A &amp; Read-Only Mode.  A sidebar shows how Adobe&apos;s Acrobat 9 did not follow his prescription and, when in its single PDF/A Mode prohibited certain tasks that should be permitted in some circumstances.  In particular he notes that Adobe&apos;s handling of linearization (aka &quot;fast web view&quot;) is unnecessarily restrictive.  He argued that in his proposed Advisory Mode, linearization information should be usable, whereas Adobe ignored it.  The specification for PDF/A-2 states,&quot;Linearization shall be permitted but any linearization information present within a file should be ignored by conforming readers.
NOTE As defined in ISO 32000-1:2008, Annex F, a PDF is not linearized if the value of the L key in the linearization dictionary does not match the actual length of the PDF file. This implies that an incremental update to a linearized PDF will render it non-linearized.&quot;  Thus Duff Johnson&apos;s proposed Advisory mode would not be a fully &quot;conforming reader.&quot;  This situation suggests that, although &quot;fast web view&quot; is not strictly incompatible with PDF/A, many PDF/A tools are likely to behave as if it is.</p>
		</fdd:general>
		<fdd:history>
			<p>Developed to address the issue that large bodies of official documents and important information are maintained in PDF, but that PDF is not suitable as an archival format. The Administrative Office of the U.S. Courts was a driving force in forming a U.S. Committee to initiate an ISO standard based on PDF. The development of ISO-19005-1 was under the joint auspices of AIIM and NPES (National Printing Equipment Suppliers). </p>
		</fdd:history>
	</fdd:notes>
	<fdd:formatSpecifications>
		<fdd:urls>
			<fdd:url>
				<fdd:urlReference>
					<link>http://www.iso.org/iso/iso_catalogue/catalogue_tc/catalogue_detail.htm?csnumber=38920</link>
					<tag>ISO 19005-1:2005. Document management -- Electronic document file format for long-term preservation -- Part 1: Use of PDF 1.4 (PDF/A-1)</tag>
				</fdd:urlReference>
			</fdd:url>
			<fdd:url>
				<fdd:urlReference>
					<link>http://www.iso.org/iso/iso_catalogue/catalogue_tc/catalogue_detail.htm?csnumber=50655</link>
					<tag>ISO 19005-2: 2011.	Document management -- Electronic document file format for long-term  preservation -- Part 2: Use of ISO 32000-1 (PDF/A-2)</tag>
				</fdd:urlReference>
			</fdd:url>
			<fdd:url>
				<fdd:urlReference>
					<link>http://www.iso.org/iso/iso_catalogue/catalogue_tc/catalogue_detail.htm?csnumber=57229</link>
					<tag>ISO 19005-3: 2012.	Document management -- Electronic document file format for long-term preservation -- Part 3: Use of ISO 32000-1 (PDF/A-3) with support for embedded files.</tag>
				</fdd:urlReference>
			</fdd:url>
			<fdd:url>
				<fdd:urlReference>
					<link>http://www.iso.org/iso/iso_catalogue/catalogue_tc/catalogue_detail.htm?csnumber=51502</link>
					<tag>ISO 32000-1.	Document management -- Portable document format -- Part 1: PDF 1.7</tag>
					<comment> </comment>
				</fdd:urlReference>
			</fdd:url>
		</fdd:urls>
		<fdd:citations>
			<fdd:citation>
				<fdd:bookReference>
					<bookRefDetail rel="aucorp">Adobe Systems Incorporated</bookRefDetail>.  <bookRefDetail rel="btitle">PDF Reference, Third Edition, Version 1.4.</bookRefDetail>  Addison-Wesley, <bookRefDetail rel="date">2001</bookRefDetail>. ISBN: <bookRefDetail rel="isbn">0-201-75839-3</bookRefDetail>.  Also available online as <a href="http://www.adobe.com/content/dam/Adobe/en/devnet/pdf/pdfs/pdf_reference_archives/PDFReference.pdf">http://www.adobe.com/content/dam/Adobe/en/devnet/pdf/pdfs/pdf_reference_archives/PDFReference.pdf</a>.</fdd:bookReference>
			</fdd:citation>
		</fdd:citations>
	</fdd:formatSpecifications>
	<fdd:usefulReferences>
		<fdd:urls>
			<fdd:url>
				<fdd:urlReference>
					<link>http://web.archive.org/web/20160505040327/http://www.aiim.org/Research-and-Publications/Standards/Committees/PDFA</link>
					<tag>Old PDF-Archive Committee website hosted by AIIM</tag>
					<comment>Link via Internet Archive</comment>
				</fdd:urlReference>
			</fdd:url>
			<fdd:url>
				<fdd:urlReference>
					<link>http://pdf.editme.com/PDFA</link>
					<tag>New website for PDF/A Committee</tag>
					<comment>Supported by AIIM.</comment>
				</fdd:urlReference>
			</fdd:url>
			<fdd:url>
				<fdd:urlReference>
					<link>http://web.archive.org/web/20160406173457/https://www.aiim.org/documents/standards/19005-1_faq.pdf</link>
					<tag>ISO 19005-1 Frequently Asked Questions. Published by PDF/A Joint Working Group, hosted by AIIM</tag>
					<comment>Link from Internet Archive</comment>
				</fdd:urlReference>
			</fdd:url>
			<fdd:url>
				<fdd:urlReference>
					<link>http://www.pdfa.org/competence-centers/pdfa-competence-center/</link>
					<tag>PDF/A Competence Center</tag>
					<comment>An alliance of vendors of products and services supporting the creation and use of PDF/A documents.</comment>
				</fdd:urlReference>
			</fdd:url>
			<fdd:url>
				<fdd:urlReference>
					<link>http://www.planetpdf.com/images/articles/PDF-A/pdfa_article_v11.pdf</link>
					<tag>The Content that Endures: What to Know about PDF/A</tag>
					<comment>Article (apparently from 2008) by Duff Johnson on PlanetPDF.</comment>
				</fdd:urlReference>
			</fdd:url>
			<fdd:url>
				<fdd:urlReference>
					<link>http://talkingpdf.org/white-paper-how-to-implement-pdfa/</link>
					<tag>White Paper: How to Implement PDF/A by Duff Johnson.  August 2010.</tag>
					<comment>Proposes five principles for PDF/A implementations and three modes for PDF/A-aware readers.  Points out that Adobe&apos;s implementation in Acrobat 9 does not follow his &quot;prescription for correct behavior.&quot;</comment>
				</fdd:urlReference>
			</fdd:url>
			<fdd:url>
				<fdd:urlReference>
					<link>http://web.archive.org/web/20160327031829/http://fclaweb.fcla.edu/uploads/Lydia%20Motyka/FDA_documentation/PDFGuideline.pdf</link>
					<tag>Guidelines for Creating Archival Quality PDF Files, 2006, from Florida Center for Library Automation </tag>
					<comment>Link from Internet Archive</comment>
				</fdd:urlReference>
			</fdd:url>
			<fdd:url>
				<fdd:urlReference>
					<link>http://www.archives.gov/records-mgmt/policy/transfer-guidance-tables.html</link>
					<tag>NARA 2014-04: Appendix A,  Revised Format Guidance for the Transfer of Permanent Electronic Records – Tables of File Formats </tag>
					<comment>As of October 2015, PDF/A is a preferred format for textual documents, scanned text, presentations, and posters.</comment>
				</fdd:urlReference>
			</fdd:url>
			<fdd:url>
				<fdd:urlReference>
					<link>http://www.preforma-project.eu/pdfa-conformance-checker.html</link>
					<tag>PREFORMA: PDF/A Conformance Checker (VeraPDF)</tag>
					<comment>As of June 2015, this project has completed a design phase and will continue to a prototyping phase.</comment>
				</fdd:urlReference>
			</fdd:url>
			<fdd:url>
				<fdd:urlReference>
					<link>http://www.uspto.gov/sites/default/files/ebc/portal/efs/pdf-guidelines.pdf</link>
					<tag>PDF Guidelines for EFS-Web</tag>
					<comment>Guidelines for electronic filing of patent applications in PDF from the U.S. Patents and Trademarks Office.</comment>
				</fdd:urlReference>
			</fdd:url>
			<fdd:url>
				<fdd:urlReference>
					<link>http://www.adobe.com/devnet/pdf/pdf_reference_archive.html</link>
					<tag>PDF Reference Archives</tag>
					<comment>Documentation for versions of PDF prior to the current version.  Includes access to errata and supplements.</comment>
				</fdd:urlReference>
			</fdd:url>
			<fdd:url>
				<fdd:urlReference>
					<link>http://apps.nationalarchives.gov.uk/pronom/fmt/95</link>
					<tag>PRONOM entry for fmt/95</tag>
					<comment>Information in PRONOM from UK National Archives about Acrobat PDF/A.   PUID: fmt/95</comment>
				</fdd:urlReference>
			</fdd:url>
			<fdd:url>
				<fdd:urlGroup>
					<fdd:intro>Lists of software products supporting PDF/A and of entities recommending or mandating use of PDF/A:</fdd:intro>
					<fdd:urlList>
						<fdd:urlReference>
							<link>http://web.archive.org/web/20160404213149/http://www.aiim.org/Research-and-Publications/Standards/Articles/PDFA-Compliant-Products</link>
							<tag>List of compliant applications compiled by AIIM.</tag>
							<comment>Compliance asserted by vendors, not tested independently. Link from Internet Archive.</comment>
						</fdd:urlReference>
						<fdd:urlReference>
							<link>http://www.pdfa.org/products/?c=1988</link>
							<tag>Products for PDF/A conversion and validation</tag>
							<comment>From PDF/A Competence Center</comment>
						</fdd:urlReference>
						<fdd:urlReference>
							<link>http://web.archive.org/web/20130502134821/http://www.adobe.com/enterprise/standards/pdfa/</link>
							<tag>Governments adopting PDF/A and PDF for official use</tag>
							<comment>Starting in 2010, Adobe listed governments adopting PDF/A or PDF as recommended, mandatory or acceptable. Link to early 2013 version from Internet Archive.</comment>
						</fdd:urlReference>
					</fdd:urlList>
				</fdd:urlGroup>
			</fdd:url>
			<fdd:url>
				<fdd:urlGroup>
					<fdd:intro>The PDF/A Competence Center publishes technical notes and guidelines aimed at its members (mainly software developers, systems integrators, and service providers).  These publications include:</fdd:intro>
					<fdd:urlList>
						<fdd:urlReference>
							<link>http://www.pdfa.org/2011/08/validating-pdfa/</link>
							<tag>Validating PDF/A</tag>
							<comment>August 5, 2011</comment>
						</fdd:urlReference>
						<fdd:urlReference>
							<link>http://www.pdfa.org/2011/08/pdfa-%E2%80%93-a-look-at-the-technical-side/</link>
							<tag>PDF/A – A Look at the Technical Side: Some PDF/A technicalities you may want to understand to reap the full benefits of the standard.</tag>
							<comment>August 2011</comment>
						</fdd:urlReference>
						<fdd:urlReference>
							<link>http://www.pdfa.org/publication/technical-note-tn0001-pdfa-1-and-namespaces/</link>
							<tag>Technical Note TN0001 – PDF/A-1 and Namespaces</tag>
						</fdd:urlReference>
						<fdd:urlReference>
							<link>http://www.pdfa.org/publication/technical-note-tn0002-color-in-pdfa-1/</link>
							<tag>Technical Note TN0002 – Color in PDF/A-1</tag>
						</fdd:urlReference>
						<fdd:urlReference>
							<link>http://www.pdfa.org/publication/technical-note-tn0003-metadata-in-pdfa-1/</link>
							<tag>Technical Note TN0003 – Metadata in PDF/A-1</tag>
						</fdd:urlReference>
						<fdd:urlReference>
							<link>http://www.pdfa.org/publication/technical-note-tn0006-digital-signatures-in-pdfa-1/</link>
							<tag>Technical Note TN0006 – Digital Signatures in PDF/A-1</tag>
						</fdd:urlReference>
						<fdd:urlReference>
							<link>http://www.pdfa.org/publication/technical-note-tn0008-predefined-xmp-properties-in-pdfa-1/</link>
							<tag>Technical Note TN0008 – Predefined XMP Properties in PDF/A-1</tag>
						</fdd:urlReference>
						<fdd:urlReference>
							<link>http://www.pdfa.org/publication/technical-note-tn-009-xmp-extension-schemas-in-pdfa-1/</link>
							<tag>Technical Note TN-0009: XMP Extension Schemas in PDF/A-1</tag>
						</fdd:urlReference>
					</fdd:urlList>
				</fdd:urlGroup>
			</fdd:url>
			<fdd:url>
				<fdd:urlReference>
					<link>http://www.pdflib.com/knowledge-base/pdfa/</link>
					<tag>PDF/A for Long-term Archival</tag>
					<comment>PDF/A section of documentation for PDFlib software toolkit.</comment>
				</fdd:urlReference>
			</fdd:url>
			<fdd:url>
				<fdd:urlReference>
					<link>https://en.wikipedia.org/wiki/PDF/A</link>
					<tag>Wikipedia article on PDF/A</tag>
				</fdd:urlReference>
			</fdd:url>
		</fdd:urls>
		<fdd:citations>
			<fdd:citation>
				<fdd:articleReference>
					<articleRefDetail rel="au">Morrissey, Sheila M.</articleRefDetail>, &quot;<articleRefDetail rel="atitle">The Network is the Format: PDF and the Long-term Use of Digital Content</articleRefDetail>&quot;, <articleRefDetail rel="jtitle">Archiving 2012</articleRefDetail>, (<articleRefDetail rel="date">2012</articleRefDetail>): pp. 200-203. ISBN: <articleRefDetail rel="issn">978-0-89208-300-8</articleRefDetail> (print).  Available <a href="http://www.portico.org/digital-preservation/wp-content/uploads/2012/11/TheNetworkIsTheFormat.pdf">online at Portico</a> with permission of IS&amp;T: The Society for Imaging Science and Technology.</fdd:articleReference>
			</fdd:citation>
		</fdd:citations>
	</fdd:usefulReferences>
</fdd:FDD>
