<?xml version="1.0" encoding="UTF-8"?>
<fdd:FDD id="fdd000240" titleName="AVI OpenDML File Format with V210 Video Encoding" shortName="AVI_V210" xmlns:xsi="http://www.w3.org/2001/XMLSchema-instance" xmlns:fdd="http://www.loc.gov/preservation/digital/formats/schemas/fdd/v1" xsi:schemaLocation="http://www.loc.gov/preservation/digital/formats/schemas/fdd/v1 http://www.loc.gov/preservation/digital/formats/schemas/fdd/v1/fdd-v1-1.xsd">
	<fdd:properties>
		<fdd:gdfrGenreSelection>
			<fdd:gdfrGenre>moving-image</fdd:gdfrGenre>
		</fdd:gdfrGenreSelection>
		<fdd:formatCategories>
			<fdd:category>file-format</fdd:category>
			<fdd:category>encoding</fdd:category>
		</fdd:formatCategories>
		<fdd:gdfrComposition>unitary</fdd:gdfrComposition>
		<fdd:gdfrForm>binary</fdd:gdfrForm>
		<fdd:gdfrBasis>sampled</fdd:gdfrBasis>
		<fdd:updates>
			<fdd:date>2016-03-08</fdd:date>
		</fdd:updates>
		<fdd:draftStatus>Partial</fdd:draftStatus>
	</fdd:properties>
	<fdd:identificationAndDescription>
		<fdd:fullName>AVI OpenDML File Format with V210 Video Encoding</fdd:fullName>
		<fdd:keywords>
			<fdd:keyword>AVI</fdd:keyword>
			<fdd:keyword>video formats</fdd:keyword>
		</fdd:keywords>
		<fdd:description>
			<p>File format that wraps V210 uncompressed video essence with other data chunks, e.g., audio, in <fddLink id="fdd000442">AVI_OpenDML_1_02</fddLink>.</p>
		</fdd:description>
		<fdd:shortDescription>File format that wraps V210 uncompressed video essence with other data chunks, e.g., audio, in AVI_OpenDML_1_02.</fdd:shortDescription>
		<fdd:productionPhase>Generally employed in post-production or editing (middle phase) and in limited modes of dissemination (final phase).</fdd:productionPhase>
		<fdd:relationships>
			<fdd:relationship>
				<fdd:typeOfRelationship>Subtype of</fdd:typeOfRelationship>
				<fdd:relatedTo>
					<fdd:id>fdd000442</fdd:id>
					<fdd:shortName>AVI_OpenDML_1_02</fdd:shortName>
					<fdd:titleName>AVI File Format with OpenDML Extensions, Version 1.02</fdd:titleName>
				</fdd:relatedTo>
			</fdd:relationship>
			<fdd:relationship>
				<fdd:typeOfRelationship>Contains</fdd:typeOfRelationship>
				<fdd:relatedTo>
					<fdd:id>fdd000353</fdd:id>
					<fdd:shortName>V210</fdd:shortName>
					<fdd:titleName>V210 Video Picture Encoding </fdd:titleName>
				</fdd:relatedTo>
			</fdd:relationship>
			<fdd:relationship>
				<fdd:typeOfRelationship>May contain</fdd:typeOfRelationship>
				<fdd:relatedTo/>
				<fdd:comment>Audio essences of various types, not discussed at this time.</fdd:comment>
			</fdd:relationship>
		</fdd:relationships>
	</fdd:identificationAndDescription>
	<fdd:localUse>
		<fdd:experience>No extensive experience.</fdd:experience>
		<fdd:preference>None. For preservation reformatting, the Library of Congress&apos; Packard Campus for Audio-Visual Conservation has chosen <fddLink id="fdd000206">MXF_OP1a_JP2_LL</fddLink> (lossless JPEG 2000 wrapped in MXF operational pattern 1a).</fdd:preference>
	</fdd:localUse>
	<fdd:sustainabilityFactors>
		<fdd:disclosure>See <fddLink id="fdd000059">AVI</fddLink> and <fddLink id="fdd000353">V210</fddLink>.</fdd:disclosure>
		<fdd:documentation>See <fddLink id="fdd000059">AVI</fddLink> and <fddLink id="fdd000353">V210</fddLink>.</fdd:documentation>
		<fdd:adoption>Widely adopted.</fdd:adoption>
		<fdd:licensingAndPatents>None.</fdd:licensingAndPatents>
		<fdd:transparency>Relatively transparent; requires tools to write and read.</fdd:transparency>
		<fdd:selfDocumentation>See <fddLink id="fdd000059">AVI</fddLink>.</fdd:selfDocumentation>
		<fdd:externalDependencies>None.</fdd:externalDependencies>
		<fdd:techProtection>None.</fdd:techProtection>
	</fdd:sustainabilityFactors>
	<fdd:qualityAndFunctionalityFactors>
		<fdd:movingImageQF>
			<fdd:normalVideo>Supported</fdd:normalVideo>
			<fdd:clarity>See <fddLink id="fdd000353">V210</fddLink>.</fdd:clarity>
			<fdd:beyondVideo>See <fddLink id="fdd000059">AVI</fddLink>.</fdd:beyondVideo>
		</fdd:movingImageQF>
	</fdd:qualityAndFunctionalityFactors>
	<fdd:fileTypeSignifiers>
		<fdd:signifiersGroup>
			<fdd:filenameExtension>
				<fdd:sigValueNA>See note.</fdd:sigValueNA>
				<fdd:note>See <fddLink id="fdd000059">AVI</fddLink>.</fdd:note>
			</fdd:filenameExtension>
			<fdd:internetMediaType>
				<fdd:sigValueNA>See note.</fdd:sigValueNA>
				<fdd:note>See <fddLink id="fdd000059">AVI</fddLink>.</fdd:note>
			</fdd:internetMediaType>
			<fdd:magicNumbers>
				<fdd:sigValueNA>See note.</fdd:sigValueNA>
				<fdd:note>See <fddLink id="fdd000059">AVI</fddLink>.</fdd:note>
			</fdd:magicNumbers>
			<fdd:other>
				<fdd:tag>Microsoft FOURCC</fdd:tag>
				<fdd:values>
					<fdd:sigValues>
						<fdd:sigValue>V210</fdd:sigValue>
					</fdd:sigValues>
				</fdd:values>
			</fdd:other>
		</fdd:signifiersGroup>
	</fdd:fileTypeSignifiers>
	<fdd:notes>
		<fdd:general>Derived from a <a href="http://msdn.microsoft.com/en-us/library/windows/desktop/dd318183%28v=vs.85%29.aspx">Microsoft developers page</a>: "The AVISTREAMHEADER structure contains information about one stream in an AVI file."  It contains an fccType element ("vids" in this case, for video) followed by a fccHandler element that "contains a FOURCC that identifies a specific data handler. . . .  For audio and video streams, this specifies the codec for decoding the stream."  This compiler has seen this string in an AVI file: LISTt  strlstrh8  vidsV210. <a href="../contact_format.shtml">Comments welcome</a>.</fdd:general>
	</fdd:notes>
	<fdd:usefulReferences>
		<fdd:urls>
			<fdd:url>
				<fdd:urlReference>
					<link>http://msdn.microsoft.com/en-us/library/windows/desktop/dd318183%28v=vs.85%29.aspx</link>
					<tag>AVISTREAMHEADER structure (Windows)</tag>
					<comment>Includes description cited in Notes above.</comment>
				</fdd:urlReference>
			</fdd:url>
		</fdd:urls>
	</fdd:usefulReferences>
</fdd:FDD>
