<?xml version="1.0" encoding="UTF-8"?>
<fdd:FDD id="fdd000493" titleName="PDF/R-1 (Raster image transport and storage.) Based on PDF 1.4-1.7 (ISO 32000-1)" shortName="PDF/R-1" xmlns:xsi="http://www.w3.org/2001/XMLSchema-instance" xmlns:fdd="http://www.loc.gov/preservation/digital/formats/schemas/fdd/v1" xsi:schemaLocation="http://www.loc.gov/preservation/digital/formats/schemas/fdd/v1 http://www.loc.gov/preservation/digital/formats/schemas/fdd/v1/fdd-v1-1.xsd">
	<fdd:properties>
		<fdd:gdfrGenreSelection>
			<fdd:gdfrGenre>still-image</fdd:gdfrGenre>
		</fdd:gdfrGenreSelection>
		<fdd:formatCategories>
			<fdd:category>file-format</fdd:category>
			<fdd:category>encoding</fdd:category>
		</fdd:formatCategories>
		<fdd:gdfrComposition>unitary</fdd:gdfrComposition>
		<fdd:gdfrForm>binary</fdd:gdfrForm>
		<fdd:gdfrBasis>sampled</fdd:gdfrBasis>
		<fdd:updates>
			<fdd:date>2020-06-22</fdd:date>
		</fdd:updates>
		<fdd:draftStatus>Preliminary</fdd:draftStatus>
	</fdd:properties>
	<fdd:identificationAndDescription>
		<fdd:fullName>PDF/R-1 based on PDF 1.4-1.7 as defined in ISO 32000-1.  ISO 23504-1: Document management applications -- Raster image transport and storage -- Part 1: Use of ISO 32000</fdd:fullName>
		<fdd:keywords>
			<fdd:keyword>Portable Document Format (PDF)</fdd:keyword>
			<fdd:keyword>document formats</fdd:keyword>
			<fdd:keyword>PDF</fdd:keyword>
		</fdd:keywords>
		<fdd:description>
			<p>The PDF/R format was developed by the <a href="http://www.twain.org/">TWAIN Working Group</a> and the PDF Association (<a href="https://www.pdfa.org/category/pdfraster/">PDFA.org</a>) as a very limited subset of PDF, designed primarily for storing and transmitting scanned page data.  The format is a key component of <a href="http://www.twaindirect.org/">TWAIN Direct</a>, an open protocol intended to allow applications to communicate with scanners without the need for proprietary scanner drivers.  A <a href="https://www.pdfa.org/publication/pdfraster-1-0/">specification for PDF/R</a> (aka PDF/raster) was submitted for international standardization to <a href="https://www.iso.org/committee/53674.html">ISO/TC 171/SC 2</a> and approved for publication as <a href="https://www.iso.org/standard/75804.html">ISO 23504-1:2020</a> -- Document management applications -- Raster image transport and storage -- Part 1: Use of ISO 32000.  The specification document covers two variants of PDF/R, differing in whether they are unencrypted and conform to ISO 32000-1 or are encrypted and conform to ISO 32000-2 (often referred to as PDF 2.0).  This format description is focused on the former.  For the differences specific to the encrypted variant of PDF/R-1 based on PDF 2.0, see <fddLink id="fdd000494">PDF/R-1_enc</fddLink>.</p>
			<p>Among the benefits and advantages over the full PDF format presented in the introduction to the PDF/R-1 specification are the following:</p>
			<ul>
				<li>Files can be read and written without a full PDF parser or generator and rendered without a complex rendering engine.</li>
				<li>Files can be created efficiently from raster images and generated using a fixed-size raster data buffer.</li>
				<li>The exact original raster image data can be recovered.</li>
				<li>Images can be located in the file and read efficiently with comparatively simple code.</li>
				<li>The specification provides a precise, well-defined target, simplifying engineering design and testing.</li>
				<li>PDF/R files can be quickly and easily identified as such by software.  See <a href="#sign">File signifiers</a> below.</li>
				<li>PDF/R supports only effective and readily available compression algorithms.</li>
			</ul>
			<p>PDF/R retains optional PDF features for protecting and authenticating content:</p>
			<ul>
				<li> For implementations that need to protect document content at rest, there is an encrypted variant,which is based on ISO 32000-2 (PDF 2.0) in order to support stronger encryption than permitted in ISO 32000-1. See <fddLink id="fdd000494">PDF/R-1_enc</fddLink>.</li>
				<li>One or more digital signatures may be used for implementations that require verification of the document origin, authenticity, date or time of creation, and so on.</li>
			</ul>
			<p>The TWAIN Working Group considered pros and cons of PDF in comparison to JPEG and TIFF before choosing PDF as the basis for the file format for use in TWAIN Direct.  See the introduction to PDF/raster <a href="https://www.pdfa.org/wp-content/uploads/2017/05/PDFR-2017-w-notes.pptx">slideshow</a> or <a href="https://www.youtube.com/watch?v=-YeyOOm9ChM">presentation video</a> from 2017, given by the chair of the TWAIN Working Group.  PDF was preferred to TIFF as an actively maintained international standard with widespread viewer support.  Disadvantages of JPEG were the lack of support for multi-page documents or bitonal images.</p>
			<p>The restrictions with which a PDF/R-1 file must comply were described informally in <a href="https://www.pdfa.org/member-news/pdfraster-an-overview/">a 2017 Overview of PDF/raster</a> by the PDF Association.  The list of restrictions below is based largely on that overview:</p>
			<ul>
				<li>Page contents may only include images in <fddLink id="fdd000136">ITU/CCITT G4</fddLink> (FAX), DCT (<fddLink id="fdd000017">JPEG</fddLink>), and uncompressed raster formats. These images are restricted to RGB color, grayscale, and bitonal formats.</li>
				<li>Page contents may not include anything other than raster images: no text, no line art, no forms, or other graphical elements.  [Note: This excludes the incorporation of searchable text derived by OCR.]</li>
				<li>Transparency and layers are not permitted.</li>
				<li>No compression of non-image data is permitted. Compressed object streams are disallowed.</li>
				<li>Each page object shall contain a Contents stream that fills the required MediaBox (which defines the page size).  [Note: Page-level metadata streams are allowed as well as document-level metadata.]</li>
				<li>The use of annotations is limited to those used for digital signatures.  Digital signatures that render a visual presentation on the page are not permitted.</li>
				<li>Most optional structures are disallowed.  For example, interactive actions, bookmarks, search indexes, and marked content are not permitted.</li>
				<li>Versions of PDF prior to 1.4 may not be used for PDF/R files.</li>
				<li>The only circumstance in which a PDF/R-1 file may include an incremental update is for the application of a digital signature.</li>
			</ul>
			<p>As indicated in Annex A to the PDF/-1 specification, it is possible to create PDF/R files that also comply with <fddLink id="fdd000318">PDF/A</fddLink>.  However, the annex states that the only PDF/A profiles to which a PDF/R can conform are <fddLink id="fdd000252">PDF/A-1b</fddLink> and <fddLink id="fdd000322">PDF/A-2b</fddLink>; other profiles of <fddLink id="fdd000125">PDF/A-1</fddLink> and <fddLink id="fdd000319">PDF/A-2</fddLink> require searchable text.</p>
		</fdd:description>
		<fdd:shortDescription>A very limited subset of PDF, based on ISO 32000-1, designed for storing and transmitting scanned page image data, intended to allow applications to communicate with scanners without the need for proprietary scanner drivers.  Also known as PDF/raster.</fdd:shortDescription>
		<fdd:productionPhase>Intended as an initial-state format, to be generated in scanner hardware, and a middle-state format for transmittal to the next stage in a scanning workflow.  Note that if any processing is performed on a PDF/R file other than applying a digital signature, the file saved after that process is no longer a valid PDF/R instance.  In particular, a PDF/R to which searchable text has been added, e.g., by OCR, is not a valid PDF/R.</fdd:productionPhase>
		<fdd:relationships>
			<fdd:relationship>
				<fdd:typeOfRelationship>Subtype of</fdd:typeOfRelationship>
				<fdd:relatedTo>
					<fdd:id>fdd000030</fdd:id>
					<fdd:shortName>PDF_family</fdd:shortName>
					<fdd:titleName>PDF (Portable Document Format) Family</fdd:titleName>
				</fdd:relatedTo>
			</fdd:relationship>
			<fdd:relationship>
				<fdd:typeOfRelationship>Has modified version</fdd:typeOfRelationship>
				<fdd:relatedTo>
					<fdd:id>fdd000494</fdd:id>
					<fdd:shortName>PDF/R-1_enc</fdd:shortName>
					<fdd:titleName>PDF/R-1, (Raster image transport and storage). Encrypted, based on PDF 2.0 (ISO 32000-2)</fdd:titleName>
				</fdd:relatedTo>
				<fdd:comment>Used for encrypted PDF/R-1 files.</fdd:comment>
			</fdd:relationship>
		</fdd:relationships>
	</fdd:identificationAndDescription>
	<fdd:localUse>
		<fdd:experience>The Library of Congress has no experience with PDF/R files.</fdd:experience>
		<fdd:preference>The Library of Congress Recommended Formats Statement (<a href="https://www.loc.gov/preservation/resources/rfs/index.html">RFS</a>), which expresses format preferences for content in its collections, states that XML-based markup is preferred for textual content when available.  For formats that represent page layout rather than marked up text, PDF/UA and PDF/A are preferred over other PDFs.  Next in order of preference are PDFs with features such as searchable text, embedded fonts, lossless compression, and high resolution images. These preferences apply to <a href="https://www.loc.gov/preservation/resources/rfs/textmus.html">textual works in digital form</a>, <a href="https://www.loc.gov/preservation/resources/rfs/textmus.html">electronic serials</a>, <a href="https://www.loc.gov/preservation/resources/rfs/textmus.html">digital musical compositions</a>, and
<a href="https://www.loc.gov/preservation/resources/rfs/audio.html">accompanying image/text files for digital audio</a>.</fdd:preference>
	</fdd:localUse>
	<fdd:sustainabilityFactors>
		<fdd:disclosure>
			<p>PDF/R-1 is based on the publicly documented PDF/raster specification developed through a collaboration between two international associations that develop and promote standards, the TWAIN Working Group and the PDF Association (PDFA).  In April 2020, the PDF/R-1 specification was approved as ISO 23504-1 under the auspices of <a href="https://www.iso.org/committee/53674.html">ISO/TC 171/SC 2</a>.</p>
			<p>The TWAIN Working group describes itself as &quot;a not-for-profit organization with the sole purpose of fostering a universal public standard which links applications and image acquisition devices.&quot;   See <a href="https://twain.org/membership/">https://twain.org/</a>.  On its website, PDFA states, &quot;A global association, the PDF Association is an initiative of the Association for Digital Document Standards (ADDS) e.V., founded in September 2006.&quot; See <a href="https://www.pdfa.org/about-us/">https://www.pdfa.org/about-us/</a>.</p>
			<p>According to the introduction to <a href="https://www.pdfa.org/publication/pdfraster-1-0/">PDF/Raster 1.0</a> at PDFA, &quot;PDF/Raster was created in a collaboration between the TWAIN Working Group, which originated the PDF/raster concept, and the PDF Association, which provided PDF technology expertise and a means of communicating with the PDF software industry at large to ensure that a diverse range of relevant viewpoints was represented.&quot;</p>
		</fdd:disclosure>
		<fdd:documentation>
			<p>The specification for the unencrypted variant of PDF/R-1, which is based on ISO 32000-1, is in the same document as the specification for an encrypted variant based on ISO 32000-2 (aka PDF 2.0).  The specification as originally submitted to ISO is available <a href="https://www.pdfa.org/publication/pdfraster-1-0/">from the PDF Association</a> and also <a href="http://pdfraster.org/wp-content/uploads/2017/06/PDFraster10_June-2017.pdf">from TWAIN&apos;s pdfraster.org site</a>.  An ISO version of the specification was approved as <a href="https://www.iso.org/standard/75804.html">ISO 23504-1: Raster image transport and storage -- Use of ISO 32000 (PDF/R-1)</a> in April 2020.</p>
		</fdd:documentation>
		<fdd:adoption>
			<p>PDF/R is a relatively new specification.  Adoption of PDF/R will be tightly coupled to adoption of the new TWAIN Direct protocol.  An <a href="https://www.documentimagingreport.com/?p=3409">August 22, 2018 post from the Document Imaging Report site</a> states,&quot;adoption of TWAIN Direct has faced a chicken-and-egg type of challenge. Scanner vendors seem to be waiting for software vendors to release applications that support TWAIN Direct before embedding the technology in their devices. Of course, if no scanners support TWAIN Direct, there isn’t much driving software vendors to create connections to it.&quot;   In 2018, TWAIN supplied a configuration for software development and testing by TWAIN members, using preliminary releases of products known as TWAIN Local and TWAIN Bridge.  TWAIN Bridge is software for a PC that allows the TWAIN Direct specification to be used with existing scanners that support the widely used TWAIN specification now referred to as &quot;TWAIN Classic.&quot;</p>
			<p>In September 2019, the Twain Working Group made a public release of TWAIN Direct specifications.  See announcements at <a href="https://www.pdfa.org/twain-direct-with-pdf-raster-released/">PDF Association</a> and in <a href="https://markets.businessinsider.com/news/stocks/twain-working-group-releases-next-generation-image-acquisition-technology-twain-direct-1028496825">Markets Insider (Sept. 4, 2019)</a>.</p>
			<p>The <a href="https://github.com/twain/twain-direct">TWAIN Direct code repository</a> on GitHub provides <a href="https://github.com/twain/pdfraster/tree/bfc21c9f3e9987665248e0b67c0ef89d05faa9fb">sample code for reading and writing PDF/R files</a>.</p>
			<p>The compilers of this resource would appreciate updated information related to the adoption of PDF/R.  <a href="../contact_format.shtml">Comments welcome</a>.</p>
		</fdd:adoption>
		<fdd:licensingAndPatents>The introduction to the PDF/R specification states, &quot;There is no intention herein to claim any intellectual property that is not present in the existing PDF standard, nor claim any IP that is covered therein.&quot; See <fddLink id="fdd000030">PDF_family</fddLink>.</fdd:licensingAndPatents>
		<fdd:transparency>Depends upon compliant software tools to read. Building tools requires sophistication.  However, because many of the complexities permitted in regular PDF files are not permitted in PDF/R, code for generating or rendering PDF/R files can be simpler than that for richer PDFs with more functionality.</fdd:transparency>
		<fdd:selfDocumentation>Can include XMP metadata streams for metadata at document level and page level.</fdd:selfDocumentation>
		<fdd:externalDependencies>A  PDF/R-1 file can be rendered with any PDF viewer that can render PDFs in the chronological versions permitted in ISO 32000.  The PDF/R format has been designed for generating files within scanning hardware, but might be used as a wrapper for bit-mapped images from other sources.</fdd:externalDependencies>
		<fdd:techProtection>Encryption is not permitted for PDF/R documents that conform to ISO 32000-1.  Encryption is permitted for PDF/R files that conform to ISO 32000-2, the specification for PDF 2.0.  See <fddLink id="fdd000494">PDF/R-1_enc</fddLink>.</fdd:techProtection>
	</fdd:sustainabilityFactors>
	<fdd:qualityAndFunctionalityFactors>
		<fdd:stillImageQF>
			<fdd:normalImage>PDF/R is designed for page-oriented documents.   Scaling, zooming, printing are expected functionalities for PDF viewers.  The quality of raster images depend on the quality of the embedded image.</fdd:normalImage>
			<fdd:clarity>The bit-depth for color or grayscale images must be either 8 or 16 bits per channel.  There is no explicit limit to spatial resolution for a page image.  PDF/R allows for pages to be divided into strips; this might be used to facilitate scanning of large-format pages or at very high resolution.</fdd:clarity>
			<fdd:colorMaint>May specify an ICC color profile.  The recommended color space is sRGB, although other color spaces may be used.  PDF readers may ignore the specified ICC profile for an RGB-based color space and default to DeviceRGB.   The image XObjects in a PDF/R file may specify an Intent to guide rendering software as to how to adjust the image for display or printing on a device that does not fully support the color space specified.</fdd:colorMaint>
			<fdd:graphics>No support for vector graphics or combination of text and images.  The PDF/R variant of PDF supports only raster images as page content.</fdd:graphics>
			<fdd:multispectral>Not designed for multispectral images.</fdd:multispectral>
			<fdd:beyondImage>PDF/R has support for multi-page scanned documents and custom metadata (using XMP) for the document and for individual pages.</fdd:beyondImage>
		</fdd:stillImageQF>
	</fdd:qualityAndFunctionalityFactors>
	<fdd:fileTypeSignifiers>
		<fdd:signifiersGroup>
			<fdd:filenameExtension>
				<fdd:sigValues>
					<fdd:sigValue>pdf</fdd:sigValue>
				</fdd:sigValues>
				<fdd:note>Used for all PDF files.  See <fddLink id="fdd000030">PDF_family</fddLink>.</fdd:note>
			</fdd:filenameExtension>
			<fdd:internetMediaType>
				<fdd:sigValues>
					<fdd:sigValue>application/pdf</fdd:sigValue>
				</fdd:sigValues>
				<fdd:note>Used for all PDF files.  See <fddLink id="fdd000030">PDF_family</fddLink>.</fdd:note>
			</fdd:internetMediaType>
			<fdd:magicNumbers>
				<fdd:sigValues>
					<fdd:sigValue>%PDF-1.4</fdd:sigValue>
					<fdd:sigValue>%PDF-1.5</fdd:sigValue>
					<fdd:sigValue>%PDF-1.6</fdd:sigValue>
					<fdd:sigValue>%PDF-1.7</fdd:sigValue>
				</fdd:sigValues>
				<fdd:note>From PDF/R-1 specification.</fdd:note>
			</fdd:magicNumbers>
			<fdd:other>
				<fdd:tag>File signature</fdd:tag>
				<fdd:values>
					<fdd:sigValues>
						<fdd:sigValue>%PDF-raster</fdd:sigValue>
					</fdd:sigValues>
					<fdd:note>The version of the PDF/R specification is identified in a comment line in the PDF trailer, located immediately before the line containing <i>startxref</i>.  The form of the comment is %PDF-raster-<i>x.y</i>, where <i>x</i> is the major version number and <i>y</i> is minor version number.  For the initial specification, the version is 1.0</fdd:note>
				</fdd:values>
			</fdd:other>
			<fdd:other>
				<fdd:tag>Indicator for profile, level, version, etc.</fdd:tag>
				<fdd:values>
					<fdd:sigValueNA>See note.</fdd:sigValueNA>
					<fdd:note>See File Signature signifier above.</fdd:note>
				</fdd:values>
			</fdd:other>
			<fdd:other>
				<fdd:tag>Pronom PUID</fdd:tag>
				<fdd:values>
					<fdd:sigValueNA>See note.</fdd:sigValueNA>
					<fdd:note>PRONOM has no entry for PDF/R as of June 2020.</fdd:note>
				</fdd:values>
			</fdd:other>
			<fdd:other>
				<fdd:tag>Wikidata Title ID</fdd:tag>
				<fdd:values>
					<fdd:sigValueNA>See note.</fdd:sigValueNA>
					<fdd:note>There is no Wikidata Title ID for PDF/R as of June 2020.</fdd:note>
				</fdd:values>
			</fdd:other>
		</fdd:signifiersGroup>
	</fdd:fileTypeSignifiers>
	<fdd:notes>
		<fdd:general/>
		<fdd:history>
			<p>The original specification for PDF/R was developed by the TWAIN Working Group using the name &quot;PDF/raster.&quot;  In association with the PDF Association, the TWAIN Working Group submitted this specification in mid-2017 to ISO/TC 171/SC 2 for standardization.  One of the changes introduced during the ISO process was to adopt the name &quot;PDF/R.&quot;  The specification was approved as ISO 23504-1 in April 2020.</p>
		</fdd:history>
	</fdd:notes>
	<fdd:formatSpecifications>
		<fdd:urls>
			<fdd:url>
				<fdd:urlReference>
					<link>https://www.iso.org/standard/75804.html</link>
					<tag>ISO 23504-1.  Document management applications -- Raster image transport and storage -- Part 1: Use of ISO 32000 (PDF/R-1)</tag>
					<comment>ISO catalog page for the standard.</comment>
				</fdd:urlReference>
			</fdd:url>
			<fdd:url>
				<fdd:urlGroup>
					<fdd:intro>The PDF/raster specification as submitted to ISO/TC 171/SC 2  is available from the TWAIN Working Group or the PDF Association.</fdd:intro>
					<fdd:urlList>
						<fdd:urlReference>
							<link>https://www.pdfa.org/publication/pdfraster-1-0/</link>
							<tag>PDF/Raster 1.0 page at PDFA</tag>
							<comment>Links to the specification submitted to ISO.  As a result of the ISO standardization process, the name PDF/R is now used instead of PDF/Raster.</comment>
						</fdd:urlReference>
						<fdd:urlReference>
							<link>http://pdfraster.org/wp-content/uploads/2017/06/PDFraster10_June-2017.pdf</link>
							<tag>Copy of submitted specification for PDF/raster from pdfraster.org (June 2017)</tag>
							<comment>As submitted for ISO standardization.</comment>
						</fdd:urlReference>
					</fdd:urlList>
				</fdd:urlGroup>
			</fdd:url>
			<fdd:url>
				<fdd:urlGroup>
					<fdd:intro>See also <fddLink id="fdd000030">PDF_family</fddLink>.</fdd:intro>
				</fdd:urlGroup>
			</fdd:url>
		</fdd:urls>
	</fdd:formatSpecifications>
	<fdd:usefulReferences>
		<fdd:urls>
			<fdd:url>
				<fdd:urlReference>
					<link>https://www.pdfa.org/twain-working-group-and-pdf-association-announce-pdfraster-the-next-generation-format-for-imaging/</link>
					<tag>TWAIN Working Group and PDF Association Announce PDF/raster: The Next-Generation Format for Imaging</tag>
				</fdd:urlReference>
			</fdd:url>
			<fdd:url>
				<fdd:urlReference>
					<link>https://www.pdfa.org/resource/pdfraster-1-0/</link>
					<tag>PDFA | PDF/Raster 1.0</tag>
				</fdd:urlReference>
			</fdd:url>
			<fdd:url>
				<fdd:urlGroup>
					<fdd:intro>Presentation on PDF/raster given at PDF Europe Days in May 2017</fdd:intro>
					<fdd:urlList>
						<fdd:urlReference>
							<link>https://www.youtube.com/watch?v=-YeyOOm9ChM</link>
							<tag>Video of presentation on PDF/raster given at PDF Europe Days in May 2017.</tag>
						</fdd:urlReference>
						<fdd:urlReference>
							<link>https://www.pdfa.org/wp-content/uploads/2017/05/PDFR-2017-w-notes.pptx</link>
							<tag>Slides of presentation on PDF/raster given at PDF Europe Days in May 2017.</tag>
						</fdd:urlReference>
					</fdd:urlList>
				</fdd:urlGroup>
			</fdd:url>
			<fdd:url>
				<fdd:urlReference>
					<link>https://pdfraster.org/</link>
					<tag>PDF/raster | Site prepared by TWAIN to present and support use of PDF/raster (later (PDF/R)</tag>
				</fdd:urlReference>
			</fdd:url>
			<fdd:url>
				<fdd:urlReference>
					<link>https://www.twaindirect.org/</link>
					<tag>TWAIN Direct website</tag>
				</fdd:urlReference>
			</fdd:url>
			<fdd:url>
				<fdd:urlReference>
					<link>https://github.com/twain/twain-direct</link>
					<tag>TWAIN Direct repository for sample code</tag>
				</fdd:urlReference>
			</fdd:url>
			<fdd:url>
				<fdd:urlReference>
					<link>https://github.com/twain/pdfraster/tree/bfc21c9f3e9987665248e0b67c0ef89d05faa9fb</link>
					<tag>PDF-Raster sample code</tag>
					<comment>From TWAIN Direct code repository.</comment>
				</fdd:urlReference>
			</fdd:url>
			<fdd:url>
				<fdd:urlReference>
					<link>https://vimeo.com/twainworkinggroup</link>
					<tag>TWAIN Working Group video channel on Vimeo</tag>
				</fdd:urlReference>
			</fdd:url>
			<fdd:url>
				<fdd:urlReference>
					<link>https://www.documentimagingreport.com/?p=3409</link>
					<tag>P3iD to Demo TWAIN Direct Capture Platform (Aug 22, 2018)</tag>
					<comment>Blog post from Documenting Imaging Report.</comment>
				</fdd:urlReference>
			</fdd:url>
			<fdd:url>
				<fdd:urlReference>
					<link>https://www.hsassocs.com/capture/wp-content/uploads/mdocs/15_TWAIN_Peter%20Bedell.pdf</link>
					<tag>TWAIN Working Group Update: TWAIN Direct
is demonstrating now!</tag>
					<comment>Promotional slides from September 2018</comment>
				</fdd:urlReference>
			</fdd:url>
			<fdd:url>
				<fdd:urlGroup>
					<fdd:intro>See also <fddLink id="fdd000030">PDF_family</fddLink>.</fdd:intro>
				</fdd:urlGroup>
			</fdd:url>
		</fdd:urls>
	</fdd:usefulReferences>
</fdd:FDD>
