<?xml version="1.0" encoding="UTF-8"?>
<fdd:FDD id="fdd000135" titleName="LZW Compression Encoding" shortName="LZW" xmlns:xsi="http://www.w3.org/2001/XMLSchema-instance" xmlns:fdd="http://www.loc.gov/preservation/digital/formats/schemas/fdd/v1" xsi:schemaLocation="http://www.loc.gov/preservation/digital/formats/schemas/fdd/v1 http://www.loc.gov/preservation/digital/formats/schemas/fdd/v1/fdd-v1-1.xsd">
	<fdd:properties>
		<fdd:gdfrGenreSelection>
			<fdd:gdfrGenre>still-image</fdd:gdfrGenre>
		</fdd:gdfrGenreSelection>
		<fdd:formatCategories>
			<fdd:category>encoding</fdd:category>
		</fdd:formatCategories>
		<fdd:gdfrForm>binary</fdd:gdfrForm>
		<fdd:gdfrTransform>compression</fdd:gdfrTransform>
		<fdd:updates>
			<fdd:date>2012-02-14</fdd:date>
		</fdd:updates>
		<fdd:draftStatus>Partial</fdd:draftStatus>
	</fdd:properties>
	<fdd:identificationAndDescription>
		<fdd:fullName>LZW (Lempel-Ziv-Welch) Image Compression Encoding</fdd:fullName>
		<fdd:keywords>
			<fdd:keyword>compression formats</fdd:keyword>
			<fdd:keyword>generic digital formats</fdd:keyword>
		</fdd:keywords>
		<fdd:description>A lossless compression algorithm for digital data of many kinds, named for the creators Abraham Lempel and Jacob Ziv, and a later contributor, Terry Welch.  LZW is based on a translation table that maps strings of input characters into codes.  Through its incorporation in the graphics file formats <fddLink id="fdd000133">GIF_89a</fddLink> and <fddLink id="fdd000074">TIFF_LZW</fddLink>, LZW has come to be strongly associated with image compression.</fdd:description>
		<fdd:shortDescription>A lossless compression algorithm used most widely for bitmapped image data.</fdd:shortDescription>
		<fdd:productionPhase>Used for initial-, middle- and final-state (end-user delivery) purposes. </fdd:productionPhase>
		<fdd:relationships>
			<fdd:relationship>
				<fdd:typeOfRelationship>Used by</fdd:typeOfRelationship>
				<fdd:relatedTo>
					<fdd:id>fdd000074</fdd:id>
					<fdd:shortName>TIFF_LZW</fdd:shortName>
					<fdd:titleName>TIFF with LZW compression</fdd:titleName>
				</fdd:relatedTo>
			</fdd:relationship>
			<fdd:relationship>
				<fdd:typeOfRelationship>Used by</fdd:typeOfRelationship>
				<fdd:relatedTo>
					<fdd:id>fdd000133</fdd:id>
					<fdd:shortName>GIF_89a</fdd:shortName>
					<fdd:titleName>Graphics Interchange Format, Version 89a</fdd:titleName>
				</fdd:relatedTo>
			</fdd:relationship>
			<fdd:relationship>
				<fdd:typeOfRelationship>Used by</fdd:typeOfRelationship>
				<fdd:comment>Other file or wrapper formats, not documented at this time</fdd:comment>
			</fdd:relationship>
		</fdd:relationships>
	</fdd:identificationAndDescription>
	<fdd:localUse>
		<fdd:experience>None (or very little)</fdd:experience>
		<fdd:preference>
			<fddLink id="fdd000024">TIFF_G4</fddLink> (for images of documents) and <fddLink id="fdd000023">TIFF_UNC</fddLink> (for documents or pictorial images) are preferred as master images.  Future explorations may add <fddLink id="fdd000138">J2K_C</fddLink> (JPEG 2000 Part 1, Core Coding System), especially <fddLink id="fdd000139">J2K_L_LL</fddLink> (JPEG 2000 Part 1, Core Coding , Lossless Compression) to the Library's list of preferences.</fdd:preference>
	</fdd:localUse>
	<fdd:sustainabilityFactors>
		<fdd:disclosure>
			<p>Proprietary standard ("open").  Predecessor algorithms were developed by Abraham Lempel and Jacob Ziv; LZW is the refined version finalized by Terry Welch, an employee of Sperry Corporation (later merged with Burroughs to form the Unisys Corporation).</p>
		</fdd:disclosure>
		<fdd:documentation>The definitive descriptive article by Welch: <a href="http://www.cs.duke.edu/courses/spring03/cps296.5/papers/welch_1984_technique_for.pdf">"A Technique for High-Performance Data Compression."</a>  Patent 4,558,302 was granted in 1985; key in number at <a href="http://patft.uspto.gov/netahtml/PTO/srchnum.htm">Patent Number Search</a> at the U.S. Patent and Trademark Office.</fdd:documentation>
		<fdd:adoption>
			<p>Widely adopted.  Many software tools exist for encoding and decoding.  Generally not natively supported by Web browsers.</p>
		</fdd:adoption>
		<fdd:licensingAndPatents>
			<p>LZW is notorious because of late-in-the-game patent-protection actions taken by Unisys beginning in late 1994, perceived as having an adverse affect on the Web due to that medium's widespread use of GIF images, which employ LZW compression.  Unisys's US patent expired in June 2003, and its European and Japanese patents expired in June 2004.  In 2007, the company's <a href="http://web.archive.org/web/20070202172201/http://www.unisys.com/about__unisys/lzw/">LZW Patent and Software Information</a> Web page stated that the "Unisys Corporation holds and has patents pending on a number of improvements on the inventions claimed in the above-expired patents."  As of January 2012, the Unisys Web site has no mention of LZW.</p>
		</fdd:licensingAndPatents>
		<fdd:transparency>
			<p>Relatively transparent but depends upon algorithms and tools to read.</p>
		</fdd:transparency>
		<fdd:selfDocumentation>Not applicable.</fdd:selfDocumentation>
		<fdd:externalDependencies>None.</fdd:externalDependencies>
		<fdd:techProtection>Not applicable.</fdd:techProtection>
	</fdd:sustainabilityFactors>
	<fdd:qualityAndFunctionalityFactors>
		<fdd:stillImageQF>
			<fdd:normalImage>Good support.</fdd:normalImage>
			<fdd:clarity>Excellent, given that LZW offers lossless compression.</fdd:clarity>
			<fdd:colorMaint>Not applicable.</fdd:colorMaint>
			<fdd:graphics>Not applicable.</fdd:graphics>
			<fdd:beyondImage>None.</fdd:beyondImage>
		</fdd:stillImageQF>
	</fdd:qualityAndFunctionalityFactors>
	<fdd:fileTypeSignifiers>
		<fdd:signifiersGroup>
			<fdd:filenameExtension>
				<fdd:sigValueNA>Not applicable.</fdd:sigValueNA>
			</fdd:filenameExtension>
			<fdd:internetMediaType>
				<fdd:sigValueNA>Not applicable.</fdd:sigValueNA>
			</fdd:internetMediaType>
			<fdd:magicNumbers>
				<fdd:sigValueNA>Not applicable.</fdd:sigValueNA>
			</fdd:magicNumbers>
		</fdd:signifiersGroup>
	</fdd:fileTypeSignifiers>
	<fdd:notes>
		<fdd:history>The ironically titled <a href="http://www.kyzer.me.uk/essays/giflzw/">"Sad day . . . GIF patent dead at 20"</a> includes a useful chronology compiled by an individual unhappy with Unisys's patent protections. </fdd:history>
	</fdd:notes>
	<fdd:formatSpecifications>
		<fdd:urls>
			<fdd:url>
				<fdd:urlReference>
					<link>http://www.google.com/patents?id=ZyoBAAAAEBAJ&amp;dq=4,558,302</link>
					<tag>Patent Number 4,558,302</tag>
					<comment>Also available from the U.S. Patent and Trademark Office search page [http://patft.uspto.gov/netahtml/PTO/srchnum.htm]:  enter 4,558,302. </comment>
				</fdd:urlReference>
			</fdd:url>
		</fdd:urls>
		<fdd:citations>
			<fdd:citation>
				<fdd:articleReference>
					<articleRefDetail rel="au">Welch, Terry A.</articleRefDetail> "<articleRefDetail rel="atitle">A Technique for High-Performance Data Compression</articleRefDetail>", <articleRefDetail rel="jtitle">Computer</articleRefDetail>, Vol. 17, No. 6 (<articleRefDetail rel="date">June 1984</articleRefDetail>): pp. 8-19.  ISSN: <articleRefDetail rel="issn">0018-9162</articleRefDetail>. Doi: <articleRefDetail rel="doi">10.1109/MC.1984.1659158</articleRefDetail>.  In addition to the version available to IEEE subscribers.  Page images of this definitive article by Terry Welch, have also been made available online: <a href="http://www.maxime.net.ru/doc/welch.shtml">as PNG images on a Russian site</a>; and <a href="http://www.cs.duke.edu/courses/spring03/cps296.5/papers/welch_1984_technique_for.pdf">in a PDF</a>.</fdd:articleReference>
			</fdd:citation>
		</fdd:citations>
	</fdd:formatSpecifications>
	<fdd:usefulReferences>
		<fdd:urls>
			<fdd:url>
				<fdd:urlReference>
					<link>http://marknelson.us/1989/10/01/lzw-data-compression/</link>
					<tag>LZW Data Compression</tag>
					<comment>By Mark Nelson.  Corrected version of article that appeared in Dr. Dobbs Journal in October 1989.</comment>
				</fdd:urlReference>
			</fdd:url>
			<fdd:url>
				<fdd:urlReference>
					<link>http://marknelson.us/2011/11/08/lzw-revisited/</link>
					<tag>LZW Revisited</tag>
					<comment>By Mark Nelson.  Update to article &quot;LZW Data Compression,&quot; cited above.</comment>
				</fdd:urlReference>
			</fdd:url>
			<fdd:url>
				<fdd:urlGroup>
					<fdd:intro>The Encyclopedia of Graphic File Formats, 2nd Edition, 1996 (EGFF) has information on LZW compression.  Online access is available at:</fdd:intro>
					<fdd:urlList>
						<fdd:urlReference>
							<link>http://www.fileformat.info/mirror/egff/ch09_04.htm</link>
							<tag>EGFF, Chapter 9, section 4: Lempel-Ziv-Welch (LZW) Compression</tag>
							<comment>From FileFormat.Info.  This presentation states that the work has been released under a Creative Commons license.</comment>
						</fdd:urlReference>
						<fdd:urlReference>
							<link>http://web.archive.org/web/20071210094024/http://www.fileformat.info/mirror/egff/ch09_04.htm</link>
							<tag>EGFF, Chapter 9, section 4: Lempel-Ziv-Welch (LZW) Compression</tag>
							<comment>From FileFormat.Info, via Internet Archive&apos;s Wayback Machine.  Included because FileFormat.info has not been updated recently (as of November 2012) and was not functioning for a period.</comment>
						</fdd:urlReference>
					</fdd:urlList>
				</fdd:urlGroup>
			</fdd:url>
			<fdd:url>
				<fdd:urlReference>
					<link>http://en.wikipedia.org/wiki/LZW</link>
					<tag>Lempel-Ziv-Welch page in Wikipedia</tag>
				</fdd:urlReference>
			</fdd:url>
			<fdd:url>
				<fdd:urlGroup>
					<fdd:intro>For historical purposes, information captured prior to 2010 by the Internet Archive from Unisys Web site may be of interest.  As of 2012, Unisys no longer has information related to LZW or its related patents on its Web site.</fdd:intro>
					<fdd:urlList>
						<fdd:urlReference>
							<link>http://web.archive.org/web/20070202172201/http://www.unisys.com/about__unisys/lzw/</link>
							<tag>LZW Patent and Software Information</tag>
						</fdd:urlReference>
						<fdd:urlReference>
							<link>http://web.archive.org/web/20090210110804/http://www.unisys.com/about__unisys/lzw/lzw__license__english.htm</link>
							<tag>LZW Licenses Available from Unisys</tag>
						</fdd:urlReference>
						<fdd:urlReference>
							<link>http://web.archive.org/web/20081212043525/http://www.unisys.com/about__unisys/lzw/lzw__definitions__english.htm</link>
							<tag>Definitions of sites that qualified for Intranet/Billboard LZW license</tag>
						</fdd:urlReference>
					</fdd:urlList>
				</fdd:urlGroup>
			</fdd:url>
			<fdd:url>
				<fdd:urlGroup>
					<fdd:intro>An article announcing the expiry of the LZW patent, 4558302, and providing a timeline for the &quot;patent saga&quot; appeared in June 2003 and was shared around the Web.</fdd:intro>
					<fdd:urlList>
						<fdd:urlReference>
							<link>http://www.kuro5hin.org/story/2003/6/19/35919/4079</link>
							<tag>"Sad day . . . GIF patent dead at 20"</tag>
							<comment>Web page regarding Unisys patent policy, 1994-2003     </comment>
						</fdd:urlReference>
						<fdd:urlReference>
							<link>http://www.kyzer.me.uk/essays/giflzw/</link>
							<tag>&quot;Sad day . . . GIF patent dead at 20&quot;</tag>
							<comment>Later version of same article.</comment>
						</fdd:urlReference>
					</fdd:urlList>
				</fdd:urlGroup>
			</fdd:url>
		</fdd:urls>
		<fdd:citations>
			<fdd:citation>
				<fdd:articleReference>
					<articleRefDetail rel="au">Ziv J., Lempel A.</articleRefDetail>, &quot;<articleRefDetail rel="atitle">A Universal Algorithm for Sequential Data Compression</articleRefDetail>&quot;, <articleRefDetail rel="jtitle">IEEE Transactions on Information Theory</articleRefDetail>, Vol. 23, No. 3, (<articleRefDetail rel="date">1977</articleRefDetail>): pp. 337-343. ISSN: <articleRefDetail rel="issn">0018-9448</articleRefDetail>. From Citeseer at <a href="http://citeseer.ist.psu.edu/viewdoc/download?doi=10.1.1.118.8921&amp;rep=rep1&amp;type=pdf">http://citeseer.ist.psu.edu/viewdoc/download?doi=10.1.1.118.8921&amp;rep=rep1&amp;type=pdf</a>.  Also at <a href="http://www.ece.gatech.edu/users/swm/0337ziv.pdf">http://www.ece.gatech.edu/users/swm/0337ziv.pdf</a>
				</fdd:articleReference>
			</fdd:citation>
			<fdd:citation>
				<fdd:articleReference>
					<articleRefDetail rel="au">Ziv J., Lempel A.</articleRefDetail>, &quot;<articleRefDetail rel="atitle">Compression of Individual Sequences via Variable-Rate Coding</articleRefDetail>&quot;, <articleRefDetail rel="jtitle">IEEE Transactions on Information Theory</articleRefDetail>, Vol. 24, No. 5, (<articleRefDetail rel="date">1978</articleRefDetail>): pp. 530-536. ISSN: <articleRefDetail rel="issn">0018-9448</articleRefDetail>.  From Citeseer at <a href="http://citeseer.ist.psu.edu/viewdoc/download?doi=10.1.1.14.2892&amp;rep=rep1&amp;type=pdf">http://citeseer.ist.psu.edu/viewdoc/download?doi=10.1.1.14.2892&amp;rep=rep1&amp;type=pdf</a>.  
Also at <a href="http://www.cs.duke.edu/courses/spring03/cps296.5/papers/ziv_lempel_1978_variable-rate.pdf">http://www.cs.duke.edu/courses/spring03/cps296.5/papers/ziv_lempel_1978_variable-rate.pdf</a>.</fdd:articleReference>
			</fdd:citation>
			<fdd:citation>
				<fdd:bookReference>
					<bookRefDetail rel="au">Murray, James D.</bookRefDetail> and <bookRefDetail rel="au">William vanRyper</bookRefDetail>. <bookRefDetail rel="btitle">Encyclopedia of Graphics File Formats, 2nd Edition.</bookRefDetail> 
Sebastopol, CA. : O'Reilly &amp; Associates, <bookRefDetail rel="date">1996</bookRefDetail>. Includes CD-ROM with complete text of book, and copies of several file format specifications. </fdd:bookReference>
			</fdd:citation>
		</fdd:citations>
	</fdd:usefulReferences>
</fdd:FDD>
