<?xml version="1.0" encoding="UTF-8"?>
<fdd:FDD id="fdd000063" titleName="MJPEG (Motion JPEG) Video Codec" shortName="MJPEG" xmlns:xsi="http://www.w3.org/2001/XMLSchema-instance" xmlns:fdd="http://www.digitalpreservation.gov/formats/schemas/fdd/v1" xsi:schemaLocation="http://www.digitalpreservation.gov/formats/schemas/fdd/v1 http://www.digitalpreservation.gov/formats/schemas/fdd/v1/fdd-v1-0.xsd">
	<fdd:properties>
		<fdd:gdfrGenreSelection>
			<fdd:gdfrGenre>moving-image</fdd:gdfrGenre>
		</fdd:gdfrGenreSelection>
		<fdd:formatCategories>
			<fdd:category>encoding</fdd:category>
		</fdd:formatCategories>
		<fdd:gdfrComposition>unitary</fdd:gdfrComposition>
		<fdd:gdfrForm>binary</fdd:gdfrForm>
		<fdd:gdfrConstraint>unstructured</fdd:gdfrConstraint>
		<fdd:gdfrBasis>sampled</fdd:gdfrBasis>
		<fdd:updates>
			<fdd:date>2016-03-10</fdd:date>
		</fdd:updates>
		<fdd:draftStatus>Full</fdd:draftStatus>
	</fdd:properties>
	<fdd:identificationAndDescription>
		<fdd:fullName>Motion JPEG Video Codec</fdd:fullName>
		<fdd:keywords>
			<fdd:keyword>Motion JPEG</fdd:keyword>
			<fdd:keyword>video formats</fdd:keyword>
		</fdd:keywords>
		<fdd:description>
			<p>Bitstream encoding for video in which an image of each frame (perhaps also images of video fields; <a href="../contact_format.shtml">Comments welcome</a>) is encoded as JPEG-DIB (JPEG with Device-Independent Bit compression; see <a href="http://www.jmcgowan.com/odmlff2.pdf">OpenDML specification</a> page 36), a constrained version of <fddLink id="fdd000017">JPEG</fddLink> described in the specification as having been defined by Microsoft.  Played as a sequence, the series of frame images reproduce the source video.  The AVI wrapping of this image type for video is detailed in the <fddLink id="fdd000442">AVI_OpenDML_1_02</fddLink> specification cited above.</p>
			<p>The Wikipedia article on <a href="https://en.wikipedia.org/wiki/Motion_JPEG">Motion JPEG</a> (consulted in March 2016) offers some insights into the format's origin: "Prior to the recent rise in MPEG-4 encoding in consumer devices, a progressive scan form of M-JPEG saw widespread use in the 'movie' modes of digital still cameras, allowing video encoding and playback through the integrated JPEG compression hardware with only a software modification. . . ."  Most MJPEG bitstreams are wrapped in <fddLink id="fdd000442">AVI_OpenDML_1_02</fddLink>, and these files carry the Microsoft Four-Character Code (FOURCC) <i>MJPG</i>. The OpenDML extensions to AVI were developed in 1996-97 to address this need.  MJPEG bitstreams may also be wrapped in other file formats.</p>
			<p>Avery Lee, writing in the rec.video.desktop newsgroup in 2001, commented that "MJPEG, or at least the MJPEG in AVIs having the MJPG fourcc, is restricted JPEG with a fixed -- and *omitted* -- Huffman table.  The JPEG must be YCbCr colorspace, it must be 4:2:2, and it must use basic Huffman encoding, not arithmetic or progressive.  . . . You can indeed extract the MJPEG frames and decode them with a regular JPEG decoder, but you have to prepend the DHT segment to them, or else the decoder won't have any idea how to decompress the data.  The exact table necessary is given in the OpenDML spec.&quot;</p>
		</fdd:description>
		<fdd:shortDescription>Bitstream encoding for video in which each frame is compressed using the JPEG still-image compression algorithm. Taken as a sequence, the series of frames represent the source video.</fdd:shortDescription>
		<fdd:productionPhase>Generally a initial- or middle-state (video production) format; after editing, the bitstream is typically compressed in another encoding for end-user delivery.</fdd:productionPhase>
		<fdd:relationships>
			<fdd:relationship>
				<fdd:typeOfRelationship>Used by</fdd:typeOfRelationship>
				<fdd:relatedTo>
					<fdd:id>fdd000060</fdd:id>
					<fdd:shortName>AVI_MJPEG</fdd:shortName>
					<fdd:titleName>AVI OpenDML with MJPEG Codec</fdd:titleName>
				</fdd:relatedTo>
			</fdd:relationship>
			<fdd:relationship>
				<fdd:typeOfRelationship>Used by</fdd:typeOfRelationship>
				<fdd:relatedTo>
					<fdd:id>fdd000089</fdd:id>
					<fdd:shortName>QTV_MJPEG</fdd:shortName>
					<fdd:titleName>QuickTime MJPEG</fdd:titleName>
				</fdd:relatedTo>
			</fdd:relationship>
		</fdd:relationships>
	</fdd:identificationAndDescription>
	<fdd:sustainabilityFactors>
		<fdd:disclosure>
			<p>The underlying coding algorithms are documented through the <fddLink id="fdd000017">JPEG</fddLink> encoding standard (ISO/IEC 10918-1:1994).  The profile for MJPEG is specified as part of the OpenDML extensions to AVI, an open specification produced by a committee working in association with Matrox Electronic Systems Ltd. of Canada.</p>
		</fdd:disclosure>
		<fdd:documentation>
			<p>Documentation via the OpenDML extension version 1.02 to AVI available from <a href="http://www.morgan-multimedia.com/download/odmlff2.pdf">Morgan Multimedia</a> and other sites. (See also <fddLink id="fdd000063">AVI_OpenDML_1_02</fddLink>.)</p>
		</fdd:documentation>
		<fdd:adoption>
			<p>The Wikipedia article on <a href="https://en.wikipedia.org/wiki/Motion_JPEG">Motion JPEG</a> (consulted in March 2016) states that &quot;M-JPEG is frequently used in non-linear video editing systems. Modern desktop CPUs are powerful enough to work with high-definition video so no special hardware is required and they in turn offer native random-access to a frame, M-JPEG support is also widespread in video-capture and editing equipment.&quot;</p>
		</fdd:adoption>
		<fdd:licensingAndPatents>
			<p>Apparently none, except as indicated for <fddLink id="fdd000017">JPEG</fddLink>.</p>
		</fdd:licensingAndPatents>
		<fdd:transparency>
			<p>Depends upon algorithms and tools to read; will require sophistication to build tools.  See also the comment in <i>Description</i>, above.</p>
		</fdd:transparency>
		<fdd:selfDocumentation>
			Not applicable; provided by wrapper formats.
		</fdd:selfDocumentation>
		<fdd:externalDependencies>
			None.
		</fdd:externalDependencies>
		<fdd:techProtection>
			Not applicable; provided by wrapper formats.
		</fdd:techProtection>
	</fdd:sustainabilityFactors>
	<fdd:qualityAndFunctionalityFactors>
		<fdd:movingImageQF>
			<fdd:normalVideo>Not applicable</fdd:normalVideo>
			<fdd:clarity>Very good to excellent, depending upon sampling (e.g., 4:2:2 as compared to 4:1:1, etc.), capture of both fields for each frame, the type and extent of compression, and the encoder used.</fdd:clarity>
			<fdd:beyondVideo>Not applicable.</fdd:beyondVideo>
		</fdd:movingImageQF>
	</fdd:qualityAndFunctionalityFactors>
	<fdd:fileTypeSignifiers>
		<fdd:signifiersGroup>
			<fdd:filenameExtension>
				<fdd:sigValueNA>Not applicable.</fdd:sigValueNA>
			</fdd:filenameExtension>
			<fdd:internetMediaType>
				<fdd:sigValueNA>Not applicable.</fdd:sigValueNA>
			</fdd:internetMediaType>
			<fdd:magicNumbers>
				<fdd:sigValueNA>Not applicable.</fdd:sigValueNA>
			</fdd:magicNumbers>
			<fdd:other>
				<fdd:tag>Microsoft FOURCC</fdd:tag>
				<fdd:values>
					<fdd:sigValues>
						<fdd:sigValue>MJPG</fdd:sigValue>
					</fdd:sigValues>
					<fdd:note>Used when this codec is wrapped in Microsoft file formats, e.g., <fddLink id="fdd000059">AVI</fddLink> and <fddLink id="fdd000067">ASF</fddLink>; see, for example the <a href="http://www.iana.org/assignments/wave-avi-codec-registry/wave-avi-codec-registry.xml">archived version of the Microsoft registry</a> mounted by IANA.</fdd:note>
				</fdd:values>
			</fdd:other>
		</fdd:signifiersGroup>
	</fdd:fileTypeSignifiers>
	<fdd:notes>
		<fdd:general>Slight discussion of MJPEG in <a href="http://www.jmcgowan.com/avicodecs.html">John McGowan's AVI Overview: Audio and Video Codecs</a> (http://www.jmcgowan.com/avicodecs.html).</fdd:general>
	</fdd:notes>
	<fdd:usefulReferences>
		<fdd:urls>
			<fdd:url>
				<fdd:urlReference>
					<link>http://www.jmcgowan.com/avicodecs.html</link>
					<tag>John McGowan's AVI Overview: Audio and Video Codecs</tag>
				</fdd:urlReference>
			</fdd:url>
			<fdd:url>
				<fdd:urlReference>
					<link>http://www.morgan-multimedia.com/morgan/php/products.php?sProductId=4</link>
					<tag>Morgan Multimedia M-JPEG Codec</tag>
					<comment>Description of one vendor&apos;s codec for Motion JPEG.</comment>
				</fdd:urlReference>
			</fdd:url>
			<fdd:url>
				<fdd:urlReference>
					<link>http://www.morgan-multimedia.com/morgan/php/support.php?iId=30</link>
					<tag>Morgan Multimedia M-JPEG Configuration Options</tag>
				</fdd:urlReference>
			</fdd:url>
			<fdd:url>
				<fdd:urlReference>
					<link>http://www.mainconcept.com/products/sdks/codec-sdk/video/motion-jpeg.html</link>
					<tag>Main Concept Multimedia Technologies: Video Codecs -- Motion JPEG</tag>
				</fdd:urlReference>
			</fdd:url>
			<fdd:url>
				<fdd:urlReference>
					<link>https://en.wikipedia.org/wiki/Motion_JPEG</link>
					<tag>Motion JPEG</tag>
					<comment>Wikipedia article.</comment>
				</fdd:urlReference>
			</fdd:url>
			<fdd:url>
				<fdd:urlGroup>
					<fdd:intro>Archived snapshots of &quot;Microsoft registry&quot; at Internet Archive.</fdd:intro>
					<fdd:urlList>
						<fdd:urlReference>
							<link>http://web.archive.org/web/20100922105522/http://www.microsoft.com/whdc/archive/fourcc.mspx</link>
							<tag>Microsoft registry, as of December 2001</tag>
						</fdd:urlReference>
						<fdd:urlReference>
							<link>http://web.archive.org/web/20100620230818/http://msdn.microsoft.com/en-us/library/ms867195.aspx</link>
							<tag>Microsoft registry, as of June 2003</tag>
						</fdd:urlReference>
					</fdd:urlList>
				</fdd:urlGroup>
			</fdd:url>
			<fdd:url>
				<fdd:urlReference>
					<link>http://www.iana.org/assignments/wave-avi-codec-registry/wave-avi-codec-registry.xml</link>
					<tag>WAVE and AVI Codec Registries (Historic Registry)
</tag>
					<comment>Former &quot;Microsoft registry&quot; as archived by IANA in 2008.</comment>
				</fdd:urlReference>
			</fdd:url>
		</fdd:urls>
	</fdd:usefulReferences>
</fdd:FDD>
