<?xml version="1.0" encoding="UTF-8"?>
<fdd:FDD id="fdd000215" titleName="MPEG-4, Advanced Video Coding, High Profile" shortName="MPEG-4_AVC_HP" xmlns:xsi="http://www.w3.org/2001/XMLSchema-instance" xmlns:fdd="http://www.digitalpreservation.gov/formats/schemas/fdd/v1" xsi:schemaLocation="http://www.digitalpreservation.gov/formats/schemas/fdd/v1 http://www.digitalpreservation.gov/formats/schemas/fdd/v1/fdd-v1-0.xsd">
	<fdd:properties>
		<fdd:gdfrGenreSelection>
			<fdd:gdfrGenre>moving-image</fdd:gdfrGenre>
		</fdd:gdfrGenreSelection>
		<fdd:formatCategories>
			<fdd:category>encoding</fdd:category>
		</fdd:formatCategories>
		<fdd:gdfrComposition>unitary</fdd:gdfrComposition>
		<fdd:gdfrForm>binary</fdd:gdfrForm>
		<fdd:gdfrBasis>sampled</fdd:gdfrBasis>
		<fdd:updates>
			<fdd:date>2011-12-27</fdd:date>
		</fdd:updates>
		<fdd:draftStatus>Full</fdd:draftStatus>
	</fdd:properties>
	<fdd:identificationAndDescription>
		<fdd:fullName>Information technology -- Coding of audio-visual objects (formal name); MPEG-4, Advanced Video Coding (part 10), High Profile.</fdd:fullName>
		<fdd:keywords>
			<fdd:keyword>FRExt, Fidelity Range Extensions</fdd:keyword>
			<fdd:keyword>MPEG-4</fdd:keyword>
			<fdd:keyword>MPEG</fdd:keyword>
		</fdd:keywords>
		<fdd:description>
			<p>The High Profile of <fddLink id="fdd000081">MPEG-4_AVC</fddLink> (from ITU-T H.264) supports 4:2:0 chroma at 8 bits per channel, adaptive macroblock-level switching between 8x8 and 4x4 transform block size, encoder-specified quantization scaling matrices, encoder-specified separate control of the quantization parameter for each chroma component, and monochrome sequences.  The <a href="http://www.fastvdo.com/spie04/spie04-h264OverviewPaper.pdf">Overview and Introduction to the Fidelity Range Extensions</a> states that "the High profile seems to be overtaking the Main profile as the primary choice for broadcast and other entertainment-quality applications."  </p>
			<p>NOTE: this Web page drafted prior to the amendment of the standard to add the four High profiles.<a href="../contact_format.shtml">Comments welcome</a>. </p>
		</fdd:description>
		<fdd:shortDescription>The High Profile supports 4:2:0 chroma at 8 bits per channel, adaptive macroblock-level switching between 8x8 and 4x4 transform block size, encoder-specified quantization scaling matrices, encoder-specified separate control of the quantization parameter for each chroma component, and monochrome sequences.</fdd:shortDescription>
		<fdd:productionPhase>Generally a final-state (end-user delivery) format.</fdd:productionPhase>
		<fdd:relationships>
			<fdd:relationship>
				<fdd:typeOfRelationship>Subtype of</fdd:typeOfRelationship>
				<fdd:relatedTo>
					<fdd:id>fdd000081</fdd:id>
					<fdd:shortName>MPEG-4_AVC</fdd:shortName>
					<fdd:titleName>MPEG-4, Advanced Video Coding (Part 10) (H.264)</fdd:titleName>
				</fdd:relatedTo>
			</fdd:relationship>
			<fdd:relationship>
				<fdd:typeOfRelationship>Used by</fdd:typeOfRelationship>
				<fdd:relatedTo>
					<fdd:id>fdd000221</fdd:id>
					<fdd:shortName>MP4_FF_2_AVC_HP</fdd:shortName>
					<fdd:titleName>MPEG-4 File Format, V.2, with AVC, High Profile</fdd:titleName>
				</fdd:relatedTo>
			</fdd:relationship>
		</fdd:relationships>
	</fdd:identificationAndDescription>
	<fdd:sustainabilityFactors>
		<fdd:disclosure>Open standard. See <fddLink id="fdd000081">MPEG-4_AVC</fddLink>.</fdd:disclosure>
		<fdd:documentation>See <fddLink id="fdd000081">MPEG-4_AVC</fddLink>. This profile is not yet in the formal specification; information may be found in <a href="http://www.fastvdo.com/spie04/spie04-h264OverviewPaper.pdf">Overview and Introduction to the Fidelity Range Extensions</a>.
		</fdd:documentation>
		<fdd:adoption>From <a href="http://ip.hhi.de/imagecom_G1/assets/pdfs/ICIP05_H264_Fidelity.pdf">H.264/MPEG4-AVC Fidelity Range Extensions: Tools, Profiles, Performance, and Application Areas</a>: <br/>The High profile "has recently been included in some important application standards or specifications of industry consortia:<ul>
				<li>The [European] specifications TS 101 154 and TS 102 005 of DVB (Digital Video Broadcasting) specify HP for satellite,cable, and terrestrial broadcasting using MPEG-2 transport stream or IP, respectively</li>
				<li>The HD-DVD specification of the DVD Forum makes HP mandatory for every decoder</li>
				<li>The BD specification of the Blu-Ray Disc Association (BDA) also makes HP mandatory for every decoder"</li>
			</ul>
			<p>See also <fddLink id="fdd000081">MPEG-4_AVC</fddLink>.</p>
		</fdd:adoption>
		<fdd:licensingAndPatents>See <fddLink id="fdd000155">MP4_FF_2</fddLink>.
		</fdd:licensingAndPatents>
		<fdd:transparency>See <fddLink id="fdd000155">MP4_FF_2</fddLink>.
		</fdd:transparency>
		<fdd:selfDocumentation>See <fddLink id="fdd000155">MP4_FF_2</fddLink>.
		</fdd:selfDocumentation>
		<fdd:externalDependencies>See <fddLink id="fdd000155">MP4_FF_2</fddLink>.
		</fdd:externalDependencies>
		<fdd:techProtection>See <fddLink id="fdd000155">MP4_FF_2</fddLink>.
		</fdd:techProtection>
	</fdd:sustainabilityFactors>
	<fdd:qualityAndFunctionalityFactors>
		<fdd:movingImageQF>
			<fdd:normalVideo>Good support.</fdd:normalVideo>
			<fdd:clarity>See <fddLink id="fdd000081">MPEG-4_AVC</fddLink>. Depends in part on the level and encoding algorithm selected. The High Profile has the potential to produce greater clarity than <fddLink id="fdd000082">MPEG-4_AVC_BP</fddLink>, <fddLink id="fdd000083">MPEG-4_AVC_MP</fddLink>, and <fddLink id="fdd000084">MPEG-4_AVC_EP</fddLink> at a given picture size and data rate.  By the same token, MPEG-4_AVC_HP clarity can be surpassed by <fddLink id="fdd000216">MPEG-4_AVC_H10P</fddLink>, <fddLink id="fdd000217">MPEG-4_AVC_H422P</fddLink>, and <fddLink id="fdd000218">MPEG-4_AVC_H444P</fddLink>.</fdd:clarity>
			<fdd:beyondVideo>See <fddLink id="fdd000155">MP4_FF_2</fddLink>.</fdd:beyondVideo>
		</fdd:movingImageQF>
	</fdd:qualityAndFunctionalityFactors>
	<fdd:fileTypeSignifiers>
		<fdd:signifiersGroup>
			<fdd:filenameExtension>
				<fdd:sigValueNA>Not applicable.</fdd:sigValueNA>
				<fdd:note>Pertains to the file format; see <fddLink id="fdd000155">MP4_FF_2</fddLink>
				</fdd:note>
			</fdd:filenameExtension>
			<fdd:internetMediaType>
				<fdd:sigValueNA>Not applicable.</fdd:sigValueNA>
				<fdd:note>Pertains to the file format; see <fddLink id="fdd000155">MP4_FF_2</fddLink>
				</fdd:note>
			</fdd:internetMediaType>
			<fdd:magicNumbers>
				<fdd:sigValueNA>Not applicable.</fdd:sigValueNA>
				<fdd:note>Pertains to the file format; see <fddLink id="fdd000155">MP4_FF_2</fddLink>
				</fdd:note>
			</fdd:magicNumbers>
			<fdd:other>
				<fdd:tag>File type brand (ISO Base Media File Format)</fdd:tag>
				<fdd:values>
					<fdd:sigValueNA>See note.</fdd:sigValueNA>
					<fdd:note>Indicated in file wrapper and relates to "brands" defined in <fddLink id="fdd000079">ISO_BMFF</fddLink>.  Wrapping MPEG-4_AVC bitstreams in <fddLink id="fdd000037">MP4_FF_1</fddLink> (unlikely) would occasion the use of <i>mp41</i>; in <fddLink id="fdd000155">MP4_FF_2</fddLink> (more likely), use <i>mp42</i>.</fdd:note>
				</fdd:values>
			</fdd:other>
			<fdd:other>
				<fdd:tag>Indicator for profile, level, version, etc.</fdd:tag>
				<fdd:values>
					<fdd:sigValues>
						<fdd:sigValue>100</fdd:sigValue>
					</fdd:sigValues>
					<fdd:note>
						<i>profile_idc</i>: described as a part of Annex A of <a href="#specs">Part 10</a> of the standard, pp. 204-05.</fdd:note>
				</fdd:values>
			</fdd:other>
		</fdd:signifiersGroup>
	</fdd:fileTypeSignifiers>
	<fdd:notes>
		<fdd:general>From <a href="http://ip.hhi.de/imagecom_G1/assets/pdfs/ICIP05_H264_Fidelity.pdf">H.264/MPEG4-AVC Fidelity Range Extensions: Tools, Profiles, Performance, and Application Areas</a>: "All four [High] profiles inherit the tool set of the Main profile, and as their common intersection, the High profile (HP) additionally contains all major new tools for improving the coding efficiency. Relative to the Main profile (MP), these tools imply only moderate (if any) increases in complexity both in terms of implementation and computational costs (at the decoder side), as briefly discussed for the case of the 8x8 transform in the previous section. Therefore, the High profile with its restriction to 8-bit video in 4:2:0 chroma format (or optionally in monochrome format) is likely to replace the Main profile for prospective applications of H.264/MPEG4-AVC in typical consumer applications."</fdd:general>
	</fdd:notes>
	<fdd:formatSpecifications>
		<fdd:citations>
			<fdd:citation>
				<fdd:specReference> ISO/IEC 14496-10:2003   Information technology -- Coding of audio-visual objects -- Part 10: Advanced Video Coding</fdd:specReference>
			</fdd:citation>
			<fdd:citation>
				<fdd:specReference> ISO/IEC 14496-15:2003   Information technology -- Coding of audio-visual objects -- Part 15: Advanced Video Coding (AVC) file format</fdd:specReference>
			</fdd:citation>
		</fdd:citations>
	</fdd:formatSpecifications>
	<fdd:usefulReferences>
		<fdd:urls>
			<fdd:url>
				<fdd:urlReference>
					<link>http://www.fastvdo.com/spie04/spie04-h264OverviewPaper.pdf</link>
					<tag>Overview and Introduction to the Fidelity Range Extensions</tag>
				</fdd:urlReference>
			</fdd:url>
			<fdd:url>
				<fdd:urlReference>
					<link>http://ip.hhi.de/imagecom_G1/assets/pdfs/ICIP05_H264_Fidelity.pdf</link>
					<tag>H.264/MPEG4-AVC Fidelity Range Extensions: Tools, Profiles, Performance, and Application Areas</tag>
				</fdd:urlReference>
			</fdd:url>
		</fdd:urls>
		<fdd:citations>
			<fdd:citation>
				<fdd:bookReference>Sullivan, Gary J., Pankaj Topiwala, and Ajay Luthra. "Overview and Introduction to the Fidelity Range Extensions."  Paper presented at the SPIE Conference on Applications of Digital Image Processing XXVII, Special Session on Advances in the New Emerging Standard: H.264/AVC, August, 2004.</fdd:bookReference>
			</fdd:citation>
			<fdd:citation>
				<fdd:bookReference> See also <fddLink id="fdd000155">MP4_FF_2</fddLink>.</fdd:bookReference>
			</fdd:citation>
		</fdd:citations>
	</fdd:usefulReferences>
</fdd:FDD>
