<?xml version="1.0" encoding="UTF-8"?>
<fdd:FDD id="fdd000384" titleName="MBOXO Email Format" shortName="MBOXO" xmlns:xsi="http://www.w3.org/2001/XMLSchema-instance" xmlns:fdd="http://www.loc.gov/preservation/digital/formats/schemas/fdd/v1" xsi:schemaLocation="http://www.loc.gov/preservation/digital/formats/schemas/fdd/v1 http://www.loc.gov/preservation/digital/formats/schemas/fdd/v1/fdd-v1-1.xsd">
	<fdd:properties>
		<fdd:gdfrGenreSelection>
			<fdd:gdfrGenre>text</fdd:gdfrGenre>
		</fdd:gdfrGenreSelection>
		<fdd:formatCategories>
			<fdd:category>file-format</fdd:category>
		</fdd:formatCategories>
		<fdd:gdfrComposition>unitary</fdd:gdfrComposition>
		<fdd:gdfrForm>binary</fdd:gdfrForm>
		<fdd:gdfrConstraint>structured</fdd:gdfrConstraint>
		<fdd:gdfrBasis>symbolic</fdd:gdfrBasis>
		<fdd:gdfrDomains>
			<fdd:gdfrDomain>
				<fdd:value>other</fdd:value>
				<fdd:comment>email</fdd:comment>
			</fdd:gdfrDomain>
		</fdd:gdfrDomains>
		<fdd:updates>
			<fdd:date>2014-02-28</fdd:date>
		</fdd:updates>
		<fdd:draftStatus>Full</fdd:draftStatus>
	</fdd:properties>
	<fdd:identificationAndDescription>
		<fdd:fullName>MBOXO Email Format</fdd:fullName>
		<fdd:description>
			<p>MBOXO is one of the <fddLink id="fdd000383">MBOX</fddLink> family of related file formats used for holding collections of electronic mail messages. See <fddLink id="fdd000383">MBOX</fddLink> for a description of the syntax.</p>
			<p>Since all MBOX messages are concatenated into one text file, MBOXO (and <fddLink id="fdd000385">MBOXRD</fddLink>) formatted messages locate the message start by scanning for “From ” lines. If a "From " string occurs at the beginning of a line in either the header or the body of a message, the e-mail message must be modified before the message is stored in an MBOX mailbox file or the line will be taken as the start of the new message. MBOXO files prepends one greater-than sign (“>”)  to any line of the message, in either the header or the body, that begins with the five characters &apos;F&apos;, &apos;r&apos;, &apos;o&apos;, &apos;m&apos;, and &apos; &apos; (“>From ”).</p>
			<p>According to <a href="http://homepage.ntlworld.com/jonathan.deboynepollard/FGA/mail-mbox-formats.html"> Jonathan de Boyne Pollard</a>, messages appended to an MBOXO mailbox are irrevocably corrupted by prepending the “>” before the word "From" because it is impossible to determine if the “>” was already present as a character in the original message. If a line already contained ">From " at the beginning (such as in a quotation), it is unchanged when written. </p>
		</fdd:description>
		<fdd:shortDescription>MBOXO is one of the MBOX family of related file formats used for holding collections of email messages within a single file. MBOXO files add a greater-than sign (“>”) before the &quot;From &quot; at the start of a line (“>From ”).</fdd:shortDescription>
		<fdd:relationships>
			<fdd:relationship>
				<fdd:typeOfRelationship>Subtype of</fdd:typeOfRelationship>
				<fdd:relatedTo>
					<fdd:id>fdd000383</fdd:id>
					<fdd:shortName>MBOX</fdd:shortName>
					<fdd:titleName>MBOX Email Format</fdd:titleName>
				</fdd:relatedTo>
			</fdd:relationship>
		</fdd:relationships>
	</fdd:identificationAndDescription>
	<fdd:localUse/>
	<fdd:sustainabilityFactors>
		<fdd:disclosure>See <fddLink id="fdd000383">MBOX</fddLink>
		</fdd:disclosure>
		<fdd:documentation>See <fddLink id="fdd000383">MBOX</fddLink>
			<p/>
		</fdd:documentation>
		<fdd:adoption>
			<p>Eudora uses an mboxo variation where a sender&apos;s e-mail address is replaced by the constant string &quot;???@???&quot;</p>See also <fddLink id="fdd000383">MBOX</fddLink>
		</fdd:adoption>
		<fdd:licensingAndPatents>See <fddLink id="fdd000383">MBOX</fddLink>
		</fdd:licensingAndPatents>
		<fdd:transparency>See <fddLink id="fdd000383">MBOX</fddLink>
		</fdd:transparency>
		<fdd:selfDocumentation>See <fddLink id="fdd000383">MBOX</fddLink>
		</fdd:selfDocumentation>
		<fdd:externalDependencies>See <fddLink id="fdd000383">MBOX</fddLink>
		</fdd:externalDependencies>
		<fdd:techProtection>See <fddLink id="fdd000383">MBOX</fddLink>
		</fdd:techProtection>
	</fdd:sustainabilityFactors>
	<fdd:qualityAndFunctionalityFactors/>
	<fdd:fileTypeSignifiers>
		<fdd:signifiersGroup>
			<fdd:filenameExtension>
				<fdd:sigValueNA>See related format.</fdd:sigValueNA>
				<fdd:note>See <fddLink id="fdd000383">MBOX</fddLink>
				</fdd:note>
			</fdd:filenameExtension>
			<fdd:internetMediaType>
				<fdd:sigValueNA>See related format.</fdd:sigValueNA>
				<fdd:note>See <fddLink id="fdd000383">MBOX</fddLink>
				</fdd:note>
			</fdd:internetMediaType>
			<fdd:magicNumbers>
				<fdd:sigValueNA>See related format.</fdd:sigValueNA>
				<fdd:note>See <fddLink id="fdd000383">MBOX</fddLink>
				</fdd:note>
			</fdd:magicNumbers>
		</fdd:signifiersGroup>
	</fdd:fileTypeSignifiers>
	<fdd:notes>
		<fdd:general>
			<p>See <fddLink id="fdd000383">MBOX</fddLink> for compatibility issues.</p>
		</fdd:general>
	</fdd:notes>
	<fdd:formatSpecifications>
		<fdd:urls>
			<fdd:url>
				<fdd:urlGroup>
					<fdd:intro>See <fddLink id="fdd000383">MBOX</fddLink>
					</fdd:intro>
				</fdd:urlGroup>
			</fdd:url>
		</fdd:urls>
	</fdd:formatSpecifications>
	<fdd:usefulReferences>
		<fdd:urls>
			<fdd:url>
				<fdd:urlReference>
					<link>http://tobold.org/chapter/cmail/027</link>
					<tag>Interesting comments by Tim Goodwin about MBOXO and MBOXRD message delimiters</tag>
				</fdd:urlReference>
			</fdd:url>
		</fdd:urls>
	</fdd:usefulReferences>
</fdd:FDD>
