<?xml version="1.0" encoding="UTF-8"?>
<fdd:FDD id="fdd000168" titleName="JP2 File Format with JPEG 2000 Core Coding, Lossy" shortName="JP2_J2K_C_LSY" xmlns:xsi="http://www.w3.org/2001/XMLSchema-instance" xmlns:fdd="http://www.loc.gov/preservation/digital/formats/schemas/fdd/v1" xsi:schemaLocation="http://www.loc.gov/preservation/digital/formats/schemas/fdd/v1 http://www.loc.gov/preservation/digital/formats/schemas/fdd/v1/fdd-v1-1.xsd">
	<fdd:properties>
		<fdd:gdfrGenreSelection>
			<fdd:gdfrGenre>still-image</fdd:gdfrGenre>
		</fdd:gdfrGenreSelection>
		<fdd:formatCategories>
			<fdd:category>file-format</fdd:category>
			<fdd:category>encoding</fdd:category>
		</fdd:formatCategories>
		<fdd:gdfrComposition>unitary</fdd:gdfrComposition>
		<fdd:gdfrForm>binary</fdd:gdfrForm>
		<fdd:gdfrBasis>sampled</fdd:gdfrBasis>
		<fdd:updates>
			<fdd:date>2012-01-09</fdd:date>
		</fdd:updates>
		<fdd:draftStatus>Full</fdd:draftStatus>
	</fdd:properties>
	<fdd:identificationAndDescription>
		<fdd:fullName>ISO/IEC 15444-1:2004. Information technology -- JPEG 2000 image coding system -- Part 1: Core coding system, file format as specified in Annex I, with lossy encoded bitstream (formal name); JPEG 2000 jp2 file format with lossy data (common name)</fdd:fullName>
		<fdd:keywords>
			<fdd:keyword>raster image formats</fdd:keyword>
		</fdd:keywords>
		<fdd:description>JPEG 2000 core (part 1) wrapper containing lossy encoded data.</fdd:description>
		<fdd:shortDescription>JPEG 2000 core (part 1) wrapper containing lossy encoded data.</fdd:shortDescription>
		<fdd:productionPhase>May be used for content in initial, middle, and final states.</fdd:productionPhase>
		<fdd:relationships>
			<fdd:relationship>
				<fdd:typeOfRelationship>Subtype of</fdd:typeOfRelationship>
				<fdd:relatedTo>
					<fdd:id>fdd000143</fdd:id>
					<fdd:shortName>JP2_FF</fdd:shortName>
					<fdd:titleName>JPEG 2000 Part 1 (Core) jp2 File Format</fdd:titleName>
				</fdd:relatedTo>
			</fdd:relationship>
			<fdd:relationship>
				<fdd:typeOfRelationship>Contains</fdd:typeOfRelationship>
				<fdd:relatedTo>
					<fdd:id>fdd000140</fdd:id>
					<fdd:shortName>J2K_C_LSY</fdd:shortName>
					<fdd:titleName>JPEG 2000 Part 1, Core Coding, Lossy</fdd:titleName>
				</fdd:relatedTo>
			</fdd:relationship>
		</fdd:relationships>
	</fdd:identificationAndDescription>
	<fdd:localUse>
		<fdd:experience>JP2_J2K_C_LSY files are being used for the service images of maps in American Memory.   Meanwhile, the Library and the National Endowment for the Humanities have specified <fddLink id="fdd000193">JP2_J2K_C_NDNP</fddLink> for use as lossy-compressed service images in the <a href="http://www.loc.gov/ndnp/">National Digital Newspaper Program</a>, launched in 2004.  For detail, see the <a href="http://www.loc.gov/ndnp/guidelines/">NDNP technical guidelines</a>.  These practices feature the use of JP2_J2K_C_LSY for service images.   At this writing (January 2012), there are plans to study the applicability of both lossless and lossy JPEG 2000 as master images (in the JPEG 2000 wrapper) for various still-image-based reformatting projects.</fdd:experience>
		<fdd:preference/>
	</fdd:localUse>
	<fdd:sustainabilityFactors>
		<fdd:disclosure>See <fddLink id="fdd000143">JP2_FF</fddLink> and <fddLink id="fdd000138">J2K_C</fddLink>
		</fdd:disclosure>
		<fdd:documentation>See <fddLink id="fdd000143">JP2_FF</fddLink> and <fddLink id="fdd000138">J2K_C</fddLink>
		</fdd:documentation>
		<fdd:adoption>See <fddLink id="fdd000143">JP2_FF</fddLink>
		</fdd:adoption>
		<fdd:licensingAndPatents>See <fddLink id="fdd000143">JP2_FF</fddLink> and <fddLink id="fdd000138">J2K_C</fddLink>
		</fdd:licensingAndPatents>
		<fdd:transparency>See <fddLink id="fdd000138">J2K_C</fddLink>
		</fdd:transparency>
		<fdd:selfDocumentation>See <fddLink id="fdd000143">JP2_FF</fddLink>
		</fdd:selfDocumentation>
		<fdd:externalDependencies>See <fddLink id="fdd000143">JP2_FF</fddLink> and <fddLink id="fdd000138">J2K_C</fddLink>
		</fdd:externalDependencies>
		<fdd:techProtection>See <fddLink id="fdd000143">JP2_FF</fddLink>
		</fdd:techProtection>
	</fdd:sustainabilityFactors>
	<fdd:qualityAndFunctionalityFactors>
		<fdd:stillImageQF>
			<fdd:normalImage>Good support.</fdd:normalImage>
			<fdd:clarity>See <fddLink id="fdd000138">J2K_C</fddLink>
			</fdd:clarity>
			<fdd:colorMaint>See <fddLink id="fdd000143">JP2_FF</fddLink> and <fddLink id="fdd000138">J2K_C</fddLink>
			</fdd:colorMaint>
			<fdd:graphics>See <fddLink id="fdd000143">JP2_FF</fddLink>
			</fdd:graphics>
			<fdd:multispectral>See <fddLink id="fdd000143">JP2_FF</fddLink>
			</fdd:multispectral>
			<fdd:beyondImage>See <fddLink id="fdd000143">JP2_FF</fddLink> and <fddLink id="fdd000138">J2K_C</fddLink>
			</fdd:beyondImage>
		</fdd:stillImageQF>
	</fdd:qualityAndFunctionalityFactors>
	<fdd:fileTypeSignifiers>
		<fdd:signifiersGroup>
			<fdd:filenameExtension>
				<fdd:sigValueNA>See related format.</fdd:sigValueNA>
				<fdd:note>
					<p>See <fddLink id="fdd000143">JP2_FF</fddLink>
					</p>
				</fdd:note>
			</fdd:filenameExtension>
			<fdd:internetMediaType>
				<fdd:sigValueNA>See related format.</fdd:sigValueNA>
				<fdd:note>
					<p>See <fddLink id="fdd000143">JP2_FF</fddLink>
					</p>
				</fdd:note>
			</fdd:internetMediaType>
			<fdd:magicNumbers>
				<fdd:sigValueNA>See related format.</fdd:sigValueNA>
				<fdd:note>
					<p>See <fddLink id="fdd000143">JP2_FF</fddLink>
					</p>
				</fdd:note>
			</fdd:magicNumbers>
			<fdd:other>
				<fdd:tag>File type brand (ISO Base Media File Format)</fdd:tag>
				<fdd:values>
					<fdd:sigValueNA>See related format.</fdd:sigValueNA>
					<fdd:note>
						<p>See <fddLink id="fdd000143">JP2_FF</fddLink>
						</p>
					</fdd:note>
				</fdd:values>
			</fdd:other>
			<fdd:other>
				<fdd:tag>Uniform Type Identifier (Mac OS)</fdd:tag>
				<fdd:values>
					<fdd:sigValueNA>See related format.</fdd:sigValueNA>
					<fdd:note>
						<p>See <fddLink id="fdd000143">JP2_FF</fddLink>
						</p>
					</fdd:note>
				</fdd:values>
			</fdd:other>
		</fdd:signifiersGroup>
	</fdd:fileTypeSignifiers>
	<fdd:usefulReferences>
		<fdd:urls>
			<fdd:url>
				<fdd:urlGroup>
					<fdd:intro>See <fddLink id="fdd000143">JP2_FF</fddLink> and <fddLink id="fdd000138">J2K_C</fddLink>.</fdd:intro>
				</fdd:urlGroup>
			</fdd:url>
		</fdd:urls>
	</fdd:usefulReferences>
</fdd:FDD>
