<?xml version="1.0" encoding="UTF-8"?>
<fdd:FDD id="fdd000376" titleName="Matroska File Format with UYVY Video Encoding" shortName="Matroska_UYVY" xmlns:xsi="http://www.w3.org/2001/XMLSchema-instance" xmlns:fdd="http://www.digitalpreservation.gov/formats/schemas/fdd/v1" xsi:schemaLocation="http://www.digitalpreservation.gov/formats/schemas/fdd/v1 http://www.digitalpreservation.gov/formats/schemas/fdd/v1/fdd-v1-0.xsd">
	<fdd:properties>
		<fdd:gdfrGenreSelection>
			<fdd:gdfrGenre>moving-image</fdd:gdfrGenre>
		</fdd:gdfrGenreSelection>
		<fdd:formatCategories>
			<fdd:category>file-format</fdd:category>
			<fdd:category>encoding</fdd:category>
		</fdd:formatCategories>
		<fdd:gdfrComposition>unitary</fdd:gdfrComposition>
		<fdd:gdfrForm>binary</fdd:gdfrForm>
		<fdd:gdfrBasis>sampled</fdd:gdfrBasis>
		<fdd:updates>
			<fdd:date>2013-02-05</fdd:date>
		</fdd:updates>
		<fdd:draftStatus>Partial</fdd:draftStatus>
	</fdd:properties>
	<fdd:identificationAndDescription>
		<fdd:fullName>Matroska File Format with UYVY Video Encoding</fdd:fullName>
		<fdd:keywords>
			<fdd:keyword>video formats</fdd:keyword>
		</fdd:keywords>
		<fdd:description>
			<p>Matroska file format wrapping UYVY uncompressed video essence, typically multiplexed with soundtrack audio.</p>
		</fdd:description>
		<fdd:shortDescription>Matroska file format wrapping UYVY uncompressed video essence, typically multiplexed with soundtrack audio.</fdd:shortDescription>
		<fdd:productionPhase>Generally employed in post-production or editing (middle phase) and in limited modes of dissemination (final phase).</fdd:productionPhase>
		<fdd:relationships>
			<fdd:relationship>
				<fdd:typeOfRelationship>Subtype of</fdd:typeOfRelationship>
				<fdd:relatedTo>
					<fdd:id>fdd000342</fdd:id>
					<fdd:shortName>Matroska</fdd:shortName>
					<fdd:titleName>Matroska Multimedia Container</fdd:titleName>
				</fdd:relatedTo>
			</fdd:relationship>
			<fdd:relationship>
				<fdd:typeOfRelationship>Contains</fdd:typeOfRelationship>
				<fdd:relatedTo>
					<fdd:id>fdd000365</fdd:id>
					<fdd:shortName>UYVY</fdd:shortName>
					<fdd:titleName>UYVY Video Picture Encoding </fdd:titleName>
				</fdd:relatedTo>
			</fdd:relationship>
			<fdd:relationship>
				<fdd:typeOfRelationship>May contain</fdd:typeOfRelationship>
				<fdd:relatedTo/>
				<fdd:comment>Audio and other essences of various types, not discussed at this time.</fdd:comment>
			</fdd:relationship>
		</fdd:relationships>
	</fdd:identificationAndDescription>
	<fdd:localUse>
		<fdd:experience>No extensive experience.</fdd:experience>
		<fdd:preference>None. For preservation reformatting, the Library of Congress&apos; Packard Campus for Audio-Visual Conservation has chosen <fddLink id="fdd000206">MXF_OP1a_JP2_LL</fddLink> (lossless JPEG 2000 wrapped in MXF operational pattern 1a).</fdd:preference>
	</fdd:localUse>
	<fdd:sustainabilityFactors>
		<fdd:disclosure>See <fddLink id="fdd000342">Matroska</fddLink> and <fddLink id="fdd000365">UYVY</fddLink>.</fdd:disclosure>
		<fdd:documentation>See <fddLink id="fdd000342">Matroska</fddLink> and <fddLink id="fdd000365">UYVY</fddLink>.</fdd:documentation>
		<fdd:adoption>Moderate levels of adoption in professional production.</fdd:adoption>
		<fdd:licensingAndPatents>None.</fdd:licensingAndPatents>
		<fdd:transparency>Relatively transparent; requires tools to write and read.</fdd:transparency>
		<fdd:selfDocumentation>See <fddLink id="fdd000342">Matroska</fddLink>.</fdd:selfDocumentation>
		<fdd:externalDependencies>None.</fdd:externalDependencies>
		<fdd:techProtection>None.</fdd:techProtection>
	</fdd:sustainabilityFactors>
	<fdd:qualityAndFunctionalityFactors>
		<fdd:movingImageQF>
			<fdd:normalVideo>Supported</fdd:normalVideo>
			<fdd:clarity>See <fddLink id="fdd000365">UYVY</fddLink>.</fdd:clarity>
			<fdd:beyondVideo>See <fddLink id="fdd000342">Matroska</fddLink>.</fdd:beyondVideo>
		</fdd:movingImageQF>
	</fdd:qualityAndFunctionalityFactors>
	<fdd:fileTypeSignifiers>
		<fdd:signifiersGroup>
			<fdd:filenameExtension>
				<fdd:sigValueNA>See related format.</fdd:sigValueNA>
				<fdd:note>See <fddLink id="fdd000342">Matroska</fddLink>.</fdd:note>
			</fdd:filenameExtension>
			<fdd:internetMediaType>
				<fdd:sigValueNA>See related format.</fdd:sigValueNA>
				<fdd:note>See <fddLink id="fdd000342">Matroska</fddLink>.</fdd:note>
			</fdd:internetMediaType>
			<fdd:magicNumbers>
				<fdd:sigValueNA>See related format.</fdd:sigValueNA>
				<fdd:note>See <fddLink id="fdd000342">Matroska</fddLink>.</fdd:note>
			</fdd:magicNumbers>
			<fdd:other>
				<fdd:tag>Microsoft FOURCC</fdd:tag>
				<fdd:values>
					<fdd:sigValues>
						<fdd:sigValue>UYVY</fdd:sigValue>
					</fdd:sigValues>
					<fdd:note>The encoding is identified using the codecID &quot;V_MS/VFW/FOURCC&quot; (Video for Windows/FOURCC) plus what Matroska calls private codec data containing the FOURCC code.</fdd:note>
				</fdd:values>
			</fdd:other>
		</fdd:signifiersGroup>
	</fdd:fileTypeSignifiers>
	<fdd:notes/>
	<fdd:usefulReferences>
		<fdd:urls>
			<fdd:url>
				<fdd:urlReference>
					<link>http://haali.su/mkv/codecs.pdf</link>
					<tag>Supported codecs and format of their CodecPrivate blocks</tag>
					<comment>Pertains to Matroska files.</comment>
				</fdd:urlReference>
			</fdd:url>
		</fdd:urls>
	</fdd:usefulReferences>
</fdd:FDD>
