<?xml version="1.0" encoding="UTF-8"?>
<fdd:FDD id="fdd000361" titleName="Document Container File: Core (based on ZIP 6.3.3)" shortName="ZIP_21320_1" xmlns:xsi="http://www.w3.org/2001/XMLSchema-instance" xmlns:fdd="http://www.loc.gov/preservation/digital/formats/schemas/fdd/v1" xsi:schemaLocation="http://www.loc.gov/preservation/digital/formats/schemas/fdd/v1 http://www.loc.gov/preservation/digital/formats/schemas/fdd/v1/fdd-v1-1.xsd">
	<fdd:properties>
		<fdd:gdfrGenreSelection>
			<fdd:gdfrGenre>aggregate</fdd:gdfrGenre>
		</fdd:gdfrGenreSelection>
		<fdd:formatCategories>
			<fdd:category>family</fdd:category>
		</fdd:formatCategories>
		<fdd:gdfrComposition>container-bundle</fdd:gdfrComposition>
		<fdd:gdfrForm>binary</fdd:gdfrForm>
		<fdd:gdfrConstraint>structured</fdd:gdfrConstraint>
		<fdd:gdfrTransform>compression</fdd:gdfrTransform>
		<fdd:updates>
			<fdd:date>2012-11-29</fdd:date>
		</fdd:updates>
		<fdd:draftStatus>Preliminary</fdd:draftStatus>
	</fdd:properties>
	<fdd:identificationAndDescription>
		<fdd:fullName>ISO/IEC 21320-1
[as of January 2014, in committee draft stage] Information technology -- Document Container File -- Part 1: Core
(formal name).  Profile of ZIP File Format, Version 6.3.3 from PKWARE.</fdd:fullName>
		<fdd:keywords>
			<fdd:keyword>ZIP</fdd:keyword>
			<fdd:keyword>archive file formats</fdd:keyword>
			<fdd:keyword>package formats</fdd:keyword>
			<fdd:keyword>container formats</fdd:keyword>
			<fdd:keyword>bundling formats</fdd:keyword>
			<fdd:keyword>document formats</fdd:keyword>
		</fdd:keywords>
		<fdd:description>
			<p>
				<a href="http://www.iso.org/iso/iso_catalogue/catalogue_tc/catalogue_detail.htm?csnumber=60101">ISO/IEC CD 21320-1 - Information technology -- Document Container File -- Part 1: Core</a> is an activity under ISO/IEC JTC 1/SC 34/WG1 to develop a refinement of the widely used ZIP format from PKWARE (termed <fddLink id="fdd000354">ZIP_PK</fddLink> here).   The format described here and termed &quot;ZIP_21320_1&quot; will be a profile of <fddLink id="fdd000362">
ZIP_6_3_3</fddLink>, as specified in PKWARE&apos;s APPNOTE.TXT, Version 6.3.3.  See <fddLink id="fdd000354">ZIP_PK</fddLink> for more on the ZIP File Format in general.</p>
			<p>The new ISO &quot;work item&quot; was approved in August 2011 and is under way, as <a href="http://www.iso.org/iso/iso_catalogue/catalogue_tc/catalogue_detail.htm?csnumber=60101">ISO/IEC NP 21320-1 - Information technology -- Document Container File -- Part 1: Core</a>.  In November 2012, a <a href="http://kikaku.itscj.ipsj.or.jp/sc34/open/1855.pdf">working draft of ISO/IEC 21320-1</a> of the proposed standard was made available for discussion.</p>
			<p>ZIP_21320_1 describes itself as a compatible profile of <fddLink id="fdd000362">ZIP_6_3_3</fddLink>.  The specification consists of restrictions in relation to the full ZIP specification, referred to by specific paragraph numbers in the PKWARE Version 6.3.3 of APPNOTE.TXT.  The restrictions in the current draft are expected to be maintained, and they include:</p>
			<ul>
				<li>Files stored in document container files may only be stored uncompressed or using the &quot;deflate&quot; mechanism as defined in <a href="http://www.ietf.org/rfc/rfc1951.txt">RFC 1951</a>
				</li>
				<li>The encryption features defined in APPNOTE.TXT are prohibited</li>
				<li>The digital signature features defined in APPNOTE.TXT are prohibited</li>
				<li>The "patch data" features defined in APPNOTE.TXT are prohibited</li>
				<li>Document container files should not be segmented or span multiple volumes</li>
				<li>Filenames may/should be encoded in UTF-8 (which allows for ASCII filenames).  Whether to mandate use of the UTF-8 indicator is the main technical issue awaiting resolution </li>
			</ul>
		</fdd:description>
		<fdd:shortDescription>Proposed profile of ZIP (based on APPNOTE.TXT Version 6.3.3) for use as an ISO standard.  Will be ISO/IEC 21320-1 once approved.</fdd:shortDescription>
		<fdd:productionPhase>May be used at any lifecycle phase for bundling/packaging files together for exchange, storage, or distribution.</fdd:productionPhase>
		<fdd:relationships>
			<fdd:relationship>
				<fdd:typeOfRelationship>Subtype of</fdd:typeOfRelationship>
				<fdd:relatedTo>
					<fdd:id>fdd000362</fdd:id>
					<fdd:shortName>ZIP_6_3_3</fdd:shortName>
					<fdd:titleName>ZIP File Format, Version 6.3.3 (PKWARE)</fdd:titleName>
				</fdd:relatedTo>
			</fdd:relationship>
			<fdd:relationship>
				<fdd:typeOfRelationship>Subtype of</fdd:typeOfRelationship>
				<fdd:relatedTo>
					<fdd:id>fdd000354</fdd:id>
					<fdd:shortName>ZIP_PK</fdd:shortName>
					<fdd:titleName>ZIP File Format (PKWARE)</fdd:titleName>
				</fdd:relatedTo>
			</fdd:relationship>
		</fdd:relationships>
	</fdd:identificationAndDescription>
	<fdd:localUse>
		<fdd:experience>See <fddLink id="fdd000354">ZIP_PK</fddLink>.</fdd:experience>
		<fdd:preference>See <fddLink id="fdd000354">ZIP_PK</fddLink>.</fdd:preference>
	</fdd:localUse>
	<fdd:sustainabilityFactors>
		<fdd:disclosure>ISO/IEC NP 21320-1 is a standards effort approved in August 2011 under ISO/IEC JTC 1/SC 34/WG1 [Markup Languages] for core requirements for a document container file. This effort is expected to produce a specification document of &quot;core&quot; requirements for a document container file that is a profile of ZIP_PK. </fdd:disclosure>
		<fdd:documentation>
			<p>When approved and published, the standard will be available from ISO as ISO/IEC 21320-1
Information technology -- Document Container File -- Part 1: Core
at <a href="http://www.iso.org/iso/iso_catalogue/catalogue_tc/catalogue_detail.htm?csnumber=60101">http://www.iso.org/iso/iso_catalogue/catalogue_tc/catalogue_detail.htm?csnumber=60101</a>.</p>
			<p>A <a href="http://kikaku.itscj.ipsj.or.jp/sc34/open/1886.pdf">committee draft of ISO/IEC 21320-1 dated 2013-02-19</a> is available, perhaps temporarily.  Version 6.3.3 of ZIP, on which draft ISO/IEC 21320-1 is based, is documented in <a href="http://www.pkware.com/documents/APPNOTE/APPNOTE-6.3.3.TXT">APPNOTE.TXT, Version 6.3.3 (September 2012)</a>.</p>
		</fdd:documentation>
		<fdd:adoption>It is too early (as of January 2014) to discuss adoption of this version of ZIP.  However, the objective of the effort is to define a profile of ZIP that is compatible with the largest number of existing applications and hence provide the greatest level of interoperability.  See <fddLink id="fdd000354">ZIP_PK</fddLink> for discussion of adoption of ZIP in general.</fdd:adoption>
		<fdd:licensingAndPatents>The features in this profile of ZIP are chosen to avoid patent and licensing implications.  See <fddLink id="fdd000354">ZIP_PK</fddLink> for discussion of patent issues for the parent ZIP format.</fdd:licensingAndPatents>
		<fdd:transparency>Encryption of individual files and of the central directory is prohibited.  Hence this profile of <fddLink id="fdd000354">ZIP_PK</fddLink> is more transparent than its parent format.</fdd:transparency>
		<fdd:selfDocumentation>The ZIP format per se and this profile in particular provide no metadata support beyond what is needed to support unpacking the ZIP archive and extracting the component files.  The document format specifications that build on restricted subsets of the ZIP format and might be expected to incorporate this profile in future versions are likely to mandate or facilitate some level of descriptive and structural metadata.  For example, OOXML&apos;s OCF and EPUB both incorporate files that provide metadata for the document as a whole.  Relationships between component files are also likely to be explicit in such document formats, either through a generic relationship representation or use of prescribed application-specific naming conventions.</fdd:selfDocumentation>
		<fdd:externalDependencies>See <fddLink id="fdd000354">ZIP_PK</fddLink>. </fdd:externalDependencies>
		<fdd:techProtection>Encryption as supported within the ZIP specification is prohibited in this profile of the ZIP file format.  However, it is possible for applications to apply encryption or DRM to the file as a whole or implement application-specific technical protection.  Examples of the latter include SCORM and EPUB.  See <fddLink id="fdd000354">ZIP_PK</fddLink>.</fdd:techProtection>
	</fdd:sustainabilityFactors>
	<fdd:qualityAndFunctionalityFactors>
		<fdd:otherQF>
			<fdd:factor>
				<fdd:tag>Bundling/compression</fdd:tag>
				<fdd:note>Separate functionality factors for comparing formats that are used to bundle and or compress files have not been developed. From the perspective of digital preservation, consideration of the sustainability factors above is more important than the degree of compression.</fdd:note>
			</fdd:factor>
		</fdd:otherQF>
	</fdd:qualityAndFunctionalityFactors>
	<fdd:fileTypeSignifiers>
		<fdd:signifiersGroup>
			<fdd:filenameExtension>
				<fdd:sigValues>
					<fdd:sigValue>zip</fdd:sigValue>
					<fdd:sigValue>ZIP</fdd:sigValue>
				</fdd:sigValues>
				<fdd:note>Other extensions are used for particular applications that use the ZIP format as a container.</fdd:note>
			</fdd:filenameExtension>
			<fdd:internetMediaType>
				<fdd:sigValues>
					<fdd:sigValue>application/zip</fdd:sigValue>
				</fdd:sigValues>
				<fdd:note>Other Internet Media Types are used for particular applications that use the ZIP format as a container.</fdd:note>
			</fdd:internetMediaType>
			<fdd:other>
				<fdd:tag>File signature</fdd:tag>
				<fdd:values>
					<fdd:sigValueNA>See related format.</fdd:sigValueNA>
					<fdd:note>See <fddLink id="fdd000354">ZIP_PK</fddLink>.</fdd:note>
				</fdd:values>
			</fdd:other>
		</fdd:signifiersGroup>
	</fdd:fileTypeSignifiers>
	<fdd:notes>
		<fdd:general>
			<p>The ZIP format is designed for cross-platform data exchange and efficient data storage for a set of related files. ZIP_PK is a de facto industry standard, developed, maintained, and openly documented by <a href="http://www.pkware.com/">PKWARE</a>.</p>
			<p>See also <fddLink id="fdd000354">ZIP_PK</fddLink>.</p>
		</fdd:general>
		<fdd:history>
			<p>The original version of the format was developed by Phil Katz (hence the &quot;PK&quot; in PKWARE).  Since the first specification was published in 1990, PKWARE has updated the format as supported in its products and issued new versions of the specification in a document called APPNOTE.TXT.  See <fddLink id="fdd000354">ZIP_PK</fddLink> for a more detailed history.  The formats defined by versions 6.3.2 (September 2007) and 6.3.3 (September 2012) of APPNOTE.TXT are technically identical.  Version 6.3.3 of the APPNOTE.TXT states that the changes from version 6.3.2 are &quot;formatting changes to support easier referencing of this APPNOTE from other documents and standards.&quot;</p>
			<p>As described in <a href="http://en.wikipedia.org/wiki/ZIP_(file_format)#Standardization">http://en.wikipedia.org/wiki/ZIP_(file_format)</a>, a proposed project to create an ISO/IEC international standard for a format compatible with ZIP failed to pass a 2010 ballot of national standards bodies.  Instead, a study period was initiated, resulting in recommendations documented in <a href="http://kikaku.itscj.ipsj.or.jp/sc34/open/1621.pdf">ISO/IEC JTC 1/SC 34 N 1621</a>.  The recommendations were (a) to have PKWARE continue its maintenance of the ZIP Application Note, (b) to plan for a new multi-part ISO standard to build on top of the ZIP Application Note, and (c) to propose a new work item for Part 1 of the new standard for a Document Container File.  The new work item was approved in August 2011 and is under way, as <a href="http://www.iso.org/iso/iso_catalogue/catalogue_tc/catalogue_detail.htm?csnumber=60101">ISO/IEC CD 21320-1 - Information technology -- Document Container File -- Part 1: Core</a>.  </p>
			<p/>
		</fdd:history>
	</fdd:notes>
	<fdd:formatSpecifications>
		<fdd:urls>
			<fdd:url>
				<fdd:urlGroup>
					<fdd:intro>ISO/IEC 21320-1 is a standards effort approved in August 2011 under ISO/IEC JTC 1/SC 34/WG1 [Markup Languages] for core requirements for a document container file.  This effort is expected to produce a specification document of &quot;core&quot; requirements for a document container file that is a profile of ZIP_PK, based on version 6.3.3.</fdd:intro>
					<fdd:urlList>
						<fdd:urlReference>
							<link>http://www.iso.org/iso/iso_catalogue/catalogue_tc/catalogue_detail.htm?csnumber=60101</link>
							<tag>ISO catalogue entry for ISO/IEC CD 21320-1.  As of January 2014, this only provides information that the standard is &quot;under development.&quot;</tag>
						</fdd:urlReference>
						<fdd:urlReference>
							<link>http://kikaku.itscj.ipsj.or.jp/sc34/open/1855.pdf</link>
							<tag>November 2012 working draft of ISO/IEC 21320-1</tag>
						</fdd:urlReference>
						<fdd:urlReference>
							<link>http://kikaku.itscj.ipsj.or.jp/sc34/open/1886.pdf</link>
							<tag>February 2013 Committee Draft</tag>
						</fdd:urlReference>
					</fdd:urlList>
				</fdd:urlGroup>
			</fdd:url>
			<fdd:url>
				<fdd:urlReference>
					<link>http://www.pkware.com/documents/APPNOTE/APPNOTE-6.3.3.TXT </link>
					<tag>APPNOTE.TXT - .ZIP File Format Specification - Version: 6.3.3</tag>
					<comment>September 1, 2012</comment>
				</fdd:urlReference>
			</fdd:url>
			<fdd:url>
				<fdd:urlReference>
					<link>http://www.ietf.org/rfc/rfc1951.txt</link>
					<tag>RFC 1951: DEFLATE Compressed Data Format Specification version 1.3</tag>
					<comment>No changes to the Deflate format had been made since version 1.1, only changes to the document.  The RFC states, &quot;Phil Katz designed the deflate format.  Jean-Loup Gailly and Mark
Adler wrote the related software described in this specification.&quot;</comment>
				</fdd:urlReference>
			</fdd:url>
		</fdd:urls>
	</fdd:formatSpecifications>
	<fdd:usefulReferences>
		<fdd:urls>
			<fdd:url>
				<fdd:urlReference>
					<link>http://kikaku.itscj.ipsj.or.jp/sc34/open/1621.pdf</link>
					<tag>ISO/IEC JTC 1/SC 34 N 1621: Proposal for a New Work Item on Information Technology -- Document Container File -- Part 1: Core</tag>
					<comment>This document provides the starting background for ISO/IEC 21320-1.</comment>
				</fdd:urlReference>
			</fdd:url>
			<fdd:url>
				<fdd:urlReference>
					<link>http://en.wikipedia.org/wiki/Cyclic_redundancy_check</link>
					<tag>Wikipedia page for Cyclic Redundancy Check (CRC)</tag>
					<comment>Background on CRC.  ZIP_PK and its versions, including ZIP_6_3_3, use a specific 32-bit CRC algorithm, cited in APPNOTE.TXT.</comment>
				</fdd:urlReference>
			</fdd:url>
			<fdd:url>
				<fdd:urlReference>
					<link>http://www.nationalarchives.gov.uk/PRONOM/x-fmt/263</link>
					<tag>ZIP file format entry at PRONOM</tag>
					<comment>PUID is x-fmt/263</comment>
				</fdd:urlReference>
			</fdd:url>
			<fdd:url>
				<fdd:urlGroup>
					<fdd:intro>See also <fddLink id="fdd000354">ZIP_PK</fddLink>.</fdd:intro>
				</fdd:urlGroup>
			</fdd:url>
		</fdd:urls>
	</fdd:usefulReferences>
</fdd:FDD>
