<?xml version="1.0" encoding="UTF-8"?>
<fdd:FDD id="fdd000409" titleName="Expert Witness Disk Image, EnCase L01 Logical" shortName="EWF_L01" xmlns:xsi="http://www.w3.org/2001/XMLSchema-instance" xmlns:fdd="http://www.digitalpreservation.gov/formats/schemas/fdd/v1" xsi:schemaLocation="http://www.digitalpreservation.gov/formats/schemas/fdd/v1 http://www.digitalpreservation.gov/formats/schemas/fdd/v1/fdd-v1-0.xsd">
	<fdd:properties>
		<fdd:gdfrGenreSelection>
			<fdd:gdfrGenre>any</fdd:gdfrGenre>
		</fdd:gdfrGenreSelection>
		<fdd:formatCategories>
			<fdd:category>file-format</fdd:category>
		</fdd:formatCategories>
		<fdd:gdfrComposition>unitary</fdd:gdfrComposition>
		<fdd:gdfrForm>binary</fdd:gdfrForm>
		<fdd:updates>
			<fdd:date>2015-02-23</fdd:date>
		</fdd:updates>
		<fdd:draftStatus>Partial</fdd:draftStatus>
	</fdd:properties>
	<fdd:identificationAndDescription>
		<fdd:fullName>Expert Witness Compression Format, EnCase L01 Logical</fdd:fullName>
		<fdd:keywords>
			<fdd:keyword>container formats</fdd:keyword>
		</fdd:keywords>
		<fdd:description>
			<p>First version of the EWF	<i>logical evidence file</i> image format from Guidance Software (EnCase brand), generally similar to the description offered in <fddLink id="fdd000406">EWF_Family</fddLink>. This and the counterpart <fddLink id="fdd000408">EWF_E01</fddLink> format offer three levels of compression: "no," "good," and "best."</p>
			<p>EWF_L01 files contain 13 sections; the first four are carried over from <fddLink id="fdd000407">EWF_SMART</fddLink>; the next nine are shared with <fddLink id="fdd000408">EWF_E01</fddLink>; and the final two are new additions:</p>
			<ul>
				<li>Header section</li>
				<li>Volume section</li>
				<li>Table section</li>
				<li>Next and Done section</li>
				<li>Header2 section</li>
				<li>Disk section</li>
				<li>Sectors section</li>
				<li>Table2 section</li>
				<li>Data section</li>
				<li>Errors2 section</li>
				<li>Session section</li>
				<li>Hash section</li>
				<li>Digest section</li>
				<li>Ltree section</li>
				<li>Ltypes section</li>
			</ul>
		</fdd:description>
		<fdd:shortDescription>First version of the EWF logical evidence file image format from Guidance Software (EnCase brand), generally similar to the description offered in EWF_Family.</fdd:shortDescription>
		<fdd:productionPhase>Typically used for data analysis and not part of a process to create new content.  May be used to archive data.</fdd:productionPhase>
		<fdd:relationships>
			<fdd:relationship>
				<fdd:typeOfRelationship>Subtype of</fdd:typeOfRelationship>
				<fdd:relatedTo>
					<fdd:id>fdd000406</fdd:id>
					<fdd:shortName>EWF_Family</fdd:shortName>
					<fdd:titleName>Expert Witness Format (EWF) Family</fdd:titleName>
				</fdd:relatedTo>
			</fdd:relationship>
			<fdd:relationship>
				<fdd:typeOfRelationship>Has later version</fdd:typeOfRelationship>
				<fdd:relatedTo>
					<fdd:id>fdd000411</fdd:id>
					<fdd:shortName>EWF_Lx01</fdd:shortName>
					<fdd:titleName>Expert Witness Format, Encase Lx01 Logical</fdd:titleName>
				</fdd:relatedTo>
			</fdd:relationship>
		</fdd:relationships>
	</fdd:identificationAndDescription>
	<fdd:sustainabilityFactors>
		<fdd:disclosure>Open documentation produced via reverse engineering by Joachim Metz.</fdd:disclosure>
		<fdd:documentation>
			<a href="https://53efc0a7187d0baa489ee347026b8278fe4020f6.googledrive.com/host/0B3fBvzttpiiSMTdoaVExWWNsRjg/Expert%20Witness%20Compression%20Format%20%28EWF%29.pdf">EWF specification: Expert Witness Compression Format specification</a>
		</fdd:documentation>
		<fdd:adoption>In archives (as distinct from legal and law enforcement settings), where tools like <a href="http://www.bitcurator.net/">Bit Curator</a> and <a href="http://accessdata.com/product-download/digital-forensics/ftk-imager-version-3.2.0">FTK Imager</a> are in wide use, user comments suggest that bitstream formats like <fddLink id="fdd000408">EWF_E01</fddLink> and AFF (description forthcoming) are more widely used than logical formats like EWF_L01.</fdd:adoption>
		<fdd:licensingAndPatents>Not investigated at this writing.</fdd:licensingAndPatents>
		<fdd:transparency>See <fddLink id="fdd000406">EWF_family</fddLink>
		</fdd:transparency>
		<fdd:selfDocumentation>See <fddLink id="fdd000406">EWF_family</fddLink>
		</fdd:selfDocumentation>
		<fdd:externalDependencies>None</fdd:externalDependencies>
		<fdd:techProtection>See <fddLink id="fdd000406">EWF_family</fddLink>
		</fdd:techProtection>
	</fdd:sustainabilityFactors>
	<fdd:fileTypeSignifiers>
		<fdd:signifiersGroup>
			<fdd:filenameExtension>
				<fdd:sigValues>
					<fdd:sigValue>L01</fdd:sigValue>
				</fdd:sigValues>
				<fdd:note>Filename extensions for the first 99 content segments are .L01, .L02, through .L99; followed by .LAA, .LAB, and so on.
				</fdd:note>
			</fdd:filenameExtension>
			<fdd:magicNumbers>
				<fdd:sigValues>
					<fdd:sigValue>Hex: 4C 56 46 09 0D 0A FF 00</fdd:sigValue>
					<fdd:sigValue>ASCII: LVF...ÿ.</fdd:sigValue>
				</fdd:sigValues>
				<fdd:note>From Gary Kessler&apos;s <a href="http://www.garykessler.net/library/file_sigs.html">File Signatures Table</a>.</fdd:note>
			</fdd:magicNumbers>
		</fdd:signifiersGroup>
	</fdd:fileTypeSignifiers>
	<fdd:notes>
		<fdd:general>
			<p>Joachim Metz&apos;s <a href="https://53efc0a7187d0baa489ee347026b8278fe4020f6.googledrive.com/host/0B3fBvzttpiiSMTdoaVExWWNsRjg/Expert%20Witness%20Compression%20Format%20%28EWF%29.pdf">analysis</a> highlights the details of this format, including variation in the structure of .L01 headers, in part depending on the version of the EnCase tool used to create the file (pp. 5-15, esp. p. 8-9 and 15), and variations in the <i>volume</i> section according to the creating application (pp. 18-20).</p>
		</fdd:general>
	</fdd:notes>
	<fdd:formatSpecifications>
		<fdd:urls>
			<fdd:url>
				<fdd:urlReference>
					<link>https://53efc0a7187d0baa489ee347026b8278fe4020f6.googledrive.com/host/0B3fBvzttpiiSMTdoaVExWWNsRjg/Expert%20Witness%20Compression%20Format%20%28EWF%29.pdf</link>
					<tag>EWF specification:
Expert Witness Compression Format specification</tag>
					<comment>Joachim Metz&apos;s reverse-engineered documentation of EWF subtypes including EWF_L01.</comment>
				</fdd:urlReference>
			</fdd:url>
		</fdd:urls>
	</fdd:formatSpecifications>
	<fdd:usefulReferences>
		<fdd:urls>
			<fdd:url>
				<fdd:urlReference>
					<link>http://accessdata.com/product-download/digital-forensics/ftk-imager-version-3.2.0</link>
					<tag>Download page for FTK Imager</tag>
					<comment>Free tool from AccessData, also the source for the more extensive FTK Toolkit.</comment>
				</fdd:urlReference>
			</fdd:url>
			<fdd:url>
				<fdd:urlReference>
					<link>http://www.bitcurator.net/</link>
					<tag>BitCurator Web site</tag>
					<comment>Tool to support digital content management, including work with disk images and forensic analysis.</comment>
				</fdd:urlReference>
			</fdd:url>
		</fdd:urls>
	</fdd:usefulReferences>
</fdd:FDD>
