<?xml version="1.0" encoding="UTF-8"?>
<fdd:FDD id="fdd000126" titleName="Module Music Formats (Mods)" shortName="MODS" xmlns:xsi="http://www.w3.org/2001/XMLSchema-instance" xmlns:fdd="http://www.digitalpreservation.gov/formats/schemas/fdd/v1" xsi:schemaLocation="http://www.digitalpreservation.gov/formats/schemas/fdd/v1 http://www.digitalpreservation.gov/formats/schemas/fdd/v1/fdd-v1-0.xsd">
	<fdd:properties>
		<fdd:gdfrGenreSelection>
			<fdd:gdfrGenre>sound</fdd:gdfrGenre>
		</fdd:gdfrGenreSelection>
		<fdd:formatCategories>
			<fdd:category>encoding</fdd:category>
			<fdd:category>file-format</fdd:category>
		</fdd:formatCategories>
		<fdd:gdfrComposition>unitary</fdd:gdfrComposition>
		<fdd:updates>
			<fdd:date>2005-06-27</fdd:date>
		</fdd:updates>
		<fdd:draftStatus>Partial (low priority for LC)</fdd:draftStatus>
	</fdd:properties>
	<fdd:identificationAndDescription>
		<fdd:fullName>Module Music Formats (Mods)</fdd:fullName>
		<fdd:keywords>
			<fdd:keyword>structured music formats</fdd:keyword>
		</fdd:keywords>
		<fdd:description>A group of digital music file types produced by a variety of software applications called <i>trackers</i>.  Mod files include <i>sequencing information</i> (similar to <fddLink id="fdd000102">MIDI_SD</fddLink>) and <i>waveform samples</i> (generally <fddLink id="fdd000016">PCM</fddLink> audio), and may be compared to <fddLink id="fdd000121">XMF_1_0</fddLink> files. Information about a variety of mod formats was provided through 2009 at <a href="http://web.archive.org/web/20090504053653/http://pipin.tmd.ns.ac.yu/extra/fileformat/modules/index.htm">http://pipin.tmd.ns.ac.yu/extra/fileformat/modules/index.htm</a>; several mod file types are enumerated in <a href="#sign">File type signifiers</a>, below.</fdd:description>
		<fdd:shortDescription>A group of digital music file types produced by a variety of software applications called trackers.  Mod files include sequencing information (similar to MIDI_SD) and waveform samples (generally PCM audio), and may be compared to XMF files.</fdd:shortDescription>
		<fdd:productionPhase>May be used by composers or arrangers for initial-state activities, in middle-state exchange of data or archiving, or for final-state, end-user delivery.</fdd:productionPhase>
	</fdd:identificationAndDescription>
	<fdd:localUse>
		<fdd:experience>None</fdd:experience>
		<fdd:preference>None established at this time. <fddLink id="fdd000121">XMF_1_0</fddLink> is likely to be preferred to mods.</fdd:preference>
	</fdd:localUse>
	<fdd:sustainabilityFactors>
		<fdd:disclosure>Little or no documentation.
		</fdd:disclosure>
		<fdd:documentation>None located at this time.
		</fdd:documentation>
		<fdd:adoption>Various types of mods are encountered on the web. One <a href="http://resources.openmpt.org/modfaq/1-2.html">commentator</a> writes, "Mods are extremely popular in the demo world and offer a way of making music of an acceptable level of quality rather cheaply."
		</fdd:adoption>
		<fdd:licensingAndPatents>None investigated by the compilers of this document.
		</fdd:licensingAndPatents>
		<fdd:transparency>Unknown; may be relatively transparent.
		</fdd:transparency>
		<fdd:selfDocumentation>Unknown.
		</fdd:selfDocumentation>
		<fdd:externalDependencies>See <fddLink id="fdd000102">MIDI_SD</fddLink> and <fddLink id="fdd000118">DLS_1_1b</fddLink>.
		</fdd:externalDependencies>
		<fdd:techProtection>None known to the compilers of this document.
		</fdd:techProtection>
	</fdd:sustainabilityFactors>
	<fdd:qualityAndFunctionalityFactors>
		<fdd:soundQF>
			<fdd:normalSound>Good support</fdd:normalSound>
			<fdd:fidelity>Not applicable; fidelity depends upon the performance of external hardware and software.</fdd:fidelity>
			<fdd:channels>[Same as <fddLink id="fdd000102">MIDI_SD</fddLink> ?]</fdd:channels>
			<fdd:samples>Yes</fdd:samples>
			<fdd:beyondSound>Not investigated at this time</fdd:beyondSound>
		</fdd:soundQF>
	</fdd:qualityAndFunctionalityFactors>
	<fdd:fileTypeSignifiers>
		<fdd:signifiersGroup>
			<fdd:filenameExtension>
				<fdd:sigValues>
					<fdd:sigValue>669</fdd:sigValue>
					<fdd:sigValue>amf</fdd:sigValue>
					<fdd:sigValue>dmf</fdd:sigValue>
					<fdd:sigValue>far</fdd:sigValue>
					<fdd:sigValue>it</fdd:sigValue>
					<fdd:sigValue>med</fdd:sigValue>
					<fdd:sigValue>mod</fdd:sigValue>
					<fdd:sigValue>mt2</fdd:sigValue>
					<fdd:sigValue>mtm</fdd:sigValue>
					<fdd:sigValue>okt</fdd:sigValue>
					<fdd:sigValue>s3m</fdd:sigValue>
					<fdd:sigValue>stm</fdd:sigValue>
					<fdd:sigValue>ult</fdd:sigValue>
					<fdd:sigValue>wow</fdd:sigValue>
					<fdd:sigValue>xm</fdd:sigValue>
				</fdd:sigValues>
				<fdd:note>From the list of extensions and associated tracker programs originally at <a href="http://www.modplug.com/">www.modplug.com</a> and as of late 2013 at <a href="http://resources.openmpt.org/modfaq/2.html">resources.openmpt.org</a>.

<p>
						<b>Additional signifier information for some mod types is provided in the following three-row sets.</b>
					</p>
				</fdd:note>
			</fdd:filenameExtension>
		</fdd:signifiersGroup>
		<fdd:signifiersGroup>
			<fdd:filenameExtension>
				<fdd:sigValues>
					<fdd:sigValue>669</fdd:sigValue>
				</fdd:sigValues>
				<fdd:note>From the list of extensions and associated tracker programs at <a href="http://resources.openmpt.org/modfaq/2.html">resources.openmpt.org</a>.</fdd:note>
			</fdd:filenameExtension>
			<fdd:internetMediaType>
				<fdd:sigValues>
					<fdd:sigValue>application/playerpro</fdd:sigValue>
				</fdd:sigValues>
				<fdd:note>For <i>669</i> (669 Tracker Module), from <a href="http://filext.com/">The File Extension Source</a>.</fdd:note>
			</fdd:internetMediaType>
			<fdd:magicNumbers>
				<fdd:sigValues>
					<fdd:sigValue>Hex: 4A 4E</fdd:sigValue>
					<fdd:sigValue>ASCII: JN</fdd:sigValue>
					<fdd:sigValue> Hex: 69 66</fdd:sigValue>
					<fdd:sigValue>ASCII: if</fdd:sigValue>
				</fdd:sigValues>
				<fdd:note>For <i>669</i> (669 Tracker Module), from <a href="http://filext.com/">The File Extension Source</a>.</fdd:note>
			</fdd:magicNumbers>
		</fdd:signifiersGroup>
		<fdd:signifiersGroup>
			<fdd:filenameExtension>
				<fdd:sigValues>
					<fdd:sigValue>dmf</fdd:sigValue>
				</fdd:sigValues>
				<fdd:note>From the list of extensions and associated tracker programs at <a href="http://resources.openmpt.org/modfaq/2.html">resources.openmpt.org</a>.</fdd:note>
			</fdd:filenameExtension>
			<fdd:internetMediaType>
				<fdd:sigValueNA>Not found.</fdd:sigValueNA>
			</fdd:internetMediaType>
			<fdd:magicNumbers>
				<fdd:sigValues>
					<fdd:sigValue>Hex: 44 44 4D 46</fdd:sigValue>
					<fdd:sigValue>ASCII: DDMF</fdd:sigValue>
				</fdd:sigValues>
				<fdd:note>For <i>dmf</i> (Delusion/XTracker Digital Music File), from <a href="http://filext.com/">The File Extension Source</a>.</fdd:note>
			</fdd:magicNumbers>
		</fdd:signifiersGroup>
		<fdd:signifiersGroup>
			<fdd:filenameExtension>
				<fdd:sigValues>
					<fdd:sigValue>far</fdd:sigValue>
				</fdd:sigValues>
				<fdd:note>From the list of extensions and associated tracker programs at <a href="http://resources.openmpt.org/modfaq/2.html">resources.openmpt.org</a>.</fdd:note>
			</fdd:filenameExtension>
			<fdd:internetMediaType>
				<fdd:sigValueNA>Not found.</fdd:sigValueNA>
			</fdd:internetMediaType>
			<fdd:magicNumbers>
				<fdd:sigValues>
					<fdd:sigValue>Hex: 46 41 52 FE</fdd:sigValue>
					<fdd:sigValue>ASCII: FAR</fdd:sigValue>
				</fdd:sigValues>
				<fdd:note>For <i>far</i> (Farandoyle Tracker Music Module), from <a href="http://filext.com/">The File Extension Source</a>.</fdd:note>
			</fdd:magicNumbers>
		</fdd:signifiersGroup>
		<fdd:signifiersGroup>
			<fdd:filenameExtension>
				<fdd:sigValues>
					<fdd:sigValue>it</fdd:sigValue>
				</fdd:sigValues>
				<fdd:note>From the list of extensions and associated tracker programs at <a href="http://resources.openmpt.org/modfaq/2.html">resources.openmpt.org</a>.</fdd:note>
			</fdd:filenameExtension>
			<fdd:internetMediaType>
				<fdd:sigValues>
					<fdd:sigValue>audio/it</fdd:sigValue>
				</fdd:sigValues>
				<fdd:note>For <i>it</i> (Impulse Tracker Music Module), from <a href="http://filext.com/">The File Extension Source</a>.</fdd:note>
			</fdd:internetMediaType>
			<fdd:magicNumbers>
				<fdd:sigValues>
					<fdd:sigValue>Hex: 49 4D 50 4D</fdd:sigValue>
					<fdd:sigValue>ASCII: IMPM</fdd:sigValue>
				</fdd:sigValues>
				<fdd:note>For <i>it</i> (Impulse Tracker Music Module), from <a href="http://filext.com/">The File Extension Source</a>.</fdd:note>
			</fdd:magicNumbers>
		</fdd:signifiersGroup>
		<fdd:signifiersGroup>
			<fdd:filenameExtension>
				<fdd:sigValues>
					<fdd:sigValue>med</fdd:sigValue>
				</fdd:sigValues>
				<fdd:note>From the list of extensions and associated tracker programs at <a href="http://resources.openmpt.org/modfaq/2.html">resources.openmpt.org</a>.</fdd:note>
			</fdd:filenameExtension>
			<fdd:internetMediaType>
				<fdd:sigValues>
					<fdd:sigValue>application/soundapp</fdd:sigValue>
					<fdd:sigValue>audio/med</fdd:sigValue>
					<fdd:sigValue>audio/x-mod</fdd:sigValue>
				</fdd:sigValues>
				<fdd:note>For <i>med</i> (Amiga MED/OctaMED Tracker Module Sound File), from <a href="http://filext.com/">The File Extension Source</a>.</fdd:note>
			</fdd:internetMediaType>
			<fdd:magicNumbers>
				<fdd:sigValues>
					<fdd:sigValue>Hex: 4D 4D 44</fdd:sigValue>
					<fdd:sigValue>ASCII: MMD</fdd:sigValue>
				</fdd:sigValues>
				<fdd:note>For <i>med</i> (Amiga MED/OctaMED Tracker Module Sound File), from <a href="http://filext.com/">The File Extension Source</a>.</fdd:note>
			</fdd:magicNumbers>
		</fdd:signifiersGroup>
		<fdd:signifiersGroup>
			<fdd:filenameExtension>
				<fdd:sigValues>
					<fdd:sigValue>mtm</fdd:sigValue>
				</fdd:sigValues>
				<fdd:note>From the list of extensions and associated tracker programs at <a href="http://resources.openmpt.org/modfaq/2.html">resources.openmpt.org</a>.</fdd:note>
			</fdd:filenameExtension>
			<fdd:internetMediaType>
				<fdd:sigValueNA>Not found.</fdd:sigValueNA>
			</fdd:internetMediaType>
			<fdd:magicNumbers>
				<fdd:sigValues>
					<fdd:sigValue>Hex: 4D 54 4D</fdd:sigValue>
					<fdd:sigValue>ASCII: MTM</fdd:sigValue>
				</fdd:sigValues>
				<fdd:note>For <i>mtm</i> (MultiTracker Music Module), from <a href="http://filext.com/">The File Extension Source</a>.</fdd:note>
			</fdd:magicNumbers>
		</fdd:signifiersGroup>
		<fdd:signifiersGroup>
			<fdd:filenameExtension>
				<fdd:sigValues>
					<fdd:sigValue>okt</fdd:sigValue>
				</fdd:sigValues>
				<fdd:note>From the list of extensions and associated tracker programs at <a href="http://resources.openmpt.org/modfaq/2.html">resources.openmpt.org</a>.</fdd:note>
			</fdd:filenameExtension>
			<fdd:internetMediaType>
				<fdd:sigValues>
					<fdd:sigValue>application/soundapp</fdd:sigValue>
				</fdd:sigValues>
				<fdd:note>For <i>okt</i> (Oktalyzer Tracker Module), from <a href="http://filext.com/">The File Extension Source</a>.</fdd:note>
			</fdd:internetMediaType>
			<fdd:magicNumbers>
				<fdd:sigValues>
					<fdd:sigValue>Hex: 4F 4B 54 41 53 4F 4E 47 43 4D 4F 44</fdd:sigValue>
					<fdd:sigValue> ASCII: OKTASONGCMOD</fdd:sigValue>
				</fdd:sigValues>
				<fdd:note>For <i>okt</i> (Oktalyzer Tracker Module), from <a href="http://filext.com/">The File Extension Source</a>.</fdd:note>
			</fdd:magicNumbers>
		</fdd:signifiersGroup>
		<fdd:signifiersGroup>
			<fdd:filenameExtension>
				<fdd:sigValues>
					<fdd:sigValue>s3m</fdd:sigValue>
				</fdd:sigValues>
				<fdd:note>From the list of extensions and associated tracker programs at <a href="http://resources.openmpt.org/modfaq/2.html">resources.openmpt.org</a>.</fdd:note>
			</fdd:filenameExtension>
			<fdd:internetMediaType>
				<fdd:sigValues>
					<fdd:sigValue>audio/s3m</fdd:sigValue>
					<fdd:sigValue>audio/x-s3m</fdd:sigValue>
				</fdd:sigValues>
				<fdd:note>For <i>s3m</i> (ScreamTracker v3 Sound File), from <a href="http://filext.com/">The File Extension Source</a>.</fdd:note>
			</fdd:internetMediaType>
			<fdd:magicNumbers>
				<fdd:sigValues>
					<fdd:sigValue>Hex (position 25): 00 00 00 1A 10 00 00</fdd:sigValue>
				</fdd:sigValues>
				<fdd:note>For <i>s3m</i> (ScreamTracker v3 Sound File), from <a href="http://filext.com/">The File Extension Source</a>.</fdd:note>
			</fdd:magicNumbers>
		</fdd:signifiersGroup>
		<fdd:signifiersGroup>
			<fdd:filenameExtension>
				<fdd:sigValues>
					<fdd:sigValue>xm</fdd:sigValue>
				</fdd:sigValues>
				<fdd:note>From the list of extensions and associated tracker programs at <a href="http://resources.openmpt.org/modfaq/2.html">resources.openmpt.org</a>.</fdd:note>
			</fdd:filenameExtension>
			<fdd:internetMediaType>
				<fdd:sigValues>
					<fdd:sigValue>audio/xm</fdd:sigValue>
					<fdd:sigValue>audio/x-xm</fdd:sigValue>
					<fdd:sigValue> audio/module-xm</fdd:sigValue>
					<fdd:sigValue>audio/mod</fdd:sigValue>
					<fdd:sigValue> audio/x-mod</fdd:sigValue>
				</fdd:sigValues>
				<fdd:note>For <i>xm</i> (Fast Tracker 2 Extended Module), from <a href="http://filext.com/">The File Extension Source</a>.</fdd:note>
			</fdd:internetMediaType>
			<fdd:magicNumbers>
				<fdd:sigValues>
					<fdd:sigValue>Hex: 45 78 74 65 6E 64 65 64 20 6D 6F 64 75 6C 65 3A 20</fdd:sigValue>
					<fdd:sigValue>ASCII: Extended module:</fdd:sigValue>
				</fdd:sigValues>
				<fdd:note>For <i>xm</i> (Fast Tracker 2 Extended Module), from <a href="http://filext.com/">The File Extension Source</a>.</fdd:note>
			</fdd:magicNumbers>
		</fdd:signifiersGroup>
	</fdd:fileTypeSignifiers>
	<fdd:usefulReferences>
		<fdd:urls>
			<fdd:url>
				<fdd:urlReference>
					<link>http://www.modplug.com/</link>
					<tag>MODPlug Central</tag>
					<comment>A site for users</comment>
				</fdd:urlReference>
			</fdd:url>
			<fdd:url>
				<fdd:urlGroup>
					<fdd:intro>Between July 2012 and December 2013, resources on MOD formats moved from www.modplug.com to resources.openmpt.org.</fdd:intro>
					<fdd:urlList>
						<fdd:urlReference>
							<link>http://resources.openmpt.org/</link>
							<tag>OpenMPT Resources</tag>
							<comment>Site that rescued old resources from modplug.com and hosts discussions on the IT (Impulse Tracker) and S3M formats.</comment>
						</fdd:urlReference>
						<fdd:urlReference>
							<link>http://resources.openmpt.org/modfaq/1-2.html</link>
							<tag>MODULES / What are MODs?</tag>
						</fdd:urlReference>
						<fdd:urlReference>
							<link>http://resources.openmpt.org/modfaq/2.html</link>
							<tag>List of extensions and associated tracker programs</tag>
						</fdd:urlReference>
					</fdd:urlList>
				</fdd:urlGroup>
			</fdd:url>
			<fdd:url>
				<fdd:urlReference>
					<link>http://web.archive.org/web/20090504053653/http://pipin.tmd.ns.ac.yu/extra/fileformat/modules/index.htm</link>
					<tag>File Format Encyclopedia (FFE) segment devoted to mod formats</tag>
					<comment>FFE was a resource constructed by Miodrag Milanovic, no longer available online.  The entire FFE has been archived as a zipped directory of files at https://archive.org/details/file-format-encyclopedia.  </comment>
				</fdd:urlReference>
			</fdd:url>
			<fdd:url>
				<fdd:urlReference>
					<link>https://archive.org/details/file-format-encyclopedia</link>
					<tag>Archived version of File Format Encyclopedia by Miodrag Milanovic.</tag>
				</fdd:urlReference>
			</fdd:url>
		</fdd:urls>
	</fdd:usefulReferences>
</fdd:FDD>
