<?xml version="1.0" encoding="UTF-8"?>
<fdd:FDD id="fdd000068" titleName="AVI, DivX Codec" shortName="AVI_DivX" xmlns:xsi="http://www.w3.org/2001/XMLSchema-instance" xmlns:fdd="http://www.digitalpreservation.gov/formats/schemas/fdd/v1" xsi:schemaLocation="http://www.digitalpreservation.gov/formats/schemas/fdd/v1 http://www.digitalpreservation.gov/formats/schemas/fdd/v1/fdd-v1-0.xsd">
	<fdd:properties>
		<fdd:gdfrGenreSelection>
			<fdd:gdfrGenre>moving-image</fdd:gdfrGenre>
		</fdd:gdfrGenreSelection>
		<fdd:formatCategories>
			<fdd:category>file-format</fdd:category>
		</fdd:formatCategories>
		<fdd:updates>
			<fdd:date>2011-12-05</fdd:date>
		</fdd:updates>
		<fdd:draftStatus>Full</fdd:draftStatus>
	</fdd:properties>
	<fdd:identificationAndDescription>
		<fdd:fullName>AVI (Audio Video Interleaved), DivX Video Codec</fdd:fullName>
		<fdd:keywords>
			<fdd:keyword>video formats</fdd:keyword>
			<fdd:keyword>AVI</fdd:keyword>
		</fdd:keywords>
		<fdd:description>File format that wraps a DivX video bitstream with other data chunks, e.g., audio.</fdd:description>
		<fdd:shortDescription>File format that wraps a DivX video bitstream with other data chunks, e.g., audio.</fdd:shortDescription>
		<fdd:productionPhase>
			<p>Generally a middle-state format (often used as the video source when producing lower-resolution streaming versions). </p>
			<p>Note: DivX version 6 codecs were released beginning in late 2005; at this writing (2011), the compiler of this page has not yet investigated whether AVI may also wrap DivX 6.x.</p>
		</fdd:productionPhase>
		<fdd:relationships>
			<fdd:relationship>
				<fdd:typeOfRelationship>Subtype of</fdd:typeOfRelationship>
				<fdd:relatedTo>
					<fdd:id>fdd000059</fdd:id>
					<fdd:shortName>AVI</fdd:shortName>
					<fdd:titleName>AVI</fdd:titleName>
				</fdd:relatedTo>
			</fdd:relationship>
			<fdd:relationship>
				<fdd:typeOfRelationship>May contain</fdd:typeOfRelationship>
				<fdd:comment>DivX_4 video codec, not documented at this time.</fdd:comment>
			</fdd:relationship>
			<fdd:relationship>
				<fdd:typeOfRelationship>May contain</fdd:typeOfRelationship>
				<fdd:relatedTo>
					<fdd:id>fdd000069</fdd:id>
					<fdd:shortName>DivX_5</fdd:shortName>
					<fdd:titleName>DivX Video Codec, Version 5</fdd:titleName>
				</fdd:relatedTo>
			</fdd:relationship>
			<fdd:relationship>
				<fdd:typeOfRelationship>May contain</fdd:typeOfRelationship>
				<fdd:relatedTo>
					<fdd:id>fdd000001</fdd:id>
					<fdd:shortName>WAVE</fdd:shortName>
					<fdd:titleName>WAVE Audio File Format</fdd:titleName>
				</fdd:relatedTo>
			</fdd:relationship>
			<fdd:relationship>
				<fdd:typeOfRelationship>May contain</fdd:typeOfRelationship>
				<fdd:relatedTo>
					<fdd:id>fdd000070</fdd:id>
					<fdd:shortName>MP3_CBR</fdd:shortName>
					<fdd:titleName>MP3, Constant Bit Rate</fdd:titleName>
				</fdd:relatedTo>
			</fdd:relationship>
		</fdd:relationships>
	</fdd:identificationAndDescription>
	<fdd:localUse>
		<fdd:preference>See <fddLink id="fdd000059">AVI</fddLink>
		</fdd:preference>
	</fdd:localUse>
	<fdd:sustainabilityFactors>
		<fdd:disclosure>
			See <fddLink id="fdd000059">AVI</fddLink> and <fddLink id="fdd000069">DivX</fddLink>
		</fdd:disclosure>
		<fdd:documentation>
			See <fddLink id="fdd000059">AVI</fddLink> and <fddLink id="fdd000069">DivX</fddLink>
		</fdd:documentation>
		<fdd:adoption>
			AVI is widely adopted for video production and filemaking; the <a href="http://www.ligos.com/pdf_docs/Indeo_FAQ.pdf">Ligos Corporation FAQ</a> (viewed in March 2012, FAQ dated 2007) for the competing Indeo codec includes this statement:         "Many video files being distributed over the Internet use the DivX AVI         format . . . ." In early 2006, Google began to offer downloadable videos,         including <i>gvi</i> files in the AVI_DivX format (said to be DivX4 with MP3 audio).
		</fdd:adoption>
		<fdd:licensingAndPatents>
			See <fddLink id="fdd000059">AVI</fddLink> and <fddLink id="fdd000069">DivX</fddLink>
		</fdd:licensingAndPatents>
		<fdd:transparency>
			See <fddLink id="fdd000069">DivX</fddLink>
		</fdd:transparency>
		<fdd:selfDocumentation>
			See <fddLink id="fdd000059">AVI</fddLink>
		</fdd:selfDocumentation>
		<fdd:externalDependencies>
			See <fddLink id="fdd000059">AVI</fddLink>
		</fdd:externalDependencies>
		<fdd:techProtection>
			See <fddLink id="fdd000059">AVI</fddLink>
		</fdd:techProtection>
	</fdd:sustainabilityFactors>
	<fdd:qualityAndFunctionalityFactors>
		<fdd:movingImageQF>
			<fdd:normalVideo>Good support.</fdd:normalVideo>
			<fdd:clarity>Moderate to good, given that this is a format typically used for compression and does not support interlaced video. Outcome will depend on the type and extent of compression, and the encoder used.  High resolution work is limited in the Windows environment due to file size limits (2 GB with FAT 16 technology; theoretical 8 GB with later technologies).</fdd:clarity>
			<fdd:beyondVideo>See <fddLink id="fdd000059">AVI</fddLink>
			</fdd:beyondVideo>
		</fdd:movingImageQF>
	</fdd:qualityAndFunctionalityFactors>
	<fdd:fileTypeSignifiers>
		<fdd:signifiersGroup>
			<fdd:filenameExtension>
				<fdd:sigValues>
					<fdd:sigValue>avi</fdd:sigValue>
				</fdd:sigValues>
			</fdd:filenameExtension>
			<fdd:filenameExtension>
				<fdd:sigValues>
					<fdd:sigValue>gvi</fdd:sigValue>
				</fdd:sigValues>
				<fdd:note>Extension for files downloaded from Google Video.</fdd:note>
			</fdd:filenameExtension>
			<fdd:internetMediaType>
				<fdd:sigValueNA>See related format.</fdd:sigValueNA>
				<fdd:note>
					<p>See <fddLink id="fdd000059">AVI</fddLink>
					</p>
				</fdd:note>
			</fdd:internetMediaType>
			<fdd:magicNumbers>
				<fdd:sigValueNA>See related format.</fdd:sigValueNA>
				<fdd:note>
					<p>See <fddLink id="fdd000059">AVI</fddLink>
					</p>
				</fdd:note>
			</fdd:magicNumbers>
			<fdd:other>
				<fdd:tag>Microsoft FOURCC</fdd:tag>
				<fdd:values>
					<fdd:sigValues>
						<fdd:sigValue>DIVX</fdd:sigValue>
						<fdd:sigValue>DIV3</fdd:sigValue>
						<fdd:sigValue>DIV4</fdd:sigValue>
						<fdd:sigValue>DIV5</fdd:sigValue>
						<fdd:sigValue>DX50</fdd:sigValue>
					</fdd:sigValues>
					<fdd:note>Only the first of these FOURCC codes (DIVX) was registered to DivX at the Microsoft registry of FOURCC and WAVE codes before Microsoft stopped maintaining the registry.  In March 2012, the others are listed at <a href="http://www.fourcc.org/codecs.php">http://www.fourcc.org/codecs.php</a>, with various annotations discouraging use of DIV3, DIV4, and DIV5 as obsolete.  DIVX was used in versions 4 and later of the DivX codec.  Version 5 of the DivX codec is reported to also use DX50.</fdd:note>
				</fdd:values>
			</fdd:other>
			<fdd:other>
				<fdd:tag>Microsoft FOURCC</fdd:tag>
				<fdd:values>
					<fdd:sigValues>
						<fdd:sigValue>goog</fdd:sigValue>
					</fdd:sigValues>
					<fdd:note>According to the <a href="http://en.wikipedia.org/wiki/Google_video">Wikipedia page for Google Video</a> (viewed April 4, 2006), the Google .gvi files "are just standard RIFF AVI files, with an extra list with the FOURCC 'goog' immediately following the header."  When consulted in May 2010, the Wikipedia entry provided a more complex description of "save as" outcomes for those downloading Google videos, although the description of <i>gvi</i> files as "modified AVI files" with the <i>goog</i> fourcc code remained.</fdd:note>
				</fdd:values>
			</fdd:other>
		</fdd:signifiersGroup>
	</fdd:fileTypeSignifiers>
	<fdd:usefulReferences>
		<fdd:urls>
			<fdd:url>
				<fdd:urlReference>
					<link>http://www.jmcgowan.com/avi.html</link>
					<tag>John McGowan's AVI Overview</tag>
				</fdd:urlReference>
			</fdd:url>
			<fdd:url>
				<fdd:urlReference>
					<link>http://www.jmcgowan.com/avicodecs.html</link>
					<tag>John McGowan's AVI Audio and Video Codecs</tag>
				</fdd:urlReference>
			</fdd:url>
			<fdd:url>
				<fdd:urlReference>
					<link>http://rovicorp.force.com/</link>
					<tag>Support page for DivX</tag>
					<comment>Includes Search box for FAQs.  The technical support services formerly found at DivX.com have migrated to rovicorp.force.com. Rovicorp is the parent company of DivX..</comment>
				</fdd:urlReference>
			</fdd:url>
			<fdd:url>
				<fdd:urlReference>
					<link>http://rovicorp.force.com/search_B2C_Articles?language=en_US&amp;pagenumber=1&amp;text=version+history</link>
					<tag>DivX Version History</tag>
					<comment>As of March 2012, the version history does not go back earlier than version 5.1.1, released in November 2003. </comment>
				</fdd:urlReference>
			</fdd:url>
			<fdd:url>
				<fdd:urlReference>
					<link>http://www.fourcc.org/codecs.php</link>
					<tag>List of FOURCC codes</tag>
					<comment>FOURCC codes were originally managed in a registry by Microsoft, but have been superseded by a more general mechanism to identify media types.</comment>
				</fdd:urlReference>
			</fdd:url>
			<fdd:url>
				<fdd:urlReference>
					<link>http://www.garykessler.net/library/file_sigs.html</link>
					<tag>Gary Kessler's File Signatures Table</tag>
				</fdd:urlReference>
			</fdd:url>
			<fdd:url>
				<fdd:urlReference>
					<link>http://en.wikipedia.org/wiki/Google_video</link>
					<tag>Google Video</tag>
					<comment>Wikipedia article.</comment>
				</fdd:urlReference>
			</fdd:url>
		</fdd:urls>
	</fdd:usefulReferences>
</fdd:FDD>
