<?xml version="1.0" encoding="UTF-8"?>
<fdd:FDD id="fdd000130" titleName="Macromedia Flash SWF File Format, Version 7" shortName="SWF_7" xmlns:xsi="http://www.w3.org/2001/XMLSchema-instance" xmlns:fdd="http://www.loc.gov/preservation/digital/formats/schemas/fdd/v1" xsi:schemaLocation="http://www.loc.gov/preservation/digital/formats/schemas/fdd/v1 http://www.loc.gov/preservation/digital/formats/schemas/fdd/v1/fdd-v1-1.xsd">
	<fdd:properties>
		<fdd:gdfrGenreSelection>
			<fdd:gdfrGenre>moving-image</fdd:gdfrGenre>
		</fdd:gdfrGenreSelection>
		<fdd:formatCategories>
			<fdd:category>file-format</fdd:category>
		</fdd:formatCategories>
		<fdd:updates>
			<fdd:date>2011-12-08</fdd:date>
		</fdd:updates>
		<fdd:draftStatus>Full</fdd:draftStatus>
	</fdd:properties>
	<fdd:identificationAndDescription>
		<fdd:fullName>Macromedia Flash SWF File Format, Version 7</fdd:fullName>
		<fdd:keywords>
			<fdd:keyword>swf</fdd:keyword>
			<fdd:keyword>Flash</fdd:keyword>
			<fdd:keyword>video formats</fdd:keyword>
		</fdd:keywords>
		<fdd:description>
			<p>Delivers vector graphics (especially animations) and other data types, including "bitmapped" video, over the Internet to the Macromedia Flash Player. Commentators describe the technology as "non-native" to the Web.  Very simple playback (with a repeat loop) is controlled by a timeline; interactive examples (even very simple ones) use both a timeline and ActionScript, a scripting language similar to JavaScript. ActionScripts may reference objects within the SWF file or resources external to it, e.g., Macromedia <fddLink id="fdd000131">FLV</fddLink> video files.</p>
			<p>SWF files are typically derived from a <fddLink id="fdd000132">FLA</fddLink> file (Macromedia Flash Project File); they may also be produced in other ways using third-party software.  SWF files may be combined with a runtime version of the Flash player, resulting in a file type called <i>projector</i>.  Windows versions of projector files are executables with an <i>exe</i> extension.</p>
			<p>The <i>swf</i> extension was originally used for files played by Macromedia's <i>Shockwave</i> browser plug-in; see <a href="#notes">Notes</a> for additional history information.</p>
			<p>In 2005, Adobe purchased Macromedia and a branding changeover began.  The documentation for the Flash (SWF) format, version 8, was disseminated from the Adobe Web site but still carried the Macromedia brand on the cover sheet.</p>
		</fdd:description>
		<fdd:shortDescription>Proprietary video format that delivers vector graphics (especially animations) and other data types, including bitmapped video, over the Internet to the Macromedia Flash Player. Commentators describe the technology as non-native to the Web.</fdd:shortDescription>
		<fdd:productionPhase>Used for final-state, end-user delivery.</fdd:productionPhase>
		<fdd:relationships>
			<fdd:relationship>
				<fdd:typeOfRelationship>Has earlier version</fdd:typeOfRelationship>
				<fdd:comment>  Macromedia Flash (SWF) Versions 3, 4, 5, and 6, not documented here</fdd:comment>
			</fdd:relationship>
			<fdd:relationship>
				<fdd:typeOfRelationship>Has later version</fdd:typeOfRelationship>
				<fdd:relatedTo>
					<fdd:id>fdd000248</fdd:id>
					<fdd:shortName>SWF_8</fdd:shortName>
					<fdd:titleName>Macromedia Flash SWF File Format, Version 8</fdd:titleName>
				</fdd:relatedTo>
			</fdd:relationship>
			<fdd:relationship>
				<fdd:typeOfRelationship>May contain</fdd:typeOfRelationship>
				<fdd:comment>Sorenson encoded video.<footNote id="1"/>
				</fdd:comment>
			</fdd:relationship>
			<fdd:relationship>
				<fdd:typeOfRelationship>May contain</fdd:typeOfRelationship>
				<fdd:comment>Screen Video Bitstream Format (ScreenVideo), not documented here.</fdd:comment>
			</fdd:relationship>
			<fdd:relationship>
				<fdd:typeOfRelationship>May contain</fdd:typeOfRelationship>
				<fdd:comment>Raw PCM sampled audio content, not documented here.</fdd:comment>
			</fdd:relationship>
			<fdd:relationship>
				<fdd:typeOfRelationship>May contain</fdd:typeOfRelationship>
				<fdd:relatedTo>
					<fdd:id>fdd000041</fdd:id>
					<fdd:shortName>ADPCM</fdd:shortName>
					<fdd:titleName>Adaptive Delta Pulse Code Modulation</fdd:titleName>
				</fdd:relatedTo>
			</fdd:relationship>
			<fdd:relationship>
				<fdd:typeOfRelationship>May contain</fdd:typeOfRelationship>
				<fdd:relatedTo>
					<fdd:id>fdd000012</fdd:id>
					<fdd:shortName>MP3_ENC</fdd:shortName>
					<fdd:titleName>MP3</fdd:titleName>
				</fdd:relatedTo>
			</fdd:relationship>
			<fdd:relationship>
				<fdd:typeOfRelationship>May contain</fdd:typeOfRelationship>
				<fdd:comment>Nellymoser Asao (speech compression) audio content, not documented here.</fdd:comment>
			</fdd:relationship>
			<fdd:relationship>
				<fdd:typeOfRelationship>Used by</fdd:typeOfRelationship>
				<fdd:relatedTo>
					<fdd:id>fdd000052</fdd:id>
					<fdd:shortName>QuickTime</fdd:shortName>
					<fdd:titleName>	QuickTime File Format</fdd:titleName>
				</fdd:relatedTo>
			</fdd:relationship>
			<fdd:relationship>
				<fdd:typeOfRelationship>Other</fdd:typeOfRelationship>
				<fdd:relatedTo>
					<fdd:id>fdd000132</fdd:id>
					<fdd:shortName>FLA</fdd:shortName>
					<fdd:titleName>Macromedia Flash FLA Project File Format.</fdd:titleName>
				</fdd:relatedTo>
				<fdd:comment> Explanatory note: SWF files are typically derived from (&quot;save as&quot;) a FLA file.</fdd:comment>
			</fdd:relationship>
		</fdd:relationships>
	</fdd:identificationAndDescription>
	<fdd:localUse>
		<fdd:experience>Seven SWF motion picture and two SWF interactive titles were collected by the Motion Picture, Broadcasting, and Recorded Sound Division in 2002. Version number unknown at this writing.</fdd:experience>
		<fdd:preference>None established at this time.  Potential challenges to the preservation of SWF files are discussed in Richard Entlich's article <a href="http://worldcat.org/arcviewer/1/OCC/2007/08/08/0000070519/viewer/file558.html#article3">"Flash in the Pan or Around for the Long Haul?"</a>. The compilers of this document seek advice regarding preservation preferences: SWF, <fddLink id="fdd000132">FLA</fddLink>, a projector version, or is it advisable to archive all three? </fdd:preference>
	</fdd:localUse>
	<fdd:sustainabilityFactors>
		<fdd:disclosure>Fully documented.  Developed by Macromedia, Inc., now owned by <a href="http://www.adobe.com/">Adobe Systems</a>.</fdd:disclosure>
		<fdd:documentation>
			The specification for <a href="http://www.adobe.com/devnet/video.html">version 8</a> (<i>Macromedia Flash (SWF) and Flash  Video (FLV) File Format Specification, Version 8</i>, n.d., copyright notice 2005) includes documentation for versions 6 and 7.  (Consulted in February 2007.) Prior to the announcement of version 8, <i>The Macromedia Flash SWF File Format Specification, Version 7</i>, n.d.(copyright notice 2002-2003).  was available at http://download.macromedia.com/pub/flash/flash_file_format_specification.pdf.
		</fdd:documentation>
		<fdd:adoption>Adoption is diminishing, particularly for mobile device users. Adobe posted the following on their  <a href="http://blogs.adobe.com/conversations/2011/11/flash-focus.html">blog</a>on November 11, 2011: &quot;HTML5 is now universally supported on major mobile devices, in some cases exclusively.  This makes HTML5 the best solution for creating and deploying content in the browser across mobile platforms... Our future work with Flash on mobile devices will be focused on enabling Flash developers to package native apps with Adobe AIR for all the major app stores.  We will no longer continue to develop Flash Player in the browser to work with new mobile device configurations (chipset, browser, OS version, etc.) following the upcoming release of Flash Player 11.1 for Android and BlackBerry PlayBook.  We will of course continue to provide critical bug fixes and security updates for existing device configurations.  We will also allow our source code licensees to continue working on and release their own implementations.&quot;	</fdd:adoption>
		<fdd:licensingAndPatents>
			Adobe offers the specification and the right to build tools to produce SWF files (in the current version, no longer version 7) via a free <a href="http://www.adobe.com/products/players/flash-player-distribution.html">license</a>.
		</fdd:licensingAndPatents>
		<fdd:transparency>
			Not transparent; proprietary binary format.
		</fdd:transparency>
		<fdd:selfDocumentation>
None accessible via the player.  Tags within the file identify data types, e.g., the particular sound encoding used.  Regarding descriptive data, Macromedia offers search engine application engineers a <a href="http://www.adobe.com/devnet/video.html">software development kit</a> that extracts any indexable information from SWF files that producers may have incorporated.  The challenge of indexing Flash and similar content is discussed in a special report from the Search Engine Strategies conference in Boston, March 4-6, 2003.  Until late 2006, this report was available at http://www.search-this.com/website_design/flash-seo.asp.
		</fdd:selfDocumentation>
		<fdd:externalDependencies>
			None.
		</fdd:externalDependencies>
		<fdd:techProtection>
			None known to the compilers of this document.
		</fdd:techProtection>
	</fdd:sustainabilityFactors>
	<fdd:qualityAndFunctionalityFactors>
		<fdd:movingImageQF>
			<fdd:normalVideo>Good support</fdd:normalVideo>
			<fdd:clarity>Vector content is scalable and thus free of most clarity issues.  "Bitmapped" video in SWF files may be compressed in two ways.  One option is a Sorenson codec,<footNote id="1"/> which apparently extends to large picture sizes.  Another option is the Screen Video Bitstream Format, optimized for "captures of computer screens in motion," described on page 15 of the SWF specification formerly available at http://download.macromedia.com/pub/flash/flash_file_format_specification.pdf.  The video quality in these encodings is expected to range from good to very good.</fdd:clarity>
			<fdd:beyondVideo>ActionScript permits a wide range of interactive options, and scripts may call on both internal and external resources.</fdd:beyondVideo>
		</fdd:movingImageQF>
		<fdd:soundQF>
			<fdd:normalSound>Good support</fdd:normalSound>
			<fdd:fidelity>The SWF specification limits uncompressed audio to 44 kHz sampling and 16 bit words, thus providing very good fidelity.  The use of compression will reduce fidelity in accord with the specific encoding and settings selected.</fdd:fidelity>
			<fdd:channels>Stereo only.</fdd:channels>
			<fdd:samples>None.</fdd:samples>
			<fdd:beyondSound>ActionScript permits a wide range of interactive options, and scripts may call on both internal and external resources.</fdd:beyondSound>
		</fdd:soundQF>
	</fdd:qualityAndFunctionalityFactors>
	<fdd:fileTypeSignifiers>
		<fdd:signifiersGroup>
			<fdd:filenameExtension>
				<fdd:sigValues>
					<fdd:sigValue>swf</fdd:sigValue>
				</fdd:sigValues>
				<fdd:note>From the Flash SWF Specification (version 7), p. 9.  The <a href="http://en.wikipedia.org/wiki/Adobe_Flash">Wikipedia article on Adobe Flash</a> (consulted February 5, 2007) includes a list of file types (with extensions) associated with the Flash family.</fdd:note>
			</fdd:filenameExtension>
			<fdd:internetMediaType>
				<fdd:sigValues>
					<fdd:sigValue>application/x-shockwave-flash</fdd:sigValue>
				</fdd:sigValues>
				<fdd:note>From the Flash SWF Specification, version 7, p. 9.</fdd:note>
			</fdd:internetMediaType>
			<fdd:internetMediaType>
				<fdd:sigValues>
					<fdd:sigValue> application/x-shockwave-flash2-preview</fdd:sigValue>
					<fdd:sigValue>application/futuresplash</fdd:sigValue>
					<fdd:sigValue>image/vnd.rn-realflash</fdd:sigValue>
				</fdd:sigValues>
				<fdd:note>Selected from <a href="http://filext.com/">The File Extension Source</a>
				</fdd:note>
			</fdd:internetMediaType>
			<fdd:magicNumbers>
				<fdd:sigValues>
					<fdd:sigValue>Hex: 46 57 53</fdd:sigValue>
					<fdd:sigValue>ASCII: FWS</fdd:sigValue>
				</fdd:sigValues>
				<fdd:note>For uncompressed files; from the Flash SWF Specification, version 7, p. 10.  The next byte in the file provides the version number; Hex 07 (0x07) for version 7.</fdd:note>
			</fdd:magicNumbers>
			<fdd:magicNumbers>
				<fdd:sigValues>
					<fdd:sigValue>Hex: 43 57 53</fdd:sigValue>
					<fdd:sigValue>ASCII: CWS</fdd:sigValue>
				</fdd:sigValues>
				<fdd:note>For files compressed with ZLIB; from the Flash SWF Specification, version 7, p. 10.  The next byte in the file provides the version number; Hex 07 (0x07) for version 7.</fdd:note>
			</fdd:magicNumbers>
		</fdd:signifiersGroup>
	</fdd:fileTypeSignifiers>
	<fdd:notes>
		<fdd:general>In principle, SWF files could be used for static vector graphics but there appears to be little or no practice of doing this.  VG files can be used for <a href="http://www.w3.org/TR/SVG/animate.html">animations</a> but here again there appears to be little or no practice and even SVG advocates state that Macromedia's powerful authoring software gives SWF the edge.</fdd:general>
		<fdd:history>
			<p>From Richard Entlich's article <a href="http://worldcat.org/arcviewer/1/OCC/2007/08/08/0000070519/viewer/file558.html#article3">"Flash in the Pan or Around for the Long Haul?"</a>: "Flash traces its origins to a browser plug-in called FutureSplash, originally produced by a company called FutureWave, but purchased by Macromedia in 1996 and renamed Flash. At the time, Macromedia offered a Web plug-in called Shockwave that decoded several of its multimedia products, including Flash. Thus the MIME type for Flash is application/x-shockwave-flash and the file extension for binary Flash files is 'swf' for Shockwave Flash. Ultimately, Macromedia moved away from handling multiple content types with a single plug-in. Today, the Shockwave plug-in is only used to play content produced by Macromedia's Director, an older tool originally for developing interactive CD-ROM content but now also used for Web animation. The plug-in that plays back Flash content is called Flash Player. However, the term Shockwave Flash is still widely used (even by Macromedia), and is the source of much understandable confusion.</p>
			<p>"Over the years, Flash has grown in power and popularity. It drew attention early for its ability to create animations that were fairly compact and fast-loading. Subsequently, Flash has become more sophisticated, with a powerful scripting language (called ActionScript) similar to JavaScript, and the ability to render a wide range of interactive Web site content. Recent versions of Flash can incorporate sound and video. Even though it is a vector graphic tool, Flash can incorporate raster graphics (i.e., bitmaps) . . . .  Flash is prized by many developers for its ability to provide a visually rich and highly interactive user experience not easily achievable with other technologies."</p>
		</fdd:history>
	</fdd:notes>
	<fdd:formatSpecifications>
		<fdd:urls>
			<fdd:url>
				<fdd:urlReference>
					<link>http://www.adobe.com/products/players/flash-player-distribution.html</link>
					<tag>Flash SWF File Format Specification, Version 8</tag>
					<comment>Includes documentation for versions 6 and 7 </comment>
				</fdd:urlReference>
			</fdd:url>
		</fdd:urls>
	</fdd:formatSpecifications>
	<fdd:usefulReferences>
		<fdd:urls>
			<fdd:url>
				<fdd:urlReference>
					<link>http://www.adobe.com/devnet/video.html</link>
					<tag>Adobe page</tag>
					<comment>Regarding current Flash specification </comment>
				</fdd:urlReference>
			</fdd:url>
			<fdd:url>
				<fdd:urlReference>
					<link>http://www.adobe.com/legal/licenses-terms.html</link>
					<tag>Adobe menu of licensing terms for all products</tag>
				</fdd:urlReference>
			</fdd:url>
			<fdd:url>
				<fdd:urlReference>
					<link>http://worldcat.org/arcviewer/1/OCC/2007/08/08/0000070519/viewer/file558.html#article3</link>
					<tag>"Flash in the Pan or Around for the Long Haul?"</tag>
					<comment>By Richard Entlich, RLG DigiNews, Vol. 8, No. 3 (June 15, 2004) </comment>
				</fdd:urlReference>
			</fdd:url>
			<fdd:url>
				<fdd:urlReference>
					<link>http://www.garykessler.net/library/file_sigs.html</link>
					<tag>Gary Kessler's File Signatures Table</tag>
					<comment/>
				</fdd:urlReference>
			</fdd:url>
			<fdd:url>
				<fdd:urlReference>
					<link>http://filext.com/</link>
					<tag>The File Extension Source</tag>
				</fdd:urlReference>
			</fdd:url>
		</fdd:urls>
	</fdd:usefulReferences>
	<fdd:footNotes>
		<fdd:footNote id="1">
			<fdd:text> Flash documentation for version 7 does not state a number for "their" version of Sorenson but describes the codec as a variant of ITU-T (International Telecommunications Union) recommendation <a href="http://www.itu.int/rec/T-REC-H.263/">H.263</a> (See <fddLink id="fdd000080">MPEG-4_V</fddLink>). In early 2006, one of Sorenson's compression applications to produce content for Flash offered the <fddLink id="fdd000066">Sorenson_3</fddLink> codec, described by experts as a variant of ITU-T H.264 (<fddLink id="fdd000081">MPEG-4_AVC</fddLink>). By late 2006, Sorenson offered new compression applications with other outputs.</fdd:text>
		</fdd:footNote>
	</fdd:footNotes>
</fdd:FDD>
