<?xml version="1.0" encoding="UTF-8"?>
<fdd:FDD id="fdd000153" titleName="Portable Network Graphics" shortName="PNG" xmlns:xsi="http://www.w3.org/2001/XMLSchema-instance" xmlns:fdd="http://www.loc.gov/preservation/digital/formats/schemas/fdd/v1" xsi:schemaLocation="http://www.loc.gov/preservation/digital/formats/schemas/fdd/v1 http://www.loc.gov/preservation/digital/formats/schemas/fdd/v1/fdd-v1-2.xsd">
	<fdd:properties>
		<fdd:gdfrGenreSelection>
			<fdd:gdfrGenre>still-image</fdd:gdfrGenre>
		</fdd:gdfrGenreSelection>
		<fdd:formatCategories>
			<fdd:category>file-format</fdd:category>
			<fdd:category>encoding</fdd:category>
		</fdd:formatCategories>
		<fdd:gdfrComposition>unitary</fdd:gdfrComposition>
		<fdd:gdfrForm>binary</fdd:gdfrForm>
		<fdd:gdfrConstraint>unstructured</fdd:gdfrConstraint>
		<fdd:gdfrBasis>sampled</fdd:gdfrBasis>
		<fdd:updates>
			<fdd:date>2025-07-14</fdd:date>
		</fdd:updates>
		<fdd:draftStatus>Full</fdd:draftStatus>
	</fdd:properties>
	<fdd:identificationAndDescription>
		<fdd:fullName>PNG (Portable Network Graphics)</fdd:fullName>
		<fdd:keywords>
			<fdd:keyword>raster image formats</fdd:keyword>
		</fdd:keywords>
		<fdd:description>
			<p>The PNG or Portable Network Graphics <a href="https://www.w3.org/TR/png-3/">specification</a> describes PNG as an "extensible file format for the lossless, portable, well-compressed storage of static and animated raster images. PNG provides a patent-free replacement for GIF and can also replace many common uses of TIFF. Indexed-color, grayscale, and truecolor images are supported, plus an optional alpha channel. Sample depths range from 1 to 16 bits." The specification is maintained and developed by the W3C <a href="https://www.w3.org/groups/wg/png/">Portable Network Graphics (PNG) Working Group</a>.</p>
			<p>PNG is <a href="https://www.w3.org/TR/png-3/#1Scope">pronounced "ping"</a> and, according to <a href="https://www.popularmechanics.com/technology/a21457/the-gif-is-dead-long-live-the-gif/">The GIF Is Dead. Long Live the GIF</a>, the acronym is a shortened version of PING for “PING Is Not GIF”.</p>
			<p>The specification defines both a datastream and an associated file format for a lossless, portable, compressed, raster (bit-mapped) image. PNG is fully streamable with a progressive display option designed for "compressed individual computer graphics image or frame-based animation, transmitted across the Internet."  Indexed color, grayscale, and RGB color (referred to as <i>truecolor</i> in the specification) are supported, with optional transparency (alpha channel).  PNG can store gamma and chromaticity data as well as a full ICC color profile for accurate color matching on heterogeneous platforms.  The PNG format was originally designed as an open standard to replace <fddLink id="fdd000133">GIF_89a</fddLink> for use on the Internet, but is not limited to that use. It is often used for logos with transparent backgrounds. In addition, <fddLink id="fdd000649">APNG, Animated Portal Network Graphics</fddLink> extends PNG to support support frame-based animated images through the addition of three more chunks. </p>
			<p>Structurally, the PNG datastream is comprised of the PNG magic number followed by a sequence of chunks with each chunk having a chunk type which specifies its function. There are four <i>critical chunk types</i>: IHDR: image header, which is the first chunk in a PNG datastream; PLTE: palette table associated with indexed PNG images; IDAT: image data chunks; IEND: image trailer, which is the last chunk in a PNG datastream. These can be followed by a number of optional <i>ancillary chunk types</i>, which encoders may generate and decoders may interpret.In addition to the chunk type, each chunk consists of two or three fields: length (four-byte unsigned integer giving the number of bytes in the chunk's data field), chunk data (optional - may be empty) and chunk <a href="https://csrc.nist.gov/glossary/term/cyclic_redundancy_check">CRC/cyclic redundancy check</a> (four-byte 32-bit CRC calculated on the preceding bytes in the chunk, including the chunk type field and chunk data fields, but not including the length field). </p>
			<p>All compression in PNG is lossless. The standard defines only compression level 0:  "DEFLATE compression with a sliding window (which is an upper bound on the distances appearing in the deflate stream) of at most 32768 bytes." See <a href="#notes">General</a> for more information about DEFLATE. </p>
			<p>
				<fddLink id="fdd000649">APNG, Animated Portal Network Graphics</fddLink> extends PNG to support support frame-based animated images through the addition of three more chunks.</p>
			<p>Adobe's <a href="https://www.adobe.com/creativecloud/file-types/image/raster/png-file.html">PNG files</a> lists several advantages of PNG files over other image formats (such as JPEG) including its use of lossless compression and its support for 16 million colors as well as its disadvantages such as larger file sizes and lack of "support for CMYK color modes so transferring them to print can prove difficult."</p>
		</fdd:description>
		<fdd:shortDescription>Defines both a datastream and an associated file format for a lossless, portable, compressed, raster (bit-mapped) image.  Non-proprietary, open standard from W3C.</fdd:shortDescription>
		<fdd:productionPhase>May be an initial-state or middle-state format; more often used as final-state format.</fdd:productionPhase>
		<fdd:relationships>
			<fdd:relationship>
				<fdd:typeOfRelationship>Has extension</fdd:typeOfRelationship>
				<fdd:relatedTo>
					<fdd:id>fdd000649</fdd:id>
					<fdd:shortName>APNG</fdd:shortName>
					<fdd:titleName>Animated Portable Network Graphics</fdd:titleName>
				</fdd:relatedTo>
			</fdd:relationship>
			<fdd:relationship>
				<fdd:typeOfRelationship>Used by</fdd:typeOfRelationship>
				<fdd:relatedTo>
					<fdd:id>fdd000593</fdd:id>
					<fdd:shortName>IPA</fdd:shortName>
					<fdd:titleName>iOS App Store Package</fdd:titleName>
				</fdd:relatedTo>
			</fdd:relationship>
		</fdd:relationships>
	</fdd:identificationAndDescription>
	<fdd:localUse>
		<fdd:experience>As of July 2025, the Library of Congress has over 16 TB (over 52 million) PNG files in its collections across many divisions. </fdd:experience>
		<fdd:preference> The Library of Congress Recommended Formats Statement (RFS) includes PNG as a preferred format for <a href="https://www.loc.gov/preservation/resources/rfs/stillimg.html">photographs in digital form</a>, <a href="https://www.loc.gov/preservation/resources/rfs/stillimg.html">other graphic images in digital form</a> and <a href="https://www.loc.gov/preservation/resources/rfs/design3D.html">2D and 3D Computer Aided Design raster images</a>. The RFS does not specify a version of PNG.</fdd:preference>
	</fdd:localUse>
	<fdd:sustainabilityFactors>
		<fdd:disclosure>Open standard and fully documented.</fdd:disclosure>
		<fdd:documentation>
			<p>
				<a href="https://www.w3.org/TR/REC-png-961001">PNG (Portable Network Graphics) Specification Version 1.0, W3C Recommendation 01-October-1996</a>
			</p>
			<p>
				<a href="http://www.libpng.org/pub/png/spec/1.1/png-1.1-pdg.html">PNG (Portable Network Graphics) Specification, Version 1.1</a> (no date listed)</p>
			<p>
				<a href="http://www.libpng.org/pub/png/spec/1.2/PNG-Contents.html">PNG (Portable Network Graphics) Specification, Version 1.2</a> (at http://www.libpng.org/pub/png/spec/1.2/PNG-Contents.html)</p>
			<p>ISO/IEC 15948:2004 Information technology -- Computer graphics and image processing -- Portable Network Graphics (PNG): Functional specification.</p>
			<p>W3C Portable Network Graphics (PNG) Specification (Second Edition), same text as ISO/IEC 15948:2004, at <a href="https://www.w3.org/TR/PNG/">https://www.w3.org/TR/PNG/</a>
			</p>
			<p>
				<a href="https://www.w3.org/TR/png-3">Portable Network Graphics (PNG) Specification (Third Edition - 24 June, 2025) - Recommendation</a>
			</p>
		</fdd:documentation>
		<fdd:adoption>
			<p>As of 2005, PNG was supported by most browsers.  However, Internet Explorer 6.x for Windows did not support the transparency feature.  Slow deployment of full browser support delayed, or even prevented widespread adoption. In 2025, <a href="https://caniuse.com/?search=PNG">CanIUse</a> reports widespread support of PNG across all major browsers (with the continued exception of IE 6). With the expiration of the LZW patent, the original objective, a patent-free standard to replace GIF, is no longer significant.</p>
			<p>The Open Preservation Foundation's <a href="https://openpreservation.org/resources/member-groups/international-comparison-of-recommended-file-formats/">International Comparison of Recommended File Formats</a> (updated last in 2025) lists PNG version 1.2 as a preferred or acceptable format for a wide range of international national and federal archives (Norway, Netherlands, Finland, Sweden, Australia, Bibliothèque et Archives Nationales du Québec, Archives New Zealand) and scientific libraries and repositories (Digital Repository of Ireland, Switzerland) just to name a few.</p>
			<p>PNG is widely supported in image software systems including <a href="https://www.adobe.com/creativecloud/file-types/image/raster/png-file.html">Photoshop</a>, <a href="https://www.irfanview.com/main_formats.htm">IrfanView</a>, and <a href="https://www.canva.com/features/png-maker/">Canva</a>. The site titled <a href="http://www.libpng.org/pub/png/png-sitemap.html#apps">PNG</a> includes a long list of PNG supporting applications, programming resources, images and animations.</p>
		</fdd:adoption>
		<fdd:licensingAndPatents>None.</fdd:licensingAndPatents>
		<fdd:transparency>
			<p>The <a href="https://www.iana.org/assignments/media-types/image/png">IANA media type</a> filing (and the <a href="https://www.w3.org/TR/png-3/#image-apng">specification</a> note the potential for security risks from the chunk-based format: "The gIFx chunk type is used to encapsulate Application Extension data, and some use of that data might present security risks, though no risks are known. Likewise, the security risks associated with future chunk types cannot be evaluated, particularly unregistered chunks. However, it is the intention of the PNG Working Group to disallow chunks containing "executable" data to become registered chunks. The text chunks, tEXt, iTXT and zTXt, contain data that can be displayed in the form of comments, etc. Some operating systems or terminals might allow the display of textual data with embedded control characters to perform operations such as re-mapping of keys, creation of files, etc. For this reason, the specification recommends that the text chunks be filtered for control characters before direct display."</p>
		</fdd:transparency>
		<fdd:selfDocumentation>
			<p>The PNG specification allows labeled text (ASCII or UTF-8) elements to be embedded in text <i>chunks</i> and predefines a few standard keywords (element labels): Title, Author, Description, Copyright, Creation Time, Software, Disclaimer, Warning, Source, Comment.
</p>
			<p>It is possible to embed XMP metadata in PNG files, according to the XMP specification.  However, the <a href="https://exiftool.org/TagNames/PNG.html#TextualData">documentation for ExifTool for PNG tags</a> suggests that practices for storing XMP or EXIF metadata in PNG images have not been consistent.</p>
			<p>
				<b>Accessibility Features</b>
			</p>
			<p>Accessibility for still image content is often supported by the use of alt text when displayed on the web. The carriage of this data is typically not embedded in the file itself but rather in the HTML code. See W3C's <a href="https://www.w3.org/WAI/tutorials/images/">Images Tutorial</a> for the Web Accessibility Initiative. PNG files may have limited support for web accessibility because of its ability to store text strings associated with the image, including image description. However, this information may be not be accessible to screen readers.</p>
		</fdd:selfDocumentation>
		<fdd:externalDependencies>
			None
		</fdd:externalDependencies>
		<fdd:techProtection>
			None
		</fdd:techProtection>
	</fdd:sustainabilityFactors>
	<fdd:qualityAndFunctionalityFactors>
		<fdd:stillImageQF>
			<fdd:normalImage>Good support.</fdd:normalImage>
			<fdd:clarity>Excellent support, with support for progressive display for images retrieved over the Internet. The standard is flexible as to color space and bit depth, supporting indexed color, grayscale, and RGB color. RGB color data is often 8 bits-per-channel (24-bit RGB) but may be extended to 16 bits (48-bit RGB).  The term <i>truecolor</i> is often used to refer to RGB color images with 24-bit or greater data.</fdd:clarity>
			<fdd:colorMaint>A PNG image can include <i>chunks</i> for gamma and chromaticity data and for a full ICC color profile.</fdd:colorMaint>
			<fdd:graphics>An alpha channel, representing transparency information on a per-pixel basis, can be included in grayscale and color PNG images.  When transparency data is included in color images, the color space is sometimes called RGBA.</fdd:graphics>
			<fdd:beyondImage>None.  Related formats, MNG and JNG, have been defined to support multi-page images and animation.</fdd:beyondImage>
		</fdd:stillImageQF>
	</fdd:qualityAndFunctionalityFactors>
	<fdd:fileTypeSignifiers>
		<fdd:signifiersGroup>
			<fdd:filenameExtension>
				<fdd:sigValues>
					<fdd:sigValue>png</fdd:sigValue>
				</fdd:sigValues>
				<fdd:note>The PNG standard recommends the use of png as extension.</fdd:note>
			</fdd:filenameExtension>
			<fdd:internetMediaType>
				<fdd:sigValues>
					<fdd:sigValue>image/png</fdd:sigValue>
				</fdd:sigValues>
				<fdd:note>See <a href="https://www.iana.org/assignments/media-types/image/png">registration at IANA</a>.</fdd:note>
			</fdd:internetMediaType>
			<fdd:magicNumbers>
				<fdd:sigValues>
					<fdd:sigValue>Hex: 89 50 4e 47 0d 0a 1a 0a</fdd:sigValue>
					<fdd:sigValue>ASCII: \211 P N G \r \n \032 \n</fdd:sigValue>
				</fdd:sigValues>
				<fdd:note>Documented in PNG standard.</fdd:note>
			</fdd:magicNumbers>
			<fdd:other>
				<fdd:tag>Mac OS file type</fdd:tag>
				<fdd:values>
					<fdd:sigValues>
						<fdd:sigValue>PNGf</fdd:sigValue>
					</fdd:sigValues>
					<fdd:note>Documented in PNG standard.</fdd:note>
				</fdd:values>
			</fdd:other>
			<fdd:other>
				<fdd:tag>Other</fdd:tag>
				<fdd:values>
					<fdd:sigValues>
						<fdd:sigValue>NF00381</fdd:sigValue>
					</fdd:sigValues>
					<fdd:note>See <a href="https://www.archives.gov/files/lod/dpframework/id/NF00381.ttl">https://www.archives.gov/files/lod/dpframework/id/NF00381.ttl</a> for Portable Network Graphics 1.0.</fdd:note>
				</fdd:values>
			</fdd:other>
			<fdd:other>
				<fdd:tag>Other</fdd:tag>
				<fdd:values>
					<fdd:sigValues>
						<fdd:sigValue>NF00382</fdd:sigValue>
					</fdd:sigValues>
					<fdd:note>See <a href="https://www.archives.gov/files/lod/dpframework/id/NF00382.ttl">https://www.archives.gov/files/lod/dpframework/id/NF00382.ttl</a> for Portable Network Graphics 1.1.</fdd:note>
				</fdd:values>
			</fdd:other>
			<fdd:other>
				<fdd:tag>Other</fdd:tag>
				<fdd:values>
					<fdd:sigValues>
						<fdd:sigValue>NF00383</fdd:sigValue>
					</fdd:sigValues>
					<fdd:note>See <a href="https://www.archives.gov/files/lod/dpframework/id/NF00383.ttl">https://www.archives.gov/files/lod/dpframework/id/NF00383.ttl</a> for Portable Network Graphics 1.2.</fdd:note>
				</fdd:values>
			</fdd:other>
			<fdd:other>
				<fdd:tag>Other</fdd:tag>
				<fdd:values>
					<fdd:sigValues>
						<fdd:sigValue>NF00647</fdd:sigValue>
					</fdd:sigValues>
					<fdd:note>See <a href="https://www.archives.gov/files/lod/dpframework/id/NF00647.ttl">https://www.archives.gov/files/lod/dpframework/id/NF00647.ttl</a> for Portable Network Graphics Unspecified Version.</fdd:note>
				</fdd:values>
			</fdd:other>
			<fdd:other>
				<fdd:tag>Pronom PUID</fdd:tag>
				<fdd:values>
					<fdd:sigValues>
						<fdd:sigValue>fmt/11</fdd:sigValue>
					</fdd:sigValues>
					<fdd:note>See <a href="https://www.nationalarchives.gov.uk/PRONOM/fmt/11">https://www.nationalarchives.gov.uk/PRONOM/fmt/11</a> for PNG 1.0.</fdd:note>
				</fdd:values>
			</fdd:other>
			<fdd:other>
				<fdd:tag>Pronom PUID</fdd:tag>
				<fdd:values>
					<fdd:sigValues>
						<fdd:sigValue>fmt/12</fdd:sigValue>
					</fdd:sigValues>
					<fdd:note>See <a href="https://www.nationalarchives.gov.uk/PRONOM/fmt/12">https://www.nationalarchives.gov.uk/PRONOM/fmt/12</a> for PNG 1.1.</fdd:note>
				</fdd:values>
			</fdd:other>
			<fdd:other>
				<fdd:tag>Pronom PUID</fdd:tag>
				<fdd:values>
					<fdd:sigValues>
						<fdd:sigValue>fmt/13</fdd:sigValue>
					</fdd:sigValues>
					<fdd:note>See <a href="https://www.nationalarchives.gov.uk/PRONOM/fmt/13">https://www.nationalarchives.gov.uk/PRONOM/fmt/13</a> for PNG 1.2.</fdd:note>
				</fdd:values>
			</fdd:other>
			<fdd:other>
				<fdd:tag>Wikidata Title ID</fdd:tag>
				<fdd:values>
					<fdd:sigValues>
						<fdd:sigValue>Q178051</fdd:sigValue>
					</fdd:sigValues>
					<fdd:note>See <a href="https://www.wikidata.org/wiki/Q178051">https://www.wikidata.org/wiki/Q178051</a>. No version information.
					</fdd:note>
				</fdd:values>
			</fdd:other>
		</fdd:signifiersGroup>
	</fdd:fileTypeSignifiers>
	<fdd:notes>
		<fdd:general>
			<p>As described in <fddLink id="fdd000599">GZIP</fddLink>, the "<a href="https://en.wikipedia.org/wiki/Deflate">DEFLATE</a> algorithm is a combination of <a href="https://en.wikipedia.org/wiki/LZ77_and_LZ78">LZ77</a> and <a href="https://en.wikipedia.org/wiki/Huffman_coding">Huffman coding</a> lossless compression algorithms. DEFLATE was developed as a replacement for <a href="https://en.wikipedia.org/wiki/Lempel%E2%80%93Ziv%E2%80%93Welch">Lempel-Ziv-Welch (LZW)</a> lossless compression algorithm and other patented compression algorithms that limited the usability of other popular archivers. <a href="https://stackoverflow.com/questions/20762094/how-are-zlib-gzip-and-zip-related-what-do-they-have-in-common-and-how-are-they/20765054#20765054">This choice</a> aimed to overcome patent restrictions and enhance compression efficiency.</p>
			<p>The DEFLATE compressed data format used by GZIP offers <a href="https://stackoverflow.com/questions/20762094/how-are-zlib-gzip-and-zip-related-what-do-they-have-in-common-and-how-are-they/20765054#20765054">improved compression</a> compared to Unix compress, along with fast decompression. Additionally, it includes a CRC-32 as an integrity check for data. The header format in GZIP allows for the storage of more information than the compress format, such as the original file name and file modification time.</p>
			<p>
				<a href="https://stackoverflow.com/questions/20762094/how-are-zlib-gzip-and-zip-related-what-do-they-have-in-common-and-how-are-they/20765054#20765054">The zlib library supports DEFLATE</a> compression and decompression, offering three types of wrapping around deflate streams: raw deflate, zlib wrapping (used in portable network graphic (PNG) format data blocks), and GZIP wrapping. Zlib wrapping is more compact (six bytes) compared to GZIP (a minimum of 18 bytes), and its integrity check (Adler-32) is faster than the CRC-32 used by GZIP. Raw deflate is utilized by programs handling the .zip format, another format that wraps around deflate compressed data.</p>
		</fdd:general>
		<fdd:history>
			<p>The original specification for PNG, version 1.0, was developed by the independent PNG development group and released under the auspices of the World Wide Web Consortium (W3C) on 1 October 1996 as its first Recommendation.  On 15 January 1997 it was released by the IETF as <a href="https://www.ietf.org/rfc/rfc2083.txt">RFC 2083</a>.  The PNG specification was updated to version 1.1 on 31 December 1998. It included new chunks for cross-platform color correction (sRGB and iCCP), a revised and much more sensible description of gamma correction, and a number of other minor improvements and clarifications (all fully backward compatible, of course!). A second, more minor update (version 1.2) was released in August 1999; its only change was the addition of the iTXt chunk (international text).</p>
			<p>Version 1.2 was submitted to ISO/IEC as a proposed standard in 1999.  The ISO/IEC standard was published in March 2004 as ISO/IEC 15948:2004.  W3C published equivalent text as <i>Portable Network Graphics (PNG) Specification (Second Edition)</i> at <a href="https://www.w3.org/TR/PNG/">https://www.w3.org/TR/PNG/</a> in November 2003. </p>
			<p>
				<a href="https://www.w3.org/TR/2003/REC-PNG-20031110/">Version 2</a> was released on 10 November 2003.</p>
			<p>The W3C recommendation for <a href="https://www.w3.org/TR/png-3/">Version 3</a> was released on 24 June, 2025. Prior to this recommendation, there were several drafts and candidate recommendations documented on <a href="https://www.w3.org/standards/history/png-3/">Portable Network Graphics (PNG) Specification (Third Edition) publication history</a>. The specification notes that &quot;this specification is intended to become an International Standard, but is not yet one. It is inappropriate to refer to this specification as an International Standard.&quot;</p>
			<p>For a list of publication dates and changes between Version 2 and Version 3, see the <a href="https://www.w3.org/TR/png-3/#F-ChangeList">Third Edition Change List</a>. For changes between Version 1 and Version 2, see the <a href="https://www.w3.org/TR/2003/REC-PNG-20031110/#F-ChangeList">Second Edition Change List</a>. W3C also makes available the pre-release drafts for the <a href="https://www.w3.org/standards/history/png-2/">Second Edition</a> and the <a href="https://www.w3.org/standards/history/png-1/">First Edition</a>.</p>
			<p>The <a href="https://www.w3.org/Graphics/PNG/png-2023.html#png4e">PNG Working Group Charter</a> mentions a forthcoming Fourth Edition, potentially in 2025 but this is all to be confirmed as work progresses.</p>
		</fdd:history>
	</fdd:notes>
	<fdd:formatSpecifications>
		<fdd:urls>
			<fdd:url>
				<fdd:urlReference>
					<link>https://www.w3.org/TR/REC-png-961001</link>
					<tag>PNG (Portable Network Graphics) Specification
Version 1.0, W3C Recommendation 01-October-1996</tag>
				</fdd:urlReference>
			</fdd:url>
			<fdd:url>
				<fdd:urlReference>
					<link>https://datatracker.ietf.org/doc/html/rfc2083</link>
					<tag>RFC 2083: PNG (Portable Network Graphics) Specification Version 1.0, March 1997</tag>
				</fdd:urlReference>
			</fdd:url>
			<fdd:url>
				<fdd:urlReference>
					<link>http://www.libpng.org/pub/png/spec/1.1/png-1.1-pdg.html</link>
					<tag>PNG (Portable Network Graphics) Specification, Version 1.1</tag>
				</fdd:urlReference>
			</fdd:url>
			<fdd:url>
				<fdd:urlReference>
					<link>http://www.libpng.org/pub/png/spec/1.2/PNG-Contents.html</link>
					<tag>PNG (Portable Network Graphics) Specification, Version 1.2</tag>
					<comment/>
				</fdd:urlReference>
			</fdd:url>
			<fdd:url>
				<fdd:urlReference>
					<link>https://www.w3.org/TR/2003/REC-PNG-20031110/</link>
					<tag>Portable Network Graphics (PNG) Specification (Second Edition - 10 November 2003)</tag>
					<comment>Equivalent to ISO/IEC 15948:2004</comment>
				</fdd:urlReference>
			</fdd:url>
			<fdd:url>
				<fdd:urlReference>
					<link>https://www.iso.org/standard/29581.html</link>
					<tag>ISO/IEC 15948:2004
Information technology — Computer graphics and image processing — Portable Network Graphics (PNG): Functional specification</tag>
					<comment>Equivalent to PNG version 2.</comment>
				</fdd:urlReference>
			</fdd:url>
			<fdd:url>
				<fdd:urlReference>
					<link>https://www.w3.org/TR/png-3/</link>
					<tag>Portable Network Graphics (PNG) Specification (Third Edition - 24 June, 2025) - Recommendation</tag>
					<comment>From W3C.</comment>
				</fdd:urlReference>
			</fdd:url>
		</fdd:urls>
	</fdd:formatSpecifications>
	<fdd:usefulReferences>
		<fdd:urls>
			<fdd:url>
				<fdd:urlReference>
					<link>http://www.libpng.org/pub/png/</link>
					<tag>Portable Network Graphics (PNG) Home Site</tag>
				</fdd:urlReference>
			</fdd:url>
			<fdd:url>
				<fdd:urlReference>
					<link>http://www.libpng.org/pub/png/book/</link>
					<tag>PNG, The Definitive Guide</tag>
					<comment>1999 book by Greg Roelofs, originally published by O&apos;Reilly.  Released online by the author in 2003 (after going out of print), with minor updates.</comment>
				</fdd:urlReference>
			</fdd:url>
			<fdd:url>
				<fdd:urlReference>
					<link>https://www.w3.org/WAI/tutorials/images/</link>
					<tag>Images Tutorial.</tag>
					<comment>W3C documentation apart of their Web Accessibility Initiative.</comment>
				</fdd:urlReference>
			</fdd:url>
			<fdd:url>
				<fdd:urlReference>
					<link>https://exiftool.org/TagNames/PNG.html</link>
					<tag>PNG Tags</tag>
					<comment>From documentation for ExifTool by Phil Harvey</comment>
				</fdd:urlReference>
			</fdd:url>
			<fdd:url>
				<fdd:urlReference>
					<link>https://www.fileformat.info/format/png/egff.htm</link>
					<tag>FileFormatInfo: PNG File Format Summary</tag>
				</fdd:urlReference>
			</fdd:url>
			<fdd:url>
				<fdd:urlReference>
					<link>https://caniuse.com/?search=PNG</link>
					<tag>CanIUse: PNG</tag>
				</fdd:urlReference>
			</fdd:url>
			<fdd:url>
				<fdd:urlReference>
					<link>https://www.w3.org/groups/wg/png/</link>
					<tag>W3C Portable Network Graphics (PNG) Working Group</tag>
				</fdd:urlReference>
			</fdd:url>
			<fdd:url>
				<fdd:urlReference>
					<link>https://www.popularmechanics.com/technology/a21457/the-gif-is-dead-long-live-the-gif/</link>
					<tag>Popular Mechanics: The GIF Is Dead. Long Live the GIF. Eric Limer. Mar 24, 2022</tag>
				</fdd:urlReference>
			</fdd:url>
			<fdd:url>
				<fdd:urlReference>
					<link>https://csrc.nist.gov/glossary/term/cyclic_redundancy_check</link>
					<tag>NIST Computer Security Resource Center Glossary Entry: cyclic redundancy check</tag>
				</fdd:urlReference>
			</fdd:url>
			<fdd:url>
				<fdd:urlReference>
					<link>https://www.adobe.com/creativecloud/file-types/image/raster/png-file.html</link>
					<tag>Adobe: PNG files</tag>
				</fdd:urlReference>
			</fdd:url>
			<fdd:url>
				<fdd:urlReference>
					<link>https://openpreservation.org/resources/member-groups/international-comparison-of-recommended-file-formats/</link>
					<tag>OPF International Comparison of Recommended File Formats</tag>
				</fdd:urlReference>
			</fdd:url>
			<fdd:url>
				<fdd:urlReference>
					<link>https://www.irfanview.com/main_formats.htm</link>
					<tag>Supported file formats in IrfanView</tag>
				</fdd:urlReference>
			</fdd:url>
			<fdd:url>
				<fdd:urlReference>
					<link>https://www.canva.com/features/png-maker</link>
					<tag>Canva Online PNG Maker</tag>
				</fdd:urlReference>
			</fdd:url>
			<fdd:url>
				<fdd:urlReference>
					<link>https://www.iana.org/assignments/media-types/image/png</link>
					<tag>IANA media type registration for image/png</tag>
				</fdd:urlReference>
			</fdd:url>
			<fdd:url>
				<fdd:urlReference>
					<link>https://stackoverflow.com/questions/20762094/how-are-zlib-gzip-and-zip-related-what-do-they-have-in-common-and-how-are-they/20765054#20765054</link>
					<tag>How are zlib, gzip and zip related? What do they have in common and how are they different? Stack Overflow.</tag>
				</fdd:urlReference>
			</fdd:url>
			<fdd:url>
				<fdd:urlReference>
					<link>https://en.wikipedia.org/wiki/Deflate</link>
					<tag>DEFLATE. Wikipedia.</tag>
				</fdd:urlReference>
			</fdd:url>
			<fdd:url>
				<fdd:urlReference>
					<link>https://en.wikipedia.org/wiki/Huffman_coding</link>
					<tag>Huffman coding. Wikipedia.</tag>
				</fdd:urlReference>
			</fdd:url>
			<fdd:url>
				<fdd:urlReference>
					<link>https://zlib.net/</link>
					<tag>zlib</tag>
					<comment>zlib is a free software library written in C which you can use to read and write GZIP files and memory streams.</comment>
				</fdd:urlReference>
			</fdd:url>
			<fdd:url>
				<fdd:urlReference>
					<link>https://www.archives.gov/files/lod/dpframework/id/NF00381.ttl</link>
					<tag>NARA File Format Preservation Plan ID entry for NF00381</tag>
					<comment>Information in NARA File Format Preservation Plan ID about Portable Network Graphics 1.0.</comment>
				</fdd:urlReference>
			</fdd:url>
			<fdd:url>
				<fdd:urlReference>
					<link>https://www.archives.gov/files/lod/dpframework/id/NF00382.ttl</link>
					<tag>NARA File Format Preservation Plan ID entry for NF00382</tag>
					<comment>Information in NARA File Format Preservation Plan ID about Portable Network Graphics 1.1.</comment>
				</fdd:urlReference>
			</fdd:url>
			<fdd:url>
				<fdd:urlReference>
					<link>https://www.archives.gov/files/lod/dpframework/id/NF00383.ttl</link>
					<tag>NARA File Format Preservation Plan ID entry for NF00383</tag>
					<comment>Information in NARA File Format Preservation Plan ID about Portable Network Graphics 1.2.</comment>
				</fdd:urlReference>
			</fdd:url>
			<fdd:url>
				<fdd:urlReference>
					<link>https://www.archives.gov/files/lod/dpframework/id/NF00647.ttl</link>
					<tag>NARA File Format Preservation Plan ID entry for NF00647</tag>
					<comment>Information in NARA File Format Preservation Plan ID about Portable Network Graphics Unspecified Version.</comment>
				</fdd:urlReference>
			</fdd:url>
			<fdd:url>
				<fdd:urlReference>
					<link>https://www.nationalarchives.gov.uk/pronom/fmt/11</link>
					<tag>PRONOM entry for fmt/11</tag>
					<comment>Information in PRONOM from UK National Archives about PNG version 1. PUID: fmt/11.</comment>
				</fdd:urlReference>
			</fdd:url>
			<fdd:url>
				<fdd:urlReference>
					<link>https://www.nationalarchives.gov.uk/pronom/fmt/12</link>
					<tag>PRONOM entry for fmt/12</tag>
					<comment>Information in PRONOM from UK National Archives about PNG version 1.1. PUID: fmt/12.</comment>
				</fdd:urlReference>
			</fdd:url>
			<fdd:url>
				<fdd:urlReference>
					<link>https://www.nationalarchives.gov.uk/pronom/fmt/13</link>
					<tag>PRONOM entry for fmt/13</tag>
					<comment>Information in PRONOM from UK National Archives about PNG version 1.2. PUID: fmt/13.</comment>
				</fdd:urlReference>
			</fdd:url>
			<fdd:url>
				<fdd:urlReference>
					<link>https://www.wikidata.org/wiki/Q178051</link>
					<tag>Wikidata entry for Q178051</tag>
					<comment>Information in Wikidata about PNG - no version information. Wikidata Title ID: Q178051.</comment>
				</fdd:urlReference>
			</fdd:url>
		</fdd:urls>
	</fdd:usefulReferences>
</fdd:FDD>
