<?xml version="1.0" encoding="UTF-8"?>
<fdd:FDD id="fdd000427" titleName="OpenDocument Text Document Format (ODT), Version 1.1,  ISO/IEC 26300:2006" shortName="ODF_text_1_1" xmlns:xsi="http://www.w3.org/2001/XMLSchema-instance" xmlns:fdd="http://www.loc.gov/preservation/digital/formats/schemas/fdd/v1" xsi:schemaLocation="http://www.loc.gov/preservation/digital/formats/schemas/fdd/v1 http://www.loc.gov/preservation/digital/formats/schemas/fdd/v1/fdd-v1-1.xsd">
	<fdd:properties>
		<fdd:gdfrGenreSelection>
			<fdd:gdfrGenre>text</fdd:gdfrGenre>
		</fdd:gdfrGenreSelection>
		<fdd:formatCategories>
			<fdd:category>file-format</fdd:category>
		</fdd:formatCategories>
		<fdd:gdfrComposition>unitary</fdd:gdfrComposition>
		<fdd:gdfrForm>text</fdd:gdfrForm>
		<fdd:gdfrConstraint>structured</fdd:gdfrConstraint>
		<fdd:gdfrBasis>symbolic</fdd:gdfrBasis>
		<fdd:gdfrDomains>
			<fdd:gdfrDomain>
				<fdd:value>office/business</fdd:value>
			</fdd:gdfrDomain>
		</fdd:gdfrDomains>
		<fdd:updates>
			<fdd:date>2015-09-15</fdd:date>
		</fdd:updates>
		<fdd:draftStatus>Preliminary</fdd:draftStatus>
	</fdd:properties>
	<fdd:identificationAndDescription>
		<fdd:fullName>OpenDocument Text Document Format (ODT), Version 1.1.  Part of OASIS Open Document Format for Office Applications, Version 1.1 and the equivalent ISO/IEC 26300:2006.</fdd:fullName>
		<fdd:keywords>
			<fdd:keyword>document formats</fdd:keyword>
			<fdd:keyword>markup languages</fdd:keyword>
		</fdd:keywords>
		<fdd:description>
			<p>The OpenDocument Text Document Format (ODT), Version 1.1 (given the short name <i>ODF_text_1_1</i> here) is a format for editable textual documents.  It is one of several subtypes in the <fddLink id="fdd000247">ODF family</fddLink> for particular content categories.  Designed to be a native format for word-processing applications, the format is sometimes called ODT after its usual file extension.  The term ODT will be used here to refer to ODF_text_1_1 and other chronological versions of the OpenDocument Text format. This description relates primarily to the <a href="https://www.oasis-open.org/standards#opendocumentv1.1">ODF 1.1 specification as published by OASIS</a> and the equivalent ISO/IEC 26300:2006 specification.</p>
			<p>For details of the ZIP-based package for ODF_text_1_1, see <fddLink id="fdd000424">ODF_package_1_1</fddLink>.  The package specification defines the form for a package manifest, and options for embedded metadata, digital signatures, encryption, etc.  Apart from changes to the underlying package format, changes made to the markup for textual ODF documents between ODF versions 1.1 and 1.2 are few.  They relate mainly to added formatting options for lists, tables, and references.  Appendix G of the <a href="http://docs.oasis-open.org/office/v1.2/os/OpenDocument-v1.2-os-part1.html">ODF 1.2 Part 1 specification</a> lists changes in detail.</p>
			<p>For discussion of the structure and markup in ODF_text_1_1, see <fddLink id="fdd000428">ODF_text_1_2</fddLink>.</p>
		</fdd:description>
		<fdd:shortDescription>An XML-based format for editable textual documents, usually with .odt as file extension. Part of the OpenDocument Format (ODF) family.  Documented in ODF 1.1 specification.  Component files are packaged using a constrained version of the ZIP format.  Incorporates an XML-based manifest file to list component files.</fdd:shortDescription>
		<fdd:productionPhase>Can be used in any production phase. Particularly used for creating documents (initial state) and for editing and review (middle-state). Documents that are formally published are often converted to a format that is designed for final publication and not for convenient editing.</fdd:productionPhase>
		<fdd:relationships>
			<fdd:relationship>
				<fdd:typeOfRelationship>Subtype of</fdd:typeOfRelationship>
				<fdd:relatedTo>
					<fdd:id>fdd000247</fdd:id>
					<fdd:shortName>ODF_Family</fdd:shortName>
					<fdd:titleName>OpenDocument Format (ODF) Family, OASIS and ISO/IEC 26300</fdd:titleName>
				</fdd:relatedTo>
			</fdd:relationship>
			<fdd:relationship>
				<fdd:typeOfRelationship>Subtype of</fdd:typeOfRelationship>
				<fdd:relatedTo>
					<fdd:id>fdd000424</fdd:id>
					<fdd:shortName>ODF_package_1_1</fdd:shortName>
					<fdd:titleName>OpenDocument Package Format, ODF 1.1, ISO/IEC 26300:2006</fdd:titleName>
				</fdd:relatedTo>
			</fdd:relationship>
			<fdd:relationship>
				<fdd:typeOfRelationship>Subtype of</fdd:typeOfRelationship>
				<fdd:relatedTo>
					<fdd:id>fdd000354</fdd:id>
					<fdd:shortName>ZIP_PK</fdd:shortName>
					<fdd:titleName>ZIP File Format (PKWARE)</fdd:titleName>
				</fdd:relatedTo>
				<fdd:comment>Various features of the ZIP File Format are not permitted in ODF.</fdd:comment>
			</fdd:relationship>
			<fdd:relationship>
				<fdd:typeOfRelationship>Contains</fdd:typeOfRelationship>
				<fdd:comment>META-INF/manifest.xml file. This manifest file is mandatory in all ODF packages.</fdd:comment>
			</fdd:relationship>
			<fdd:relationship>
				<fdd:typeOfRelationship>Has later version</fdd:typeOfRelationship>
				<fdd:relatedTo>
					<fdd:id>fdd000428</fdd:id>
					<fdd:shortName>ODF_text_1_2</fdd:shortName>
					<fdd:titleName>OpenDocument Text Document Format (ODT), Version 1.2, ISO/IEC 26300-1:2015</fdd:titleName>
				</fdd:relatedTo>
			</fdd:relationship>
			<fdd:relationship>
				<fdd:typeOfRelationship>Defined via</fdd:typeOfRelationship>
				<fdd:relatedTo>
					<fdd:id>fdd000263</fdd:id>
					<fdd:shortName>XML_1_0</fdd:shortName>
					<fdd:titleName>XML (Extensible Markup Language) 1.0</fdd:titleName>
				</fdd:relatedTo>
				<fdd:comment> A normative RELAX NG schema is part of the specification for ODF 1.1, which includes the specification for text documents.</fdd:comment>
			</fdd:relationship>
		</fdd:relationships>
	</fdd:identificationAndDescription>
	<fdd:localUse>
		<fdd:preference>The Library of Congress <a href="http://www.loc.gov/preservation/resources/rfs/textmus.html">Recommended Formats Statement (RFS) 2015-2016</a> includes ODF (ISO/IEC 26300) as an acceptable format for textual works in digital form.  The RFS list does not distinguish between versions of ODF.  In general, the Library of Congress prefers formats intended for final publication of textual works, rather than editable formats.  Editable word-processing formats will be found in collections of papers of organizations and individuals.</fdd:preference>
	</fdd:localUse>
	<fdd:sustainabilityFactors>
		<fdd:disclosure>International open standard.  Developed and maintained by <a href="https://www.oasis-open.org/committees/tc_home.php?wg_abbrev=office">OASIS Open Document Format for Office Applications (OpenDocument) TC</a> as part of the OpenDocument Format (ODF) 1.1 specification published by OASIS in 2007.  Also approved as part of the equivalent ISO/IEC 26300:2006 by ISO/IEC JTC1/SC34.</fdd:disclosure>
		<fdd:documentation>
			<p>Specifications from OASIS: <a href="https://www.oasis-open.org/standards#opendocumentv1.1">Open Document Format for Office Applications (OpenDocument) Version 1.1</a>.  Specification for ODF 1.1 text documents are found primarily in chapters 4-7 of the specification.  The technical specification incorporates a <a href="http://docs.oasis-open.org/office/v1.1/OS/OpenDocument-schema-v1.1.rng">normative RNG schema for primary component files for ODF documents.</a>  In 2013, some errata were approved and a revised specification including approved errata was published by OASIS.</p>
			<p>An equivalent specification was adopted by ISO and published by means of <a href="http://standards.iso.org/ittf/PubliclyAvailableStandards/c043485_ISO_IEC_26300_2006(E).zip">ISO/IEC 26300:2006, Information technology -- Open Document Format for Office Applications (OpenDocument) v1.0</a> together with a 2012 amendment, <a href="http://standards.iso.org/ittf/PubliclyAvailableStandards/c059302_ISO_IEC_26300_2006_Amd_1_2012.zip">ISO/IEC 26300:2006, Information technology -- Open Document Format for Office Applications (OpenDocument) v1.0 -- Amendment 1: Open Document Format for Office Applications (OpenDocument) v1.1</a>. A number of technical corrigenda have been published.</p>
			<p>See <fddLink id="fdd000247">ODF-Family</fddLink> for a listing of namespaces that can be incorporated into ODF documents in ODF version 1.1 or 1.2 and links to associated specifications.</p>
		</fdd:documentation>
		<fdd:adoption>
			<p>The major applications supporting ODF can read and write text documents as defined in ODF 1.1:</p>
			<ul>
				<li>LibreOffice offers ODF 1.0/1.1 as a format for saving documents. <a href="https://wiki.documentfoundation.org/images/3/39/GS3502-SettingUpLibreOffice.pdf">Setting Up LibreOffice</a> suggests choosing this option to share documents with people using editing software that supports only the older format.</li>
				<li>Apache OpenOffice also offers users the ability to save documents as ODF 1.0/1.1. OpenOffice.org introduced support for ODF 1.0 in the beta version of OpenOffice 2.0 in 2005, according to <a href="http://www.openoffice.org/about_us/2.0beta_press_release.html">Press Release for OpenOffice 2.0 beta</a>.</li>
				<li>Microsoft first introduced support for ODF_text_1_1 with Service Pack 2 for Word 2007.  Support is also provided in Word 2010 and Word 2013.</li>
			</ul>
			<p>The adopters of ODF listed in the April 2009 <a href="https://www.iana.org/assignments/media-types/application/vnd.oasis.opendocument.text">registration of MIME type for ODF textual documents</a> included: <a href="http://www.abiword.org/">AbiWord</a>, IBM (<a href="http://www-03.ibm.com/software/products/en/lotusymp">Lotus Symphony</a>), KOffice (became <a href="https://www.calligra.org/">Calligra</a>),
<a href="http://www.neooffice.org/neojava/en/index.php">NeoOffice</a> (Mac-oriented fork from OpenOffice.org),
OpenOffice.org (predecessor to Apache OpenOffice and LibreOffice), <a href="http://www.scribus.net/">Scribus</a>, StarOffice (predecessor of OpenOffice.org, code contributed to Apache OpenOffice),
TextMaker (now part of <a href="http://www.softmaker.com/english/ofw_en.htm">SoftMaker</a>),
and Writely (acquired by Google in 2006, a starting point for the development of Google Docs).</p>
			<p>See <fddLink id="fdd000247">ODF-Family</fddLink> for more detail on adoption of ODF in general, and particularly for mandates or recommendations for ODF when exchanging editable documents among government agencies and between agencies and the individiduals or organizations they serve.</p>
		</fdd:adoption>
		<fdd:licensingAndPatents>No concerns.  See <fddLink id="fdd000247">ODF-Family</fddLink>.</fdd:licensingAndPatents>
		<fdd:transparency>See <fddLink id="fdd000428">ODF_text_1_2</fddLink>.</fdd:transparency>
		<fdd:selfDocumentation>
			<p>ODF 1.1 support for metadata is through three mechanisms defined in clauses 2.2 (Document Metadata) and clause 3 (Metadata Elements) of the OASIS ODF 1.1 specification: predefined elements explicitly listed in the specification; user-defined metadata, using a specified XML structure for a triplet of name, data type, and value; and custom metadata, held in arbitrary elements within the &lt;office:meta&gt; element.  The ODF 1.1 specification requires implementers to preserve custom metadata.  Note that the use of arbitrary custom metadata was deprecated in ODF 1.2 and replaced by support for RDF-based metadata.</p>
			<p>Pre-defined metadata elements for the document as a whole include:</p>
			<ul>
				<li>From the Dublin core namespace, using the <i>dc:</i> prefix: Title, Creator (of most recent modification), Description, Subject, Date (last modified), Language</li>
				<li>From the ODF specification, using the <i>meta:</i> prefix: Generator (creating software application), Keywords, Initial Creator, Creation Date and Time, Modification Date and Time, Print Date and Time, Document Template, Document Statistics (word count, page count, etc.), </li>
			</ul>
			<p>The pre-defined elements are all optional and repeatable.  However, applications are not required to update multiple occurrences in a specific way to reflect modifications to a document.</p>
		</fdd:selfDocumentation>
		<fdd:externalDependencies>Depends on features used.  Textual documents in ODF_text_1_1 format may include sections that import text from an external document or data source; see clause 4.4 in the specification. They may include links to external databases; see clause 6.5.  They can also import scripts from external sources; see subclause 6.6.6.</fdd:externalDependencies>
		<fdd:techProtection>Encryption is supported for files within an ODF package.  In addition, an ODF package file may be encrypted during interchange or as part of DRM controlling distribution.  See <fddLink id="fdd000424">ODF_package_1_1</fddLink>.</fdd:techProtection>
	</fdd:sustainabilityFactors>
	<fdd:qualityAndFunctionalityFactors>
		<fdd:textQF>
			<fdd:normalText>
				<p>See later version <fddLink id="fdd000428">ODF_text_1_2</fddLink>.  The changes in textual markup and representation between the two versions are minor in relation to Quality and Functionality Factors for  textual documents.</p>
			</fdd:normalText>
		</fdd:textQF>
	</fdd:qualityAndFunctionalityFactors>
	<fdd:fileTypeSignifiers>
		<fdd:signifiersGroup>
			<fdd:filenameExtension>
				<fdd:sigValues>
					<fdd:sigValue>odt</fdd:sigValue>
				</fdd:sigValues>
				<fdd:note>
					<i>.odt</i> is the extension used for a regular ODF word-processing document.</fdd:note>
			</fdd:filenameExtension>
			<fdd:internetMediaType>
				<fdd:sigValues>
					<fdd:sigValue>application/vnd.oasis.opendocument.text</fdd:sigValue>
				</fdd:sigValues>
				<fdd:note>The MIME types for ODF_text_1_1  are the same as for ODF_text_1_2.</fdd:note>
			</fdd:internetMediaType>
			<fdd:magicNumbers>
				<fdd:sigValueNA>See note.</fdd:sigValueNA>
				<fdd:note>Magic numbers that apply to ODF document category subtypes incorporate the magic number for  <fddLink id="fdd000354">ZIP_PK</fddLink>,  the string <i>mimetype</i> at position 30, and the MIME subtype string value at position 38.</fdd:note>
			</fdd:magicNumbers>
			<fdd:other>
				<fdd:tag>Other</fdd:tag>
				<fdd:values>
					<fdd:sigValueNA>See note.</fdd:sigValueNA>
					<fdd:note>See <fddLink id="fdd000428">ODF_text_1_2</fddLink> for discussion of signifiers of closely related ODF textual formats for use as templates or "master" documents.</fdd:note>
				</fdd:values>
			</fdd:other>
			<fdd:other>
				<fdd:tag>Pronom PUID</fdd:tag>
				<fdd:values>
					<fdd:sigValues>
						<fdd:sigValue>fmt/290</fdd:sigValue>
					</fdd:sigValues>
					<fdd:note>See <a href="http://www.nationalarchives.gov.uk/PRONOM/fmt/290">http://www.nationalarchives.gov.uk/PRONOM/fmt/290</a>.</fdd:note>
				</fdd:values>
			</fdd:other>
			<fdd:other>
				<fdd:tag>Wikidata Title ID</fdd:tag>
				<fdd:values>
					<fdd:sigValues>
						<fdd:sigValue>Q27203404</fdd:sigValue>
					</fdd:sigValues>
					<fdd:note>See <a href="https://www.wikidata.org/wiki/Q27203404">https://www.wikidata.org/wiki/Q27203404</a>.
					</fdd:note>
				</fdd:values>
			</fdd:other>
		</fdd:signifiersGroup>
	</fdd:fileTypeSignifiers>
	<fdd:notes>
		<fdd:general>
			<p>ODF_text_1_1 permits the use of elements beyond those covered by the specification.  Section 1.5 of the specification begins, &quot;Documents that conform to the OpenDocument specification may contain elements and attributes not specified within the OpenDocument schema. Such elements and attributes must not be part of a namespace that is defined within this specification and are called foreign elements and attributes.&quot;  OASIS produced a so-called &quot;strict&quot; schema, that could be used to permit only elements defined in the specification.  The specification indicates how applications should treat foreign elements.  <fddLink id="fdd000428">ODF_text_1_2</fddLink> introduces the concept of an ODF Extended document, and has a clause 3.17 on Foreign Elements and Attributes.  The compilers of this resource have not determined whether there is a substantive difference between ODF 1.1 and ODF 1.2 in relation to the inclusion of foreign elements and attributes.  <a href="../contact_format.shtml">Comments welcome</a>
			</p>
			<p>See Notes for <fddLink id="fdd000397">DOCX/OOXML_2012</fddLink> for notes on challenges for conversion between ODT and DOCX formats.</p>
		</fdd:general>
		<fdd:history>
			<p>See <fddLink id="fdd000425">ODF_package_1_2</fddLink> for discussion of changes to ODF in general between versions 1.1 and 1.2.  Changes to the specification for text documents between versions 1.1 and 1.2 were limited to corrections and small modifications requested by implementers.</p>
			<p>See <fddLink id="fdd000247">ODF_family</fddLink> for more on the history ODF in general.</p>
		</fdd:history>
	</fdd:notes>
	<fdd:formatSpecifications>
		<fdd:urls>
			<fdd:url>
				<fdd:urlGroup>
					<fdd:intro>Specifications as published by OASIS</fdd:intro>
					<fdd:urlList>
						<fdd:urlReference>
							<link>https://www.oasis-open.org/standards#opendocumentv1.2</link>
							<tag>Open Document Format for Office Applications (OpenDocument) Specification v1.2</tag>
							<comment>Provides links to all versions of specifications and supporting files for ODF 1.2.  The specification for the ODF package is in ODF 1.2, Part 3: Packages (available as ODT, PDF, and HTML.</comment>
						</fdd:urlReference>
						<fdd:urlReference>
							<link>http://docs.oasis-open.org/office/v1.1/OS/OpenDocument-schema-v1.1.rng</link>
							<tag>Normative RNG schema for markup of primary content in ODF 1.1 files.</tag>
						</fdd:urlReference>
						<fdd:urlReference>
							<link>http://docs.oasis-open.org/office/v1.1/OS/OpenDocument-manifest-schema-v1.1.rng</link>
							<tag>Normative RNG schema for mandatory manifest file for an ODF 1.1 package.</tag>
						</fdd:urlReference>
					</fdd:urlList>
				</fdd:urlGroup>
			</fdd:url>
			<fdd:url>
				<fdd:urlGroup>
					<fdd:intro>Specifications as published by ISO</fdd:intro>
					<fdd:urlList>
						<fdd:urlReference>
							<link>http://standards.iso.org/ittf/PubliclyAvailableStandards/c043485_ISO_IEC_26300_2006(E).zip</link>
							<tag>ISO/IEC 26300:2006, Information technology -- Open Document Format for Office Applications (OpenDocument) v1.0</tag>
						</fdd:urlReference>
						<fdd:urlReference>
							<link>http://standards.iso.org/ittf/PubliclyAvailableStandards/c059302_ISO_IEC_26300_2006_Amd_1_2012.zip</link>
							<tag>ISO/IEC 26300:2006. Information technology -- Open Document Format for Office Applications (OpenDocument) v1.0 -- Amendment 1: Open Document Format for Office Applications (OpenDocument) v1.1</tag>
							<comment>The ISO/IEC 26300:2006 standard was supplemented by the 2012 amendment to achieve equivalence to the OASIS ODF 1.1 specification. </comment>
						</fdd:urlReference>
					</fdd:urlList>
				</fdd:urlGroup>
			</fdd:url>
		</fdd:urls>
	</fdd:formatSpecifications>
	<fdd:usefulReferences>
		<fdd:urls>
			<fdd:url>
				<fdd:urlReference>
					<link>https://www.iana.org/assignments/media-types/application/vnd.oasis.opendocument.text</link>
					<tag>IANA registration for MIME media type for ODT (ODF text) documents.</tag>
				</fdd:urlReference>
			</fdd:url>
			<fdd:url>
				<fdd:urlReference>
					<link>http://apps.nationalarchives.gov.uk/pronom/fmt/290</link>
					<tag>PRONOM entry for OpenDocument Text 1.1 </tag>
					<comment>PUID for ODT 1.1 is fmt/290</comment>
				</fdd:urlReference>
			</fdd:url>
			<fdd:url>
				<fdd:urlReference>
					<link>https://www.wikidata.org/wiki/Q27203404</link>
					<tag>WikiData entry for Q27203404</tag>
					<comment>Information in WikiData about ODT 1.1. WikiData Title ID: Q27203404.</comment>
				</fdd:urlReference>
			</fdd:url>
			<fdd:url>
				<fdd:urlGroup>
					<fdd:intro>See <fddLink id="fdd000428">ODF_text_1_2</fddLink>.</fdd:intro>
				</fdd:urlGroup>
			</fdd:url>
			<fdd:url>
				<fdd:urlGroup>
					<fdd:intro>See also <fddLink id="fdd000247">ODF_Family</fddLink>.</fdd:intro>
				</fdd:urlGroup>
			</fdd:url>
		</fdd:urls>
	</fdd:usefulReferences>
</fdd:FDD>
