<?xml version="1.0" encoding="UTF-8"?>
<fdd:FDD id="fdd000403" titleName="Apple ProRes 422 High Quality" shortName="Apple_ProRes_422_HQ" xmlns:xsi="http://www.w3.org/2001/XMLSchema-instance" xmlns:fdd="http://www.loc.gov/preservation/digital/formats/schemas/fdd/v1" xsi:schemaLocation="http://www.loc.gov/preservation/digital/formats/schemas/fdd/v1 http://www.loc.gov/preservation/digital/formats/schemas/fdd/v1/fdd-v1-1.xsd">
	<fdd:properties>
		<fdd:gdfrGenreSelection>
			<fdd:gdfrGenre>moving-image</fdd:gdfrGenre>
		</fdd:gdfrGenreSelection>
		<fdd:formatCategories>
			<fdd:category>encoding</fdd:category>
		</fdd:formatCategories>
		<fdd:gdfrComposition>unitary</fdd:gdfrComposition>
		<fdd:gdfrForm>binary</fdd:gdfrForm>
		<fdd:gdfrConstraint>structured</fdd:gdfrConstraint>
		<fdd:gdfrBasis>sampled</fdd:gdfrBasis>
		<fdd:updates>
			<fdd:date>2020-11-17</fdd:date>
		</fdd:updates>
		<fdd:draftStatus>Preliminary</fdd:draftStatus>
	</fdd:properties>
	<fdd:identificationAndDescription>
		<fdd:fullName>Apple ProRes 422 High Quality</fdd:fullName>
		<fdd:keywords>
			<fdd:keyword>moving image, video formats</fdd:keyword>
			<fdd:keyword>codec formats</fdd:keyword>
			<fdd:keyword>compression formats</fdd:keyword>
		</fdd:keywords>
		<fdd:description>
			<p>Apple ProRes 422 HQ is the highest data-rate version of the ProRes 422 codecs, applying the least compression for the best imagery and the largest files. <a href="http://www.apple.com/final-cut-pro/docs/Apple_ProRes_White_Paper.pdf">Apple literature</a> states that Apple ProRes 422 HQ offers "visually lossless preservation of the highest-quality professional HD video that a single-link HD-SDI signal can carry."</p>
			<p>In order to compare the members of the ProRes 422 family, this Web site uses 10-bit picture data with an HD (1920x1080) frame size and a frame rate of 29.97 fps.  Uncompressed, this yields about 560 GB  per hour. Although the variable bit rate for ProRes means that results will vary, specialists report that the 220 Mbps target data rate for Apple ProRes 422 HQ would yield a one-hour file of about 97 GB.</p>
			<p>See the <fddLink id="fdd000389">Apple ProRes 422 Codec Family</fddLink> for a general description of the shared technical characteristics as well as history of the format.</p>
		</fdd:description>
		<fdd:shortDescription>Apple ProRes 422 HQ is the highest data-rate version of Apple ProRes 422, 
applying the least compression for the best imagery and the largest files for 4:2:2 image sources.</fdd:shortDescription>
		<fdd:productionPhase>Production (initial state) and post production (middle state).</fdd:productionPhase>
		<fdd:relationships>
			<fdd:relationship>
				<fdd:typeOfRelationship>Subtype of</fdd:typeOfRelationship>
				<fdd:relatedTo>
					<fdd:id>fdd000389</fdd:id>
					<fdd:shortName>Apple_ProRes_422_Codec_Family</fdd:shortName>
					<fdd:titleName>Apple ProRes 422 Codec Family</fdd:titleName>
				</fdd:relatedTo>
			</fdd:relationship>
		</fdd:relationships>
	</fdd:identificationAndDescription>
	<fdd:localUse>
		<fdd:experience>The <a href="http://www.loc.gov/collection/civil-rights-history-project/about-this-collection/">Civil Rights History Project</a> in the American Folklife Center contains <fddLink id="fdd000390">Apple ProRes 422</fddLink> and Apple ProRes 422 HQ files.</fdd:experience>
		<fdd:preference>The Library of Congress Recommended Formats Statement (RFS) lists <fddLink id="fdd000527">Apple ProRes 4444, 4444 XQ</fddLink> and 422 HQ in a QuickTime wrapper as a <a href="https://www.loc.gov/preservation/resources/rfs/moving.html">Preferred</a> format for Video - File-Based and Physical Media.</fdd:preference>
	</fdd:localUse>
	<fdd:sustainabilityFactors>
		<fdd:disclosure>See <fddLink id="fdd000389">Apple_ProRes_422_Codec_Family</fddLink>
		</fdd:disclosure>
		<fdd:documentation>See <fddLink id="fdd000389">Apple_ProRes_422_Codec_Family</fddLink>
		</fdd:documentation>
		<fdd:adoption>
			<p>Netflix added ProRes 422 HQ "as an acceptable delivery format for 2K, UHD, and 4K resolutions" for licensed content (not orignial content) starting in July 2019 with Version 9.0 of <a href="https://partnerhelp.netflixstudios.com/hc/en-us/articles/215148917-Full-Technical-Specification-v9-0">Netflix Licensed Content Delivery Specification and Operators Manual</a>.</p>
			<p>
				<a href="https://support.google.com/moviestvpartners/answer/1679498?hl=en">YouTube</a> includes ProRes 422 HQ as an upload option for specific types of content: TV - Library/Back Catalog TV, Next Day TV; Movies - New Release movies delivered more than 2 weeks prior to avail start date and Library/Back Catalog movies. New release movies delivered less than 2 weeks prior to avail start date are not supported by ProRes 422 HQ "due to the additional processing time required to process large ProRes files". </p>
			<p>See <fddLink id="fdd000389">Apple_ProRes_422_Codec_Family</fddLink>
			</p>
		</fdd:adoption>
		<fdd:licensingAndPatents>See <fddLink id="fdd000389">Apple_ProRes_422_Codec_Family</fddLink>
		</fdd:licensingAndPatents>
		<fdd:transparency>See <fddLink id="fdd000389">Apple_ProRes_422_Codec_Family</fddLink>
		</fdd:transparency>
		<fdd:selfDocumentation>See <fddLink id="fdd000389">Apple_ProRes_422_Codec_Family</fddLink>
		</fdd:selfDocumentation>
		<fdd:externalDependencies>See <fddLink id="fdd000389">Apple_ProRes_422_Codec_Family</fddLink>
		</fdd:externalDependencies>
		<fdd:techProtection>See <fddLink id="fdd000389">Apple_ProRes_422_Codec_Family</fddLink>
		</fdd:techProtection>
	</fdd:sustainabilityFactors>
	<fdd:qualityAndFunctionalityFactors>
		<fdd:movingImageQF>
			<fdd:normalVideo>See <fddLink id="fdd000389">Apple ProRes 422 Codec Family</fddLink>
			</fdd:normalVideo>
			<fdd:clarity>
				<p>Excellent, many positive comments online. For example, the video specialist <a href="https://www.provideocoalition.com/prores_a_closer_look/">Gary Adcock</a> states that ProRes 422 HQ  provides nearly the same quality of uncompressed 10-bit 4:2:2 video but at about 1/5th the file size and throughput.</p>
			</fdd:clarity>
			<fdd:beyondVideo>See <fddLink id="fdd000389">Apple ProRes 422 Codec Family</fddLink>
			</fdd:beyondVideo>
		</fdd:movingImageQF>
	</fdd:qualityAndFunctionalityFactors>
	<fdd:fileTypeSignifiers>
		<fdd:signifiersGroup>
			<fdd:filenameExtension>
				<fdd:sigValueNA>See note.</fdd:sigValueNA>
				<fdd:note>See <fddLink id="fdd000389">Apple ProRes 422 Codec Family</fddLink>
				</fdd:note>
			</fdd:filenameExtension>
			<fdd:other>
				<fdd:tag>FOURCC</fdd:tag>
				<fdd:values>
					<fdd:sigValues>
						<fdd:sigValue>Big endian: apch</fdd:sigValue>
						<fdd:sigValue>Little endian: hcpa</fdd:sigValue>
					</fdd:sigValues>
					<fdd:note>FOURCC code used to indicate ProRes 442 HQ in the QuickTime container according to <a href="https://wiki.multimedia.cx/index.php?title=Apple_ProRes#ProRes_422_Standard_Definition_.2F_High_Quality_codec">Multimedia Wiki</a>.</fdd:note>
				</fdd:values>
			</fdd:other>
		</fdd:signifiersGroup>
	</fdd:fileTypeSignifiers>
	<fdd:notes>
		<fdd:general>
			<p>According to <a href="https://prohelp.apple.com/finalcutpro_help-r01/English/en/finalcutpro/professionalformatsandworkflows/index.html#chapter=10%26section=6">Apple</a>, camera formats that would be appropriate to convert to ProRes 422 HQ for editing include Sony HDCam SR, DVCPro HD, HDV, and AVC Intra. Some specialists caution against this. <a href="https://larryjordan.com/articles/picking-the-right-version-of-prores/">Larry Jordan</a>, for example, states that unless the source file is "very carefully-lit, high-end video, such as RED, HDCAM, or HDCAM SR, the quality of your source image doesn’t equal the format." </p>
		</fdd:general>
		<fdd:history>
			<p>Apple ProRes 422 HQ is one of the two original ProRes codecs (along with <fddLink id="fdd000390">Apple Pro Res 422</fddLink>). </p>
		</fdd:history>
	</fdd:notes>
	<fdd:formatSpecifications/>
	<fdd:usefulReferences>
		<fdd:urls>
			<fdd:url>
				<fdd:urlGroup>
					<fdd:intro>See <fddLink id="fdd000389">Apple_ProRes_422_Codec_Family</fddLink>
					</fdd:intro>
				</fdd:urlGroup>
			</fdd:url>
			<fdd:url>
				<fdd:urlReference>
					<link>https://partnerhelp.netflixstudios.com/hc/en-us/articles/215148917-Full-Technical-Specification-v9-0</link>
					<tag>Netflix Licensed Content
Delivery Specification
and Operators Manual, Version 9.0. July 2019</tag>
					<comment>Adds support for ProRes HQ as acceptable delivery format for 2K, UHD, and 4K resolutions for licensed content (not original content).</comment>
				</fdd:urlReference>
			</fdd:url>
			<fdd:url>
				<fdd:urlReference>
					<link>https://support.google.com/moviestvpartners/answer/1679498?hl=en</link>
					<tag>YouTube Movie and TV Partner Help: Encoding</tag>
					<comment>Includes ProRes Content Eligibility</comment>
				</fdd:urlReference>
			</fdd:url>
		</fdd:urls>
	</fdd:usefulReferences>
</fdd:FDD>
