<?xml version="1.0" encoding="UTF-8"?>
<fdd:FDD id="fdd000026" titleName="Ogg File Format" shortName="Ogg" xmlns:xsi="http://www.w3.org/2001/XMLSchema-instance" xmlns:fdd="http://www.loc.gov/preservation/digital/formats/schemas/fdd/v1" xsi:schemaLocation="http://www.loc.gov/preservation/digital/formats/schemas/fdd/v1 http://www.loc.gov/preservation/digital/formats/schemas/fdd/v1/fdd-v1-1.xsd">
	<fdd:properties>
		<fdd:gdfrGenreSelection>
			<fdd:gdfrGenres>
				<fdd:gdfrGenre>sound</fdd:gdfrGenre>
				<fdd:gdfrGenre>moving-image</fdd:gdfrGenre>
			</fdd:gdfrGenres>
		</fdd:gdfrGenreSelection>
		<fdd:formatCategories>
			<fdd:category>file-format</fdd:category>
		</fdd:formatCategories>
		<fdd:gdfrComposition>container-wrapper</fdd:gdfrComposition>
		<fdd:gdfrForm>binary</fdd:gdfrForm>
		<fdd:updates>
			<fdd:date>2008-02-19</fdd:date>
		</fdd:updates>
		<fdd:draftStatus>Full</fdd:draftStatus>
	</fdd:properties>
	<fdd:identificationAndDescription>
		<fdd:fullName>Ogg File Format</fdd:fullName>
		<fdd:keywords>
			<fdd:keyword>container formats</fdd:keyword>
			<fdd:keyword>wrapper formats</fdd:keyword>
		</fdd:keywords>
		<fdd:description>Wrapper format for Vorbis sound data and various other audiovisual bitstreams developed by the Xiph open source project. The Xiph Web site calls the format a &quot;<a href="http://xiph.org/ogg/">container</a>&quot; and also an &quot;<a href="http://www.xiph.org/ogg/doc/">encapsulation format</a>&quot; (&quot;version 0&quot;).</fdd:description>
		<fdd:shortDescription>Wrapper format for Vorbis sound data and various other audiovisual bitstreams developed by the Xiph open source project.</fdd:shortDescription>
		<fdd:productionPhase>Generally used for final-state, end-user delivery.</fdd:productionPhase>
		<fdd:relationships>
			<fdd:relationship>
				<fdd:typeOfRelationship>Has subtype</fdd:typeOfRelationship>
				<fdd:relatedTo>
					<fdd:id>fdd000117</fdd:id>
					<fdd:shortName>Ogg_Vorbis</fdd:shortName>
					<fdd:titleName>Ogg Vorbis Audio Format</fdd:titleName>
				</fdd:relatedTo>
			</fdd:relationship>
			<fdd:relationship>
				<fdd:typeOfRelationship>Has subtype</fdd:typeOfRelationship>
				<fdd:relatedTo>
					<fdd:id>fdd000227</fdd:id>
					<fdd:shortName>Ogg_FLAC_1_0</fdd:shortName>
					<fdd:titleName>Ogg FLAC Audio Format, Version 1.0</fdd:titleName>
				</fdd:relatedTo>
			</fdd:relationship>
			<fdd:relationship>
				<fdd:typeOfRelationship>Has subtype</fdd:typeOfRelationship>
				<fdd:relatedTo>
					<fdd:id>fdd000260</fdd:id>
					<fdd:shortName>Ogg_SPX</fdd:shortName>
					<fdd:titleName>Ogg Speex Audio Format</fdd:titleName>
				</fdd:relatedTo>
			</fdd:relationship>
			<fdd:relationship>
				<fdd:typeOfRelationship>Has subtype</fdd:typeOfRelationship>
				<fdd:relatedTo>
					<fdd:id>fdd000261</fdd:id>
					<fdd:shortName>Ogg_Theora</fdd:shortName>
					<fdd:titleName>Ogg Theora Video Format</fdd:titleName>
				</fdd:relatedTo>
			</fdd:relationship>
		</fdd:relationships>
	</fdd:identificationAndDescription>
	<fdd:localUse>
		<fdd:experience>In 2007, consideration was being given to the use of <fddLink id="fdd000260">Ogg_SPX</fddLink> for service copies of oral history recordings for access via the Web.</fdd:experience>
		<fdd:preference>
			<fddLink id="fdd000002">WAVE_LCPM</fddLink> preferred for master copies of waveform sound.</fdd:preference>
	</fdd:localUse>
	<fdd:sustainabilityFactors>
		<fdd:disclosure>Fully documented. Developed by <a href="http://www.xiph.org">xiph</a> as an open source and patent-free project.</fdd:disclosure>
		<fdd:documentation>Menu to Ogg <a href="http://www.xiph.org/vorbis/doc/">documentation</a>; see also Ogg <a href="http://www.xiph.org/vorbis/doc/oggstream.html">logical and physical bitstream overview</a> and
Ogg <a href="http://www.xiph.org/vorbis/doc/framing.html">logical bitstream framing</a>.</fdd:documentation>
		<fdd:adoption>Ogg is the <a href="http://commons.wikimedia.org/wiki/Commons:Contributing_your_own_work">recommended format for audio and video on Wikimedia Commons</a> because it is unencumbered by patents.  Firefox 3.1 (in beta as of February 2009) has native support for the Ogg audio and video formats.  </fdd:adoption>
		<fdd:licensingAndPatents>None.</fdd:licensingAndPatents>
		<fdd:transparency>The wrapper is transparent; the encodings it contains depend upon algorithms and tools to read and require sophistication to build tools.</fdd:transparency>
		<fdd:selfDocumentation>Includes internal headers and identifiers (signifiers) for the technical information needed by player software.  No provision for descriptive or administrative metadata was apparent; <a href="../contact_format.shtml">Comments welcome</a>.</fdd:selfDocumentation>
		<fdd:externalDependencies>None.</fdd:externalDependencies>
		<fdd:techProtection>None known to the compilers of this document.</fdd:techProtection>
	</fdd:sustainabilityFactors>
	<fdd:qualityAndFunctionalityFactors>
		<fdd:movingImageQF>
			<fdd:normalVideo>See <fddLink id="fdd000261">Ogg_Theora</fddLink>.</fdd:normalVideo>
			<fdd:clarity>See <fddLink id="fdd000261">Ogg_Theora</fddLink>.</fdd:clarity>
			<fdd:beyondVideo>Not investigated at this time.</fdd:beyondVideo>
		</fdd:movingImageQF>
		<fdd:soundQF>
			<fdd:normalSound>See <fddLink id="fdd000117">Ogg_Vorbis</fddLink> and <fddLink id="fdd000260">Ogg_SPX</fddLink>.</fdd:normalSound>
			<fdd:fidelity>See <fddLink id="fdd000117">Ogg_Vorbis</fddLink> and <fddLink id="fdd000260">Ogg_SPX</fddLink>.</fdd:fidelity>
			<fdd:channels>See <fddLink id="fdd000117">Ogg_Vorbis</fddLink> and <fddLink id="fdd000260">Ogg_SPX</fddLink>.</fdd:channels>
			<fdd:samples>See <fddLink id="fdd000117">Ogg_Vorbis</fddLink> and <fddLink id="fdd000260">Ogg_SPX</fddLink>.</fdd:samples>
			<fdd:beyondSound>Not investigated at this time.</fdd:beyondSound>
		</fdd:soundQF>
	</fdd:qualityAndFunctionalityFactors>
	<fdd:fileTypeSignifiers>
		<fdd:signifiersGroup>
			<fdd:filenameExtension>
				<fdd:sigValues>
					<fdd:sigValue>ogg</fdd:sigValue>
				</fdd:sigValues>
				<fdd:note>From <a href="http://filext.com/">The File Extension Source</a>
				</fdd:note>
			</fdd:filenameExtension>
			<fdd:internetMediaType>
				<fdd:sigValues>
					<fdd:sigValue>application/ogg</fdd:sigValue>
				</fdd:sigValues>
				<fdd:note>Cited type from <a href="http://www.ietf.org/rfc/rfc3534.txt">http://www.ietf.org/rfc/rfc3534.txt</a>.  Other types used for specific implementations; see <fddLink id="fdd000117">Ogg_Vorbis</fddLink> and <fddLink id="fdd000260">Ogg_SPX</fddLink>.</fdd:note>
			</fdd:internetMediaType>
			<fdd:internetMediaType>
				<fdd:sigValues>
					<fdd:sigValue>audio/x-ogg</fdd:sigValue>
					<fdd:sigValue>application/x-ogg</fdd:sigValue>
				</fdd:sigValues>
				<fdd:note>From <a href="http://filext.com/">The File Extension Source</a>.</fdd:note>
			</fdd:internetMediaType>
			<fdd:magicNumbers>
				<fdd:sigValues>
					<fdd:sigValue>Hex: 4F 67 67 53 00 02 00 00 00 00 00 00 00 00</fdd:sigValue>
					<fdd:sigValue>ASCII: OggS</fdd:sigValue>
				</fdd:sigValues>
				<fdd:note>From <a href="http://filext.com/">The File Extension Source</a>.  See also <a href="#notes">Notes</a> below.</fdd:note>
			</fdd:magicNumbers>
			<fdd:other>
				<fdd:tag>Pronom PUID</fdd:tag>
				<fdd:values>
					<fdd:sigValues>
						<fdd:sigValue>fmt/944</fdd:sigValue>
					</fdd:sigValues>
					<fdd:note>See <a href="http://www.nationalarchives.gov.uk/PRONOM/fmt/944">http://www.nationalarchives.gov.uk/PRONOM/fmt/944</a>.</fdd:note>
				</fdd:values>
			</fdd:other>
			<fdd:other>
				<fdd:tag>Wikidata Title ID</fdd:tag>
				<fdd:values>
					<fdd:sigValues>
						<fdd:sigValue>Q188199</fdd:sigValue>
					</fdd:sigValues>
					<fdd:note>See <a href="https://www.wikidata.org/wiki/Q188199">https://www.wikidata.org/wiki/Q188199</a>.
					</fdd:note>
				</fdd:values>
			</fdd:other>
		</fdd:signifiersGroup>
	</fdd:fileTypeSignifiers>
	<fdd:notes>
		<fdd:general>
			<p>From <a href="http://www.ietf.org/rfc/rfc3533.txt">The Ogg Encapsulation Format Version 0</a>:</p>
			<p>
 The fields in the page header have the following meaning: </p>
			<ul>
				<li>1. capture_pattern: a 4 Byte field that signifies the beginning of a page.  It contains the magic numbers:<br/>0x4f &apos;O&apos;<br/>0x67 &apos;g&apos;<br/>0x67 &apos;g&apos;<br/>0x53 &apos;S&apos;<br/>It helps a decoder to find the page boundaries and regain synchronisation after parsing a corrupted stream.  Once the capture pattern is found, the decoder verifies page sync and integrity by computing and comparing the checksum.</li>
				<li>2. stream_structure_version: 1 Byte signifying the version number of the Ogg file format used in this stream (this document specifies version 0).</li>
				<li>3. header_type_flag: the bits in this 1 Byte field identify the specific type of this page.<ul>
						<li>bit 0x01<br/>
set: page contains data of a packet continued from the previous page<br/>
unset: page contains a fresh packet</li>
						<li>bit 0x02<br/>
set: this is the first page of a logical bitstream (bos)<br/>
unset: this page is not a first page</li>
						<li>bit 0x04<br/>
set: this is the last page of a logical bitstream (eos)<br/>
unset: this page is not a last page </li>
					</ul>
				</li>
				<li>4. granule_position: an 8 Byte field containing position information. For example, for an audio stream, it MAY contain the total number of PCM samples encoded after including all frames finished on this page.  For a video stream it MAY contain the total number of video frames encoded after this page.  This is a hint for the decoder and gives it some timing and position information.  Its meaning is dependent on the codec for that logical bitstream and specified in a specific media mapping.  A special value of -1 (in two's complement) indicates that no packets finish on this page.</li>
				<li>5. bitstream_serial_number: a 4 Byte field containing the unique serial number by which the logical bitstream is identified.</li>
				<li>6. page_sequence_number: a 4 Byte field containing the sequence number of the page so the decoder can identify page loss.  This sequence number is increasing on each logical bitstream separately.</li>
				<li>7. CRC_checksum: a 4 Byte field containing a 32 bit CRC checksum of the page (including header with zero CRC field and page content). The generator polynomial is 0x04c11db7.</li>
				<li>8. number_page_segments: 1 Byte giving the number of segment entries encoded in the segment table.</li>
				<li>9. segment_table: number_page_segments Bytes containing the lacing values of all segments in this page.  Each Byte contains one lacing value.</li>
			</ul>
			<p>The total header size in bytes is given by: header_size = number_page_segments + 27 [Byte]<br/>
The total page size in Bytes is given by: page_size = header_size + sum(lacing_values: 1..number_page_segments) [Byte] </p>
		</fdd:general>
	</fdd:notes>
	<fdd:formatSpecifications>
		<fdd:urls>
			<fdd:url>
				<fdd:urlReference>
					<link>http://www.xiph.org/ogg/doc/</link>
					<tag>Ogg documentation menu</tag>
				</fdd:urlReference>
			</fdd:url>
			<fdd:url>
				<fdd:urlReference>
					<link>http://www.xiph.org/vorbis/doc/oggstream.html</link>
					<tag>Ogg logical and physical bitstream overview</tag>
				</fdd:urlReference>
			</fdd:url>
			<fdd:url>
				<fdd:urlReference>
					<link>http://www.xiph.org/vorbis/doc/framing.html</link>
					<tag>Ogg logical bitstream framing</tag>
				</fdd:urlReference>
			</fdd:url>
			<fdd:url>
				<fdd:urlReference>
					<link>http://www.ietf.org/rfc/rfc3533.txt</link>
					<tag>The Ogg Encapsulation Format Version 0,
May 2003</tag>
				</fdd:urlReference>
			</fdd:url>
			<fdd:url>
				<fdd:urlReference>
					<link>http://www.ietf.org/rfc/rfc3534.txt</link>
					<tag>The application/ogg Media Type,
May 2003</tag>
				</fdd:urlReference>
			</fdd:url>
		</fdd:urls>
	</fdd:formatSpecifications>
	<fdd:usefulReferences>
		<fdd:urls>
			<fdd:url>
				<fdd:urlReference>
					<link>http://wiki.xiph.org/index.php/Main_Page</link>
					<tag>Xiph wiki</tag>
				</fdd:urlReference>
			</fdd:url>
			<fdd:url>
				<fdd:urlReference>
					<link>http://apps.nationalarchives.gov.uk/pronom/fmt/944</link>
					<tag>PRONOM entry for fmt/944</tag>
					<comment>Information in PRONOM from UK National Archives about Ogg Multimedia Container. PUID: fmt/944.</comment>
				</fdd:urlReference>
			</fdd:url>
			<fdd:url>
				<fdd:urlReference>
					<link>https://www.wikidata.org/wiki/Q188199</link>
					<tag>Wikidata entry for Q188199</tag>
					<comment>Information in Wikidata about Ogg. Wikidata Title ID: Q188199.</comment>
				</fdd:urlReference>
			</fdd:url>
		</fdd:urls>
	</fdd:usefulReferences>
</fdd:FDD>
