<?xml version="1.0" encoding="UTF-8"?>
<fdd:FDD id="fdd000503" titleName="MusicXML, Version 3.0" shortName="MusicXML_3_0" xmlns:xsi="http://www.w3.org/2001/XMLSchema-instance" xmlns:fdd="http://www.loc.gov/preservation/digital/formats/schemas/fdd/v1" xsi:schemaLocation="http://www.loc.gov/preservation/digital/formats/schemas/fdd/v1 http://www.loc.gov/preservation/digital/formats/schemas/fdd/v1/fdd-v1-2.xsd">
	<fdd:properties>
		<fdd:gdfrGenreSelection>
			<fdd:gdfrGenre>other</fdd:gdfrGenre>
		</fdd:gdfrGenreSelection>
		<fdd:formatCategories>
			<fdd:category>file-format</fdd:category>
		</fdd:formatCategories>
		<fdd:gdfrComposition>unitary</fdd:gdfrComposition>
		<fdd:gdfrForm>text</fdd:gdfrForm>
		<fdd:gdfrConstraint>structured</fdd:gdfrConstraint>
		<fdd:gdfrBasis>symbolic</fdd:gdfrBasis>
		<fdd:gdfrDomains>
			<fdd:gdfrDomain>
				<fdd:value>other</fdd:value>
				<fdd:comment>music notation</fdd:comment>
			</fdd:gdfrDomain>
		</fdd:gdfrDomains>
		<fdd:updates>
			<fdd:date>2012-10-09</fdd:date>
		</fdd:updates>
		<fdd:draftStatus>Full</fdd:draftStatus>
	</fdd:properties>
	<fdd:identificationAndDescription>
		<fdd:fullName>MusicXML, Version 3.0</fdd:fullName>
		<fdd:keywords>
			<fdd:keyword>structured music formats</fdd:keyword>
		</fdd:keywords>
		<fdd:description>
			<p>MusicXML 3.0 is an openly documented XML-based format for representing Western musical notation with specifications available both as XML DTDs and in W3C&apos;s XML Schema Language.  MusicXML 3.0 was released in August 2011 by Recordare LLC.  For a description of MusicXML in general, see <fddLink id="fdd000358">MusicXML_family</fddLink>.</p>
			<p>MusicXML 3.0 had three main areas of improvement compared to MusicXML 2.0:</p>
			<ul>
				<li>A standard taxonomy of 886 instrument sounds to allow better transfer of virtual instrument playback between applications.</li>
				<li>Coverage of more sheet music repertoires, including Chinese jianpu numbered notation, Turkish maqam music, Persian and Iranian music, and improved support for educational music.</li>
				<li>Support for newer and more detailed features of common Western music notation. This includes 20 features described in Elaine Gould&apos;s notation reference book, Behind Bars (ISBN10: 0-571-51456-1).</li>
			</ul>
			<p>MusicXML 3.0 was compatible with earlier versions.  All valid MusicXML 1.0, 1.1, and 2.0 files are also valid MusicXML 3.0 files.</p>
		</fdd:description>
		<fdd:shortDescription>An XML-based format for representing Western musical notation.  Represents the semantics of the underlying musical data, designed as an interchange format for music notation, analysis, retrieval, and performance applications.</fdd:shortDescription>
		<fdd:productionPhase>See <fddLink id="fdd000358">MusicXML_family</fddLink>.</fdd:productionPhase>
		<fdd:relationships>
			<fdd:relationship>
				<fdd:typeOfRelationship>Subtype of</fdd:typeOfRelationship>
				<fdd:relatedTo>
					<fdd:id>fdd000358</fdd:id>
					<fdd:shortName>MusicXML_family</fdd:shortName>
					<fdd:titleName>MusicXML File Format Family</fdd:titleName>
				</fdd:relatedTo>
			</fdd:relationship>
			<fdd:relationship>
				<fdd:typeOfRelationship>Has earlier version</fdd:typeOfRelationship>
				<fdd:comment>Versions 1 and 2 of MusicXML, not described separately on this website.  Scores compliant with versions 1 and 2 are also valid version 3 files.</fdd:comment>
			</fdd:relationship>
			<fdd:relationship>
				<fdd:typeOfRelationship>Has later version</fdd:typeOfRelationship>
				<fdd:relatedTo>
					<fdd:id>fdd000499</fdd:id>
					<fdd:shortName>MusicXML_3_1</fdd:shortName>
					<fdd:titleName>MusicXML, Version 3.1</fdd:titleName>
				</fdd:relatedTo>
			</fdd:relationship>
			<fdd:relationship>
				<fdd:typeOfRelationship>Defined via</fdd:typeOfRelationship>
				<fdd:relatedTo>
					<fdd:id>fdd000076</fdd:id>
					<fdd:shortName>XML_DTD</fdd:shortName>
					<fdd:titleName>XML Document Type Definition</fdd:titleName>
				</fdd:relatedTo>
			</fdd:relationship>
			<fdd:relationship>
				<fdd:typeOfRelationship>Defined via</fdd:typeOfRelationship>
				<fdd:relatedTo>
					<fdd:id>fdd000077</fdd:id>
					<fdd:shortName>XML_Schema_1_0</fdd:shortName>
					<fdd:titleName>W3C XML Schema Language</fdd:titleName>
				</fdd:relatedTo>
			</fdd:relationship>
			<fdd:relationship>
				<fdd:typeOfRelationship>Affinity to</fdd:typeOfRelationship>
				<fdd:comment>In addition to the straightforward XML version, a compressed form of MusicXML has been defined, based on the ZIP format, and using the .mxl file extension.  Compressed MusicXML is not currently described separately on this website.</fdd:comment>
			</fdd:relationship>
		</fdd:relationships>
	</fdd:identificationAndDescription>
	<fdd:localUse>
		<fdd:experience>See <fddLink id="fdd000358">MusicXML_family</fddLink>.</fdd:experience>
		<fdd:preference>See <fddLink id="fdd000358">MusicXML_family</fddLink>.</fdd:preference>
	</fdd:localUse>
	<fdd:sustainabilityFactors>
		<fdd:disclosure>Fully and openly documented through XML document type definitions (DTDs) and a specification in the W3C XML Schema language. Originally developed by Michael Good of Recordare LLC.  Recordare was acquired by MakeMusic, Inc., in late 2011.  MakeMusic makes the specification for version 3.0 available under a <a href="http://usermanuals.musicxml.com/MusicXML/MusicXML.htm#license.htm%3FTocPath%3D_____7">Public License</a>.</fdd:disclosure>
		<fdd:documentation>
			<p>Schemas for version 3.0 of MusicXML are available at <a href="https://github.com/w3c/musicxml/releases/tag/v3.0">https://github.com/w3c/musicxml/releases/tag/v3.0</a>.  Links to specifications for other versions of MusicXML are available from <a href="https://www.musicxml.com/for-developers/">https://www.musicxml.com/for-developers/</a>.</p>
		</fdd:documentation>
		<fdd:adoption>See <fddLink id="fdd000358">MusicXML_family</fddLink>.</fdd:adoption>
		<fdd:licensingAndPatents>
			<p>The XML-based specifications for MusicXML 3.0 and associated distributed files can be freely used under a <i>Public License</i>. The license for MusicXML 3.0 from MakeMusic was available from <a href="https://web.archive.org/web/20131213221829/http://www.musicxml.com/for-developers/public-license-3-0/">http://www.musicxml.com/for-developers/public-license-3-0/</a> (as of 2013, link via Internet Archive).  This license is included in the distribution package for MusicXML 3.0.  Changes to the distributed schemas, etc. need to be acknowledged.  To quote from <a href="https://web.archive.org/web/20130928195322/http://www.musicxml.com/tutorial/faq/">https://www.musicxml.com/tutorial/faq/</a> (as of 2013, link via Internet Archive): &quot;The MusicXML DTDs and XSDs are available under a royalty-free license from MakeMusic. This license is modeled on those from the World Wide Web Consortium (W3C). If you follow the terms of the license, you do not need to pay anyone to use MusicXML in your products or research. MakeMusic has no patents issued or pending for the MusicXML DTDs and XSDs.&quot;</p>
		</fdd:licensingAndPatents>
		<fdd:transparency>See <fddLink id="fdd000358">MusicXML_family</fddLink>.</fdd:transparency>
		<fdd:selfDocumentation>See <fddLink id="fdd000358">MusicXML_family</fddLink>.</fdd:selfDocumentation>
		<fdd:externalDependencies>See <fddLink id="fdd000358">MusicXML_family</fddLink>.</fdd:externalDependencies>
		<fdd:techProtection>See <fddLink id="fdd000358">MusicXML_family</fddLink>.</fdd:techProtection>
	</fdd:sustainabilityFactors>
	<fdd:qualityAndFunctionalityFactors>
		<fdd:textQF>
			<fdd:normalText>See <fddLink id="fdd000358">MusicXML_family</fddLink>.</fdd:normalText>
			<fdd:structure>See <fddLink id="fdd000358">MusicXML_family</fddLink>.</fdd:structure>
			<fdd:layout>See <fddLink id="fdd000358">MusicXML_family</fddLink>.</fdd:layout>
			<fdd:beyondText>See <fddLink id="fdd000358">MusicXML_family</fddLink>.</fdd:beyondText>
		</fdd:textQF>
	</fdd:qualityAndFunctionalityFactors>
	<fdd:fileTypeSignifiers>
		<fdd:signifiersGroup>
			<fdd:filenameExtension>
				<fdd:sigValues>
					<fdd:sigValue>xml</fdd:sigValue>
				</fdd:sigValues>
				<fdd:note>An uncompressed MusicXML file is an XML file.  Compressed Music XML files use the .mxl extension.</fdd:note>
			</fdd:filenameExtension>
			<fdd:internetMediaType>
				<fdd:sigValues>
					<fdd:sigValue>application/vnd.recordare.musicxml+xml</fdd:sigValue>
				</fdd:sigValues>
				<fdd:note>See IANA <a href="http://www.iana.org/assignments/media-types/application/vnd.recordare.musicxml+xml">registration for uncompressed MusicXML</a>.  For compressed MusicXML files, the media type <i>application/vnd.recordare.musicxml</i> is used.</fdd:note>
			</fdd:internetMediaType>
			<fdd:magicNumbers>
				<fdd:sigValueNA>See note.</fdd:sigValueNA>
				<fdd:note>None specified in IANA registration.  A MusicXML 3.0 file typically begins with <i>&lt;?xml version=&quot;1.0&quot; encoding=&quot;UTF-8&quot;?&gt;</i> followed by a DOCTYPE declaration that includes the string <i>PUBLIC &quot;-//Recordare//DTD MusicXML 3.0</i>. Note that case is not significant in this string.</fdd:note>
			</fdd:magicNumbers>
			<fdd:other>
				<fdd:tag>Indicator for profile, level, version, etc.</fdd:tag>
				<fdd:values>
					<fdd:sigValueNA>See note.</fdd:sigValueNA>
					<fdd:note>The version of MusicXML used in a document is found in the version attribute in the root element (&lt;score-partwise&gt;, &lt;score-timewise&gt;, or &lt;opus&gt;).  For MusicXML 3.0, the value should be &quot;3.0&quot;.</fdd:note>
				</fdd:values>
			</fdd:other>
			<fdd:other>
				<fdd:tag>XML DOCTYPE declaration</fdd:tag>
				<fdd:values>
					<fdd:sigValueNA>See note.</fdd:sigValueNA>
					<fdd:note>For MusicXML 3.0 the DOCTYPE declaration for a document should include the string <i>PUBLIC &quot;-//Recordare//DTD MusicXML 3.0</i>.  The exact form of the declaration depends on whether the root element is &lt;score-partwise&gt;, &lt;score-timewise&gt;, or &lt;opus&gt;.</fdd:note>
				</fdd:values>
			</fdd:other>
			<fdd:other>
				<fdd:tag>Pronom PUID</fdd:tag>
				<fdd:values>
					<fdd:sigValueNA>See note.</fdd:sigValueNA>
					<fdd:note>PRONOM does not distinguish between versions of MusicXML.  See <a href="http://www.nationalarchives.gov.uk/PRONOM/fmt/896">http://www.nationalarchives.gov.uk/PRONOM/fmt/896</a> for entry for the entire MusicXML family.</fdd:note>
				</fdd:values>
			</fdd:other>
			<fdd:other>
				<fdd:tag>Wikidata Title ID</fdd:tag>
				<fdd:values>
					<fdd:sigValueNA>See note.</fdd:sigValueNA>
					<fdd:note>Wikidata does not have separate Title IDs for versions of MusicXML.  See <a href="https://www.wikidata.org/wiki/Q653301">https://www.wikidata.org/wiki/Q653301</a> for information for entire MusicXML family.</fdd:note>
				</fdd:values>
			</fdd:other>
		</fdd:signifiersGroup>
	</fdd:fileTypeSignifiers>
	<fdd:notes>
		<fdd:general/>
		<fdd:history>
			<p>The MusicXML format was originally developed by Recordare, LLC and copyright in the specifications through 3.0 is now owned by MakeMusic, Inc.  Michael Good, who developed MusicXML as the principal of Recordare, moved to MakeMusic in late 2011.  The version history for MusicXML is at <a href="https://www.musicxml.com/for-developers/version-history/">https://www.musicxml.com/for-developers/version-history/</a>.  See also <fddLink id="fdd000358">MusicXML_family</fddLink>.</p>
		</fdd:history>
	</fdd:notes>
	<fdd:formatSpecifications>
		<fdd:urls>
			<fdd:url>
				<fdd:urlReference>
					<link>https://github.com/w3c/musicxml/releases/tag/v3.0</link>
					<tag>Schemas and DTDs for MusicXML 3.0</tag>
				</fdd:urlReference>
			</fdd:url>
		</fdd:urls>
	</fdd:formatSpecifications>
	<fdd:usefulReferences>
		<fdd:urls>
			<fdd:url>
				<fdd:urlReference>
					<link>https://www.musicxml.com/</link>
					<tag>Home page for the MusicXML format</tag>
					<comment>Hosted by MakeMusic.  Links to specifications, FAQ, tutorials, publications, etc.</comment>
				</fdd:urlReference>
			</fdd:url>
			<fdd:url>
				<fdd:urlReference>
					<link>http://usermanuals.musicxml.com/MusicXML/MusicXML.htm</link>
					<tag>MusicXML 3.0 Documentation</tag>
					<comment>This resource is a rich source of information about MusicXML in general.</comment>
				</fdd:urlReference>
			</fdd:url>
			<fdd:url>
				<fdd:urlReference>
					<link>http://wiki.dpconline.org/images/2/24/MusicXML_Format_Assessment_v1.pdf</link>
					<tag>MusicXML Format Preservation Assessment (September 2018) | British Library Digital Preservation Team</tag>
					<comment>Although this assessment covers all versions of MusicXML, its focus is on MusicXML 3.0</comment>
				</fdd:urlReference>
			</fdd:url>
			<fdd:url>
				<fdd:urlGroup>
					<fdd:intro>See also <fddLink id="fdd000358">MusicXML_family</fddLink>.</fdd:intro>
				</fdd:urlGroup>
			</fdd:url>
		</fdd:urls>
	</fdd:usefulReferences>
</fdd:FDD>
