<?xml version="1.0" encoding="UTF-8"?>
<fdd:FDD id="fdd000311" titleName="EPUB, Electronic Publication, Version 3.0.1 (2014). ISO/IEC 23736:2020" shortName="EPUB_3_0_1" xmlns:xsi="http://www.w3.org/2001/XMLSchema-instance" xmlns:fdd="http://www.loc.gov/preservation/digital/formats/schemas/fdd/v1" xsi:schemaLocation="http://www.loc.gov/preservation/digital/formats/schemas/fdd/v1 http://www.loc.gov/preservation/digital/formats/schemas/fdd/v1/fdd-v1-1.xsd">
	<fdd:properties>
		<fdd:gdfrGenreSelection>
			<fdd:gdfrGenre>text</fdd:gdfrGenre>
		</fdd:gdfrGenreSelection>
		<fdd:formatCategories>
			<fdd:category>encoding</fdd:category>
			<fdd:category>file-format</fdd:category>
		</fdd:formatCategories>
		<fdd:gdfrComposition>container-wrapper</fdd:gdfrComposition>
		<fdd:gdfrForm>text</fdd:gdfrForm>
		<fdd:gdfrConstraint>structured</fdd:gdfrConstraint>
		<fdd:gdfrBasis>symbolic</fdd:gdfrBasis>
		<fdd:updates>
			<fdd:date>2020-04-18</fdd:date>
		</fdd:updates>
		<fdd:draftStatus>Full</fdd:draftStatus>
	</fdd:properties>
	<fdd:identificationAndDescription>
		<fdd:fullName>EPUB, Electronic Publication, Version 3.0.1.  ISO/IEC 23736:2020</fdd:fullName>
		<fdd:keywords>
			<fdd:keyword>document formats</fdd:keyword>
		</fdd:keywords>
		<fdd:description>
			<p>EPUB Version 3.0.1, published in June 2014, was a minor maintenance update to EPUB 3.0, published in October 2011.  For more information about the structure of an EPUB file, and for analysis in relation to sustainability and functionality, see <fddLink id="fdd000308">EPUB_3_0</fddLink>.  This description focuses on changes introduced in the update to EPUB 3.0.1.  See <a href="http://idpf.org/epub/301/spec/epub-changes.html">EPUB 3.0.1 Changes from EPUB 3.0</a>.</p>
			<ul>
				<li>The nature of the contents of an OCF Container was clarified to explicitly disallow bundling of renditions of different publications in the same container.</li>
				<li>Support for fixed-layout publications, formerly specified in <a href="http://idpf.org/epub/fxl/">EPUB 3 Fixed-Layout Documents (2012)</a>, was merged into the EPUB 3.0.1 specifications. Fixed-layout metadata properties were now defined in <a href="http://idpf.org/epub/301/spec/epub-publications.html#sec-package-metadata-fxl">EPUB Publications 3.0.1: 4.4.2 Fixed-Layout Properties</a>. Support in EPUB 3 Reading Systems for fixed layout was made mandatory.</li>
				<li>All EPUB Content Documents linked to from EPUB Content Documents listed in the <i>spine</i> element were now required to be listed in the <i>spine</i>.  All EPUB Content Documents linked to from the EPUB Navigation Document were also now required to be listed in the <i>spine</i>, regardless of whether the Navigation Document is included in the <i>spine</i>.</li>
				<li>A new <i>collection</i> element provided a framework for developing specialized behaviors and rendering in EPUB 3. It provided an extension point on which functionality could be built.  It was being used, for example, to allow an index split across multiple XHTML Content Documents to be identified and rejoined (e.g., for machine processing and presentation).  See <a href="https://idpf.github.io/epub-guides/collection-as-package/#h.hr8zmn9jm2eh">What is a Collection</a>.</li>
				<li>The use of semantic markup based on <a href="http://www.w3.org/TR/2013/REC-rdfa-core-20130822/">RDFa Core 1.1 - Second Edition</a> or <a href="http://www.w3.org/TR/2012/WD-microdata-20121025/">HTML Microdata (W3C Working Draft 25 October 2012)</a> was now allowed in XHTML Content Documents.  Vocabularies, such as those defined at schema.org, could now be used to support machine processing to enrich content.  See <a href="http://webdatacommons.org/structureddata/">Web Data Commons -- Microdata, RDFa, JSON-LD, and Microformat Dataset Series</a>.</li>
				<li>Several lists of permitted values were moved to external documents to allow updating without requiring a new edition of the standard. The list of reserved prefixes that can be used in Content Documents, was moved to <a href="http://www.idpf.org/epub/vocab/structure/pfx">EPUB Content Document Reserved Prefixes</a>.  The vocabulary of properties that could be used in the <i>rel</i> attribute of the <i>link</i> element was moved to the <a href="http://idpf.org/epub/vocab/package/link/">EPUB Link Relationships Vocabulary</a>.  The list of reserved prefixes that can be used in package metadata, such as for MARC and ONIX bibliographic data, was moved to <a href="https://idpf.github.io/epub-prefixes/packages/">EPUB Publications Reserved Prefixes</a>.</li>
			</ul>
		</fdd:description>
		<fdd:shortDescription>A format for electronic publications with reflowable text in marked up document structure with associated images for illustrations, packaged in a ZIP-based container format (OCF).  EPUB Version 3.0.1, published in June 2014, was a minor maintenance update to EPUB 3.0.</fdd:shortDescription>
		<fdd:productionPhase>See <fddLink id="fdd000308">EPUB_3_0</fddLink>.</fdd:productionPhase>
		<fdd:relationships>
			<fdd:relationship>
				<fdd:typeOfRelationship>Subtype of</fdd:typeOfRelationship>
				<fdd:relatedTo>
					<fdd:id>fdd000310</fdd:id>
					<fdd:shortName>EPUB_family</fdd:shortName>
					<fdd:titleName>Electronic Publication (EPUB) File Format Family</fdd:titleName>
				</fdd:relatedTo>
			</fdd:relationship>
			<fdd:relationship>
				<fdd:typeOfRelationship>Has earlier version</fdd:typeOfRelationship>
				<fdd:relatedTo>
					<fdd:id>fdd000308</fdd:id>
					<fdd:shortName>EPUB_3_0</fdd:shortName>
					<fdd:titleName>EPUB, Electronic Publication, Version 3.0.  ISO/IEC TS 30135:2014</fdd:titleName>
				</fdd:relatedTo>
			</fdd:relationship>
			<fdd:relationship>
				<fdd:typeOfRelationship>Has later version</fdd:typeOfRelationship>
				<fdd:relatedTo>
					<fdd:id>fdd000309</fdd:id>
					<fdd:shortName>EPUB_3_2</fdd:shortName>
					<fdd:titleName>Electronic Publication, Version 3.2</fdd:titleName>
				</fdd:relatedTo>
			</fdd:relationship>
		</fdd:relationships>
	</fdd:identificationAndDescription>
	<fdd:localUse>
		<fdd:experience>See <fddLink id="fdd000308">EPUB_3_0</fddLink>.</fdd:experience>
		<fdd:preference>See <fddLink id="fdd000308">EPUB_3_0</fddLink>.</fdd:preference>
	</fdd:localUse>
	<fdd:sustainabilityFactors>
		<fdd:disclosure>
			<p>Open standard, publicly documented. Developed under the auspices of the International Digital Publishing Forum (<a href="http://idpf.org/">IDPF</a>).</p>
			<p>Adopted as an international standard by <a href="https://www.iso.org/committee/45020.html">ISO/IEC JTC1</a> as ISO/IEC 23736:2020 in six parts.  Within ISO and IEC, EPUB is considered by a special joint working group (ISO/IEC JTC 1/SC 34/JWG 7).  JWG 7 spans several ISO and IEC committees: JTC 1/SC 34 (Document description and processing languages), ISO TC 46/SC 4 (Technical interoperability), and IEC/TC 100/TA 10 (Multimedia e-publishing and e-book technologies).</p>
		</fdd:disclosure>
		<fdd:documentation>
			<p>Specifications for <a href="http://idpf.org/epub/301">EPUB version 3.0.1</a> from IDPF.</p>
			<p>Also available from <a href="https://standards.iso.org/ittf/PubliclyAvailableStandards/index.html">ITTF Publicly Available Standards</a>.</p>
		</fdd:documentation>
		<fdd:adoption>
			<p>EPUB 3.0.1 is the most widely adopted version of EPUB.  See also <fddLink id="fdd000308">EPUB_3_0</fddLink>.</p>
		</fdd:adoption>
		<fdd:licensingAndPatents>See <fddLink id="fdd000308">EPUB_3_0</fddLink>.</fdd:licensingAndPatents>
		<fdd:transparency>See <fddLink id="fdd000308">EPUB_3_0</fddLink>.</fdd:transparency>
		<fdd:selfDocumentation>
			<p>See <fddLink id="fdd000308">EPUB_3_0</fddLink>.</p>
		</fdd:selfDocumentation>
		<fdd:externalDependencies>See <fddLink id="fdd000308">EPUB_3_0</fddLink>.</fdd:externalDependencies>
		<fdd:techProtection>See <fddLink id="fdd000308">EPUB_3_0</fddLink>.</fdd:techProtection>
	</fdd:sustainabilityFactors>
	<fdd:qualityAndFunctionalityFactors>
		<fdd:textQF>
			<fdd:normalText>See <fddLink id="fdd000308">EPUB_3_0</fddLink>.</fdd:normalText>
		</fdd:textQF>
	</fdd:qualityAndFunctionalityFactors>
	<fdd:fileTypeSignifiers>
		<fdd:signifiersGroup>
			<fdd:filenameExtension>
				<fdd:sigValues>
					<fdd:sigValue>epub</fdd:sigValue>
				</fdd:sigValues>
				<fdd:note>Recommended extension for the EPUB container file. </fdd:note>
			</fdd:filenameExtension>
			<fdd:internetMediaType>
				<fdd:sigValues>
					<fdd:sigValue>application/epub+zip</fdd:sigValue>
				</fdd:sigValues>
				<fdd:note>From OCF specification.</fdd:note>
			</fdd:internetMediaType>
			<fdd:magicNumbers>
				<fdd:sigValueNA>See note.</fdd:sigValueNA>
				<fdd:note>From OCF specification:<ul>
						<li>The bytes “PK” will be at the beginning of the file, followed by two additional bytes from the ZIP specification: \003 \004</li>
						<li>The bytes “mimetype” will be at position 30</li>
						<li>actual MIME type (i.e., the ASCII string “application/epub+zip”) will begin at position 38
</li>
					</ul>
				</fdd:note>
			</fdd:magicNumbers>
			<fdd:other>
				<fdd:tag>Indicator for profile, level, version, etc.</fdd:tag>
				<fdd:values>
					<fdd:sigValueNA>See note.</fdd:sigValueNA>
					<fdd:note>The version of EPUB, in this case &quot;3.0&quot;, is identified in the <i>version</i> attribute of the root &lt;package&gt; element in the .opf file, which can often be found in a directory called &quot;OEBPS&quot; when the contents of the .epub file is &quot;unzipped&quot;, i.e., extracted from the ZIP archive into its component files.  Note that this naming scheme, although conventional, is not required for EPUB 3.  The official way to find the .opf file is through the mandatory META-INF/container.xml file.</fdd:note>
				</fdd:values>
			</fdd:other>
			<fdd:other>
				<fdd:tag>Pronom PUID</fdd:tag>
				<fdd:values>
					<fdd:sigValues>
						<fdd:sigValue>fmt/483</fdd:sigValue>
					</fdd:sigValues>
					<fdd:note>PRONOM &quot;outline only&quot; entry does not differentiate between EPUB versions. See <a href="http://www.nationalarchives.gov.uk/PRONOM/fmt/483">http://www.nationalarchives.gov.uk/PRONOM/fmt/483</a>.</fdd:note>
				</fdd:values>
			</fdd:other>
			<fdd:other>
				<fdd:tag>Wikidata Title ID</fdd:tag>
				<fdd:values>
					<fdd:sigValues>
						<fdd:sigValue>Q27196933</fdd:sigValue>
					</fdd:sigValues>
					<fdd:note>WikiData entry for EPUB 3. Covers all EPUB 3.x versions. See <a href="https://www.wikidata.org/wiki/Q27196933">https://www.wikidata.org/wiki/Q27196933</a>.</fdd:note>
				</fdd:values>
			</fdd:other>
		</fdd:signifiersGroup>
	</fdd:fileTypeSignifiers>
	<fdd:notes>
		<fdd:general>See <fddLink id="fdd000308">EPUB_3_0</fddLink>.</fdd:general>
		<fdd:history>
			<p>EPUB 3.0.1, published in June 2014, was a minor maintenance update to EPUB 3.0, which had been published in October 2011.  For earlier history of the EPUB format, see <fddLink id="fdd000308">EPUB_3_0</fddLink>.</p>
			<p>The next version of EPUB to be published was EPUB 3.1.  In early 2019, EPUB 3.1 was declared defunct because of lack of adoption due to incompatibility with earlier releases of EPUB 3.  See introduction to <a href="http://idpf.org/epub/31/">EPUB 3.1</a> on IDPF website.</p>
			<p>At the end of January 2017, the World Wide Web Consortium (W3C) and the International Digital Publishing Forum (IDPF) combined organizations.  See <a href="http://idpf.org/news/">IDPF News as of January 31, 2017</a> and <a href="https://www.w3.org/2017/01/pressrelease-idpf-w3c-combination.html">New Roadmap for Future of Publishing is Underway as W3C and IDPF Officially Combine</a> from Publishing@W3C on February 1, 2017.  Development of EPUB continued under the auspices of the <a href="https://www.w3.org/publishing/groups/epub3-cg/">W3C EPUB Community Group</a>.  EPUB 3.2 was published in May 2019 by W3C as a <a href="https://www.w3.org/publishing/epub32/epub-spec.html">Final Community Group Specification</a>.</p>
		</fdd:history>
	</fdd:notes>
	<fdd:formatSpecifications>
		<fdd:urls>
			<fdd:url>
				<fdd:urlGroup>
					<fdd:intro>EPUB Version 3.0.1 was approved as an IDPF Recommended Specification on 26 June 2014.  EPUB 3.0.1 was a minor maintenance update to EPUB 3.0.  EPUB 3.0.1 was adopted as an international standard by ISO/IEC JTC1 and published as ISO/IEC 23736:2020 in six parts. The individual parts can be downloaded from <a href="https://standards.iso.org/ittf/PubliclyAvailableStandards/index.html">ITTF Publicly Available Standards</a>.</fdd:intro>
					<fdd:urlList>
						<fdd:urlReference>
							<link>http://idpf.org/epub/301</link>
							<tag>Introduction to EPUB Version 3.0.1 Specifications at IDPF</tag>
						</fdd:urlReference>
						<fdd:urlReference>
							<link>http://idpf.org/epub/301/spec/epub-overview.html</link>
							<tag>EPUB 3 Overview (2014) | IDPF Recommended Specification 26 June 2014</tag>
							<comment>Also published as ISO/IEC
23736-1:2020.</comment>
						</fdd:urlReference>
						<fdd:urlReference>
							<link>http://idpf.org/epub/301/spec/epub-publications.html</link>
							<tag>EPUB Publications 3.0.1 (2014) | IDPF Recommended Specification 26 June 2014</tag>
							<comment>For EPUB Package Document.  Lists EPUB Core Media types. Also published as ISO/IEC
23736-2:2020.</comment>
						</fdd:urlReference>
						<fdd:urlReference>
							<link>http://idpf.org/epub/301/spec/epub-contentdocs.html</link>
							<tag>EPUB Content Documents 3.0.1 (2014) | IDPF Recommended Specification 26 June 2014. </tag>
							<comment>For EPUB Content Documents, including EPUB Navigation Documents and EPUB Stylesheets.  Also published as ISO/IEC
23736-3:2020.</comment>
						</fdd:urlReference>
						<fdd:urlReference>
							<link>http://idpf.org/epub/301/spec/epub-ocf.html</link>
							<tag>EPUB Open Container Format (OCF) 3.0.1 (2014) | IDPF Recommended Specification 26 June 2014</tag>
							<comment>Also published as ISO/IEC
23736-4:2020.</comment>
						</fdd:urlReference>
						<fdd:urlReference>
							<link>http://idpf.org/epub/301/spec/epub-mediaoverlays.html</link>
							<tag>EPUB Media Overlays 3.0.1 (2014) | IDPF Recommended Specification 26 June 2014</tag>
							<comment>Using a subset of SMIL, a Media Overlay Document specifies how text and audio content should be synchronized. Also published as ISO/IEC
23736-4:2020.</comment>
						</fdd:urlReference>
					</fdd:urlList>
				</fdd:urlGroup>
			</fdd:url>
			<fdd:url>
				<fdd:urlGroup>
					<fdd:intro>In January 2017, a supplement to the EPUB 3 specification, to define a syntax for fragment identifiers designed to support opening an EPUB Publication at a particular location, was published by IDPF.  This specification was included in ISO/IEC 23736.  However the specification is not incorporated into or referenced from EPUB 3.2.</fdd:intro>
					<fdd:urlList>
						<fdd:urlReference>
							<link>http://idpf.org/epub/linking/cfi/epub-cfi.html</link>
							<tag>EPUB Canonical Fragment Identifiers 1.1 (2017) | IDPF Recommended Specification 5 January 2017</tag>
							<comment>Also published as ISO/IEC
23736-6:2020</comment>
						</fdd:urlReference>
					</fdd:urlList>
				</fdd:urlGroup>
			</fdd:url>
		</fdd:urls>
	</fdd:formatSpecifications>
	<fdd:usefulReferences>
		<fdd:urls>
			<fdd:url>
				<fdd:urlReference>
					<link>http://idpf.org/epub/301/spec/epub-changes.html</link>
					<tag>EPUB 3.0.1 Changes from EPUB 3.0</tag>
				</fdd:urlReference>
			</fdd:url>
			<fdd:url>
				<fdd:urlReference>
					<link>https://idpf.github.io/epub-vocabs/structure/</link>
					<tag>EPUB 3 Structural Semantics Vocabulary</tag>
					<comment>This vocabulary defines a set of properties relating to the description of structural semantics of written works.  Supports navigation, particularly for accessibility.</comment>
				</fdd:urlReference>
			</fdd:url>
			<fdd:url>
				<fdd:urlReference>
					<link>https://idpf.github.io/epub-guides/collection-as-package/</link>
					<tag>Using collection Elements as Embedded Package Documents (2014)| Informational Document,  27 November 2014</tag>
				</fdd:urlReference>
			</fdd:url>
			<fdd:url>
				<fdd:urlReference>
					<link>http://www.nationalarchives.gov.uk/pronom/fmt/483</link>
					<tag>PRONOM entry for fmt/483</tag>
					<comment>Information in PRONOM from UK National Archives about ePub format. Entry does not differentiate between EPUB versions. PUID: fmt/483.</comment>
				</fdd:urlReference>
			</fdd:url>
			<fdd:url>
				<fdd:urlReference>
					<link>https://www.wikidata.org/wiki/Q27196933</link>
					<tag>WikiData entry for Q27196933</tag>
					<comment>Information in WikiData entry for EPUB 3. Covers all minor updates.  WikiData Title ID: Q27196933</comment>
				</fdd:urlReference>
			</fdd:url>
			<fdd:url>
				<fdd:urlReference>
					<link>https://www.wikidata.org/wiki/Q475488</link>
					<tag>WikiData entry for Q475488</tag>
					<comment>Information in WikiData about EPUB. Entry covers all versions of EPUB. WikiData Title ID: Q475488</comment>
				</fdd:urlReference>
			</fdd:url>
			<fdd:url>
				<fdd:urlGroup>
					<fdd:intro>See also <fddLink id="fdd000308">EPUB_3_0</fddLink>.</fdd:intro>
				</fdd:urlGroup>
			</fdd:url>
		</fdd:urls>
	</fdd:usefulReferences>
</fdd:FDD>
