<?xml version="1.0" encoding="UTF-8"?>
<fdd:FDD id="fdd000055" titleName="RealAudio, RealAudio Codec" shortName="RealAudio_RA" xmlns:xsi="http://www.w3.org/2001/XMLSchema-instance" xmlns:fdd="http://www.digitalpreservation.gov/formats/schemas/fdd/v1" xsi:schemaLocation="http://www.digitalpreservation.gov/formats/schemas/fdd/v1 http://www.digitalpreservation.gov/formats/schemas/fdd/v1/fdd-v1-0.xsd">
	<fdd:properties>
		<fdd:gdfrGenreSelection>
			<fdd:gdfrGenre>sound</fdd:gdfrGenre>
		</fdd:gdfrGenreSelection>
		<fdd:formatCategories>
			<fdd:category>encoding</fdd:category>
		</fdd:formatCategories>
		<fdd:gdfrComposition>unitary</fdd:gdfrComposition>
		<fdd:gdfrForm>binary</fdd:gdfrForm>
		<fdd:gdfrBasis>sampled</fdd:gdfrBasis>
		<fdd:updates>
			<fdd:date>2011-02-15</fdd:date>
		</fdd:updates>
		<fdd:draftStatus>Partial</fdd:draftStatus>
	</fdd:properties>
	<fdd:identificationAndDescription>
		<fdd:fullName>RealAudio, RealAudio Codec</fdd:fullName>
		<fdd:keywords>
			<fdd:keyword>audio formats</fdd:keyword>
			<fdd:keyword>recorded sound formats</fdd:keyword>
		</fdd:keywords>
		<fdd:description>Audio compression codec recommended by RealMedia for use when delivered bitrates are 128 kb/s or less, for lower bandwidth streaming.</fdd:description>
		<fdd:shortDescription>RealMedia audio codec when delivered bitrates are 128 kb/s or less, for lower bandwidth streaming.</fdd:shortDescription>
		<fdd:productionPhase>Generally a final-state (end-user delivery) format.</fdd:productionPhase>
		<fdd:relationships>
			<fdd:relationship>
				<fdd:typeOfRelationship>Used by</fdd:typeOfRelationship>
				<fdd:relatedTo>
					<fdd:id>fdd000051</fdd:id>
					<fdd:shortName>RealAudio_10</fdd:shortName>
					<fdd:titleName>RealAudio, Version 10</fdd:titleName>
				</fdd:relatedTo>
			</fdd:relationship>
		</fdd:relationships>
	</fdd:identificationAndDescription>
	<fdd:localUse>
		<fdd:experience>RealAudio, including versions earlier than 10 and using the RealAudio codec, is used as streaming format for most audio presented in American Memory, with a target data rate oriented to users with dial-up modems.</fdd:experience>
		<fdd:preference>See <fddLink id="fdd000051">RealAudio_10</fddLink>
		</fdd:preference>
	</fdd:localUse>
	<fdd:sustainabilityFactors>
		<fdd:disclosure>See <fddLink id="fdd000051">RealAudio_10</fddLink>
		</fdd:disclosure>
		<fdd:documentation>See <fddLink id="fdd000051">RealAudio_10</fddLink>
		</fdd:documentation>
		<fdd:adoption>See <fddLink id="fdd000051">RealAudio_10</fddLink>
		</fdd:adoption>
		<fdd:licensingAndPatents>See <fddLink id="fdd000051">RealAudio_10</fddLink>
		</fdd:licensingAndPatents>
		<fdd:transparency>See <fddLink id="fdd000051">RealAudio_10</fddLink>
		</fdd:transparency>
		<fdd:selfDocumentation>See <fddLink id="fdd000051">RealAudio_10</fddLink>
		</fdd:selfDocumentation>
		<fdd:externalDependencies>See <fddLink id="fdd000051">RealAudio_10</fddLink>
		</fdd:externalDependencies>
		<fdd:techProtection>See <fddLink id="fdd000051">RealAudio_10</fddLink>
		</fdd:techProtection>
	</fdd:sustainabilityFactors>
	<fdd:qualityAndFunctionalityFactors>
		<fdd:soundQF>
			<fdd:normalSound>Good support</fdd:normalSound>
			<fdd:fidelity>Moderate; promotional literature says that this codec is "renowned for delivering near CD quality at 64 kbps."</fdd:fidelity>
			<fdd:channels>Not investigated</fdd:channels>
			<fdd:samples>Not applicable</fdd:samples>
		</fdd:soundQF>
	</fdd:qualityAndFunctionalityFactors>
	<fdd:fileTypeSignifiers>
		<fdd:signifiersGroup>
			<fdd:filenameExtension>
				<fdd:sigValueNA>Not applicable.</fdd:sigValueNA>
				<fdd:note>
					<p>See <fddLink id="fdd000051">RealAudio_10</fddLink>
					</p>
				</fdd:note>
			</fdd:filenameExtension>
			<fdd:internetMediaType>
				<fdd:sigValueNA>Not applicable.</fdd:sigValueNA>
				<fdd:note>
					<p>See <fddLink id="fdd000051">RealAudio_10</fddLink>
					</p>
				</fdd:note>
			</fdd:internetMediaType>
			<fdd:magicNumbers>
				<fdd:sigValueNA>Not applicable.</fdd:sigValueNA>
				<fdd:note>
					<p>See <fddLink id="fdd000051">RealAudio_10</fddLink>
					</p>
				</fdd:note>
			</fdd:magicNumbers>
			<fdd:other>
				<fdd:tag>Microsoft FOURCC</fdd:tag>
				<fdd:values>
					<fdd:sigValues>
						<fdd:sigValue>lpcJ and 14_4</fdd:sigValue>
					</fdd:sigValues>
					<fdd:note>Reported in Wikipedia for IS-54 VSELP (RealAudio 1)</fdd:note>
				</fdd:values>
			</fdd:other>
			<fdd:other>
				<fdd:tag>Microsoft FOURCC</fdd:tag>
				<fdd:values>
					<fdd:sigValues>
						<fdd:sigValue>28_8</fdd:sigValue>
					</fdd:sigValues>
					<fdd:note>Reported in Wikipedia for G.728 LD-CELP (RealAudio 2)</fdd:note>
				</fdd:values>
			</fdd:other>
		</fdd:signifiersGroup>
	</fdd:fileTypeSignifiers>
	<fdd:notes>
		<fdd:general>A number of additional Microsoft FOURCC values are reported in the Wikipedia <a href="http://en.wikipedia.org/wiki/RealAudio">RealAudio</a> article (consulted February 17, 2012).
		Some are reported in <fddLink id="fdd000056">RealAudio_AAC</fddLink>, <fddLink id="fdd000057">RealAudio_LL</fddLink>, and <fddLink id="fdd000058">RealAudio_MC</fddLink>.  Others include dnet: Dolby AC3 (RealAudio 3), sipr: Sipro Lab Telecom ACELP-NET (RealAudio 4/5), cook: G2/Cook Codec (RealAudio 6), and atrc: Sony ATRAC3 (RealAudio 8).</fdd:general>
	</fdd:notes>
	<fdd:usefulReferences>
		<fdd:urls>
			<fdd:url>
				<fdd:urlReference>
					<link>http://en.wikipedia.org/wiki/RealAudio</link>
					<tag>Wikipedia article RealAudio</tag>
				</fdd:urlReference>
			</fdd:url>
			<fdd:url>
				<fdd:urlGroup>
					<fdd:intro>See also <fddLink id="fdd000051">RealAudio_10</fddLink>.</fdd:intro>
				</fdd:urlGroup>
			</fdd:url>
		</fdd:urls>
	</fdd:usefulReferences>
</fdd:FDD>
