<?xml version="1.0" encoding="UTF-8"?>
<fdd:FDD id="fdd000136" titleName="ITU-T Group 4 FAX Compression (T.6)" shortName="ITU_G4" xmlns:xsi="http://www.w3.org/2001/XMLSchema-instance" xmlns:fdd="http://www.loc.gov/preservation/digital/formats/schemas/fdd/v1" xsi:schemaLocation="http://www.loc.gov/preservation/digital/formats/schemas/fdd/v1 http://www.loc.gov/preservation/digital/formats/schemas/fdd/v1/fdd-v1-1.xsd">
	<fdd:properties>
		<fdd:gdfrGenreSelection>
			<fdd:gdfrGenre>still-image</fdd:gdfrGenre>
		</fdd:gdfrGenreSelection>
		<fdd:formatCategories>
			<fdd:category>encoding</fdd:category>
		</fdd:formatCategories>
		<fdd:gdfrTransform>compression</fdd:gdfrTransform>
		<fdd:updates>
			<fdd:date>2008-04-28</fdd:date>
		</fdd:updates>
		<fdd:draftStatus>Full</fdd:draftStatus>
	</fdd:properties>
	<fdd:identificationAndDescription>
		<fdd:fullName>ITU-T (CCITT) T.6. Facsimile Coding Schemes and Coding Control Functions for Group 4 Facsimile Apparatus.Group 4 Compression (common name)</fdd:fullName>
		<fdd:keywords>
			<fdd:keyword>FAX formats</fdd:keyword>
			<fdd:keyword>raster image formats</fdd:keyword>
			<fdd:keyword>bitonal still-image formats</fdd:keyword>
		</fdd:keywords>
		<fdd:description>Bitstream encoding format for still images that generally result from the scanning of paper documents.  Offers lossless compression of bitonal (aka "bi-level") images, typically with compression ratios on the order of 15:1, using what is called Modified Modified READ (MMR; READ is Relative Element Address Designate codes).  Developed to support the international use of FAX machines, i.e., the "Group 4 facsimile apparatus" for which T.6 images are encoded.</fdd:description>
		<fdd:shortDescription>Bitstream encoding format for still images that generally result from the scanning of paper documents.  Offers lossless compression of bitonal (aka bi-level) images.  Developed to support the international use of FAX machines, i.e., the 'Group 4 facsimile apparatus' for which T.6 images are encoded.</fdd:shortDescription>
		<fdd:productionPhase>Used for initial-, middle- and final-state (end-user delivery) purposes. </fdd:productionPhase>
		<fdd:relationships>
			<fdd:relationship>
				<fdd:typeOfRelationship>Has earlier version</fdd:typeOfRelationship>
				<fdd:comment>ITU-T (CCCITT) T.4 ("Group 3"), not documented here</fdd:comment>
			</fdd:relationship>
			<fdd:relationship>
				<fdd:typeOfRelationship>Used by</fdd:typeOfRelationship>
				<fdd:relatedTo>
					<fdd:id>fdd000024</fdd:id>
					<fdd:shortName>TIFF_G4</fdd:shortName>
					<fdd:titleName>TIFF Bitmap with Group 4 Compression</fdd:titleName>
				</fdd:relatedTo>
			</fdd:relationship>
			<fdd:relationship>
				<fdd:typeOfRelationship>Used by</fdd:typeOfRelationship>
				<fdd:comment>Other file or wrapper formats, not documented at this time</fdd:comment>
			</fdd:relationship>
		</fdd:relationships>
	</fdd:identificationAndDescription>
	<fdd:localUse>
		<fdd:experience>As <fddLink id="fdd000024">TIFF_G4</fddLink>, used extensively for American Memory printed matter, typescripts, and other documents.</fdd:experience>
		<fdd:preference>Both <fddLink id="fdd000024">TIFF_G4</fddLink> and <fddLink id="fdd000023">TIFF_UNC</fddLink> are preferred as master images for documents; <fddLink id="fdd000024">TIFF_G4</fddLink> offers some efficiencies in transmission and storage and may be preferred when source documents are largely typographic.  Typical applications call for spatial resolution ranging from 200 to 600 dpi, depending on the type and value of original being scanned.</fdd:preference>
	</fdd:localUse>
	<fdd:sustainabilityFactors>
		<fdd:disclosure>
			Open standard. Developed by the <a href="http://www.itu.int/en/">ITU</a> (International Telecommunication Union) in 1984-85 in the subsidiary group then called The International Telegraph and Telephone Consultative Committee (CCITT) and now known as <a href="http://www.itu.int/en/ITU-T/Pages/default.aspx">ITU-T</a> (International Telecommunication Union-Telecommunication Standardization Sector).
		</fdd:disclosure>
		<fdd:documentation>
			<p>"Facsimile Coding Schemes and Coding Control Functions for Group 4 Facsimile Apparatus," Recommendation T.6, Volume VII, Fascicle VII.3, Terminal Equipment and Protocols for Telematic Services, The International Telegraph and Telephone Consultative Committee (CCITT), Geneva, Switzerland, 1985, pp. 48-57. [There may also be relevant information on pages 40-48, not available to the compiler of this document.]</p>
		</fdd:documentation>
		<fdd:adoption>
			<p>Widely adopted.  Used by most FAX machines and as the encoding within the files produced by many document-imaging applications.  Many software tools exist for encoding and decoding.  Generally not natively supported by Web browsers.</p>
		</fdd:adoption>
		<fdd:licensingAndPatents>None</fdd:licensingAndPatents>
		<fdd:transparency>Depends upon algorithms and tools to read; requires sophistication to build tools.</fdd:transparency>
		<fdd:selfDocumentation>None; this is provided by file wrappers like <fddLink id="fdd000022">TIFF_6</fddLink>.</fdd:selfDocumentation>
		<fdd:externalDependencies>None</fdd:externalDependencies>
		<fdd:techProtection>None</fdd:techProtection>
	</fdd:sustainabilityFactors>
	<fdd:qualityAndFunctionalityFactors>
		<fdd:stillImageQF>
			<fdd:normalImage>Good support.</fdd:normalImage>
			<fdd:clarity>Excellent, given that this is an encoding for bitonal (pure black and white) images.</fdd:clarity>
			<fdd:colorMaint>Not applicable.</fdd:colorMaint>
			<fdd:graphics>Not applicable.</fdd:graphics>
			<fdd:multispectral>Bitonal (i.e., single-band) only.</fdd:multispectral>
			<fdd:beyondImage>None</fdd:beyondImage>
		</fdd:stillImageQF>
	</fdd:qualityAndFunctionalityFactors>
	<fdd:fileTypeSignifiers>
		<fdd:signifiersGroup>
			<fdd:filenameExtension>
				<fdd:sigValueNA>Not applicable.</fdd:sigValueNA>
			</fdd:filenameExtension>
			<fdd:internetMediaType>
				<fdd:sigValueNA>Not applicable.</fdd:sigValueNA>
			</fdd:internetMediaType>
			<fdd:magicNumbers>
				<fdd:sigValueNA>Not applicable.</fdd:sigValueNA>
			</fdd:magicNumbers>
		</fdd:signifiersGroup>
	</fdd:fileTypeSignifiers>
	<fdd:notes>
		<fdd:history>
			<p>From a page at the Web site for the <a href="http://web.archive.org/20090209051026/http://www.cse.iitk.ac.in/research/mtech1997/9711106/node13.html">Indian Institute of Technology, Kanpur</a>, dated 1999: "Fax standards have emerged from analog transmission units (Groups 1 and 2) in the late sixties and early seventies to the digital transmission units (Groups 3 and 4) in the eighties. The Group 3 facsimile standard however, has been in wide use for two decades now."  The sources cited in <a href="#useful">Useful references</a> below provide the following outline:</p>
			<ul>
				<li>Group 1: 1968</li>
				<li>Group 2: 1976</li>
				<li>Group 3: 1980; uses Modified Huffman (MH) codes for one-dimensional compression and Modified READ (MR; READ is Relative Element Address Designate codes) for two-dimensional compression</li>
				<li>Group 4: 1984; uses Modified Modified READ (MMR)</li>
			</ul>
		</fdd:history>
	</fdd:notes>
	<fdd:formatSpecifications>
		<fdd:citations>
			<fdd:citation>
				<fdd:specReference> "<specRefDetail rel="stitle">Facsimile Coding Schemes and Coding Control Functions for Group 4 Facsimile Apparatus</specRefDetail>," Recommendation <specRefDetail rel="snum">ITU-T T.6</specRefDetail>, Volume VII, Fascicle VII.3, Terminal Equipment and Protocols for Telematic Services, The International Telegraph and Telephone Consultative Committee (CCITT), Geneva, Switzerland, <specRefDetail rel="date">1988</specRefDetail>. Available for free download from <a href="http://www.itu.int/en/ITU-T/publications/Pages/recs.aspx">ITU-T</a> as <a href="http://www.itu.int/rec/T-REC-T.6-198811-I/en">http://www.itu.int/rec/T-REC-T.6-198811-I/en</a>
				</fdd:specReference>
			</fdd:citation>
			<fdd:citation>
				<fdd:specReference> "<specRefDetail rel="stitle">Terminal characteristics for Group 4 facsimile apparatus</specRefDetail>," Recommendation <specRefDetail rel="snum">ITU-T T.563</specRefDetail> (10/96), ITU-T, Telecommunication Standardization Sector of ITU. <specRefDetail rel="date">1996</specRefDetail>. A related standard. Available for free download from <a href="http://www.itu.int/ITU-T/publications/recs.html">ITU-T</a> as <a href="http://www.itu.int/rec/T-REC-T.563/en">http://www.itu.int/rec/T-REC-T.563/en</a>
				</fdd:specReference>
			</fdd:citation>
		</fdd:citations>
	</fdd:formatSpecifications>
	<fdd:usefulReferences>
		<fdd:urls>
			<fdd:url>
				<fdd:urlReference>
					<link>http://www.fileformat.info/mirror/egff/ch09_05.htm</link>
					<tag>CCITT (Huffman) Encoding</tag>
					<comment> From the Encylopedia of Graphics File Formats at FileFormat.Info, licensed by O&apos;Reilly under the Creative Commons/Attribution license..</comment>
				</fdd:urlReference>
			</fdd:url>
			<fdd:url>
				<fdd:urlReference>
					<link>http://einstein.informatik.uni-oldenburg.de/rechnernetze/fax.htm</link>
					<tag>CCITT Facsmile Compression Standards</tag>
					<comment> From the Rechnernetze site at Universit&#228;t Oldenburg, Germany.</comment>
				</fdd:urlReference>
			</fdd:url>
			<fdd:url>
				<fdd:urlReference>
					<link>http://web.archive.org/20090209051026/http://www.cse.iitk.ac.in/research/mtech1997/9711106/node13.html</link>
					<tag>Fax Standards - Group 1, 2, 3, 4</tag>
					<comment> Archived page from the Department of Computer Science &amp; Engineering, Indian Institute of Technology, Kanpur, India.</comment>
				</fdd:urlReference>
			</fdd:url>
			<fdd:url>
				<fdd:urlReference>
					<link>http://www.cse.iitk.ac.in/users/dheeraj/mtech/girish-bvs.html</link>
					<tag>Facsimile Communication over IP Networks</tag>
					<comment>Master&apos;s thesis by B. V. S. Girish.  Indian Institute of Technology, Kanpur.  March 1999.  Includes history and description of facsimile transmission.</comment>
				</fdd:urlReference>
			</fdd:url>
			<fdd:url>
				<fdd:urlGroup>
					<fdd:intro>The Encyclopedia of Graphic File Formats, 2nd Edition (EGFF) has information on this format.  Online versions can be found at:</fdd:intro>
					<fdd:urlList>
						<fdd:urlReference>
							<link>http://www.fileformat.info/format/fax/egff.htm</link>
							<tag>EGFF: FAX Formats File Format Summary
</tag>
							<comment>From FileFormat.Info.  This presentation states that the work has been released under a Creative Commons license.</comment>
						</fdd:urlReference>
						<fdd:urlReference>
							<link>http://web.archive.org/web/20071210094024/http://www.fileformat.info/format/fax/egff.htm</link>
							<tag>EGFF: FAX Formats File Format Summary
</tag>
							<comment>From FileFormat.Info, via Internet Archive&apos;s Wayback Machine.  Included because FileFormat.info has not been updated recently (as of November 2012) and was not functioning for a period.</comment>
						</fdd:urlReference>
						<fdd:urlReference>
							<link>http://netghost.narod.ru/gff/graphics/summary/fax.htm</link>
							<tag>EGFF: FAX Formats</tag>
							<comment>Copy made available from a site in Russia.</comment>
						</fdd:urlReference>
					</fdd:urlList>
				</fdd:urlGroup>
			</fdd:url>
		</fdd:urls>
		<fdd:citations>
			<fdd:citation>
				<fdd:bookReference>
					<bookRefDetail rel="au">Murray, James D.</bookRefDetail> and <bookRefDetail rel="au">William vanRyper</bookRefDetail>. <bookRefDetail rel="btitle">Encyclopedia of Graphics File Formats, 2nd Edition.</bookRefDetail> 
Sebastopol, CA. : O'Reilly &amp; Associates, <bookRefDetail rel="date">1996</bookRefDetail>. Includes CD-ROM with complete text of book, and copies of several file format specifications. </fdd:bookReference>
			</fdd:citation>
		</fdd:citations>
	</fdd:usefulReferences>
</fdd:FDD>
