<?xml version="1.0" encoding="UTF-8"?>
<fdd:FDD id="fdd000276" titleName="PDF, Version 1.6" shortName="PDF_1_6" xmlns:xsi="http://www.w3.org/2001/XMLSchema-instance" xmlns:fdd="http://www.loc.gov/preservation/digital/formats/schemas/fdd/v1" xsi:schemaLocation="http://www.loc.gov/preservation/digital/formats/schemas/fdd/v1 http://www.loc.gov/preservation/digital/formats/schemas/fdd/v1/fdd-v1-1.xsd">
	<fdd:properties>
		<fdd:gdfrGenreSelection>
			<fdd:gdfrGenreAndSubgenres>
				<fdd:gdfrGenre>text</fdd:gdfrGenre>
				<fdd:gdfrSubgenres>
					<fdd:gdfrSubgenre>still-image</fdd:gdfrSubgenre>
				</fdd:gdfrSubgenres>
			</fdd:gdfrGenreAndSubgenres>
		</fdd:gdfrGenreSelection>
		<fdd:formatCategories>
			<fdd:category>file-format</fdd:category>
		</fdd:formatCategories>
		<fdd:gdfrComposition>unitary</fdd:gdfrComposition>
		<fdd:gdfrForm>binary</fdd:gdfrForm>
		<fdd:gdfrConstraint>structured</fdd:gdfrConstraint>
		<fdd:updates>
			<fdd:date>2010-03-29</fdd:date>
		</fdd:updates>
		<fdd:draftStatus>Preliminary</fdd:draftStatus>
	</fdd:properties>
	<fdd:identificationAndDescription>
		<fdd:fullName>PDF (Portable Document Format), version 1.6</fdd:fullName>
		<fdd:keywords>
			<fdd:keyword>Portable Document Format (PDF)</fdd:keyword>
			<fdd:keyword>document formats</fdd:keyword>
		</fdd:keywords>
		<fdd:description>
			<p>PDF (Portable Document Format), developed by Adobe Systems Incorporated, is described by Adobe as a general document representation language. PDF represents formatted, page-oriented documents. These documents may be structured or simple. They may contain text, images, graphics, and other multimedia content, such as video and audio. There is support for annotations, metadata, hypertext links, and bookmarks.
			</p>
			<p>Version 1.6 of the PDF format is dated Nov 2004 and associated with Acrobat and Adobe Reader 7.</p>
		</fdd:description>
		<fdd:shortDescription>Developed by Adobe Systems Incorporated. A general document representation language. PDF represents formatted, page-oriented documents. Version 1.6 is dated Nov 2004, and associated with Acrobat and Adobe Reader 7.</fdd:shortDescription>
		<fdd:productionPhase>In general, a final-state format for delivery to end users.</fdd:productionPhase>
		<fdd:relationships>
			<fdd:relationship>
				<fdd:typeOfRelationship>Subtype of</fdd:typeOfRelationship>
				<fdd:relatedTo>
					<fdd:id>fdd000030</fdd:id>
					<fdd:shortName>PDF</fdd:shortName>
					<fdd:titleName>Portable Document Format</fdd:titleName>
				</fdd:relatedTo>
			</fdd:relationship>
			<fdd:relationship>
				<fdd:typeOfRelationship>Has earlier version</fdd:typeOfRelationship>
				<fdd:relatedTo>
					<fdd:id>fdd000123</fdd:id>
					<fdd:shortName>PDF_1_5</fdd:shortName>
					<fdd:titleName>PDF, Version 1.5</fdd:titleName>
				</fdd:relatedTo>
			</fdd:relationship>
			<fdd:relationship>
				<fdd:typeOfRelationship>Has later version</fdd:typeOfRelationship>
				<fdd:relatedTo>
					<fdd:id>fdd000277</fdd:id>
					<fdd:shortName>PDF_1_7</fdd:shortName>
					<fdd:titleName>PDF, Version 1.7 (ISO 32000-1)</fdd:titleName>
				</fdd:relatedTo>
			</fdd:relationship>
		</fdd:relationships>
	</fdd:identificationAndDescription>
	<fdd:localUse>
		<fdd:experience>See <fddLink id="fdd000030">PDF</fddLink>
		</fdd:experience>
		<fdd:preference>See <fddLink id="fdd000030">PDF</fddLink>
		</fdd:preference>
	</fdd:localUse>
	<fdd:sustainabilityFactors>
		<fdd:disclosure>
			See <fddLink id="fdd000030">PDF</fddLink>.</fdd:disclosure>
		<fdd:documentation>
	PDF Reference, Fifth Edition, version 1.6. November 2004.		At <a href="http://wwwimages.adobe.com/www.adobe.com/content/dam/Adobe/en/devnet/pdf/pdfs/pdf_reference_archives/PDFReference16.pdf">http://wwwimages.adobe.com/www.adobe.com/content/dam/Adobe/en/devnet/pdf/pdfs/pdf_reference_archives/PDFReference16.pdf</a>.</fdd:documentation>
		<fdd:adoption>
			TBD
		</fdd:adoption>
		<fdd:licensingAndPatents>
			See <fddLink id="fdd000030">PDF</fddLink>
		</fdd:licensingAndPatents>
		<fdd:transparency>
			See <fddLink id="fdd000030">PDF</fddLink>
		</fdd:transparency>
		<fdd:selfDocumentation>
			Version 1.4 and later of PDF can include XMP metadata packages.  XMP is Adobe's framework for including arbitrary blocks of metadata, using a representation in RDF.
		</fdd:selfDocumentation>
		<fdd:externalDependencies>
			None.
		</fdd:externalDependencies>
		<fdd:techProtection>
			See <fddLink id="fdd000030">PDF</fddLink>
		</fdd:techProtection>
	</fdd:sustainabilityFactors>
	<fdd:qualityAndFunctionalityFactors>
		<fdd:textQF>
			<fdd:normalText>See <fddLink id="fdd000030">PDF</fddLink>.</fdd:normalText>
			<fdd:structure>See <fddLink id="fdd000030">PDF</fddLink>.</fdd:structure>
			<fdd:layout>See <fddLink id="fdd000030">PDF</fddLink>.</fdd:layout>
			<fdd:mathDiag>See <fddLink id="fdd000030">PDF</fddLink>.</fdd:mathDiag>
			<fdd:beyondText>See <fddLink id="fdd000030">PDF</fddLink>
			</fdd:beyondText>
		</fdd:textQF>
	</fdd:qualityAndFunctionalityFactors>
	<fdd:fileTypeSignifiers>
		<fdd:signifiersGroup>
			<fdd:filenameExtension>
				<fdd:sigValues>
					<fdd:sigValue>pdf</fdd:sigValue>
				</fdd:sigValues>
				<fdd:note>See <fddLink id="fdd000030">PDF</fddLink>.</fdd:note>
			</fdd:filenameExtension>
		</fdd:signifiersGroup>
	</fdd:fileTypeSignifiers>
	<fdd:notes>
		<fdd:history>PDF 1.6 was released in November 2004 and is associated with version 7 of Acrobat and Adobe Reader.</fdd:history>
	</fdd:notes>
	<fdd:formatSpecifications>
		<fdd:urls>
			<fdd:url>
				<fdd:urlReference>
					<link>http://www.adobe.com/devnet/pdf/pdf_reference_archive.html</link>
					<tag>Adobe archive of PDF specifications</tag>
				</fdd:urlReference>
			</fdd:url>
			<fdd:url>
				<fdd:urlReference>
					<link>http://wwwimages.adobe.com/www.adobe.com/content/dam/Adobe/en/devnet/pdf/pdfs/pdf_reference_archives/PDFReference16.pdf</link>
					<tag>PDF Reference, Fifth Edition, version 1.6. November 2004</tag>
					<comment>Adobe Systems Incorporated.</comment>
				</fdd:urlReference>
			</fdd:url>
		</fdd:urls>
	</fdd:formatSpecifications>
	<fdd:usefulReferences>
		<fdd:urls>
			<fdd:url>
				<fdd:urlReference>
					<link>http://en.wikipedia.org/wiki/Portable_Document_Format</link>
					<tag>Portable Document Format</tag>
				</fdd:urlReference>
			</fdd:url>
			<fdd:url>
				<fdd:urlGroup>
					<fdd:intro>See <fddLink id="fdd000030">PDF</fddLink>.</fdd:intro>
				</fdd:urlGroup>
			</fdd:url>
		</fdd:urls>
	</fdd:usefulReferences>
</fdd:FDD>
