<?xml version="1.0" encoding="UTF-8"?>
<fdd:FDD id="fdd000388" titleName="Email (Electronic Mail Format)" shortName="EML" xmlns:xsi="http://www.w3.org/2001/XMLSchema-instance" xmlns:fdd="http://www.loc.gov/preservation/digital/formats/schemas/fdd/v1" xsi:schemaLocation="http://www.loc.gov/preservation/digital/formats/schemas/fdd/v1 http://www.loc.gov/preservation/digital/formats/schemas/fdd/v1/fdd-v1-1.xsd">
	<fdd:properties>
		<fdd:gdfrGenreSelection>
			<fdd:gdfrGenre>text</fdd:gdfrGenre>
		</fdd:gdfrGenreSelection>
		<fdd:formatCategories>
			<fdd:category>file-format</fdd:category>
		</fdd:formatCategories>
		<fdd:gdfrComposition>unitary</fdd:gdfrComposition>
		<fdd:gdfrForm>binary</fdd:gdfrForm>
		<fdd:gdfrConstraint>structured</fdd:gdfrConstraint>
		<fdd:gdfrBasis>symbolic</fdd:gdfrBasis>
		<fdd:gdfrDomains>
			<fdd:gdfrDomain>
				<fdd:value>email</fdd:value>
			</fdd:gdfrDomain>
		</fdd:gdfrDomains>
		<fdd:updates>
			<fdd:date>2014-04-01</fdd:date>
		</fdd:updates>
		<fdd:draftStatus>Full</fdd:draftStatus>
	</fdd:properties>
	<fdd:identificationAndDescription>
		<fdd:fullName>Email (Electronic Mail Format)</fdd:fullName>
		<fdd:description>
			<p>EML, short for electronic mail or email, is a file extension for an email message saved to a file in the <fddLink id="fdd000393">Internet Message Format</fddLink> protocol for electronic mail messages. It is the standard format used by Microsoft Outlook Express as well as some other email programs. Since EML files are created to comply with industry standard RFC 5322, EML files can be used with most email clients, servers and applications. See  <fddLink id="fdd000393">IMF</fddLink> for a description of the message syntax.</p>
			<p>EML files typically store each message as a single file (unlike <fddLink id="fdd000383">MBOX</fddLink> which concatenates all the messages from a folder into one file), and attachments may either be included as MIME content in the message or written off as a separate file, referenced from a marker in the EML file.</p>
		</fdd:description>
		<fdd:shortDescription>EML is the file extension of used for Outlook Express Saved Mail Messages files and selected other email programs. </fdd:shortDescription>
		<fdd:relationships>
			<fdd:relationship>
				<fdd:typeOfRelationship>Defined via</fdd:typeOfRelationship>
				<fdd:relatedTo>
					<fdd:id>fdd000393</fdd:id>
					<fdd:shortName>IMF</fdd:shortName>
					<fdd:titleName>Internet Mail Format</fdd:titleName>
				</fdd:relatedTo>
			</fdd:relationship>
		</fdd:relationships>
	</fdd:identificationAndDescription>
	<fdd:localUse/>
	<fdd:sustainabilityFactors>
		<fdd:disclosure>Partially documented through RFC 5322 but documentation about EML specifically is not readily available.</fdd:disclosure>
		<fdd:documentation>There is no known specification that defines EML as a file format to store email messages on a file system although it is commonly considered to be an extension of <fddLink id="fdd000393">IMF</fddLink> as defined in RFC 5322. </fdd:documentation>
		<fdd:adoption>
			<p>Besides the Microsoft Outlook Express, EML files can be opened using most email clients, such as Microsoft Outlook, Microsoft Entourage, Mozilla Thunderbird, Apple Mail, or IncrediMail. Since EML files are plain text and formatted much like MHT (MIME HTML) files, they can also be opened directly in the Internet Explorer, Mozilla Firefox and Opera, by first changing the file extension from .eml to .mht. It is also possible to view EML files using notepad or any other text editor. </p>
			<p>Windows 8, however, does not natively support EML in the built in Mail application so an <a href="http://apps.microsoft.com/windows/en-us/app/eml-viewer/b01fa0c9-1453-4fe7-87ba-43c80b466faa">EML Viewer</a> was developed in order to support reading EML files.</p>
			<p>
				<a href="http://dx.doi.org/10.7207/twr11-01">Prom reports</a> that <fddLink id="fdd000383">MBOX</fddLink> and EML have &quot;achieved a certain status as de facto standards because most modern email clients and servers can import and export one or both of the formats&quot; including Thunderbird, Apple Mail, Outlook and Eudora. In addition, external programs such as Aid4Mail,  Emailchemy and Xena can convert between the two formats and numerous proprietary formats. Once in an <fddLink id="fdd000383">MBOX</fddLink> or EML format, the data can be parsed into XML using standardized schemas. </p>
			<p>Harvard University Libraries' <a href="http://library.harvard.edu/preservation/email-archiving#Harvard%27s-Electronic-Archiving-System-(EAS)">Electronic Archiving System (EAS)</a> ingests many formats but normalizes to EML for processing and preservation.</p>
		</fdd:adoption>
		<fdd:licensingAndPatents>None</fdd:licensingAndPatents>
		<fdd:transparency>
			<p>EML files are usually simple text files and can be opened in Notepad or a web browser, either by changing the extension from eml to txt or HTML, or by changing the file association to Notepad. </p>
		</fdd:transparency>
		<fdd:selfDocumentation>See <fddLink id="fdd000393">IMF</fddLink>
		</fdd:selfDocumentation>
		<fdd:externalDependencies>None</fdd:externalDependencies>
		<fdd:techProtection>None</fdd:techProtection>
	</fdd:sustainabilityFactors>
	<fdd:qualityAndFunctionalityFactors/>
	<fdd:fileTypeSignifiers>
		<fdd:signifiersGroup>
			<fdd:filenameExtension>
				<fdd:sigValues>
					<fdd:sigValue>eml</fdd:sigValue>
				</fdd:sigValues>
			</fdd:filenameExtension>
			<fdd:internetMediaType>
				<fdd:sigValues>
					<fdd:sigValue>message/rfc822</fdd:sigValue>
				</fdd:sigValues>
				<fdd:note>This is the common MIME type for all formats based on RFC 822. </fdd:note>
			</fdd:internetMediaType>
			<fdd:other>
				<fdd:tag>Pronom PUID</fdd:tag>
				<fdd:values>
					<fdd:sigValueNA>See note.</fdd:sigValueNA>
					<fdd:note>No corresponding PUID because EML is based on <fddLink id="fdd000393">IMF</fddLink>
					</fdd:note>
				</fdd:values>
			</fdd:other>
			<fdd:other>
				<fdd:tag>Wikidata Title ID</fdd:tag>
				<fdd:values>
					<fdd:sigValueNA>See note.</fdd:sigValueNA>
					<fdd:note>See <fddLink id="fdd000393">IMF</fddLink>
					</fdd:note>
				</fdd:values>
			</fdd:other>
		</fdd:signifiersGroup>
	</fdd:fileTypeSignifiers>
	<fdd:notes/>
	<fdd:formatSpecifications>
		<fdd:urls>
			<fdd:url>
				<fdd:urlGroup>
					<fdd:intro>See <fddLink id="fdd000393">IMF</fddLink>
					</fdd:intro>
				</fdd:urlGroup>
			</fdd:url>
		</fdd:urls>
	</fdd:formatSpecifications>
	<fdd:usefulReferences>
		<fdd:urls>
			<fdd:url>
				<fdd:urlReference>
					<link>http://nationalarchives.gov.uk/PRONOM/fmt/278</link>
					<tag>PRONOM entry for fmt/278</tag>
					<comment>Information in PRONOM from the UK National Archives about Internet Message Format which defines EML. PUID: fmt/278</comment>
				</fdd:urlReference>
			</fdd:url>
			<fdd:url>
				<fdd:urlReference>
					<link>http://cr.yp.to/immhf.html</link>
					<tag>Internet mail message header format</tag>
					<comment>Describes format of an Internet mail message header</comment>
				</fdd:urlReference>
			</fdd:url>
			<fdd:url>
				<fdd:urlReference>
					<link>https://wiki.archivematica.org/Email_preservation</link>
					<tag>Archivematica Email Preservation</tag>
					<comment>Brief formats descriptions including EML</comment>
				</fdd:urlReference>
			</fdd:url>
			<fdd:url>
				<fdd:urlReference>
					<link>http://en.wikipedia.org/wiki/Email</link>
					<tag>Wikipedia Email</tag>
					<comment>Includes discussion of many email formats including EML</comment>
				</fdd:urlReference>
			</fdd:url>
			<fdd:url>
				<fdd:urlReference>
					<link>http://www.file-extensions.org/eml-file-extension</link>
					<tag>EML file extension - Email message file</tag>
				</fdd:urlReference>
			</fdd:url>
			<fdd:url>
				<fdd:urlReference>
					<link>http://dx.doi.org/10.7207/twr11-01</link>
					<tag>Preserving Email: DPC Technology Watch report 2011 by Christopher J. Prom</tag>
					<comment>Excellent coverage of issues with preserving email. </comment>
				</fdd:urlReference>
			</fdd:url>
		</fdd:urls>
	</fdd:usefulReferences>
</fdd:FDD>
