<?xml version="1.0" encoding="UTF-8"?>
<fdd:FDD id="fdd000252" titleName="PDF/A-1b, PDF for Long-term Preservation, Use of PDF 1.4, Level B Conformance" shortName="PDF/A-1b" xmlns:xsi="http://www.w3.org/2001/XMLSchema-instance" xmlns:fdd="http://www.digitalpreservation.gov/formats/schemas/fdd/v1" xsi:schemaLocation="http://www.digitalpreservation.gov/formats/schemas/fdd/v1 http://www.digitalpreservation.gov/formats/schemas/fdd/v1/fdd-v1-0.xsd">
	<fdd:properties>
		<fdd:gdfrGenreSelection>
			<fdd:gdfrGenre>text</fdd:gdfrGenre>
		</fdd:gdfrGenreSelection>
		<fdd:formatCategories>
			<fdd:category>file-format</fdd:category>
			<fdd:category>encoding</fdd:category>
		</fdd:formatCategories>
		<fdd:gdfrForm>binary</fdd:gdfrForm>
		<fdd:gdfrConstraint>structured</fdd:gdfrConstraint>
		<fdd:gdfrBasis>symbolic</fdd:gdfrBasis>
		<fdd:updates>
			<fdd:date>2007-02-06</fdd:date>
		</fdd:updates>
		<fdd:draftStatus>Partial</fdd:draftStatus>
	</fdd:properties>
	<fdd:identificationAndDescription>
		<fdd:fullName>ISO 19005-1. Document management - Electronic document file format for long-term preservation - Part 1: Use of PDF 1.4, Level B Conformance (PDF/A-1a)</fdd:fullName>
		<fdd:keywords>
			<fdd:keyword>Portable Document Format (PDF)</fdd:keyword>
			<fdd:keyword>document formats</fdd:keyword>
		</fdd:keywords>
		<fdd:description>
			<p>Part 1 of the PDF/A ISO standard [ISO 19005-1:2005] is a constrained form of Adobe PDF version 1.4 intended to be suitable for long-term preservation of page-oriented documents for which PDF is already being used in practice. Level B conformance (PDF/A-1b) indicates minimal compliance to ensure that the rendered visual appearance of a conforming file is preservable over the long term. Level A conformance (PDF/A-1a) indicates complete compliance with the ISO 19005-1 requirements, including those related to structural and semantic properties of documents.</p>
			<p>See <fddLink id="fdd000125">PDF/A-1</fddLink>.</p>
		</fdd:description>
		<fdd:shortDescription>Level B conformance with Part 1 of the PDF/A ISO standard [ISO 19005-1:2005] indicates minimal compliance with the ISO 19005-1 standard for a constrained form of Adobe PDF version 1.4, intended to be suitable for long-term preservation of page-oriented documents for which PDF is already being used in practice. </fdd:shortDescription>
		<fdd:productionPhase>A final-state format for delivery to end users and long-term preservation of the document as disseminated to users.</fdd:productionPhase>
		<fdd:relationships>
			<fdd:relationship>
				<fdd:typeOfRelationship>Subtype of</fdd:typeOfRelationship>
				<fdd:relatedTo>
					<fdd:id>fdd000030</fdd:id>
					<fdd:shortName>PDF</fdd:shortName>
					<fdd:titleName>Portable Document Format</fdd:titleName>
				</fdd:relatedTo>
				<fdd:comment/>
			</fdd:relationship>
			<fdd:relationship>
				<fdd:typeOfRelationship>Subtype of</fdd:typeOfRelationship>
				<fdd:relatedTo>
					<fdd:id>fdd000122</fdd:id>
					<fdd:shortName>PDF_1_4</fdd:shortName>
					<fdd:titleName>PDF 1.4</fdd:titleName>
				</fdd:relatedTo>
			</fdd:relationship>
			<fdd:relationship>
				<fdd:typeOfRelationship>Subtype of</fdd:typeOfRelationship>
				<fdd:relatedTo>
					<fdd:id>fdd000125</fdd:id>
					<fdd:shortName>PDF/A-1</fdd:shortName>
					<fdd:titleName>PDF for Long-term Preservation, Use of PDF 1.4</fdd:titleName>
				</fdd:relatedTo>
			</fdd:relationship>
		</fdd:relationships>
	</fdd:identificationAndDescription>
	<fdd:localUse>
		<fdd:experience>See <fddLink id="fdd000125">PDF/A-1</fddLink>.</fdd:experience>
		<fdd:preference>See <fddLink id="fdd000125">PDF/A-1</fddLink>.</fdd:preference>
	</fdd:localUse>
	<fdd:sustainabilityFactors>
		<fdd:disclosure>
			See <fddLink id="fdd000125">PDF/A-1</fddLink>.
		</fdd:disclosure>
		<fdd:documentation>
			See <fddLink id="fdd000125">PDF/A-1</fddLink>.
		</fdd:documentation>
		<fdd:adoption>
			See <fddLink id="fdd000125">PDF/A-1</fddLink>. 
		</fdd:adoption>
		<fdd:licensingAndPatents>
			See <fddLink id="fdd000125">PDF/A-1</fddLink>.
		</fdd:licensingAndPatents>
		<fdd:transparency>
			See <fddLink id="fdd000125">PDF/A-1</fddLink>.
		</fdd:transparency>
		<fdd:selfDocumentation>
			See <fddLink id="fdd000125">PDF/A-1</fddLink>.
		</fdd:selfDocumentation>
		<fdd:externalDependencies>
			See <fddLink id="fdd000125">PDF/A-1</fddLink>.
		</fdd:externalDependencies>
		<fdd:techProtection>
			See <fddLink id="fdd000125">PDF/A-1</fddLink>.
		</fdd:techProtection>
	</fdd:sustainabilityFactors>
	<fdd:qualityAndFunctionalityFactors>
		<fdd:textQF>
			<fdd:normalText>See <fddLink id="fdd000125">PDF/A-1</fddLink>.</fdd:normalText>
			<fdd:structure>PDF/A-1b does not require representation of the logical structure of the document as specified in section 6.8 of ISO 19005-1.</fdd:structure>
			<fdd:layout>See <fddLink id="fdd000125">PDF/A-1</fddLink>.</fdd:layout>
			<fdd:mathDiag>See <fddLink id="fdd000125">PDF/A-1</fddLink>.</fdd:mathDiag>
			<fdd:beyondText>See <fddLink id="fdd000125">PDF/A-1</fddLink>.</fdd:beyondText>
		</fdd:textQF>
	</fdd:qualityAndFunctionalityFactors>
	<fdd:fileTypeSignifiers>
		<fdd:signifiersGroup>
			<fdd:filenameExtension>
				<fdd:sigValues>
					<fdd:sigValue>pdf</fdd:sigValue>
				</fdd:sigValues>
				<fdd:note>The standard does not indicate that a different extension should be used to distinguish PDF from PDF/A.</fdd:note>
			</fdd:filenameExtension>
			<fdd:internetMediaType>
				<fdd:sigValueNA>See related format.</fdd:sigValueNA>
				<fdd:note>See <fddLink id="fdd000030">PDF</fddLink>.</fdd:note>
			</fdd:internetMediaType>
			<fdd:magicNumbers>
				<fdd:sigValueNA>See related format.</fdd:sigValueNA>
				<fdd:note>See <fddLink id="fdd000030">PDF</fddLink>.</fdd:note>
			</fdd:magicNumbers>
			<fdd:other>
				<fdd:tag>Indicator for profile, level, version, etc.</fdd:tag>
				<fdd:values>
					<fdd:sigValueNA>See note.</fdd:sigValueNA>
					<fdd:note>The standard specifies that the PDF/A version and conformance level of a file shall be specified using the PDF/A Identification extension schema defined in the standard. This schema has two mandatory elements: pdfaid:part and pdfaid:conformance. A PDF-1b file should have the integer value 1 for pdfaid:part and the value &quot;B&quot; for pdfaid:conformance.</fdd:note>
				</fdd:values>
			</fdd:other>
		</fdd:signifiersGroup>
	</fdd:fileTypeSignifiers>
	<fdd:notes>
		<fdd:general>See <fddLink id="fdd000125">PDF/A-1</fddLink>.</fdd:general>
		<fdd:history>See <fddLink id="fdd000125">PDF/A-1</fddLink>.		</fdd:history>
	</fdd:notes>
	<fdd:formatSpecifications>
		<fdd:citations>
			<fdd:citation>
				<fdd:docGroup>
					<fdd:intro> See <fddLink id="fdd000125">PDF/A-1</fddLink>.</fdd:intro>
					<fdd:referenceList/>
				</fdd:docGroup>
			</fdd:citation>
		</fdd:citations>
	</fdd:formatSpecifications>
	<fdd:usefulReferences>
		<fdd:urls>
			<fdd:url>
				<fdd:urlGroup>
					<fdd:intro> See <fddLink id="fdd000125">PDF/A-1</fddLink>.</fdd:intro>
				</fdd:urlGroup>
			</fdd:url>
		</fdd:urls>
	</fdd:usefulReferences>
</fdd:FDD>
