<?xml version="1.0" encoding="UTF-8"?>
<fdd:FDD id="fdd000211" titleName="Profile 3 for JPEG 2000, Part 1, Core Coding" shortName="J2K_C_Profile_3" xmlns:xsi="http://www.w3.org/2001/XMLSchema-instance" xmlns:fdd="http://www.loc.gov/preservation/digital/formats/schemas/fdd/v1" xsi:schemaLocation="http://www.loc.gov/preservation/digital/formats/schemas/fdd/v1 http://www.loc.gov/preservation/digital/formats/schemas/fdd/v1/fdd-v1-1.xsd">
	<fdd:properties>
		<fdd:gdfrGenreSelection>
			<fdd:gdfrGenre>moving-image</fdd:gdfrGenre>
		</fdd:gdfrGenreSelection>
		<fdd:formatCategories>
			<fdd:category>encoding</fdd:category>
		</fdd:formatCategories>
		<fdd:gdfrComposition>unitary</fdd:gdfrComposition>
		<fdd:gdfrForm>binary</fdd:gdfrForm>
		<fdd:gdfrBasis>sampled</fdd:gdfrBasis>
		<fdd:updates>
			<fdd:date>2012-01-05</fdd:date>
		</fdd:updates>
		<fdd:draftStatus>Full</fdd:draftStatus>
	</fdd:properties>
	<fdd:identificationAndDescription>
		<fdd:fullName>ISO/IEC 15444-1:2004. Information technology -- JPEG 2000 image coding system -- Part 1: Core coding system, Amendment 1: Codestream Restrictions, Profile 3 (formal name); JPEG 2000 Profile 3 (common name)</fdd:fullName>
		<fdd:keywords>
			<fdd:keyword>JPEG 2000 profiles</fdd:keyword>
			<fdd:keyword>raster image formats</fdd:keyword>
			<fdd:keyword>digital cinema formats</fdd:keyword>
		</fdd:keywords>
		<fdd:description>Implementation of JPEG 2000 Core Coding (Part 1) that constrains the use of variables in the specification ("restricts the codestream") to serve 2K presentations within the Digital Cinema Initiative's <fddLink id="fdd000200">DCP_1_0</fddLink>.  The restrictions include image size limited to 2,048 x 1,080 pixels, no more than one tile, 12-bit bit depth per component, no more than 5 decomposition levels, CPRL compression order, and maximum compressed bytes per frame (aggregate of color components) 1,302,083 (24 fps; 651,041 for 48 fps).<br/>
			<br/>Additional general information about JPEG 2000 profiles is provided in <a href="fdd000138.shtml#notes">J2K_C Notes</a>.</fdd:description>
		<fdd:shortDescription>Implementation of JPEG 2000 Core Coding (Part 1) that constrains the use of variables in the specification (restricts the codestream) to serve 2K presentations within the Digital Cinema Initiative's DCP_1_0.  The restrictions include image size limited to 2,048 x 1,080 pixels, no more than one tile, 12-bit bit depth per component, no more than 5 decomposition levels, CPRL compression order, and maximum compressed bytes per frame (aggregate of color components) of 1,302,083 (24 fps) and 651,041 (48 fps).</fdd:shortDescription>
		<fdd:productionPhase>Final-state content distribution by those who follow the Digital Cinema Initiative <fddLink id="fdd000200">DCP_1_0</fddLink> specification.</fdd:productionPhase>
		<fdd:relationships>
			<fdd:relationship>
				<fdd:typeOfRelationship>Subtype of</fdd:typeOfRelationship>
				<fdd:relatedTo>
					<fdd:id>fdd000138</fdd:id>
					<fdd:shortName>J2K_C</fdd:shortName>
					<fdd:titleName>JPEG 2000 Part 1, Core Coding System</fdd:titleName>
				</fdd:relatedTo>
			</fdd:relationship>
			<fdd:relationship>
				<fdd:typeOfRelationship>Used by</fdd:typeOfRelationship>
				<fdd:relatedTo>
					<fdd:id>fdd000201</fdd:id>
					<fdd:shortName>MXF_GC_JP2</fdd:shortName>
					<fdd:titleName>MXF Generic Container Mapped to JPEG 2000</fdd:titleName>
				</fdd:relatedTo>
			</fdd:relationship>
			<fdd:relationship>
				<fdd:typeOfRelationship>Used by</fdd:typeOfRelationship>
				<fdd:relatedTo>
					<fdd:id>fdd000212</fdd:id>
					<fdd:shortName>JP2_J2K_C_Profile_3</fdd:shortName>
					<fdd:titleName>JP2 File with JPEG 2000 Core Coding, Profile 3</fdd:titleName>
				</fdd:relatedTo>
			</fdd:relationship>
		</fdd:relationships>
	</fdd:identificationAndDescription>
	<fdd:localUse>
		<fdd:experience>See <fddLink id="fdd000138">J2K_C</fddLink>
		</fdd:experience>
		<fdd:preference>See <fddLink id="fdd000138">J2K_C</fddLink>
		</fdd:preference>
	</fdd:localUse>
	<fdd:sustainabilityFactors>
		<fdd:disclosure>Open standard.</fdd:disclosure>
		<fdd:documentation>ISO/IEC 15444-1:2004. Information technology - JPEG 2000 image coding system: Core coding system, Amendment 1: Profiles for digital cinema applications (2006)</fdd:documentation>
		<fdd:adoption>Employed in the Digital Cinema Package (<fddLink id="fdd000200">DCP_1_0</fddLink>) for theatrical distribution.</fdd:adoption>
		<fdd:licensingAndPatents>See <fddLink id="fdd000138">J2K_C</fddLink>
		</fdd:licensingAndPatents>
		<fdd:transparency>See <fddLink id="fdd000138">J2K_C</fddLink>
		</fdd:transparency>
		<fdd:selfDocumentation>See <fddLink id="fdd000143">JP2_FF</fddLink>
		</fdd:selfDocumentation>
		<fdd:externalDependencies>See <fddLink id="fdd000138">J2K_C</fddLink>
		</fdd:externalDependencies>
		<fdd:techProtection>See <fddLink id="fdd000143">JP2_FF</fddLink>; see also <fddLink id="fdd000177">DCDM_1_0</fddLink> and <fddLink id="fdd000200">DCP_1_0</fddLink>.
		</fdd:techProtection>
	</fdd:sustainabilityFactors>
	<fdd:qualityAndFunctionalityFactors>
		<fdd:stillImageQF>
			<fdd:normalImage>See <fddLink id="fdd000138">J2K_C</fddLink>
			</fdd:normalImage>
			<fdd:clarity>See <fddLink id="fdd000138">J2K_C</fddLink>.</fdd:clarity>
			<fdd:colorMaint>See <fddLink id="fdd000138">J2K_C</fddLink>
			</fdd:colorMaint>
			<fdd:graphics>See <fddLink id="fdd000143">JP2_FF</fddLink>
			</fdd:graphics>
			<fdd:multispectral>Not relevant to this profile.</fdd:multispectral>
			<fdd:beyondImage>See <fddLink id="fdd000138">J2K_C</fddLink> and <fddLink id="fdd000143">JP2_FF</fddLink>; see also <fddLink id="fdd000177">DCDM_1_0</fddLink> and <fddLink id="fdd000200">DCP_1_0</fddLink>.</fdd:beyondImage>
		</fdd:stillImageQF>
	</fdd:qualityAndFunctionalityFactors>
	<fdd:fileTypeSignifiers>
		<fdd:signifiersGroup>
			<fdd:filenameExtension>
				<fdd:sigValues>
					<fdd:sigValue>j2c</fdd:sigValue>
				</fdd:sigValues>
				<fdd:note>Extension for raw codestreams; see also <fddLink id="fdd000143">JP2_FF</fddLink>
				</fdd:note>
			</fdd:filenameExtension>
			<fdd:internetMediaType>
				<fdd:sigValueNA>See note.</fdd:sigValueNA>
				<fdd:note>See <fddLink id="fdd000143">JP2_FF</fddLink>
				</fdd:note>
			</fdd:internetMediaType>
			<fdd:magicNumbers>
				<fdd:sigValueNA>See note.</fdd:sigValueNA>
				<fdd:note>See <fddLink id="fdd000143">JP2_FF</fddLink>
				</fdd:note>
			</fdd:magicNumbers>
			<fdd:other>
				<fdd:tag>Indicator for profile, level, version, etc.</fdd:tag>
				<fdd:values>
					<fdd:sigValues>
						<fdd:sigValue>Rsiz=3</fdd:sigValue>
					</fdd:sigValues>
					<fdd:note>The profile indicator is the Rsiz value in the <i>SIZ</i> marker segment.</fdd:note>
				</fdd:values>
			</fdd:other>
		</fdd:signifiersGroup>
	</fdd:fileTypeSignifiers>
	<fdd:formatSpecifications>
		<fdd:citations>
			<fdd:citation>
				<fdd:specReference>ISO/IEC 15444-1:2004. Information technology - JPEG 2000 image coding system: Core coding system, Amendment 1: Profiles for digital cinema applications (2006)</fdd:specReference>
			</fdd:citation>
		</fdd:citations>
	</fdd:formatSpecifications>
	<fdd:usefulReferences>
		<fdd:urls>
			<fdd:url>
				<fdd:urlGroup>
					<fdd:intro>See <fddLink id="fdd000138">J2K_C</fddLink> and <fddLink id="fdd000143">JP2_FF</fddLink>.</fdd:intro>
				</fdd:urlGroup>
			</fdd:url>
		</fdd:urls>
	</fdd:usefulReferences>
</fdd:FDD>
