<?xml version="1.0" encoding="UTF-8"?>
<fdd:FDD id="fdd000290" titleName="Digital Orthophotos (DOQ &amp; DOQQ)" shortName="DOQ" xmlns:xsi="http://www.w3.org/2001/XMLSchema-instance" xmlns:fdd="http://www.loc.gov/preservation/digital/formats/schemas/fdd/v1" xsi:schemaLocation="http://www.loc.gov/preservation/digital/formats/schemas/fdd/v1 http://www.loc.gov/preservation/digital/formats/schemas/fdd/v1/fdd-v1-1.xsd">
	<fdd:properties>
		<fdd:gdfrGenreSelection>
			<fdd:gdfrGenre>still-image</fdd:gdfrGenre>
		</fdd:gdfrGenreSelection>
		<fdd:formatCategories>
			<fdd:category>file-format</fdd:category>
		</fdd:formatCategories>
		<fdd:gdfrComposition>unitary</fdd:gdfrComposition>
		<fdd:gdfrForm>binary</fdd:gdfrForm>
		<fdd:gdfrConstraint>unstructured</fdd:gdfrConstraint>
		<fdd:gdfrBasis>sampled</fdd:gdfrBasis>
		<fdd:gdfrDomains>
			<fdd:gdfrDomain>
				<fdd:value>gis</fdd:value>
			</fdd:gdfrDomain>
		</fdd:gdfrDomains>
		<fdd:updates>
			<fdd:date>2020-05-21</fdd:date>
		</fdd:updates>
		<fdd:draftStatus>Partial</fdd:draftStatus>
	</fdd:properties>
	<fdd:identificationAndDescription>
		<fdd:fullName>Digital Orthophotos (Quadrangle and Quarter Quadrangle)</fdd:fullName>
		<fdd:keywords>
			<fdd:keyword>raster image formats</fdd:keyword>
			<fdd:keyword>georeferenced image formats</fdd:keyword>
		</fdd:keywords>
		<fdd:description>
			<p>The &quot;Native&quot; Digital Orthophoto Quadrangle (DOQ) format was developed by the United States Geological Survey (USGS) and used for orthorectified digital aerial photographs or satellite images generated by and for USGS from the late 1980s through 2006. The specification was finalized in 1996.</p>
			<p>A DOQ is a digital image that has the properties of an orthographic projection, derived from a digitized perspective aerial photograph or other remotely sensed image data by differential rectification so that image displacements caused by camera tilt and terrain relief are removed. The DOQ combines the image characteristics of the original photograph with the georeferenced qualities of a map.  Ground features are displayed in their true position, allowing for the direct measurement of distance, areas, angles, and positions.

DOQs are cast to the UTM projection and referenced to the NAD 27 or NAD 83 datum.  DOQs may be black and white (B/W), natural color, or color-infrared (CIR) images.</p>
			<p>Digital orthophoto and DOQ refer to both the 1-meter ground resolution
quarter-quadrangle digital orthophoto (3.75- x 3.75-minutes in
extent) and the one or two-meter ground resolution quadrangle
digital orthophoto (7.5- x 7.5-minutes in extent). The acronym DOQQ is used for quarter-quadrangle orthophotos when the distinction from the quadrangle DOQ orthophotos is necessary.  The native DOQ is formatted with an ASCII keyword header followed by a series of 8-bit binary image lines. Color DOQs are 24-bit band-interleaved-by-pixel (BIP) images. The header contains a wide range of data for identifying, displaying, and georeferencing the image. Digital orthophotos are also available from USGS in the <fddLink id="fdd000279">GeoTIFF</fddLink> format, cast to the UTM projection and referenced to the NAD 83 datum.  GeoTIFF DOQs consist of a georeferenced <fddLink id="fdd000022">TIFF</fddLink>, with all geographic referencing information embedded within the .tif file. </p>
			<p>Since an orthophoto shows features that may be omitted on maps, a DOQ can be used as a base image to assemble, review, and revise other data, especially digital line graphs (DLG) and topographic maps. When the DOQ is combined with other USGS digital products, such as digital raster graphics (<fddLink id="fdd000292">DRG</fddLink>) or digital elevation models (<fddLink id="fdd000285">DEM</fddLink>), the resulting image provides additional visual information for the extraction and revision of base cartographic information.</p>
		</fdd:description>
		<fdd:shortDescription>A digital image with the properties of an orthographic projection in a standard format developed by USGS (U.S. Geological Survey). It is derived from a digitized perspective aerial photograph or other remotely sensed image data.  DOQs were produced by USGS between 1987 and 2006.</fdd:shortDescription>
		<fdd:productionPhase>DOQs are middle or final-state images, derived from source aerial or satellite photographs by orthorectification.  DOQs are often used as a base image for other cartographic products.</fdd:productionPhase>
		<fdd:relationships>
			<fdd:relationship>
				<fdd:typeOfRelationship>May contain</fdd:typeOfRelationship>
				<fdd:relatedTo>
					<fdd:id>fdd000305</fdd:id>
					<fdd:shortName>BIP</fdd:shortName>
					<fdd:titleName>Band Interleaved by Pixel (BIP) Image Encoding</fdd:titleName>
				</fdd:relatedTo>
				<fdd:comment>Color DOQs are 24-bit band-interleaved-by-pixel (BIP) images.</fdd:comment>
			</fdd:relationship>
		</fdd:relationships>
	</fdd:identificationAndDescription>
	<fdd:sustainabilityFactors>
		<fdd:disclosure>Openly accessible specification developed by USGS (U.S. Geological Survey).  </fdd:disclosure>
		<fdd:documentation>Published by USGS at <a href="https://web.archive.org/web/20180330011305/https://nationalmap.gov/standards/doqstds.html">Digital Orthophoto Standards</a>. &quot;Standards for Digital Orthophotos&quot; was published in 1996 as three documents: an <a href="https://web.archive.org/web/20180612184124/https://nationalmap.gov/standards/pdf/PDOQ1296.PDF">introduction</a>; <a href="https://web.archive.org/web/20180612184124/https://nationalmap.gov/standards/pdf/1DOQ1296.PDF">Part 1: General</a>; and <a href="https://web.archive.org/web/20180612184125/https://nationalmap.gov/standards/pdf/2DOQ1296.PDF">Part 2: Specifications</a>.  No longer online as of May 2020.  Links via Internet Archive.</fdd:documentation>
		<fdd:adoption>
			<p>In 2005, according to <a href="https://web.archive.org/web/20051013062518/http://edc.usgs.gov/buspartners/digital/digital_program.html">USGS Business Partner Program: Digital Cartographic Data</a>, dealerships were available for the redistribution of three digital data product lines: digital elevation models (DEM), digital line graphs (DLG), and digital orthophoto quadrangles (DOQ).</p>
			<p>DOQs were generated and distributed by many agencies in the U.S. Federal Government and by states.  See <a href="https://web.archive.org/web/20160722000834/http://www.ndop.gov/data.html">National Digital Orthoimagery Program (NDOP) Data</a> for a list of agencies and states that were offering orthoimagery data as of January 2013.</p>
			<p>DOQs were incorporated into the <a href="https://www.usgs.gov/core-science-systems/national-geospatial-program/national-map">National Map</a>, usable as a base layer, until replaced by more recent imagery.</p>
			<p>As of May 2020, the DOQ images, which were published through 2006, are treated as an <a href="https://doi.org/10.5066/F7125QVD">archive</a>.  Individual DOQ images can be previewed through <a href="http://earthexplorer.usgs.gov/">EarthExplorer</a> (in the Aerial Imagery category) and through the <a href="https://glovis.usgs.gov/">USGS Global Visualization Viewer (GloVis)</a>. Requests for download can be placed.</p>
		</fdd:adoption>
		<fdd:licensingAndPatents>None</fdd:licensingAndPatents>
		<fdd:transparency>DOQs are distributed in compressed and uncompressed forms.  The uncompressed form is more transparent and can be interpreted more easily with basic tools.  Header information is in ASCII.</fdd:transparency>
		<fdd:selfDocumentation>The DOQ header contains information to support identification, georeferencing, and appropriate display, including date of creation, agency creating the DOQ, and details for source data from which the DOQ was derived. </fdd:selfDocumentation>
		<fdd:externalDependencies>None</fdd:externalDependencies>
		<fdd:techProtection>None</fdd:techProtection>
	</fdd:sustainabilityFactors>
	<fdd:fileTypeSignifiers>
		<fdd:signifiersGroup>
			<fdd:filenameExtension>
				<fdd:sigValues>
					<fdd:sigValue>doq</fdd:sigValue>
				</fdd:sigValues>
				<fdd:note>Various services identifying filetypes from extensions suggest that .doq is used as the extension for native DOQ files.  This usage is a convention, not in the specification.</fdd:note>
			</fdd:filenameExtension>
		</fdd:signifiersGroup>
	</fdd:fileTypeSignifiers>
	<fdd:notes>
		<fdd:history>
			<p>Orthophoto production began at the USGS Western Mapping Center (WMC) in Menlo Park, California (now called the <a href="https://www.usgs.gov/centers/wgsc">Western Geographic Science Center</a>), in 1965.  The first USGS National Mapping Program Standard for Digital Orthophotos was released in 1992.  Relatively small changes were made in 1993.  In December 1996, a complete revision of both format and content of the DOQ header was issued, together with updated technical standards for imagery.</p>
			<p>In 1997, the USGS Western Mapping Center (WMC) and Microsoft Corporation entered into a Cooperative Research and Development Agreement to make DOQs easily available to the public through the TerraServer USA Web site.  This service was later incorporated into the <a href="https://www.usgs.gov/core-science-systems/national-geospatial-program/national-map">National Map</a>.</p>
			<p>Since 2013, the DOQ images generated in the period 1987-2006 in the Native DOQ format have been treated as an archive. In May 2020, the <a href="https://doi.org/10.5066/F7125QVD">archived DOQ dataset</a> is described at the USGS EROS Archive.  Previously, the archive was listed at the USGS Long Term Archive at <a href="https://web.archive.org/web/20130307085736/https://lta.cr.usgs.gov/node/149">lta.cr.usgs.gov</a>.</p>
		</fdd:history>
	</fdd:notes>
	<fdd:formatSpecifications>
		<fdd:urls>
			<fdd:url>
				<fdd:urlReference>
					<link>https://web.archive.org/web/20180330011305/https://nationalmap.gov/standards/doqstds.html</link>
					<tag>USGS Standards for Digital Orthophotos</tag>
					<comment>Issued in December 1996.</comment>
				</fdd:urlReference>
			</fdd:url>
		</fdd:urls>
	</fdd:formatSpecifications>
	<fdd:usefulReferences>
		<fdd:urls>
			<fdd:url>
				<fdd:urlGroup>
					<fdd:intro>Since 2013, the DOQ images generated in the period 1987-2006 in the Native DOQ format have been treated as an archive.  As of May 2020, the images themselves are available through <a href="http://earthexplorer.usgs.gov/">EarthExplorer</a> (in the Aerial Imagery category) and the <a href="https://glovis.usgs.gov/">USGS Global Visualization Viewer (GloVis)</a>.  Images can be located and previewed by any user; downloading images in the DOQ format (or as a GeoTIFF) at full resolution requires a user registration step.  The archived dataset has a DOI as a persistent identifier and is described at the USGS Earth Resources Observation and Science (EROS) Archive.  Previously, the archive was listed at the USGS Long Term Archive at <a href="https://web.archive.org/web/20130307085736/https://lta.cr.usgs.gov/node/149">lta.cr.usgs.gov</a>.</fdd:intro>
					<fdd:urlList>
						<fdd:urlReference>
							<link>https://doi.org/10.5066/F7125QVD</link>
							<tag>Digital Orthophoto Quadrangle (DOQs) Archive | Digital Object Identifier (DOI): 10.5066/F7125QVD</tag>
						</fdd:urlReference>
						<fdd:urlReference>
							<link>https://www.usgs.gov/centers/eros/science/usgs-eros-archive-aerial-photography-digital-orthophoto-quadrangle-doqs</link>
							<tag>USGS EROS Archive - Aerial Photography - Digital Orthophoto Quadrangle (DOQs)</tag>
							<comment>As of May 2020, the DOI for the Archived DOQ dataset resolves to this site.</comment>
						</fdd:urlReference>
						<fdd:urlReference>
							<link>https://web.archive.org/web/20130307090439/https://lta.cr.usgs.gov/DOQs</link>
							<tag>USGS Long Term Archive - Aerial Photography - Digital Orthophoto Quadrangle (DOQs) | as of 2013) </tag>
							<comment>Link via Internet Archive.</comment>
						</fdd:urlReference>
					</fdd:urlList>
				</fdd:urlGroup>
			</fdd:url>
			<fdd:url>
				<fdd:urlGroup>
					<fdd:intro>Various resources related to DOQ imagery from earlier USGS websites. Links via Internet Archive. </fdd:intro>
					<fdd:urlList>
						<fdd:urlReference>
							<link>https://pubs.er.usgs.gov/publication/fs05701</link>
							<tag>USGS GeoData Digital Orthophoto Quadrangles</tag>
							<comment>USGS Fact Sheet 057-01. 2001</comment>
						</fdd:urlReference>
						<fdd:urlReference>
							<link>https://pubs.usgs.gov/fs/2001/0057/</link>
							<tag>USGS GeoData Digital Orthophoto Quadrangles</tag>
							<comment>Alternative source for USGS Fact Sheet 057-01, dated 2001</comment>
						</fdd:urlReference>
						<fdd:urlReference>
							<link>https://web.archive.org/web/20030405092701/http://erg.usgs.gov:80/isb/pubs/factsheets/fs10702.html</link>
							<tag>The National Map—Orthoimagery:
Fact Sheet 107-02 (November 2002)</tag>
						</fdd:urlReference>
						<fdd:urlReference>
							<link>https://web.archive.org/web/20051110041613/http://edc.usgs.gov/products/aerial/doq.html</link>
							<tag>Digital Orthophoto Quadrangles (DOQs) (2005) | from EDC</tag>
						</fdd:urlReference>
						<fdd:urlReference>
							<link>https://web.archive.org/web/20051013062518/http://edc.usgs.gov/buspartners/digital/digital_program.html</link>
							<tag>USGS Business Partner Program: Digital Cartographic Data (as of 2005)</tag>
							<comment>Dealerships were available for redistribution of DOQ imagery.</comment>
						</fdd:urlReference>
						<fdd:urlReference>
							<link>https://web.archive.org/web/20051109205652/http://online.wr.usgs.gov/ngpo/doq/</link>
							<tag>Birthplace of the DOQ—USGS Western Region
(as of 2005)</tag>
						</fdd:urlReference>
						<fdd:urlReference>
							<link>https://web.archive.org/web/20130215183411/http:/nationalmap.gov/standards/index.html</link>
							<tag>National Geospatial Program Standards and Specifications (as of 2013) | link via Internet Archive</tag>
						</fdd:urlReference>
						<fdd:urlReference>
							<link>https://web.archive.org/web/20160621232621/http://nationalmap.gov/ortho.html</link>
							<tag>National Map: Orthoimagery (as of 2016)</tag>
						</fdd:urlReference>
					</fdd:urlList>
				</fdd:urlGroup>
			</fdd:url>
			<fdd:url>
				<fdd:urlGroup>
					<fdd:intro> Resources related to the National Digital Orthoimagery Program (NDOP), which was a subcommittee of the Federal Geographic Data Committee (FGDC).  Lnks via Internet Archive.</fdd:intro>
					<fdd:urlList>
						<fdd:urlReference>
							<link>https://web.archive.org/web/20160722001602/http://www.ndop.gov/index.html</link>
							<tag>National Digital Orthoimagery Program (NDOP) (as of 2016) | link via Internet Archive</tag>
						</fdd:urlReference>
						<fdd:urlReference>
							<link>https://web.archive.org/web/20160722000834/http://www.ndop.gov/data.html</link>
							<tag>NDOP data sources (last modified 2013)</tag>
						</fdd:urlReference>
					</fdd:urlList>
				</fdd:urlGroup>
			</fdd:url>
			<fdd:url>
				<fdd:urlGroup>
					<fdd:intro>Selected explanatory or tutorial materials about orthophotos and DOQs:</fdd:intro>
					<fdd:urlList>
						<fdd:urlReference>
							<link>https://www.usgs.gov/faqs/what-a-digital-orthophoto-quadrangle-doq-or-orthoimage</link>
							<tag>What is a digital orthophoto quadrangle (DOQ) or orthoimage? | From USGS</tag>
						</fdd:urlReference>
						<fdd:urlReference>
							<link>https://gisgeography.com/usgs-formats-dlg-drg-doq/</link>
							<tag>USGS Formats DLG, DRG and DOQ – Vector and Raster Formats | from GISgeography.com</tag>
						</fdd:urlReference>
						<fdd:urlReference>
							<link>https://web.archive.org/web/20161021122437/http://spatialnews.geocomm.com/education/tutorials/doq1/usgs_doq.html</link>
							<tag>Digital Orthophoto Quadrangles</tag>
							<comment>Tutorial from Spatial News. Link via Internet Archive.</comment>
						</fdd:urlReference>
						<fdd:urlReference>
							<link>https://web.archive.org/web/20130225021938/http://www.extension.org/pages/13088/what-is-a-doqq</link>
							<tag>What is a DOQQ? (2013)| from Cooperative Extension System of land-grant universities</tag>
							<comment>Link via Internet Archive.</comment>
						</fdd:urlReference>
					</fdd:urlList>
				</fdd:urlGroup>
			</fdd:url>
		</fdd:urls>
	</fdd:usefulReferences>
</fdd:FDD>
