<?xml version="1.0" encoding="UTF-8"?>
<fdd:FDD id="fdd000061" titleName="AVI (Audio Video Interleaved) with Indeo Codec" shortName="AVI_Indeo" xmlns:xsi="http://www.w3.org/2001/XMLSchema-instance" xmlns:fdd="http://www.loc.gov/preservation/digital/formats/schemas/fdd/v1" xsi:schemaLocation="http://www.loc.gov/preservation/digital/formats/schemas/fdd/v1 http://www.loc.gov/preservation/digital/formats/schemas/fdd/v1/fdd-v1-1.xsd">
	<fdd:properties>
		<fdd:gdfrGenreSelection>
			<fdd:gdfrGenre>moving-image</fdd:gdfrGenre>
		</fdd:gdfrGenreSelection>
		<fdd:formatCategories>
			<fdd:category>file-format</fdd:category>
			<fdd:category>encoding</fdd:category>
		</fdd:formatCategories>
		<fdd:gdfrComposition>unitary</fdd:gdfrComposition>
		<fdd:gdfrForm>binary</fdd:gdfrForm>
		<fdd:gdfrConstraint>unstructured</fdd:gdfrConstraint>
		<fdd:gdfrBasis>sampled</fdd:gdfrBasis>
		<fdd:updates>
			<fdd:date>2016-03-02</fdd:date>
		</fdd:updates>
		<fdd:draftStatus>Full</fdd:draftStatus>
	</fdd:properties>
	<fdd:identificationAndDescription>
		<fdd:fullName>AVI (Audio Video Interleaved) with Indeo Video Codec</fdd:fullName>
		<fdd:keywords>
			<fdd:keyword>video formats</fdd:keyword>
			<fdd:keyword>AVI</fdd:keyword>
			<fdd:keyword>Indeo</fdd:keyword>
		</fdd:keywords>
		<fdd:description>File format with an Indeo video bitstream with other data chunks, e.g., audio, in an AVI wrapper. Indeo versions 3.1 and 3.2 employ vector quantization; versions 4 and 5 use forms of wavelet compression.</fdd:description>
		<fdd:shortDescription>File format that wraps an Indeo video bitstream with other data chunks, e.g., audio, in an AVI wrapper. </fdd:shortDescription>
		<fdd:productionPhase>Generally a final-state format for enduser delivery. </fdd:productionPhase>
		<fdd:relationships>
			<fdd:relationship>
				<fdd:typeOfRelationship>Subtype of</fdd:typeOfRelationship>
				<fdd:relatedTo>
					<fdd:id>fdd000059</fdd:id>
					<fdd:shortName>AVI</fdd:shortName>
					<fdd:titleName>AVI (Audio Video Interleaved) File Format</fdd:titleName>
				</fdd:relatedTo>
			</fdd:relationship>
			<fdd:relationship>
				<fdd:typeOfRelationship>May contain</fdd:typeOfRelationship>
				<fdd:relatedTo>
					<fdd:id>fdd000065</fdd:id>
					<fdd:shortName>Indeo_3</fdd:shortName>
					<fdd:titleName>Indeo Video Codec, Version 3</fdd:titleName>
				</fdd:relatedTo>
			</fdd:relationship>
			<fdd:relationship>
				<fdd:typeOfRelationship>May contain</fdd:typeOfRelationship>
				<fdd:comment>Indeo_4 video codec, not separately documented</fdd:comment>
			</fdd:relationship>
			<fdd:relationship>
				<fdd:typeOfRelationship>May contain</fdd:typeOfRelationship>
				<fdd:relatedTo>
					<fdd:id>fdd000085</fdd:id>
					<fdd:shortName>Indeo_5</fdd:shortName>
					<fdd:titleName>Indeo Video Codec, Version 5</fdd:titleName>
				</fdd:relatedTo>
			</fdd:relationship>
			<fdd:relationship>
				<fdd:typeOfRelationship>May contain</fdd:typeOfRelationship>
				<fdd:relatedTo>
					<fdd:id>fdd000001</fdd:id>
					<fdd:shortName>WAVE</fdd:shortName>
					<fdd:titleName>WAVE Audio File Format</fdd:titleName>
				</fdd:relatedTo>
			</fdd:relationship>
			<fdd:relationship>
				<fdd:typeOfRelationship>May contain</fdd:typeOfRelationship>
				<fdd:relatedTo>
					<fdd:id>fdd000070</fdd:id>
					<fdd:shortName>MP3_CBR</fdd:shortName>
					<fdd:titleName>MP3, Constant Bit Rate</fdd:titleName>
				</fdd:relatedTo>
			</fdd:relationship>
		</fdd:relationships>
	</fdd:identificationAndDescription>
	<fdd:localUse>
		<fdd:experience>American Memory produced AVI_Indeo files in 1992 and 1993, using version 3.1 or 3.2 of the Indeo codec, options set at 15 fps and 320x240 pixels, and yielding a data rate of about 188 Kb/s.  These AVI files were retired and replaced by MPEG-1 and QuickTime files in 1994 and 1995.</fdd:experience>
		<fdd:preference>See <fddLink id="fdd000059">AVI</fddLink>.</fdd:preference>
	</fdd:localUse>
	<fdd:sustainabilityFactors>
		<fdd:disclosure>See <fddLink id="fdd000059">AVI</fddLink>, <fddLink id="fdd000065">Indeo_3</fddLink>, and <fddLink id="fdd000085">Indeo_5</fddLink>.
		</fdd:disclosure>
		<fdd:documentation>See <fddLink id="fdd000059">AVI</fddLink>, <fddLink id="fdd000065">Indeo_3</fddLink>, and <fddLink id="fdd000085">Indeo_5</fddLink>.
		</fdd:documentation>
		<fdd:adoption>AVI is widely adopted for video production and filemaking; in 2000 or earlier, the expert commentator <a href="http://www.jmcgowan.com/avicodecs.html">John McGowan</a> wrote, "Indeo R3.2 is one of the default Video for Windows codecs."
		</fdd:adoption>
		<fdd:licensingAndPatents>See <fddLink id="fdd000059">AVI</fddLink>, <fddLink id="fdd000065">Indeo_3</fddLink>, and <fddLink id="fdd000085">Indeo_5</fddLink>.
		</fdd:licensingAndPatents>
		<fdd:transparency>See <fddLink id="fdd000065">Indeo_3</fddLink> and <fddLink id="fdd000085">Indeo_5</fddLink>.
		</fdd:transparency>
		<fdd:selfDocumentation>See <fddLink id="fdd000059">AVI</fddLink>
		</fdd:selfDocumentation>
		<fdd:externalDependencies>See <fddLink id="fdd000059">AVI</fddLink>
		</fdd:externalDependencies>
		<fdd:techProtection>See <fddLink id="fdd000059">AVI</fddLink>
		</fdd:techProtection>
	</fdd:sustainabilityFactors>
	<fdd:qualityAndFunctionalityFactors>
		<fdd:movingImageQF>
			<fdd:normalVideo>Good support.</fdd:normalVideo>
			<fdd:clarity>Moderate to very good, given that this is a format typically used for compression and does not support interlaced video. Outcome will depend on the version of Indeo employed, the extent of compression, and the encoder used. </fdd:clarity>
			<fdd:beyondVideo>See <fddLink id="fdd000059">AVI</fddLink>
			</fdd:beyondVideo>
		</fdd:movingImageQF>
	</fdd:qualityAndFunctionalityFactors>
	<fdd:fileTypeSignifiers>
		<fdd:signifiersGroup>
			<fdd:filenameExtension>
				<fdd:sigValues>
					<fdd:sigValue>avi</fdd:sigValue>
				</fdd:sigValues>
			</fdd:filenameExtension>
			<fdd:internetMediaType>
				<fdd:sigValueNA>See related format.</fdd:sigValueNA>
				<fdd:note>
					<p>See <fddLink id="fdd000059">AVI</fddLink>
					</p>
				</fdd:note>
			</fdd:internetMediaType>
			<fdd:magicNumbers>
				<fdd:sigValueNA>See related format.</fdd:sigValueNA>
				<fdd:note>
					<p>See <fddLink id="fdd000059">AVI</fddLink>
					</p>
				</fdd:note>
			</fdd:magicNumbers>
			<fdd:other>
				<fdd:tag>Microsoft FOURCC</fdd:tag>
				<fdd:values>
					<fdd:sigValues>
						<fdd:sigValue>IV32</fdd:sigValue>
						<fdd:sigValue>IV41</fdd:sigValue>
						<fdd:sigValue>IV50</fdd:sigValue>
					</fdd:sigValues>
					<fdd:note>See the <a href="http://www.fourcc.org/codecs.php">list of FOURCC codes</a>, which also lists a number of additional <i>IV</i> FOURCCs.  <a href="http://www.jmcgowan.com/avicodecs.html">John McGowan</a> states that IV32 is generally used for Indeo 3; IV41 for Indeo 4, and IV50 for Indeo 5.  FOURCC codes are no longer managed by Microsoft, which has developed a new mechanism for identifying rich media types.</fdd:note>
				</fdd:values>
			</fdd:other>
		</fdd:signifiersGroup>
	</fdd:fileTypeSignifiers>
	<fdd:usefulReferences>
		<fdd:urls>
			<fdd:url>
				<fdd:urlReference>
					<link>http://sites.utoronto.ca/ski/water/software/vj/avi.html</link>
					<tag>John McGowan's AVI Overview</tag>
				</fdd:urlReference>
			</fdd:url>
			<fdd:url>
				<fdd:urlReference>
					<link>http://sites.utoronto.ca/ski/water/software/vj/avi.html#Codec</link>
					<tag>John McGowan's AVI Audio and Video Codecs</tag>
				</fdd:urlReference>
			</fdd:url>
			<fdd:url>
				<fdd:urlReference>
					<link>http://www.fourcc.org/codecs.php</link>
					<tag>List of FOURCC codes</tag>
					<comment>FOURCC codes were originally managed in a registry by Microsoft, but have been superseded by a more general mechanism to identify media types.</comment>
				</fdd:urlReference>
			</fdd:url>
			<fdd:url>
				<fdd:urlReference>
					<link>http://www.garykessler.net/library/file_sigs.html</link>
					<tag>Gary Kessler's File Signatures Table</tag>
				</fdd:urlReference>
			</fdd:url>
		</fdd:urls>
	</fdd:usefulReferences>
</fdd:FDD>
