<?xml version="1.0" encoding="UTF-8"?>
<fdd:FDD id="fdd000052" titleName="QuickTime File Format" shortName="QuickTime" xmlns:xsi="http://www.w3.org/2001/XMLSchema-instance" xmlns:fdd="http://www.loc.gov/preservation/digital/formats/schemas/fdd/v1" xsi:schemaLocation="http://www.loc.gov/preservation/digital/formats/schemas/fdd/v1 http://www.loc.gov/preservation/digital/formats/schemas/fdd/v1/fdd-v1-1.xsd">
	<fdd:properties>
		<fdd:gdfrGenreSelection>
			<fdd:gdfrGenres>
				<fdd:gdfrGenre>moving-image</fdd:gdfrGenre>
				<fdd:gdfrGenre>sound</fdd:gdfrGenre>
			</fdd:gdfrGenres>
		</fdd:gdfrGenreSelection>
		<fdd:formatCategories>
			<fdd:category>file-format</fdd:category>
		</fdd:formatCategories>
		<fdd:gdfrComposition>container-wrapper</fdd:gdfrComposition>
		<fdd:gdfrForm>binary</fdd:gdfrForm>
		<fdd:gdfrBasis>sampled</fdd:gdfrBasis>
		<fdd:updates>
			<fdd:date>2013-02-14</fdd:date>
		</fdd:updates>
		<fdd:draftStatus>Full</fdd:draftStatus>
	</fdd:properties>
	<fdd:identificationAndDescription>
		<fdd:fullName>QuickTime File Format</fdd:fullName>
		<fdd:keywords>
			<fdd:keyword>QuickTime</fdd:keyword>
			<fdd:keyword>container formats</fdd:keyword>
			<fdd:keyword>wrapper formats</fdd:keyword>
			<fdd:keyword>video formats</fdd:keyword>
			<fdd:keyword>audio formats</fdd:keyword>
		</fdd:keywords>
		<fdd:description>
			<p>File format that wraps video, audio, and other bitstreams.  This description is concerned with QuickTime as a video wrapper (generally with a synchronized audio stream), called "movie" files by Apple, and as a sound wrapper, especially as used by Apple's <i>iTunes</i> music service. QuickTime also wraps still images (QuickTime Image Files), animations not recorded as video, virtual reality, etc., and these are not discussed at this site, with the exception of <fddLink id="fdd000130">SWF_7</fddLink> and <fddLink id="fdd000248">SWF_8</fddLink>, the Flash SWF File Format (versions 7 and 8).</p>
			<p>Specialists describe QuickTime <i>atoms</i> as the format's fundamental building blocks. The <a href="https://wiki.multimedia.cx/index.php?title=QuickTime_container#Atoms:_The_Fundamental_Quicktime_Building_Blocks">MultimediaWiki</a> reports, "Atoms are chunks of data in that comprise a QuickTime file. Sometimes they contain data and sometimes they contain other atoms. . . .   An atom consists of a size, a type, and a data payload."</p>
			<p>As of February 2012, <a href="https://developer.apple.com/standards/classic-quicktime/">two versions</a> of the file format specification were offered by Apple: the "classic" from 2001 and a newer version, as updated in 2012. Various sources, including the Wikipedia <a href="https://en.wikipedia.org/wiki/QuickTime">QuickTime article</a> (consulted February 2, 2012), name a number of <i>versions</i> of QuickTime, from 1991 to the present, but these seem to be references to the QuickTime production or playback software rather than the file wrapper per se.</p>
		</fdd:description>
		<fdd:shortDescription>File format that wraps video, audio, and other bitstreams.  This description is concerned with QuickTime as a video wrapper (generally with a synchronized audio stream), called "movie" files by Apple, and as a sound wrapper, especially as used by Apple's iTunes music service. QuickTime also wraps still images (QuickTime Image Files), animations not recorded as video, virtual reality, etc., and these are not discussed at this site.</fdd:shortDescription>
		<fdd:productionPhase>Typically a final state format for enduser delivery; sometimes a middle-state format, e.g., the source when producing lower-resolution streaming versions.</fdd:productionPhase>
		<fdd:relationships>
			<fdd:relationship>
				<fdd:typeOfRelationship>Has subtype</fdd:typeOfRelationship>
				<fdd:relatedTo>
					<fdd:id>fdd000086</fdd:id>
					<fdd:shortName>QTV_Apple</fdd:shortName>
					<fdd:titleName>QuickTime Video, Apple Codec</fdd:titleName>
				</fdd:relatedTo>
			</fdd:relationship>
			<fdd:relationship>
				<fdd:typeOfRelationship>Has subtype</fdd:typeOfRelationship>
				<fdd:relatedTo>
					<fdd:id>fdd000087</fdd:id>
					<fdd:shortName>QTV_Cinepak</fdd:shortName>
					<fdd:titleName>QuickTime Video, Cinepak Codec</fdd:titleName>
				</fdd:relatedTo>
			</fdd:relationship>
			<fdd:relationship>
				<fdd:typeOfRelationship>Has subtype</fdd:typeOfRelationship>
				<fdd:relatedTo>
					<fdd:id>fdd000191</fdd:id>
					<fdd:shortName>QTV_DV</fdd:shortName>
					<fdd:titleName>QuickTime Video, DV Digital Video</fdd:titleName>
				</fdd:relatedTo>
			</fdd:relationship>
			<fdd:relationship>
				<fdd:typeOfRelationship>Has subtype</fdd:typeOfRelationship>
				<fdd:relatedTo>
					<fdd:id>fdd000090</fdd:id>
					<fdd:shortName>QTV_MPEG</fdd:shortName>
					<fdd:titleName>QuickTime Video, MPEG Codec</fdd:titleName>
				</fdd:relatedTo>
			</fdd:relationship>
			<fdd:relationship>
				<fdd:typeOfRelationship>Has subtype</fdd:typeOfRelationship>
				<fdd:relatedTo>
					<fdd:id>fdd000089</fdd:id>
					<fdd:shortName>QTV_MJPEG</fdd:shortName>
					<fdd:titleName>QuickTime Video, Motion JPEG Codec</fdd:titleName>
				</fdd:relatedTo>
			</fdd:relationship>
			<fdd:relationship>
				<fdd:typeOfRelationship>Has subtype</fdd:typeOfRelationship>
				<fdd:relatedTo>
					<fdd:id>fdd000159</fdd:id>
					<fdd:shortName>QTV_MP4_V</fdd:shortName>
					<fdd:titleName>QuickTime Video, MPEG-4 Visual Coding</fdd:titleName>
				</fdd:relatedTo>
			</fdd:relationship>
			<fdd:relationship>
				<fdd:typeOfRelationship>Has subtype</fdd:typeOfRelationship>
				<fdd:relatedTo>
					<fdd:id>fdd000160</fdd:id>
					<fdd:shortName>QTV_MP4_AVC</fdd:shortName>
					<fdd:titleName>QuickTime Video, MPEG-4 Advanced Video Coding</fdd:titleName>
				</fdd:relatedTo>
			</fdd:relationship>
			<fdd:relationship>
				<fdd:typeOfRelationship>Has subtype</fdd:typeOfRelationship>
				<fdd:relatedTo>
					<fdd:id>fdd000088</fdd:id>
					<fdd:shortName>QTV_Sorenson</fdd:shortName>
					<fdd:titleName>QuickTime Video, Sorenson Codec</fdd:titleName>
				</fdd:relatedTo>
			</fdd:relationship>
			<fdd:relationship>
				<fdd:typeOfRelationship>Has subtype</fdd:typeOfRelationship>
				<fdd:relatedTo>
					<fdd:id>fdd000166</fdd:id>
					<fdd:shortName>QTV_SWF</fdd:shortName>
					<fdd:titleName>QuickTime Video with SWF Flash</fdd:titleName>
				</fdd:relatedTo>
			</fdd:relationship>
			<fdd:relationship>
				<fdd:typeOfRelationship>Has subtype</fdd:typeOfRelationship>
				<fdd:relatedTo>
					<fdd:id>fdd000368</fdd:id>
					<fdd:shortName>QT_210</fdd:shortName>
					<fdd:titleName>QuickTime File Format with V210 Video Encoding</fdd:titleName>
				</fdd:relatedTo>
				<fdd:comment>Uncompressed 10-bit 4:2:2 Picture.</fdd:comment>
			</fdd:relationship>
			<fdd:relationship>
				<fdd:typeOfRelationship>Has subtype</fdd:typeOfRelationship>
				<fdd:relatedTo>
					<fdd:id>fdd000370</fdd:id>
					<fdd:shortName>QT_UYVY</fdd:shortName>
					<fdd:titleName>QuickTime File Format with UYVY (2vuy) Video Encoding</fdd:titleName>
				</fdd:relatedTo>
				<fdd:comment>Uncompressed 8-bit 4:2:2 Picture.</fdd:comment>
			</fdd:relationship>
			<fdd:relationship>
				<fdd:typeOfRelationship>Has subtype</fdd:typeOfRelationship>
				<fdd:relatedTo>
					<fdd:id>fdd000369</fdd:id>
					<fdd:shortName>QT_YUY2</fdd:shortName>
					<fdd:titleName>QuickTime File Format with YUY2 (yuv2) Video Encoding</fdd:titleName>
				</fdd:relatedTo>
				<fdd:comment>Uncompressed 8-bit 4:2:2 Picture.</fdd:comment>
			</fdd:relationship>
			<fdd:relationship>
				<fdd:typeOfRelationship>Has subtype</fdd:typeOfRelationship>
				<fdd:relatedTo>
					<fdd:id>fdd000429</fdd:id>
					<fdd:shortName>QTV_AppleProRes422</fdd:shortName>
					<fdd:titleName>QuickTime Video, Apple ProRes 422 Codec Family</fdd:titleName>
				</fdd:relatedTo>
			</fdd:relationship>
			<fdd:relationship>
				<fdd:typeOfRelationship>Has subtype</fdd:typeOfRelationship>
				<fdd:relatedTo>
					<fdd:id>fdd000529</fdd:id>
					<fdd:shortName>QTV_AppleProRes4444</fdd:shortName>
					<fdd:titleName>QuickTime Video, Apple ProRes 4444 Codec Family</fdd:titleName>
				</fdd:relatedTo>
			</fdd:relationship>
			<fdd:relationship>
				<fdd:typeOfRelationship>Has subtype</fdd:typeOfRelationship>
				<fdd:comment>QuickTime movie variants defined by several other video codecs not documented at this time.</fdd:comment>
			</fdd:relationship>
			<fdd:relationship>
				<fdd:typeOfRelationship>Has subtype</fdd:typeOfRelationship>
				<fdd:relatedTo>
					<fdd:id>fdd000110</fdd:id>
					<fdd:shortName>QTA_AAC</fdd:shortName>
					<fdd:titleName>QuickTime Audio, AAC Codec</fdd:titleName>
				</fdd:relatedTo>
			</fdd:relationship>
			<fdd:relationship>
				<fdd:typeOfRelationship>Has subtype</fdd:typeOfRelationship>
				<fdd:relatedTo>
					<fdd:id>fdd000111</fdd:id>
					<fdd:shortName>QTA_MP3</fdd:shortName>
					<fdd:titleName>QuickTime Audio, MP3 Codec</fdd:titleName>
				</fdd:relatedTo>
			</fdd:relationship>
			<fdd:relationship>
				<fdd:typeOfRelationship>Has subtype</fdd:typeOfRelationship>
				<fdd:comment>QuickTime sound variants defined by other audio codecs, including uncompressed and lossless audio, not documented at this time.</fdd:comment>
			</fdd:relationship>
			<fdd:relationship>
				<fdd:typeOfRelationship>Affinity to</fdd:typeOfRelationship>
				<fdd:comment>QuickTime Image File Format, not documented at this time.</fdd:comment>
			</fdd:relationship>
		</fdd:relationships>
	</fdd:identificationAndDescription>
	<fdd:localUse>
		<fdd:experience>Limited to video: American Memory has produced QuickTime files for web service since the mid-1990s, typically using the Cinepak codec at 10 fps and 160x120 pixels.  For the special videos associated with the <a href="https://www.loc.gov/collections/dance-instruction-manuals-from-1490-to-1920/about-this-collection/">Dance Instruction Manuals</a> collection, a second set of higher-resolution QuickTime files was produced, using the Sorenson codec at 15 fps and 320x240 pixels.  The audio stream in both types employs IMA (Interactive Multimedia Association) 4:1 compression, based on PCM sampling at 22 kHz.<br/>
			<br/>In 2004, the Motion Picture, Broadcasting, and Recorded Sound Division collected a series of nine "enhanced" QuickTime movies produced by BMW (formerly available at http://usa.bmwfilms.com/), with the main video object in the form of <fddLink id="fdd000088">QTV_Sorenson</fddLink>.</fdd:experience>
		<fdd:preference>
			<p>The Library of Congress Recommended Formats Statement (RFS) lists ProRes 4444 (XQ), 4444 or 422 HQ in a QuickTime wrapper as a <a href="http://www.loc.gov/preservation/resources/rfs/moving.html">Preferred</a> format for Video - File-Based and Physical Media.</p>
			<p>Regarding compressed video, bitstreams in MPEG-2 or -4 formats.  Regarding uncompressed or losslessly compressed video, <fddLink id="fdd000206">MXF_OP1a_JP2_LL</fddLink> is preferred by specialists at the Library&apos;s Packard Campus for Audio-Visual Conservation.</p>
		</fdd:preference>
	</fdd:localUse>
	<fdd:sustainabilityFactors>
		<fdd:disclosure>Fully documented.  Proprietary format developed by Apple Computer, Inc.
		</fdd:disclosure>
		<fdd:documentation>
			<a href="https://developer.apple.com/standards/classic-quicktime/">QuickTime File Format Specification</a>; both the "classic" (2001) and updated-through-2012 versions link from this menu page.
		</fdd:documentation>
		<fdd:adoption>Widely adopted.
		</fdd:adoption>
		<fdd:licensingAndPatents>Licensing by Apple appears to be limited to the software and other technology elements.
		</fdd:licensingAndPatents>
		<fdd:transparency>The file format is relatively transparent.  See information on the codecs contained in QuickTime files: <fddLink id="fdd000064">Cinepak</fddLink>, <fddLink id="fdd000066">Sorenson_3</fddLink>, <fddLink id="fdd000035">MPEG-1</fddLink>, <fddLink id="fdd000063">MJPEG</fddLink>, <fddLink id="fdd000011">LPCM</fddLink>, <fddLink id="fdd000036">AAC</fddLink>, and <fddLink id="fdd000012">MP3</fddLink>.
		</fdd:transparency>
		<fdd:selfDocumentation>Technical metadata is in the headers for the <i>atoms</i> and <i>container atoms</i> that comprise a QuickTime file and also in the locations in the file. Descriptive ("bibliographic") metadata may be entered within the following annotations:  "Album", "Artist", "Author", "Comment", "Copyright", "Creation Date", "Description", "Director", "Disclaimer", "Full Name", "Host Computer", "Information", "Make", "Model", "Original Format", "Original Source", "Performers", "Producer", "Product", "Software", "Special Playback Requirements", "Warning", and "Writer."
		</fdd:selfDocumentation>
		<fdd:externalDependencies>None
		</fdd:externalDependencies>
		<fdd:techProtection>QuickTime files may be structured to require endusers to enter a <i>media key</i> before the file can be played.  Newsgroup traffic about <i>iTunes</i> includes a statement from a commentator that reports, "<i>iTunes</i> uses a DRM system that prevents files to be played on more than 3 platforms and only the iTunes player can cope with that DRM system."
		</fdd:techProtection>
	</fdd:sustainabilityFactors>
	<fdd:qualityAndFunctionalityFactors>
		<fdd:stillImageQF>
			<fdd:normalImage>Good support.</fdd:normalImage>
			<fdd:clarity>Moderate to good, depending upon the type and level of compression, and the encoder used.  See <fddLink id="fdd000086">QTV_Apple</fddLink>, <fddLink id="fdd000087">QTV_Cinepak</fddLink>, <fddLink id="fdd000088">QTV_Sorenson</fddLink>, <fddLink id="fdd000090">QTV_MPEG</fddLink>, and <fddLink id="fdd000089">QTV_MJPEG</fddLink>.  Extent of use of uncompressed video bitstream unknown.</fdd:clarity>
			<fdd:beyondImage>Supports various features, e.g., sprites, animation, virtual reality, etc. See  Notes below for information about multiple timecodes.</fdd:beyondImage>
		</fdd:stillImageQF>
		<fdd:soundQF>
			<fdd:normalSound>Good support</fdd:normalSound>
			<fdd:fidelity>Depends upon encoding; may be used with lossy encodings like <fddLink id="fdd000012">MP3</fddLink> (and many others) and uncompressed audio like <fddLink id="fdd000011">LPCM</fddLink>, although this is limited to 16 bit word length.  See also <fddLink id="fdd000110">QTA_AAC</fddLink> and <fddLink id="fdd000111">QTA_MP3</fddLink>. </fdd:fidelity>
			<fdd:channels>Not investigated for this description at this time.</fdd:channels>
			<fdd:samples>Not investigated for this description at this time.</fdd:samples>
			<fdd:beyondSound>Not investigated for this description at this time.</fdd:beyondSound>
		</fdd:soundQF>
	</fdd:qualityAndFunctionalityFactors>
	<fdd:fileTypeSignifiers>
		<fdd:signifiersGroup>
			<fdd:filenameExtension>
				<fdd:sigValues>
					<fdd:sigValue>mov</fdd:sigValue>
					<fdd:sigValue>qt</fdd:sigValue>
				</fdd:sigValues>
				<fdd:note>For movie files.</fdd:note>
			</fdd:filenameExtension>
			<fdd:filenameExtension>
				<fdd:sigValues>
					<fdd:sigValue>m4p</fdd:sigValue>
					<fdd:sigValue>mp3</fdd:sigValue>
				</fdd:sigValues>
				<fdd:note>For sound files.  The <i>m4p</i> extension is for QuickTime files containing AAC bitstreams purchased from <i>iTunes</i> and protected by a digital rights management scheme.  Bookmarkable AAC files may carry the extension <i>m4b</i>. [The <i>mp3</i> extension is for QuickTime sound files containing MP3 bitstreams; extent of protection unknown at this writing.]</fdd:note>
			</fdd:filenameExtension>
			<fdd:filenameExtension>
				<fdd:sigValues>
					<fdd:sigValue>qtif</fdd:sigValue>
					<fdd:sigValue>qti</fdd:sigValue>
					<fdd:sigValue>qif</fdd:sigValue>
				</fdd:sigValues>
				<fdd:note>For QuickTime Image Files; from  <a href="https://filext.com/">The File Extension Source</a>.</fdd:note>
			</fdd:filenameExtension>
			<fdd:internetMediaType>
				<fdd:sigValues>
					<fdd:sigValue>video/quicktime</fdd:sigValue>
					<fdd:sigValue>video/x-quicktime</fdd:sigValue>
					<fdd:sigValue>image/mov</fdd:sigValue>
				</fdd:sigValues>
				<fdd:note>For movie files. From From <a href="http://www.iana.org/assignments/media-types/video/quicktime">http://www.iana.org/assignments/media-types/video/quicktime</a> and <a href="https://filext.com/">The File Extension Source</a>.</fdd:note>
			</fdd:internetMediaType>
			<fdd:internetMediaType>
				<fdd:sigValueNA>Not found.</fdd:sigValueNA>
				<fdd:note>For sound files; no MIME type found at this writing.</fdd:note>
			</fdd:internetMediaType>
			<fdd:internetMediaType>
				<fdd:sigValues>
					<fdd:sigValue>image/x-quicktime</fdd:sigValue>
				</fdd:sigValues>
				<fdd:note>For image files; selected from <a href="https://filext.com/">The File Extension Source</a>.</fdd:note>
			</fdd:internetMediaType>
			<fdd:magicNumbers>
				<fdd:sigValues>
					<fdd:sigValue>Hex: xx xx xx xx 6D 6F 6F 76</fdd:sigValue>
					<fdd:sigValue>ASCII: ....moov</fdd:sigValue>
					<fdd:sigValue>Hex: xx xx xx xx 66 72 65 65</fdd:sigValue>
					<fdd:sigValue>ASCII: free</fdd:sigValue>
				</fdd:sigValues>
				<fdd:note>From <a href="http://www.garykessler.net/library/file_sigs.html">Gary Kessler's File Signatures Table</a>. Kessler lists several other possible signatures for QuickTime. The first listed here is the most common; the second listed is declared in the DROID signature file for x-fmt/384, QuickTime. See Pronom PUID value below.</fdd:note>
			</fdd:magicNumbers>
			<fdd:other>
				<fdd:tag>Mac OS file type</fdd:tag>
				<fdd:values>
					<fdd:sigValueNA>See note.</fdd:sigValueNA>
					<fdd:note>Video type tag (QuickTime). Four-character codes that vary according to the video codec selected; see the QuickTime File Format specification (2001), p. 92 or p. 96.<footNote id="1"/>
					</fdd:note>
				</fdd:values>
			</fdd:other>
			<fdd:other>
				<fdd:tag>Uniform Type Identifier (Mac OS)</fdd:tag>
				<fdd:values>
					<fdd:sigValueNA>See note.</fdd:sigValueNA>
					<fdd:note>Audio type tag (QuickTime). Four-character codes that vary according to the audio codec selected; see the QuickTime File Format specification (2001), pp. 102-03 or pp. 107-9.<footNote id="1"/>
					</fdd:note>
				</fdd:values>
			</fdd:other>
			<fdd:other>
				<fdd:tag>Pronom PUID</fdd:tag>
				<fdd:values>
					<fdd:sigValues>
						<fdd:sigValue>x-fmt/384</fdd:sigValue>
					</fdd:sigValues>
					<fdd:note>See <a href="http://www.nationalarchives.gov.uk/PRONOM/fmt/384">http://www.nationalarchives.gov.uk/PRONOM/x-fmt/384</a>.</fdd:note>
				</fdd:values>
			</fdd:other>
			<fdd:other>
				<fdd:tag>Wikidata Title ID</fdd:tag>
				<fdd:values>
					<fdd:sigValues>
						<fdd:sigValue>Q942350</fdd:sigValue>
					</fdd:sigValues>
					<fdd:note>See <a href="https://www.wikidata.org/wiki/Q942350">https://www.wikidata.org/wiki/Q942350</a>.
					</fdd:note>
				</fdd:values>
			</fdd:other>
		</fdd:signifiersGroup>
	</fdd:fileTypeSignifiers>
	<fdd:notes>
		<fdd:general>The documentation and retention of multiple timecodes may be of interest to those producing complete or authentic copies of a source item that may include multiple timecodes, e.g., LTC, VITC, or ANC.  In historical recordings these are often not synchronized and may reveal aspects of how a given video program had been produced.  QuickTime permits users to make as many timecode tracks as they wish, but experts report that this can inhibit interoperability and some tracks may not be properly read. Timecode data is stored in QuickTime&apos;s <i>tmcd</i> atom, one set of timecode data per tmcd atom. The timecode track in QuickTime has a label that many systems use to note an identifier of the source tape; for example, it stores the data of the &quot;Reel&quot; field in the Final Cut software application.
</fdd:general>
		<fdd:history>Introduced in 1991; structured for use in Windows, 1994; in the mid-to-late 1990s, the format influenced the shape of <fddLink id="fdd000037">MPEG-4</fddLink>.  See the <a href="https://en.wikipedia.org/wiki/QuickTime">Wikipedia article</a> on QuickTime (as consulted February 2012) for excellent detail.</fdd:history>
	</fdd:notes>
	<fdd:formatSpecifications>
		<fdd:urls>
			<fdd:url>
				<fdd:urlReference>
					<link>https://developer.apple.com/standards/classic-quicktime/</link>
					<tag>QuickTime File Format</tag>
					<comment>Menu page with links to both the 2001 &quot;classic&quot; specification as a PDF document and to the newer version (updated 2012) as HTML pages.</comment>
				</fdd:urlReference>
			</fdd:url>
			<fdd:url>
				<fdd:urlReference>
					<link>https://developer.apple.com/standards/qtff-2001.pdf</link>
					<tag>QuickTime File Format Specification as PDF</tag>
					<comment>The document at this URL appears to get updated in line with the HTML pages above.</comment>
				</fdd:urlReference>
			</fdd:url>
		</fdd:urls>
	</fdd:formatSpecifications>
	<fdd:usefulReferences>
		<fdd:urls>
			<fdd:url>
				<fdd:urlReference>
					<link>https://en.wikipedia.org/wiki/QuickTime</link>
					<tag>Wikipedia QuickTime Article</tag>
				</fdd:urlReference>
			</fdd:url>
			<fdd:url>
				<fdd:urlReference>
					<link>http://web.archive.org/web/20150223195316/http://support.apple.com/en-us/HT201290</link>
					<tag>Media formats supported by QuickTime Player</tag>
					<comment>Media formats and codecs that QuickTime Player can open in Mac OS X v10.6.x or later:</comment>
				</fdd:urlReference>
			</fdd:url>
			<fdd:url>
				<fdd:urlReference>
					<link>https://wiki.multimedia.cx/index.php?title=QuickTime_container</link>
					<tag>QuickTime container</tag>
					<comment>MultimediaWiki entry on the QuickTime wrapper.</comment>
				</fdd:urlReference>
			</fdd:url>
			<fdd:url>
				<fdd:urlReference>
					<link>http://www.iana.org/assignments/media-types/video/quicktime</link>
					<tag>Registration of QuickTime Internet Media Type</tag>
				</fdd:urlReference>
			</fdd:url>
			<fdd:url>
				<fdd:urlReference>
					<link>http://www.garykessler.net/library/file_sigs.html</link>
					<tag>Gary Kessler's File Signatures Table</tag>
				</fdd:urlReference>
			</fdd:url>
			<fdd:url>
				<fdd:urlReference>
					<link>http://https://www.loc.gov/collections/dance-instruction-manuals-from-1490-to-1920/about-this-collection/</link>
					<tag>Dance Instruction Manuals</tag>
					<comment>American Memory collection that includes two types of QuickTime examples.</comment>
				</fdd:urlReference>
			</fdd:url>
			<fdd:url>
				<fdd:urlGroup>
					<fdd:intro>The Encyclopedia of Graphic File Formats, 2nd Edition, 1996 (EGFF) has information on this format.  See print citation below.  Online access is available at:</fdd:intro>
					<fdd:urlList>
						<fdd:urlReference>
							<link>https://www.fileformat.info/format/quicktime/egff.htm</link>
							<tag>EGFF: QuickTimeFile Format Summary
</tag>
							<comment>From FileFormat.Info.  This presentation states that the work has been released under a Creative Commons Attribution license.</comment>
						</fdd:urlReference>
						<fdd:urlReference>
							<link>http://web.archive.org/web/20071210094024/http://www.fileformat.info/format/quicktime/egff.htm</link>
							<tag>EGFF: QuickTime File Format Summary
</tag>
							<comment>From FileFormat.Info, via Internet Archive&apos;s Wayback Machine.  Included because FileFormat.info has not been updated recently (as of November 2012) and was not functioning for a period.</comment>
						</fdd:urlReference>
						<fdd:urlReference>
							<link>http://netghost.narod.ru/gff/graphics/summary/quick.htm</link>
							<tag>EGFF: QuickTime</tag>
							<comment>Copy made available from a site in Russia.</comment>
						</fdd:urlReference>
					</fdd:urlList>
				</fdd:urlGroup>
			</fdd:url>
			<fdd:url>
				<fdd:urlReference>
					<link>http://www.nationalarchives.gov.uk/pronom/x-fmt/384</link>
					<tag>PRONOM entry for x-fmt/384</tag>
					<comment>Information in PRONOM from UK National Archives about QuickTime. PUID: x-fmt/384.</comment>
				</fdd:urlReference>
			</fdd:url>
			<fdd:url>
				<fdd:urlReference>
					<link>https://www.wikidata.org/wiki/Q942350</link>
					<tag>WikiData entry for Q942350</tag>
					<comment>Information in WikiData about QuickTime File Format. WikiData Title ID: Q942350.</comment>
				</fdd:urlReference>
			</fdd:url>
		</fdd:urls>
		<fdd:citations>
			<fdd:citation>
				<fdd:bookReference>
					<bookRefDetail rel="au">Murray, James D.</bookRefDetail> and <bookRefDetail rel="au">William vanRyper</bookRefDetail>. <bookRefDetail rel="btitle">Encyclopedia of Graphics File Formats, 2nd Edition.</bookRefDetail> 
Sebastopol, CA. : O'Reilly &amp; Associates, <bookRefDetail rel="date">1996</bookRefDetail>. Includes CD-ROM with complete text of book, and copies of several file format specifications. </fdd:bookReference>
			</fdd:citation>
		</fdd:citations>
	</fdd:usefulReferences>
	<fdd:footNotes>
		<fdd:footNote id="1">
			<fdd:text>There seem to have been at least two printings of the specification carrying the same date. These were not systematically compared by the compiler of this Web page. Pagination varies between these two printings.</fdd:text>
		</fdd:footNote>
	</fdd:footNotes>
</fdd:FDD>
