<?xml version="1.0" encoding="UTF-8"?>
<fdd:FDD id="fdd000312" titleName="GeoPDF Encoding (TerraGo 2.2), OGC Best Practice" shortName="GeoPDF_OGC" xmlns:xsi="http://www.w3.org/2001/XMLSchema-instance" xmlns:fdd="http://www.loc.gov/preservation/digital/formats/schemas/fdd/v1" xsi:schemaLocation="http://www.loc.gov/preservation/digital/formats/schemas/fdd/v1 http://www.loc.gov/preservation/digital/formats/schemas/fdd/v1/fdd-v1-2.xsd">
	<fdd:properties>
		<fdd:gdfrGenreSelection>
			<fdd:gdfrGenreAndSubgenres>
				<fdd:gdfrGenre>still-image</fdd:gdfrGenre>
				<fdd:gdfrSubgenres>
					<fdd:gdfrSubgenre>dataset</fdd:gdfrSubgenre>
				</fdd:gdfrSubgenres>
			</fdd:gdfrGenreAndSubgenres>
		</fdd:gdfrGenreSelection>
		<fdd:formatCategories>
			<fdd:category>encoding</fdd:category>
		</fdd:formatCategories>
		<fdd:gdfrConstraint>structured</fdd:gdfrConstraint>
		<fdd:gdfrDomains>
			<fdd:gdfrDomain>
				<fdd:value>gis</fdd:value>
			</fdd:gdfrDomain>
		</fdd:gdfrDomains>
		<fdd:updates>
			<fdd:date>2020-05-30</fdd:date>
		</fdd:updates>
		<fdd:draftStatus>Full</fdd:draftStatus>
	</fdd:properties>
	<fdd:identificationAndDescription>
		<fdd:fullName>GeoPDF (TerraGo) Encoding, Version 2.2, OGC Best Practice 08-139</fdd:fullName>
		<fdd:keywords>
			<fdd:keyword>geospatial data formats</fdd:keyword>
			<fdd:keyword>georeferenced image formats</fdd:keyword>
			<fdd:keyword>Portable Document Format (PDF)</fdd:keyword>
			<fdd:keyword>PDF</fdd:keyword>
		</fdd:keywords>
		<fdd:description>
			<p>This description concerns a particular encoding of georegistration information that allows association of an arbitrary coordinate reference system to an illustration on a page of a PDF document. This encoding was developed in the early 2000s at Layton Graphics, Inc. (LGI) and used widely for conversion of printed maps to digital form using products from LGI and later from TerraGo Technologies, Inc.  The resulting files were called <i>GeoPDF</i>s.  See <a href="#notes">Notes | History</a> for more detail.</p>
			<p>The specification for this georegistration encoding was published in 2009 by the Open Geospatial Consortium (OGC) as Best Practice <a href="https://portal.opengeospatial.org/files/?artifact_id=33332">OGC 08-139r2</a>, entitled &quot;GeoPDF Encoding Best Practice Version 2.2.&quot;  The intent behind publishing OGC 08-139 was to codify existing practice and to insure that there was official, stable documentation for the georegistration encoding format used in millions of existing GeoPDF files.  By this time, GeoPDF was a registered trademark of TerraGo Technologies, Inc. and its use in the OGC document, and particularly in the title, led to confusion.  In 2011, OGC published a revision <a href="https://portal.opengeospatial.org/files/?artifact_id=40537">OGC 08-139r3</a> (still current as of May 2020), with a new title, &quot;PDF Georegistration Encoding Best Practice Version 2.2&quot; and other terminological and administrative changes.  OGC 08-139r3 states that GeoPDF &quot;may only be applied to products
created under license from TerraGo.&quot;  For consistency with OGC 08-139r3, this format description uses the terms &quot;PDF georegistration 2.2&quot; and  &quot;OGC 08-139&quot; to refer to the georegistration encoding.</p>
			<p>PDF georegistration 2.2 is specified as an extension to Adobe PDF as described in <a href="https://www.adobe.com/content/dam/acom/en/devnet/acrobat/pdfs/pdf_reference_1-7.pdf">PDF Reference  1.7</a>.  A primary intended functionality of the encoding is to support calculation of the position in coordinates of any point on a map image and thus to associate PDF annotations and linked files with a particular geospatial location.  This location can be expressed in any coordinate reference system, since the encoding includes sufficient information to perform conversions between coordinate systems.  The georegistration encoding also supports measurement, such as calculation of distances between points.  In particular, this extension supports the functionality in TerraGo&apos;s GeoPDF Toolbar and other TerraGo products designed to &quot;deliver complex maps and images from the desks of a few technical experts to the hands of many field operators in a simple to use format.&quot;</p>
			<p>To quote from the OGC Best Practice document, &quot;Conceptually, PDF georegistration 2.2 specifies <i>map frames</i> associated with a PDF page.  A minimal map frame describes a coordinate reference system that is associated with the entire document page.  This association provides a collection of <a href="https://en.wikipedia.org/wiki/Tuple">tuple</a>s that map the page (PDF) coordinate system to the known coordinate reference system.&quot;  Often, the document consists of one page containing a single map or other georegistered illustration.  However, a map frame may be associated with a region on a page; there may be multiple map frames on a given page; and a document may have more than one page containing illustrations with PDF georegistration 2.2 encoding.</p>
			<p>The PDF georegistration 2.2 encoding for a page is expressed in a PDF entry with <i>key</i> &quot;LGIDict&quot;.  This entry is a single map frame or an array of map
frames.  Each map frame has a mandatory Type entry with the same value of &quot;LGIDict&quot; and one or more of a set of entries to specify the georegistration: CTM (Coordinate Transformation Matrix); Registration array (a sequence of registration points tying map coordinates to PDF page coordinates); Projection dictionary (describes the algorithm and parameters, such as geodetic datum, required to define the
coordinate reference system used); and Display dictionary (to specify the coordinate system a consuming application
should use to display non-PDF coordinate reference values).  OGC 08-139 includes annexes listing supported geodetic datums and map projections.  A map frame may also include a Neatline entry to specify
the geometric region of the page that is associated with the geospatial coordinate system; this is required if a page includes more than one map frame.</p>
		</fdd:description>
		<fdd:shortDescription>An encoding of georegistration information that can be associated with a map or other geospatial image on a page of a PDF file.  This encoding supports functionality in the GeoPDF Toolbar and other TerraGo products.</fdd:shortDescription>
		<fdd:relationships>
			<fdd:relationship>
				<fdd:typeOfRelationship>Used by</fdd:typeOfRelationship>
				<fdd:relatedTo>
					<fdd:id>fdd000030</fdd:id>
					<fdd:shortName>PDF_family</fdd:shortName>
					<fdd:titleName>Portable Document Format</fdd:titleName>
				</fdd:relatedTo>
				<fdd:comment>Although PDF georegistration 2.2 was developed with version 1.7 of  PDF, in mind, both OGC and the developers believe that it can be used with earlier versions, at least from Version 1.3.</fdd:comment>
			</fdd:relationship>
			<fdd:relationship>
				<fdd:typeOfRelationship>Has earlier version</fdd:typeOfRelationship>
				<fdd:comment>Earlier versions of PDF georegistration using the name GeoPDF were used in products of Layton Graphics and TerraGo.  They are not publicly specified and are not described on this Web site.</fdd:comment>
			</fdd:relationship>
			<fdd:relationship>
				<fdd:typeOfRelationship>Used by</fdd:typeOfRelationship>
				<fdd:relatedTo>
					<fdd:id>fdd000522</fdd:id>
					<fdd:shortName>GeoPDF_file</fdd:shortName>
					<fdd:titleName>GeoPDF File Format (TerraGo)</fdd:titleName>
				</fdd:relatedTo>
				<fdd:comment>This georegistration encoding is one of two permitted in GeoPDF files.</fdd:comment>
			</fdd:relationship>
		</fdd:relationships>
	</fdd:identificationAndDescription>
	<fdd:localUse>
		<fdd:experience>None.</fdd:experience>
		<fdd:preference> The Library of Congress Recommended Formats Statement (RFS) includes GeoPDF as an acceptable format for <a href="https://www.loc.gov/preservation/resources/rfs/geo-carto.html">GIS, Geospatial and Non-GIS Cartographic</a> content. The RFS does not specify a version of GeoPDF file format or a PDF georegistration within GeoPDF files.</fdd:preference>
	</fdd:localUse>
	<fdd:sustainabilityFactors>
		<fdd:disclosure>The technique described in OGC 08-139 for embedding georegistration information for maps into a PDF file was developed at Layton Graphics, Inc. and since 2005, maintained by TerraGo Technologies.  In 2009, the specification of version 2.2 was approved and published as a best practice by the Open Geospatial Consortium (OGC).</fdd:disclosure>
		<fdd:documentation>
			<p>Approved as an OGC Best Practice in February 2009 as OGC 08-139r1.  Two revisions of the document have been published, with changes that were editorial and administrative and did not reflect changes in the specification for the encoding.</p>
			<ul>
				<li>
					<i>GeoPDF Encoding Best Practice Version 2.2.</i>.  OGC 08-139r2.  April 16, 2009.  Available online at <a href="https://portal.opengeospatial.org/files/?artifact_id=33332">https://portal.opengeospatial.org/files/?artifact_id=33332</a>.</li>
				<li>
					<i>PDF Georegistration Encoding Best Practice Version 2.2</i>. OGC 08-139r3. January 17, 2011.  Available online at <a href="https://portal.opengeospatial.org/files/?artifact_id=40537">https://portal.opengeospatial.org/files/?artifact_id=40537</a>
				</li>
			</ul>
		</fdd:documentation>
		<fdd:adoption>
			<p>As of September 2010, several U.S. government agencies produced and distributed maps as PDF files with PDF georegistration 2.2 encoding, including the United States Geological Survey (USGS), the U.S. Army Corps of Engineers, and the National Geospatial-Intelligence Agency.  See <a href="http://web.archive.org/web/20130214180326/http://www.agc.army.mil/fact_sheet/GeoPDF_Fact_Sheet.pdf">U.S. Army Corps of Engineers 2012 factsheet on Geospatial PDF</a> for information on the use of GeoPDF files for map distribution by the U.S. Army Corps of Engineers.  TerraGo Technologies had worked with several GIS vendors, such as ESRI and Intergraph, to develop modules that could create PDF files with PDF georegistration 2.2 encoding and import annotations added in the field back into a GIS system.</p>
			<p>In September 2011, USGS published documents about techniques and methods (including formats) for two relatively new map products.  Both products, initially used Terrago GeoPDF files as a format for distribution of digital maps for public use. The first product was a digital replacement for the standard USGS printed maps at 1:24,000.  See <a href="https://web.archive.org/web/20130122202226/http://pubs.usgs.gov/tm/tm11b2/">US Topo Product Standard, Version 1.0 (2011)</a>, (as of January 2013, link via Internet Archive).  The second product was for digitized versions of USGS Historical Topographic Quadrangle maps, dating back to 1884.  See <a href="https://web.archive.org/web/20130123085154/https://pubs.usgs.gov/tm/11b03/">Standards for Scanned U.S. Geological Survey Historical Topographic Quadrangle Collection (2011)</a>, (as of January 2013, link via Internet Archive).  The USG Topo maps were later migrated to specifications based on the Adobe encoding for georegistration (see <fddLink id="fdd000315">PDF_1_7_geospatial</fddLink>) as introduced with Acrobat 9.0 in June 2008, documented in <a href="https://www.adobe.com/content/dam/acom/en/devnet/acrobat/pdfs/adobe_supplement_iso32000.pdf">Adobe Supplement to the ISO 32000, BaseVersion:1.7, ExtensionLevel:3. June 2008</a>, and later incorporated into <a href="https://www.iso.org/standard/63534.html">ISO 32000-2:2017</a> for PDF 2.0.  See <fddLink id="fdd000474">PDF_2_0</fddLink>.  For the current specifications from USGS, see <a href="http://pubs.usgs.gov/tm/tm11b2/">http://pubs.usgs.gov/tm/tm11b2/</a> for the US Topo Product Standard and <a href="http://pubs.usgs.gov/tm/11b03/">http://pubs.usgs.gov/tm/11b03/</a> for the Standard for the U.S. Geological Survey Historical Topographic Map Collection (HTMC).</p>
			<p>The compilers of this document <a href="../contact_format.shtml">welcome comments</a> contributing additional information about adoption and/or continued use of PDF georegistration 2.2 as a georegistration encoding.</p>
		</fdd:adoption>
		<fdd:licensingAndPatents>
			<p>GeoPDF is a registered trademark of TerraGo Technologies.  According to the specification published by OGC, the term GeoPDF may only be applied to products created under license from TerraGo.   OGC 08-139r3 introduced a section with more specific patent information.  This includes the statement, &quot;This specification is being provided by TerraGo on a reasonable and non-discriminatory,
royalty free basis (RAND-RF).&quot;</p>
			<p>See <fddLink id="fdd000030">PDF_family</fddLink> for patent and licensing information associated with PDF.</p>
		</fdd:licensingAndPatents>
		<fdd:transparency>Judging from example files, this georegistration encoding can usually be read by using an ASCII text editor to open the PDF file.  In practice, most PDFs have compression filters applied to most of the file content.  </fdd:transparency>
		<fdd:selfDocumentation>The georegistration encoding described here supplies limited geospatial metadata for maps or other georegistered illustrations in a PDF file, metadata sufficient to support measurement.  See <fddLink id="fdd000030">PDF_family</fddLink> for information on embedding metadata in PDF documents in general.</fdd:selfDocumentation>
		<fdd:externalDependencies>To get full value from a PDF with PDF georegistration 2.2 georegistration encoding as a user, you need the TerraGo Toolbar, an add-on to Adobe Reader.  The toolbar is freely downloadable (after registration), but works only on Windows.  For mobile devices, there is the TerraGo Edge app; this app is designed for data capture in the field, but can also be used as a viewer for GeoPDF maps.  See TerraGo Edge 4 on <a href="https://apps.apple.com/us/app/terrago-edge-4/id1223013346">Apple&apos;s App Store</a> and on <a href="https://play.google.com/store/apps/details?id=com.terragotech.edge">Google Play</a>.</fdd:externalDependencies>
		<fdd:techProtection>The encoding itself has no means of protection.  Encryption or other forms of technical protection may be applied to the file in which the georegistration information is embedded.</fdd:techProtection>
	</fdd:sustainabilityFactors>
	<fdd:qualityAndFunctionalityFactors>
		<fdd:stillImageQF>
			<fdd:normalImage>The georegistration encoding is independent of image quality and functionality.  See <fddLink id="fdd000030">PDF</fddLink> for discussion of quality and functionality factors for images in PDF documents.</fdd:normalImage>
			<fdd:clarity>See <fddLink id="fdd000030">PDF_family</fddLink>.</fdd:clarity>
			<fdd:colorMaint>See <fddLink id="fdd000030">PDF_family</fddLink>.</fdd:colorMaint>
			<fdd:graphics>See <fddLink id="fdd000030">PDF_family</fddLink>.</fdd:graphics>
			<fdd:multispectral>See <fddLink id="fdd000030">PDF_family</fddLink>.</fdd:multispectral>
			<fdd:beyondImage>See <fddLink id="fdd000030">PDF_family</fddLink>.</fdd:beyondImage>
		</fdd:stillImageQF>
		<fdd:gisQF>
			<fdd:normalGIS>
				<p>The PDF georegistration 2.2 encoding for georegistration of an illustration in a PDF file defines a <i>map frame</i> for the image, by providing data to map the coordinate system of the PDF page to a known coordinate reference system.  Three types of coordinate reference systems are supported: geodetic, projected, and unregistered cartesian (for engineering).  The map frame specifies the coordinate transformation matrix, all parameters required for a map projection (if used), the reference ellipsoid, and the geodetic datum.</p>
				<p>This encoding supports a list predefined geodetic datums and ellipsoids, by means of codes that correspond to names used by the GeoTrans software from the U.S. National Geospatial-Intelligence Agency.  Note that OGC 08-139r3 states, &quot;the OGC recognizes that the specification of the datum, ellipsoid, and CRS codes as used in this document do not conform to the EPSG database, the current de-facto normative reference for CRS metadata.&quot;  The encoding also supports custom geodetic datum definitions.  A geodetic datum is comprised of an ellipsoid, a known origin point, and a prime meridian. For PDF georegistration 2.2 encodings, a Greenwich prime meridian is assumed. The description for a custom geodetic datum may also specify a <i>shift</i> operation that converts (at least approximately) the geodetic datum’s coordinates to the widely-used World Geodetic System 1984 geodetic datum (WGS84).</p>
			</fdd:normalGIS>
			<fdd:metadataGIS>The PDF georegistration 2.2 encoding for georegistration provides specific technical geospatial metadata associated with an image within a document.  The encoding specification makes no assumptions or recommendations with respect to GIS metadata for the PDF document as a whole.  Version 1.4 of PDF and later support embedding of any metadata in XMP packages.  See <fddLink id="fdd000030">PDF_family</fddLink>.</fdd:metadataGIS>
		</fdd:gisQF>
	</fdd:qualityAndFunctionalityFactors>
	<fdd:fileTypeSignifiers>
		<fdd:signifiersGroup>
			<fdd:filenameExtension>
				<fdd:sigValueNA>Not applicable.</fdd:sigValueNA>
				<fdd:note>PDF georegistration 2.2 does not define a file format, but an encoding for georegistration information that may be associated with an image.  In practice, it will be embedded in a file in some version of the PDF format, and that file will likely have the extension <i>pdf</i>.</fdd:note>
			</fdd:filenameExtension>
			<fdd:other>
				<fdd:tag>File signature</fdd:tag>
				<fdd:values>
					<fdd:sigValues>
						<fdd:sigValue>/LGIDict</fdd:sigValue>
					</fdd:sigValues>
					<fdd:note>A PDF file including PDF georegistration 2.2 encoding will be recognized by the existence of an LGIDict entry associated with at least one page in the PDF.</fdd:note>
				</fdd:values>
			</fdd:other>
			<fdd:other>
				<fdd:tag>Pronom PUID</fdd:tag>
				<fdd:values>
					<fdd:sigValues>
						<fdd:sigValue>See note</fdd:sigValue>
					</fdd:sigValues>
					<fdd:note>No PUID as of May 2020.</fdd:note>
				</fdd:values>
			</fdd:other>
			<fdd:other>
				<fdd:tag>Wikidata Title ID</fdd:tag>
				<fdd:values>
					<fdd:sigValues>
						<fdd:sigValue>Q5533911</fdd:sigValue>
					</fdd:sigValues>
					<fdd:note>See <a href="https://www.wikidata.org/wiki/Q5533911">https://www.wikidata.org/wiki/Q5533911</a>.
					</fdd:note>
				</fdd:values>
			</fdd:other>
		</fdd:signifiersGroup>
	</fdd:fileTypeSignifiers>
	<fdd:notes>
		<fdd:general>
			<p>The PDF georegistration 2.2 encoding uses features of the PDF architecture to embed georegistration information into a page object.  It was the first widely adopted technique for supporting georegistration within a PDF.  With the release of Acrobat 9.0 and <fddLink id="fdd000313">ExtensionLevel 3 to PDF, Version 1.7</fddLink> in June 2008, Adobe introduced its own schemes for recording georegistration and 3D information in PDF documents.  See <fddLink id="fdd000315">PDF_1_7_geospatial</fddLink>.  In his February 2009 blog post, <a href="http://geopdf.blogspot.com/2009/02/ogc-approves-geopdf-22-as-ogc-best.html">OGC Approves GeoPDF 2.2 as OGC Best Practice</a>, George Demmy of TerraGo recommended, &quot;If you&apos;d like to roll-your-own geospatial PDF, I&apos;d recommend using Adobe&apos;s proposed geospatial extensions to ISO 32000. Our software supports this georegistration technique, and we&apos;re already moving in that direction.&quot;  The compilers of this resource have not attempted to determine the relative adoption of the two approaches to georegistration in PDF documents. <a href="../contact_format.shtml">Comments welcome</a>.</p>
			<p>Georegistration, as described here, supports the viewing and online measurement of maps and geospatial images. The TerraGo product line, using the GeoPDF trademark, also includes tools that use georegistration encoding together with an embedded database to support the collection of information in the field using annotations (markups) associated with a point on the map.  Application domains include emergency management, and management of natural resources and remote assets such as utility poles and railway track.  GeoPDF files created by or used with these tools can contain data payloads associated with locations on the georegistered image. The detailed encoding for these data payloads is not publicly specified.  <a href="../contact_format.shtml">Comments welcome</a>.</p>
		</fdd:general>
		<fdd:history>
			<p>The original georegistration encoding used in GeoPDF files was developed at Layton Graphics, Inc. in the early 2000s. The use of the name LGIDict for the encoding object within a PDF file reflects that origin.  Version 1 was drafted in 2002; version 2 was introduced in November 2003.  The mapping group of Layton Graphics was spun off as TerraGo Technologies in September 2005.  See <a href="http://geopdf.blogspot.com/2009/05/history-of-geopdf-pdf-map-books-lgiview.html">History of GeoPDF: PDF Map Books, LGIView, and LGIDict</a> (May 2009) and <a href="https://www.geospatialworld.net/news/layton-graphics-forms-terrago-technologies/">Layton Graphics forms TerraGo Technologies</a> (September 2005).</p>
			<p>The specification of version 2.2 of the this georegistration encoding was approved as an OGC Best Practice in February 2009 as OGC 08-139r1.  See the blog post, <a href="http://geopdf.blogspot.com/2009/02/ogc-approves-geopdf-22-as-ogc-best.html">OGC Approves GeoPDF 2.2 as OGC Best Practice</a>.  Publication as a best practice by the Open Geospatial Consortium (OGC) as OGC 08-139r2, with minor editorial changes, followed in April 2009.  In January 2011, a revision was published as PDF Georegistration Encoding Best Practice Version 2.2. OGC 08-139r3, with changes that were editorial and administrative and did not reflect changes in the specification for the encoding.</p>
			<p>The TerraGo product line now supports the Adobe geospatial extensions (introduced with Acrobat 9.1 in June 2008 and later incorporated into <a href="https://www.iso.org/standard/63534.html">ISO 32000-2:2017</a> for PDF 2.0) as well as the encoding specified in OGC 08-139.</p>
		</fdd:history>
	</fdd:notes>
	<fdd:formatSpecifications>
		<fdd:urls>
			<fdd:url>
				<fdd:urlReference>
					<link>https://portal.opengeospatial.org/files/?artifact_id=40537</link>
					<tag>PDF Geo-registration Encoding Best Practice Version 2.2 | OGC 08-139r3 (January 17, 2011)</tag>
				</fdd:urlReference>
			</fdd:url>
			<fdd:url>
				<fdd:urlReference>
					<link>https://portal.opengeospatial.org/files/?artifact_id=33332</link>
					<tag>GeoPDF Encoding Best Practice Version 2.2 | OGC 08-139r2 (April 16, 2009)</tag>
				</fdd:urlReference>
			</fdd:url>
		</fdd:urls>
	</fdd:formatSpecifications>
	<fdd:usefulReferences>
		<fdd:urls>
			<fdd:url>
				<fdd:urlReference>
					<link>http://geopdf.blogspot.com/</link>
					<tag>GeoPDF blog</tag>
					<comment>A blog, with most contributions by George Demmy of TerraGo Technologies, involved in the original development of the encoding.  In September 2010, this blog was closed with a message that blogging about GeoPDF would continue on a TerraGo blog (since discontinued).</comment>
				</fdd:urlReference>
			</fdd:url>
			<fdd:url>
				<fdd:urlGroup>
					<fdd:intro>Resources from TerraGo Technologies, Inc., current and in the past:</fdd:intro>
					<fdd:urlList>
						<fdd:urlReference>
							<link>https://terragotech.com/</link>
							<tag>TerraGo Technologies, Inc. website</tag>
						</fdd:urlReference>
						<fdd:urlReference>
							<link>https://terragotech.com/resources/</link>
							<tag>Resources page from TerraGo (current)</tag>
							<comment>Provides access to knowledge base, product guides, and sample GeoPDF files.</comment>
						</fdd:urlReference>
						<fdd:urlReference>
							<link>https://web.archive.org/web/20130304085654/http://www.terragotech.com/resources</link>
							<tag>Resources page (as of 2013)</tag>
							<comment>Provides access to datasheets, case studies, and sample GeoPDF files.</comment>
						</fdd:urlReference>
						<fdd:urlReference>
							<link>https://web.archive.org/web/20130503032051/http://www.terragotech.com/documents/case_studies/TerraGo-USGS-Case-Study.pdf</link>
							<tag>TerraGo: Customer Case Study: U.S. Geological Survey (USGS)</tag>
						</fdd:urlReference>
						<fdd:urlReference>
							<link>https://knowledge.terragotech.com/hc/en-us/articles/222796947-Do-TerraGo-GeoPDF-documents-use-a-special-or-proprietary-format-</link>
							<tag>Do TerraGo GeoPDF documents use a special or proprietary format?</tag>
							<comment>Mentions OGC and ISO 32000 encodings.</comment>
						</fdd:urlReference>
					</fdd:urlList>
				</fdd:urlGroup>
			</fdd:url>
			<fdd:url>
				<fdd:urlReference>
					<link>https://en.wikipedia.org/wiki/GeoPDF</link>
					<tag>Wikipedia entry for GeoPDF</tag>
				</fdd:urlReference>
			</fdd:url>
			<fdd:url>
				<fdd:urlGroup>
					<fdd:intro>OGC Best Practices Documents are related to the use and/or implementation of an OGC specification or adopted document. Approval as a Best Practice represents an endorsement of the content of the paper. </fdd:intro>
					<fdd:urlList>
						<fdd:urlReference>
							<link>https://www.ogc.org/docs/bp</link>
							<tag>OGC Best Practices</tag>
						</fdd:urlReference>
						<fdd:urlReference>
							<link>https://web.archive.org/web/20100628225919/http://www.opengeospatial.org/standards/bp</link>
							<tag>OGC Best Practices (as of June 2010) | link via Internet Archive</tag>
						</fdd:urlReference>
					</fdd:urlList>
				</fdd:urlGroup>
			</fdd:url>
			<fdd:url>
				<fdd:urlReference>
					<link>https://ngmdb.usgs.gov/topoview/viewer/</link>
					<tag>USGS: Get Maps (TopoView)</tag>
					<comment>Supports download of recent and historic U.S. Topo maps in GeoPDF format.</comment>
				</fdd:urlReference>
			</fdd:url>
			<fdd:url>
				<fdd:urlReference>
					<link>http://web.archive.org/web/20130214180326/http://www.agc.army.mil/fact_sheet/GeoPDF_Fact_Sheet.pdf</link>
					<tag>Factsheet from 2012 on GeoPDF distributions by the U.S. Army Corps of Engineers.</tag>
					<comment>Version with illustrations from 2012 via Internet Archive Wayback Machine at http://web.archive.org/web/20130214180326/http://www.agc.army.mil/fact_sheet/GeoPDF_Fact_Sheet.pdf</comment>
				</fdd:urlReference>
			</fdd:url>
			<fdd:url>
				<fdd:urlReference>
					<link>https://www.adobe.com/content/dam/acom/en/devnet/acrobat/pdfs/pdf_reference_1-7.pdf</link>
					<tag>PDF Reference, Sixth Edition, Version 1.7. November 2006</tag>
					<comment>Published by Adobe Systems Incorporated.</comment>
				</fdd:urlReference>
			</fdd:url>
			<fdd:url>
				<fdd:urlReference>
					<link>http://pubs.usgs.gov/tm/tm11b2/</link>
					<tag>US Topo Product Standard (current)</tag>
					<comment>US Topo Product Standard: U.S. Geological Survey Techniques and Methods 11–B2.</comment>
				</fdd:urlReference>
			</fdd:url>
			<fdd:url>
				<fdd:urlReference>
					<link>http://pubs.usgs.gov/tm/11b03/</link>
					<tag>Standards for Scanned U.S. Geological Survey Historical Topographic Quadrangle Collection (current)
</tag>
				</fdd:urlReference>
			</fdd:url>
			<fdd:url>
				<fdd:urlGroup>
					<fdd:intro>Raymond Caputo has written a number of articles and other materials on the adoption of the GeoPDF format in the Department of Defense and other U.S. Government agencies.  Caputo has worked at the US Army Geospatial Center (AGC) for many years as a Geographer and has led the AGC GeoPDF Program.</fdd:intro>
					<fdd:urlList>
						<fdd:urlReference>
							<link>https://web.archive.org/web/20080312131340/http://www.military-geospatial-technology.com/article.cfm?DocID=1986</link>
							<tag>Acrobatic Mapping (April 2007) | from Military Geospatial Technology magazine</tag>
						</fdd:urlReference>
						<fdd:urlReference>
							<link>https://apps.dtic.mil/dtic/tr/fulltext/u2/a560231.pdf</link>
							<tag>The GeoPDF Project: Creating Maps for the Non-Mapper (April 2010)</tag>
						</fdd:urlReference>
						<fdd:urlReference>
							<link>https://proceedings.esri.com/library/userconf/feduc11/papers/user/esri-feduc-11-distro-army-geo-referenced-pdf-file-project.pdf</link>
							<tag>Army Geospatial Portable Document Format (GeoPDF) Project | Presentation January 2011, Esri Conference</tag>
						</fdd:urlReference>
						<fdd:urlReference>
							<link>https://issuu.com/kmi_media_group/docs/sotech_11-7_final</link>
							<tag>Special Operations Technology (August 2013) </tag>
							<comment>Includes article (on pp. 14-15) on the GeoPDF project, by Raymond Caputo, about adoption of GeoPDF in the U.S. Government.</comment>
						</fdd:urlReference>
					</fdd:urlList>
				</fdd:urlGroup>
			</fdd:url>
			<fdd:url>
				<fdd:urlReference>
					<link>https://books.google.com/books?id=FTJULgC1tGgC&amp;pg=PA141&amp;lpg=PA141</link>
					<tag>Preservation in Digital Cartography: Archiving Aspects (2010) | edited by Markus Jobst</tag>
				</fdd:urlReference>
			</fdd:url>
			<fdd:url>
				<fdd:urlGroup>
					<fdd:intro>Resources related to the early history of GeoPDF:</fdd:intro>
					<fdd:urlList>
						<fdd:urlReference>
							<link>http://geopdf.blogspot.com/2009/05/history-of-geopdf-pdf-map-books-lgiview.html</link>
							<tag>History of GeoPDF: PDF Map Books, LGIView, and LGIDict (2009)</tag>
						</fdd:urlReference>
						<fdd:urlReference>
							<link>https://www.geospatialworld.net/news/layton-graphics-forms-terrago-technologies/</link>
							<tag>Layton Graphics forms TerraGo Technologies (2005) | Geospatial World, Sept 22, 2005.</tag>
						</fdd:urlReference>
					</fdd:urlList>
				</fdd:urlGroup>
			</fdd:url>
			<fdd:url>
				<fdd:urlReference>
					<link>https://www.wikidata.org/wiki/Q5533911</link>
					<tag>WikiData entry for Q5533911</tag>
					<comment>Information in WikiData about GeoPDF georegistration. WikiData Title ID: Q5533911.</comment>
				</fdd:urlReference>
			</fdd:url>
		</fdd:urls>
	</fdd:usefulReferences>
</fdd:FDD>
