<?xml version="1.0" encoding="UTF-8"?>
<fdd:FDD id="fdd000076" titleName="XML Document Type Definition (DTD)" shortName="XML_DTD" xmlns:xsi="http://www.w3.org/2001/XMLSchema-instance" xmlns:fdd="http://www.digitalpreservation.gov/formats/schemas/fdd/v1" xsi:schemaLocation="http://www.digitalpreservation.gov/formats/schemas/fdd/v1 http://www.digitalpreservation.gov/formats/schemas/fdd/v1/fdd-v1-0.xsd">
	<fdd:properties>
		<fdd:gdfrGenreSelection>
			<fdd:gdfrGenre>text</fdd:gdfrGenre>
		</fdd:gdfrGenreSelection>
		<fdd:gdfrForm>text</fdd:gdfrForm>
		<fdd:gdfrConstraint>structured</fdd:gdfrConstraint>
		<fdd:updates>
			<fdd:date>2008-03-18</fdd:date>
		</fdd:updates>
		<fdd:draftStatus>Partial</fdd:draftStatus>
	</fdd:properties>
	<fdd:identificationAndDescription>
		<fdd:fullName>XML Document Type Definition (DTD)</fdd:fullName>
		<fdd:keywords>
			<fdd:keyword>generic digital formats</fdd:keyword>
			<fdd:keyword>markup languages</fdd:keyword>
		</fdd:keywords>
		<fdd:description>An XML Document Type Definition is a formal expression (in XML) of the structural constraints for a class of XML documents. The DTD language constructs are element and attribute-list declarations. Element declarations name the elements allowed within a document of this type, and specify whether and how declared elements and runs of character data may be contained within each element. Attribute-list declarations name the permitted attributes for each declared element, including the type of each attribute value, if not an explicit set of valid value(s).  A DTD is associated with an XML document via a Document Type Declaration, which is a tag that appears near the start of the XML document. The declaration establishes that the document is an instance of the type defined by the referenced DTD.</fdd:description>
		<fdd:shortDescription>A formal expression (in XML) of the structural constraints for a class of XML documents, consisting of element and attribute-list declarations.</fdd:shortDescription>
		<fdd:relationships>
			<fdd:relationship>
				<fdd:typeOfRelationship>Subtype of</fdd:typeOfRelationship>
				<fdd:relatedTo>
					<fdd:id>fdd000075</fdd:id>
					<fdd:shortName>XML</fdd:shortName>
					<fdd:titleName>Extensible Markup Language</fdd:titleName>
				</fdd:relatedTo>
			</fdd:relationship>
		</fdd:relationships>
	</fdd:identificationAndDescription>
	<fdd:localUse>
		<fdd:experience>LC has developed and/or used various SGML and XML DTDs since the mid 1990s. Examples include: the <a href="http://memory.loc.gov/ammem/techdocs/amdtd.html">American Memory (AMMEM) SGML DTD</a> used for converted textual materials; the <a href="http://www.loc.gov/ead/">EAD Document Type Definition (DTD)</a>, a standard for encoding archival finding aids (originally SGML, now in an XML version); and the <a href="http://dtd.nlm.nih.gov/">NCBI/NLM Journal Archiving and Interchange DTD</a>. </fdd:experience>
	</fdd:localUse>
	<fdd:sustainabilityFactors>
		<fdd:disclosure>The language for expressing DTDs is defined within the specification of <fddLink id="fdd000075">XML</fddLink>.</fdd:disclosure>
		<fdd:documentation>
			<a href="http://www.w3.org/TR/REC-xml/">Extensible Markup Language (XML) 1.0</a>
		</fdd:documentation>
		<fdd:adoption>Widely adopted for specification of document-centric XML document types and use in publishing.  The various versions of HTML are defined through DTDs.  See list of <a href="http://www.utoronto.ca/webdocs/HTMLdocs/HTML_Spec/html.html ">HTML and XHTML Document Type Definitions</a> at University of Toronto.  Examples of other DTDs in widespread use within particular communities include News Industry Text Format (<fddLink id="fdd000014">NITF</fddLink>), <fddLink id="fdd000053">DTB (Digital Talking Book)</fddLink>, and the <fddLink id="fdd000174">NCBI/NLM Journal Archiving and Interchange DTD</fddLink>.
		 </fdd:adoption>
		<fdd:licensingAndPatents>None</fdd:licensingAndPatents>
		<fdd:transparency>See <fddLink id="fdd000075">XML</fddLink>.</fdd:transparency>
		<fdd:selfDocumentation>Comments as to purpose, structure, etc. can be embedded in DTD files.</fdd:selfDocumentation>
		<fdd:externalDependencies>None</fdd:externalDependencies>
		<fdd:techProtection>None</fdd:techProtection>
	</fdd:sustainabilityFactors>
	<fdd:qualityAndFunctionalityFactors>
		<fdd:textQF>
			<fdd:normalText>DTDs can be viewed and searched as normal text. <p>DTDs are not strictly &quot;normal&quot; text, since their function is to support the creation, validation, and manipulation of documents in the class they define.  Quality and functionality factors are typically assessed on the basis of a particular DTD and the fitness of the defined document class for the intended purpose.</p>
			</fdd:normalText>
		</fdd:textQF>
		<fdd:otherQF>
			<fdd:factor>
				<fdd:tag>Format specification</fdd:tag>
				<fdd:note>A DTD has the special purpose of defining a class of XML documents.</fdd:note>
			</fdd:factor>
		</fdd:otherQF>
	</fdd:qualityAndFunctionalityFactors>
	<fdd:fileTypeSignifiers>
		<fdd:signifiersGroup>
			<fdd:filenameExtension>
				<fdd:sigValues>
					<fdd:sigValue>dtd</fdd:sigValue>
				</fdd:sigValues>
			</fdd:filenameExtension>
			<fdd:internetMediaType>
				<fdd:sigValues>
					<fdd:sigValue>application/xml-dtd</fdd:sigValue>
				</fdd:sigValues>
				<fdd:note>See <a href="http://www.ietf.org/rfc/rfc3023.txt">RFC 3023</a> for further details.</fdd:note>
			</fdd:internetMediaType>
		</fdd:signifiersGroup>
	</fdd:fileTypeSignifiers>
	<fdd:notes>
		<fdd:general>As of March 2008, several document types formerly specified only as DTDs now also have specifications in the XML Schema or Relax NG languages.</fdd:general>
		<fdd:history>Derived from SGML Document Type Definition specification language.</fdd:history>
	</fdd:notes>
	<fdd:formatSpecifications>
		<fdd:urls>
			<fdd:url>
				<fdd:urlReference>
					<link>http://www.w3.org/TR/xml/</link>
					<tag>Extensible Markup Language (XML) 1.0 (Fourth Edition)</tag>
					<comment>W3C Recommendation 16 August 2006, Tim Bray, Jean Paoli, C. M. Sperberg-McQueen, Eve Maler, François Yergeau eds.</comment>
				</fdd:urlReference>
			</fdd:url>
		</fdd:urls>
	</fdd:formatSpecifications>
	<fdd:usefulReferences>
		<fdd:urls>
			<fdd:url>
				<fdd:urlGroup>
					<fdd:intro>See <fddLink id="fdd000075">XML</fddLink>.</fdd:intro>
				</fdd:urlGroup>
			</fdd:url>
		</fdd:urls>
		<fdd:citations>
			<fdd:citation>
				<fdd:bookReference>
					<bookRefDetail rel="au">Megginson, David</bookRefDetail>. <bookRefDetail rel="btitle">Structuring XML Documents</bookRefDetail>.  Upper Saddle River, NJ: Prentice Hall, <bookRefDetail rel="date">1998</bookRefDetail>. ISBN: <bookRefDetail rel="isbn">0-13-642299-3</bookRefDetail>
				</fdd:bookReference>
			</fdd:citation>
		</fdd:citations>
	</fdd:usefulReferences>
</fdd:FDD>
