<?xml version="1.0" encoding="UTF-8"?>
<fdd:FDD id="fdd000275" titleName="DTB (Digital Talking Book), 2005" shortName="DTB_2005" xmlns:xsi="http://www.w3.org/2001/XMLSchema-instance" xmlns:fdd="http://www.loc.gov/preservation/digital/formats/schemas/fdd/v1" xsi:schemaLocation="http://www.loc.gov/preservation/digital/formats/schemas/fdd/v1 http://www.loc.gov/preservation/digital/formats/schemas/fdd/v1/fdd-v1-1.xsd">
	<fdd:properties>
		<fdd:gdfrGenreSelection>
			<fdd:gdfrGenres>
				<fdd:gdfrGenre>text</fdd:gdfrGenre>
				<fdd:gdfrGenre>sound</fdd:gdfrGenre>
			</fdd:gdfrGenres>
		</fdd:gdfrGenreSelection>
		<fdd:formatCategories>
			<fdd:category>encoding</fdd:category>
			<fdd:category>file-format</fdd:category>
		</fdd:formatCategories>
		<fdd:gdfrComposition>container-bundle</fdd:gdfrComposition>
		<fdd:gdfrForm>text</fdd:gdfrForm>
		<fdd:gdfrConstraint>structured</fdd:gdfrConstraint>
		<fdd:gdfrBasis>symbolic</fdd:gdfrBasis>
		<fdd:updates>
			<fdd:date>2016-12-15</fdd:date>
		</fdd:updates>
		<fdd:draftStatus>Partial</fdd:draftStatus>
	</fdd:properties>
	<fdd:identificationAndDescription>
		<fdd:fullName>Digital Talking Book.  ANSI/NISO Z39.86-2005</fdd:fullName>
		<fdd:keywords>
			<fdd:keyword>DTB</fdd:keyword>
			<fdd:keyword>DAISY</fdd:keyword>
			<fdd:keyword>digital book formats</fdd:keyword>
		</fdd:keywords>
		<fdd:description>
			<p>The NISO Digital Talking Book Standard, ANSI/NISO Z39.86-2005, defines the format and content of the electronic file set that comprises a digital talking book (DTB) and establishes a limited set of requirements for DTB playback devices. It uses established and new specifications to delineate the structure of DTBs whose content can range from XML text only, to text with corresponding spoken audio, to audio with little or no text. DTBs are designed to make print material accessible and navigable for blind or otherwise print-disabled persons.  </p>
			<p>The standard comprises a set of files, including a mandatory package file, which incorporates a <i>manifest</i> listing all the other component files and a <i>spine</i>, which indicates logical reading order.  Component files can be of several types, including: a mandatory navigation control file (in XML); textual content (in XML); audio files; image files; synchronization files (in SMIL);  bookmark/highlight files (in XML).</p>
		</fdd:description>
		<fdd:shortDescription>NISO Digital Talking Book Standard, ANSI/NISO Z39.86-2005, defines the format and content of the electronic file set that comprises a digital talking book (DTB) and establishes a limited set of requirements for DTB playback devices.</fdd:shortDescription>
		<fdd:productionPhase>This bundle of files is likely to be used primarily as a middle-state format, with dissemination to end-users managed through publishers or aggregators who provide in a form appropriate for viewers/players that enforce limitations on access and use consistent with terms imposed by copyright holders.</fdd:productionPhase>
		<fdd:relationships>
			<fdd:relationship>
				<fdd:typeOfRelationship>Has earlier version</fdd:typeOfRelationship>
				<fdd:relatedTo>
					<fdd:id>fdd000053</fdd:id>
					<fdd:shortName>DTB_2002</fdd:shortName>
					<fdd:titleName>DTB (Digital Talking Book), 2002</fdd:titleName>
				</fdd:relatedTo>
				<fdd:comment>DAISY/NISO</fdd:comment>
			</fdd:relationship>
			<fdd:relationship>
				<fdd:typeOfRelationship>Contains</fdd:typeOfRelationship>
				<fdd:relatedTo>
					<fdd:id>fdd000054</fdd:id>
					<fdd:shortName>OEBPS_1_0</fdd:shortName>
					<fdd:titleName>OEBPS, Open Ebook Forum Publication Structure 1.0.1</fdd:titleName>
				</fdd:relatedTo>
			</fdd:relationship>
			<fdd:relationship>
				<fdd:typeOfRelationship>Defined via</fdd:typeOfRelationship>
				<fdd:relatedTo>
					<fdd:id>fdd000076</fdd:id>
					<fdd:shortName>XML_DTD</fdd:shortName>
					<fdd:titleName>XML Document Type Definition (DTD)</fdd:titleName>
				</fdd:relatedTo>
			</fdd:relationship>
			<fdd:relationship>
				<fdd:typeOfRelationship>May contain</fdd:typeOfRelationship>
				<fdd:relatedTo>
					<fdd:id>fdd000002</fdd:id>
					<fdd:shortName>WAVE_LPCM</fdd:shortName>
					<fdd:titleName>WAVE Audio File with LPCM Audio</fdd:titleName>
				</fdd:relatedTo>
			</fdd:relationship>
			<fdd:relationship>
				<fdd:typeOfRelationship>May contain</fdd:typeOfRelationship>
				<fdd:relatedTo>
					<fdd:id>fdd000012</fdd:id>
					<fdd:shortName>MP3_ENC</fdd:shortName>
					<fdd:titleName>MP3 Audio Encoding</fdd:titleName>
				</fdd:relatedTo>
			</fdd:relationship>
			<fdd:relationship>
				<fdd:typeOfRelationship>May contain</fdd:typeOfRelationship>
				<fdd:relatedTo>
					<fdd:id>fdd000114</fdd:id>
					<fdd:shortName>AAC_MP4</fdd:shortName>
					<fdd:titleName>Advanced Audio Coding (MPEG-4)</fdd:titleName>
				</fdd:relatedTo>
			</fdd:relationship>
			<fdd:relationship>
				<fdd:typeOfRelationship>Used by</fdd:typeOfRelationship>
				<fdd:relatedTo>
					<fdd:id>fdd000278</fdd:id>
					<fdd:shortName>EPUB_2</fdd:shortName>
					<fdd:titleName>Electronic Publication, Version 2</fdd:titleName>
				</fdd:relatedTo>
			</fdd:relationship>
		</fdd:relationships>
	</fdd:identificationAndDescription>
	<fdd:localUse>
		<fdd:experience>The National Library Service for the Blind and Physically Handicapped (NLS), which is part of LC, has been actively involved in the development of this standard.  The unit employs an extended version of the 2002 version of the DAISY/NISO standard, <fddLink id="fdd000256">DTB_2002_NLS</fddLink>.</fdd:experience>
	</fdd:localUse>
	<fdd:sustainabilityFactors>
		<fdd:disclosure>Open standard.  Specification freely downloadable.</fdd:disclosure>
		<fdd:documentation>
			<a href="http://www.niso.org/workrooms/daisy/Z39-86-2005.html">ANSI/NISO Z39.86-2005. Specifications for the Digital Talking Book</a> ISSN: 1041-5653
</fdd:documentation>
		<fdd:adoption>Not investigated for this version at this time.  See <fddLink id="fdd000053">DTB_2002</fddLink>. </fdd:adoption>
		<fdd:licensingAndPatents>None associated with the package format.</fdd:licensingAndPatents>
		<fdd:transparency> See <fddLink id="fdd000053">DTB_2002</fddLink>.</fdd:transparency>
		<fdd:selfDocumentation>The Package file can include Dublin Core metadata and an extended set of elements intended to record information about rights and the provenance and generation of the talking book from a source text.</fdd:selfDocumentation>
		<fdd:externalDependencies>None.  The format is designed to support effective use of special hardware and software players for the visually impaired, but does not require them.</fdd:externalDependencies>
		<fdd:techProtection>None in relation to the sets of files that comply with the ANSI/NISO Z39.86-2005 specification.  Digital Talking Books are likely to be distributed to end users via mechanisms that do impose technical protections.  Hence it is probable that LC will need to receive such files direct from publisher or aggregator by a special transmittal process rather than by harvesting as if an end user.
		</fdd:techProtection>
	</fdd:sustainabilityFactors>
	<fdd:qualityAndFunctionalityFactors>
		<fdd:soundQF>
			<fdd:normalSound>Good support.</fdd:normalSound>
			<fdd:fidelity>Not intended for audio quality beyond CD quality.  DTB players must support sample rates of 44.1, 22.05, and 11.025 kHz at a depth of 16 bits per sample. Compressed audio must be encoded such that the output sampling rate is restricted to one of the above three rates and uses a constant bit rate.  </fdd:fidelity>
			<fdd:channels>DTB Players are not required to support multiple channels, but must recognize stereo and render at least as monaural.</fdd:channels>
			<fdd:samples>No support.</fdd:samples>
			<fdd:beyondSound>Synchronization with text transcription.</fdd:beyondSound>
		</fdd:soundQF>
		<fdd:textQF>
			<fdd:normalText>Good support.</fdd:normalText>
			<fdd:structure>The logical structure of a document is an important part of a DTB with textual content.  See archived <a href="http://www.daisy.org/z3986/structure/archive-SG-DAISY2005/structguide.htm">DAISY Structure Guidelines</a> for DTB 2005.
			</fdd:structure>
			<fdd:layout>This standard focuses on the textual content, the logical structure, and the synchronization of text with audio of the text being read. Layout is not of primary significance in rendering for the visually impaired.</fdd:layout>
			<fdd:mathDiag>Not supported</fdd:mathDiag>
			<fdd:beyondText>Supports embedding of audio, images, and synchronization of text with audio of the text being read.</fdd:beyondText>
		</fdd:textQF>
	</fdd:qualityAndFunctionalityFactors>
	<fdd:fileTypeSignifiers>
		<fdd:signifiersGroup>
			<fdd:filenameExtension>
				<fdd:sigValues>
					<fdd:sigValue>opf</fdd:sigValue>
				</fdd:sigValues>
				<fdd:note>For the required Package file. Documented in DAISY/NISO standard.  Extensions and Internet Media Types listed below are for files commonly found in a Digital Talking Book container and listed in the manifest that is in the package file.</fdd:note>
			</fdd:filenameExtension>
			<fdd:internetMediaType>
				<fdd:sigValues>
					<fdd:sigValue>text/xml</fdd:sigValue>
				</fdd:sigValues>
				<fdd:note>Documented in DAISY/NISO standard.</fdd:note>
			</fdd:internetMediaType>
		</fdd:signifiersGroup>
		<fdd:signifiersGroup>
			<fdd:filenameExtension>
				<fdd:sigValues>
					<fdd:sigValue>xml</fdd:sigValue>
				</fdd:sigValues>
				<fdd:note>For textual content files (dtbook). Documented in DAISY/NISO standard.</fdd:note>
			</fdd:filenameExtension>
			<fdd:internetMediaType>
				<fdd:sigValues>
					<fdd:sigValue>application/x-dtbook+xml</fdd:sigValue>
				</fdd:sigValues>
				<fdd:note>Documented in DAISY/NISO standard.</fdd:note>
			</fdd:internetMediaType>
		</fdd:signifiersGroup>
		<fdd:signifiersGroup>
			<fdd:filenameExtension>
				<fdd:sigValues>
					<fdd:sigValue>ncx</fdd:sigValue>
				</fdd:sigValues>
				<fdd:note>For navigation control files (NCX). Documented in DAISY/NISO standard.</fdd:note>
			</fdd:filenameExtension>
			<fdd:internetMediaType>
				<fdd:sigValues>
					<fdd:sigValue>application/x-dtbncx+xml</fdd:sigValue>
				</fdd:sigValues>
				<fdd:note>Documented in DAISY/NISO standard.</fdd:note>
			</fdd:internetMediaType>
		</fdd:signifiersGroup>
		<fdd:signifiersGroup>
			<fdd:filenameExtension>
				<fdd:sigValues>
					<fdd:sigValue>mp4</fdd:sigValue>
				</fdd:sigValues>
				<fdd:note>For AAC_MP4 audio files. Documented in DAISY/NISO standard.</fdd:note>
			</fdd:filenameExtension>
			<fdd:internetMediaType>
				<fdd:sigValues>
					<fdd:sigValue>audio/mpeg4-generic</fdd:sigValue>
				</fdd:sigValues>
				<fdd:note>Documented in DAISY/NISO standard.</fdd:note>
			</fdd:internetMediaType>
		</fdd:signifiersGroup>
		<fdd:signifiersGroup>
			<fdd:filenameExtension>
				<fdd:sigValues>
					<fdd:sigValue>mp3</fdd:sigValue>
				</fdd:sigValues>
				<fdd:note>For MP3 audio files. Documented in DAISY/NISO standard.</fdd:note>
			</fdd:filenameExtension>
			<fdd:internetMediaType>
				<fdd:sigValues>
					<fdd:sigValue>audio/mpeg</fdd:sigValue>
				</fdd:sigValues>
				<fdd:note>Documented in DAISY/NISO standard.</fdd:note>
			</fdd:internetMediaType>
		</fdd:signifiersGroup>
		<fdd:signifiersGroup>
			<fdd:filenameExtension>
				<fdd:sigValues>
					<fdd:sigValue>wav</fdd:sigValue>
				</fdd:sigValues>
				<fdd:note>For WAVE_LPCM audio files. Documented in DAISY/NISO standard.</fdd:note>
			</fdd:filenameExtension>
			<fdd:internetMediaType>
				<fdd:sigValues>
					<fdd:sigValue>audio/x-wav</fdd:sigValue>
				</fdd:sigValues>
				<fdd:note>Documented in DAISYNISO standard.</fdd:note>
			</fdd:internetMediaType>
		</fdd:signifiersGroup>
		<fdd:signifiersGroup>
			<fdd:other>
				<fdd:tag>Wikidata Title ID</fdd:tag>
				<fdd:values>
					<fdd:sigValues>
						<fdd:sigValue>Q1151676</fdd:sigValue>
					</fdd:sigValues>
					<fdd:note>See <a href="https://www.wikidata.org/wiki/Q527723">https://www.wikidata.org/wiki/Q1151676</a>.
					</fdd:note>
				</fdd:values>
			</fdd:other>
		</fdd:signifiersGroup>
	</fdd:fileTypeSignifiers>
	<fdd:notes>
		<fdd:general>See <fddLink id="fdd000053">DTB_2002</fddLink>.</fdd:general>
		<fdd:history>See <fddLink id="fdd000053">DTB_2002</fddLink> for history through 2002 version.  See the September 2005 <a href="http://www.daisy.org/z3986/DAISY.Consortium.Roadmap.2005-09.html">Road Map to Implementation of DAISY</a>.  <p>The 2005 version of the standard uses SMIL 2 and richer XML markup for the textual content.  Some of the other more significant enhancements were: producer-controlled pauses, to allow a DTB author to cause the presentation to pause at specified points and wait for a user action, appropriate for use in workbooks; a more robust method of ensuring that players can maintain their location when navigation methods are mixed; a cleaner mechanism for enabling direct access to pages; and a more efficient method of identifying individual books when more than one is present on a single piece of media. 
Individual changes made to the standard are described in comments that can be viewed by reading the <a href="http://www.niso.org/workrooms/daisy/Z39-86-2005.html">HTML version</a> in an HTML authoring tool or with a text editor.</p>
			<p>In August 2008, the NISO membership approved the creation of a new working group to revise the 2005 version of the standard. </p>
		</fdd:history>
	</fdd:notes>
	<fdd:formatSpecifications>
		<fdd:urls>
			<fdd:url>
				<fdd:urlGroup>
					<fdd:intro> Versions of ANSI/NISO Z39.86 are downloadable from: <a href="http://www.niso.org/workrooms/daisy/">http://www.niso.org/workrooms/daisy/</a>
					</fdd:intro>
					<fdd:urlList>
						<fdd:urlReference>
							<link>http://www.niso.org/workrooms/daisy/Z39-86-2005.html</link>
							<tag>ANSI/NISO Z39.86 - 2005 as HTML</tag>
						</fdd:urlReference>
						<fdd:urlReference>
							<link>http://www.niso.org/workrooms/daisy/Z39-86-2005.pdf</link>
							<tag>ANSI/NISO Z39.86 - 2005 as PDF</tag>
						</fdd:urlReference>
					</fdd:urlList>
				</fdd:urlGroup>
			</fdd:url>
			<fdd:url>
				<fdd:urlGroup>
					<fdd:intro>The DAISY consortium is the maintenance agency for the DAISY/NISO Standard, officially, the ANSI/NISO Z39.86, Specifications for the Digital Talking Book.  Specifications are found at <a href="http://www.daisy.org/daisy-standard">http://www.daisy.org/daisy-standard</a>
					</fdd:intro>
					<fdd:urlList>
						<fdd:urlReference>
							<link>http://www.daisy.org/z3986/2005/Z3986-2005.html</link>
							<tag>ANSI/NISO Z39.86-2005. Specifications for the Digital Talking Book</tag>
							<comment>From daisy.org as HTML. </comment>
						</fdd:urlReference>
						<fdd:urlReference>
							<link>http://www.daisy.org/z3986/2005/errataDaisy_2005.html</link>
							<tag>Errata for DAISY/NISO Z39.68</tag>
						</fdd:urlReference>
					</fdd:urlList>
				</fdd:urlGroup>
			</fdd:url>
			<fdd:url>
				<fdd:urlReference>
					<link>http://www.techstreet.com/products/1262105</link>
					<tag>ANSI/NISO Z39.86-2005</tag>
					<comment>PDF and print copies available for purchase.</comment>
				</fdd:urlReference>
			</fdd:url>
		</fdd:urls>
		<fdd:citations>
			<fdd:citation>
				<fdd:specReference>
					<specRefDetail rel="snum">ANSI/NISO Z39.86</specRefDetail> - <specRefDetail rel="date">2005</specRefDetail>.   <specRefDetail rel="stitle">Specifications for the Digital Talking Book</specRefDetail>.  ISBN: 978-1-880124-63-5</fdd:specReference>
			</fdd:citation>
		</fdd:citations>
	</fdd:formatSpecifications>
	<fdd:usefulReferences>
		<fdd:urls>
			<fdd:url>
				<fdd:urlReference>
					<link>http://www.daisy.org/daisy-standard</link>
					<tag>Daisy Consortium, maintenance agency for NISO Z39.86</tag>
				</fdd:urlReference>
			</fdd:url>
			<fdd:url>
				<fdd:urlGroup>
					<fdd:intro>See also <fddLink id="fdd000053">DTB_2002</fddLink>.</fdd:intro>
				</fdd:urlGroup>
			</fdd:url>
			<fdd:url>
				<fdd:urlReference>
					<link>https://www.wikidata.org/wiki/Q1151676</link>
					<tag>WikiData entry for Q1151676</tag>
					<comment>Information in WikiData about DAISY Digital Talking Book. WikiData Title ID: Q1151676.</comment>
				</fdd:urlReference>
			</fdd:url>
		</fdd:urls>
	</fdd:usefulReferences>
</fdd:FDD>
