<?xml version="1.0" encoding="UTF-8"?>
<fdd:FDD id="fdd000499" titleName="MusicXML, Version 3.1" shortName="MusicXML_3_1" xmlns:xsi="http://www.w3.org/2001/XMLSchema-instance" xmlns:fdd="http://www.loc.gov/preservation/digital/formats/schemas/fdd/v1" xsi:schemaLocation="http://www.loc.gov/preservation/digital/formats/schemas/fdd/v1 http://www.loc.gov/preservation/digital/formats/schemas/fdd/v1/fdd-v1-1.xsd">
	<fdd:properties>
		<fdd:gdfrGenreSelection>
			<fdd:gdfrGenre>other</fdd:gdfrGenre>
		</fdd:gdfrGenreSelection>
		<fdd:formatCategories>
			<fdd:category>file-format</fdd:category>
		</fdd:formatCategories>
		<fdd:gdfrComposition>unitary</fdd:gdfrComposition>
		<fdd:gdfrForm>text</fdd:gdfrForm>
		<fdd:gdfrConstraint>structured</fdd:gdfrConstraint>
		<fdd:gdfrBasis>symbolic</fdd:gdfrBasis>
		<fdd:gdfrDomains>
			<fdd:gdfrDomain>
				<fdd:value>other</fdd:value>
				<fdd:comment>music notation</fdd:comment>
			</fdd:gdfrDomain>
		</fdd:gdfrDomains>
		<fdd:updates>
			<fdd:date>2019-05-09</fdd:date>
		</fdd:updates>
		<fdd:draftStatus>Preliminary</fdd:draftStatus>
	</fdd:properties>
	<fdd:identificationAndDescription>
		<fdd:fullName>MusicXML, Version 3.1</fdd:fullName>
		<fdd:keywords>
			<fdd:keyword>structured music formats</fdd:keyword>
		</fdd:keywords>
		<fdd:description>
			<p>MusicXML 3.1 is an openly documented XML-based format for representing Western musical notation, developed by the W3C <a href="https://www.w3.org/community/music-notation/">Music Notation Community Group</a> and released in December 2017.  Its specification is available both as XML document type definitions (DTDs) and in W3C&apos;s XML Schema Language under a liberal license following the form established by W3C for specifications produced by W3C Community Groups, the <a href="https://www.w3.org/community/about/agreements/fsa-deed/">W3C Community Final Specification Agreement</a>.  Previous MusicXML versions were released by Recordare LLC and MakeMusic, Inc.</p>
			<p>MusicXML is designed for sharing sheet music files between applications, and for archiving sheet music files for use in the future.  For a description of MusicXML in general, see <fddLink id="fdd000358">MusicXML_family</fddLink>.</p>
			<p> According to <a href="https://www.scoringnotes.com/news/working-group-releases-first-musicxml-update/">Working group releases its first MusicXML update</a> from Scoring Notes, Michael Good, MakeMusic’s vice president of MusicXML technologies and co-chair of the W3C group, stated that MusicXML 3.1 resolved 65 substantive issues in four major categories:</p>
			<ul>
				<li>better support for the Standard Music Font Layout (<a href="https://www.smufl.org/">SMuFL</a>)</li>
				<li>documentation improvements: clarifications and minor corrections</li>
				<li>packaging improvements: new file extension <i>.musicxml</i> recommended for uncompressed MusicXML files; mechanism for explicit inclusion of Internet Media Type in compressed XML packages; recommended Uniform Type Identifiers</li>
				<li>and fixes for better representation of appearance and semantics.</li>
			</ul>
			<p>Good said that “Daniel Spreadbury’s invention and advocacy of the SMuFL font standard provided the main impetus for this release. MusicXML needed to improve its SMuFL support in order to maintain its current level of interoperability.  SMuFL also provided the technology needed to solve formerly difficult problems such as the mixture of text with arbitrary musical symbols.” For more information about SMuFL, see <a href="#notes">Notes</a> below.  For detailed changes since version 3.0, see <a href="http://w3c.github.io/musicxml/">MusicXML
Version 3.1</a> (Final Community Group Report, 07 December 2017), which has links to the discussions relating to each issue.  According to the <a href="https://www.w3.org/community/music-notation/2017/12/14/musicxml-3-1-published-as-a-w3c-community-group-report/">release announcement</a>, more than half the issues related to SMuFL. </p>
			<p>Since MusicXML files are often large in comparison to the native binary formats used by score-writing software, they are often distributed as ZIP files, using Deflate compression and .mxl as file extension.  See <fddLink id="fdd000354">ZIP_PK</fddLink> for information about ZIP in general.  MusicXML 3.1 introduced a small change to the specification for this package. The first file in a .mxl package should have the name <i>mimetype</i> and declare the Internet Media Type (MIME type) of <i>application/vnd.recordare.musicxml</i>, following the form used in EPUB 3.1.</p>
		</fdd:description>
		<fdd:shortDescription>An XML-based format for representing Western musical notation.  MusicXML 3.1 was released in December 2017.  Represents the semantics of the underlying musical data, designed as an interchange format for music notation, analysis, retrieval, and performance applications.</fdd:shortDescription>
		<fdd:productionPhase>See <fddLink id="fdd000358">MusicXML_family</fddLink>.</fdd:productionPhase>
		<fdd:relationships>
			<fdd:relationship>
				<fdd:typeOfRelationship>Subtype of</fdd:typeOfRelationship>
				<fdd:relatedTo>
					<fdd:id>fdd000358</fdd:id>
					<fdd:shortName>MusicXML_family</fdd:shortName>
					<fdd:titleName>MusicXML File Format Family</fdd:titleName>
				</fdd:relatedTo>
			</fdd:relationship>
			<fdd:relationship>
				<fdd:typeOfRelationship>Has earlier version</fdd:typeOfRelationship>
				<fdd:relatedTo>
					<fdd:id>fdd000503</fdd:id>
					<fdd:shortName>MusicXML_3_0</fdd:shortName>
					<fdd:titleName>MusicXML, Version 3</fdd:titleName>
				</fdd:relatedTo>
				<fdd:comment>Scores compliant with version 3.0 are also valid version 3.1 files.</fdd:comment>
			</fdd:relationship>
			<fdd:relationship>
				<fdd:typeOfRelationship>Affinity to</fdd:typeOfRelationship>
				<fdd:comment>In addition to the straightforward XML version, a compressed form of MusicXML has been defined, based on the ZIP format, and using the .mxl file extension.  Compressed MusicXML is not currently described separately on this website.</fdd:comment>
			</fdd:relationship>
			<fdd:relationship>
				<fdd:typeOfRelationship>Defined via</fdd:typeOfRelationship>
				<fdd:relatedTo>
					<fdd:id>fdd000076</fdd:id>
					<fdd:shortName>XML_DTD</fdd:shortName>
					<fdd:titleName>XML Document Type Definition</fdd:titleName>
				</fdd:relatedTo>
			</fdd:relationship>
			<fdd:relationship>
				<fdd:typeOfRelationship>Defined via</fdd:typeOfRelationship>
				<fdd:relatedTo>
					<fdd:id>fdd000077</fdd:id>
					<fdd:shortName>XML_Schema_1_0</fdd:shortName>
					<fdd:titleName>W3C XML Schema Language</fdd:titleName>
				</fdd:relatedTo>
			</fdd:relationship>
		</fdd:relationships>
	</fdd:identificationAndDescription>
	<fdd:localUse>
		<fdd:preference>See <fddLink id="fdd000358">MusicXML_family</fddLink>.</fdd:preference>
	</fdd:localUse>
	<fdd:sustainabilityFactors>
		<fdd:disclosure>Version 3.1 of MusicXML is fully and openly documented through XML document type definitions (DTDs) and a specification in the W3C XML Schema language. Since July 2015, the MusicXML specification has been developed and maintained by the <a href="https://www.w3.org/community/music-notation/">W3C Music Notation Community Group</a>. Earlier versions were made available by Recordare LLC and MakeMusic, Inc.</fdd:disclosure>
		<fdd:documentation>
			<p>The specification for MusicXML, Version 3.1 is available from <a href="https://github.com/w3c/musicxml/releases/tag/v3.1">https://github.com/w3c/musicxml/releases/tag/v3.1</a> as XML schema and DTD files.  An introduction is at <a href="http://w3c.github.io/musicxml/">http://w3c.github.io/musicxml/</a> as MusicXML
Version 3.1,
Final Community Group Report (07 December 2017).</p>
			<p>Extensive <a href="https://www.musicxml.com/tutorial/">tutorials</a> on the MusicXML website support the specification.</p>
		</fdd:documentation>
		<fdd:adoption>See <fddLink id="fdd000358">MusicXML_family</fddLink>.</fdd:adoption>
		<fdd:licensingAndPatents>
			<p>The MusicXML DTD and XSD files for Version 3.1 are freely redistributable under the W3C Community Final Specification Agreement.  See <a href="https://www.w3.org/community/about/agreements/fsa-deed/">W3C Community Final Specification Agreement (FSA) Deed</a>.  This agreement incorporates commitments made by participants in the community group, using the <a href="https://www.w3.org/community/about/agreements/cla/">W3C Community Contributor License Agreement (CLA)</a>.</p>
		</fdd:licensingAndPatents>
		<fdd:transparency>See <fddLink id="fdd000358">MusicXML_family</fddLink>.</fdd:transparency>
		<fdd:selfDocumentation>See <fddLink id="fdd000358">MusicXML_family</fddLink>.</fdd:selfDocumentation>
		<fdd:externalDependencies>See <fddLink id="fdd000358">MusicXML_family</fddLink>.</fdd:externalDependencies>
		<fdd:techProtection>See <fddLink id="fdd000358">MusicXML_family</fddLink>.</fdd:techProtection>
	</fdd:sustainabilityFactors>
	<fdd:qualityAndFunctionalityFactors>
		<fdd:textQF>
			<fdd:normalText>See <fddLink id="fdd000358">MusicXML_family</fddLink>.</fdd:normalText>
			<fdd:structure>See <fddLink id="fdd000358">MusicXML_family</fddLink>.</fdd:structure>
			<fdd:layout>See <fddLink id="fdd000358">MusicXML_family</fddLink>.</fdd:layout>
			<fdd:beyondText>See <fddLink id="fdd000358">MusicXML_family</fddLink>.</fdd:beyondText>
		</fdd:textQF>
	</fdd:qualityAndFunctionalityFactors>
	<fdd:fileTypeSignifiers>
		<fdd:signifiersGroup>
			<fdd:filenameExtension>
				<fdd:sigValues>
					<fdd:sigValue>musicxml</fdd:sigValue>
					<fdd:sigValue>xml</fdd:sigValue>
				</fdd:sigValues>
				<fdd:note>The .musicxml extension was introduced with version 3.1 of the MusicXML specification.  In practice, the .xml extension is also still in use.  The container.dtd file as distributed in the schema download for MusicXML 3.1, states, &quot;The recommended file extension for uncompressed
MusicXML files is .musicxml. Older versions of MusicXML use
	.xml as the extension for uncompressed MusicXML files, so it
	is recommended that applications be prepared to read files
with the .xml extension as well.&quot;</fdd:note>
			</fdd:filenameExtension>
			<fdd:internetMediaType>
				<fdd:sigValues>
					<fdd:sigValue>application/vnd.recordare.musicxml+xml</fdd:sigValue>
				</fdd:sigValues>
				<fdd:note>See IANA <a href="http://www.iana.org/assignments/media-types/application/vnd.recordare.musicxml+xml">registration for uncompressed MusicXML</a>.  For compressed MusicXML files, the media type <i>application/vnd.recordare.musicxml</i> is used.</fdd:note>
			</fdd:internetMediaType>
			<fdd:magicNumbers>
				<fdd:sigValueNA>See note.</fdd:sigValueNA>
				<fdd:note>No magic number is specified in the IANA registration.  For MusicXML 3.1 the file typically begins with <i>&lt;?xml version=&quot;1.0&quot; encoding=&quot;UTF-8&quot;?&gt;</i> followed by a DOCTYPE declaration that includes the string <i>PUBLIC &quot;-//Recordare//DTD MusicXML 3.1</i>. Note that case is not significant in this string.</fdd:note>
			</fdd:magicNumbers>
			<fdd:other>
				<fdd:tag>Indicator for profile, level, version, etc.</fdd:tag>
				<fdd:values>
					<fdd:sigValueNA>See note.</fdd:sigValueNA>
					<fdd:note>The version of MusicXML used in a document is found in the version attribute in the root element (&lt;score-partwise&gt;, &lt;score-timewise&gt;, or &lt;opus&gt;).  For MusicXML 3.1, the value should be &quot;3.1&quot;.  A document with no version attribute in the root element is assumed to be in MusicXML version 1.0.</fdd:note>
				</fdd:values>
			</fdd:other>
			<fdd:other>
				<fdd:tag>XML DOCTYPE declaration</fdd:tag>
				<fdd:values>
					<fdd:sigValueNA>See note.</fdd:sigValueNA>
					<fdd:note>For MusicXML 3.1 the DOCTYPE declaration for a document should include the string <i>PUBLIC &quot;-//Recordare//DTD MusicXML 3.1</i>.  The exact form of the declaration depends on whether the root element is &lt;score-partwise&gt;, &lt;score-timewise&gt;, or &lt;opus&gt;.</fdd:note>
				</fdd:values>
			</fdd:other>
			<fdd:other>
				<fdd:tag>Uniform Type Identifier (Mac OS)</fdd:tag>
				<fdd:values>
					<fdd:sigValues>
						<fdd:sigValue>com.recordare.musicxml.uncompressed</fdd:sigValue>
					</fdd:sigValues>
					<fdd:note>Documented in container.dtd as distributed in the <a href="https://github.com/w3c/musicxml/releases/tag/v3.1">schema download for MusicXML</a> 3.1.</fdd:note>
				</fdd:values>
			</fdd:other>
			<fdd:other>
				<fdd:tag>Pronom PUID</fdd:tag>
				<fdd:values>
					<fdd:sigValueNA>See note.</fdd:sigValueNA>
					<fdd:note>PRONOM does not distinguish between versions of MusicXML.  See <a href="http://www.nationalarchives.gov.uk/PRONOM/fmt/896">http://www.nationalarchives.gov.uk/PRONOM/fmt/896</a> for entry for the entire MusicXML family.</fdd:note>
				</fdd:values>
			</fdd:other>
			<fdd:other>
				<fdd:tag>Wikidata Title ID</fdd:tag>
				<fdd:values>
					<fdd:sigValueNA>See note.</fdd:sigValueNA>
					<fdd:note>Wikidata does not have separate Title IDs for versions of MusicXML.  See <a href="https://www.wikidata.org/wiki/Q653301">https://www.wikidata.org/wiki/Q653301</a> for information for entire MusicXML family.</fdd:note>
				</fdd:values>
			</fdd:other>
		</fdd:signifiersGroup>
	</fdd:fileTypeSignifiers>
	<fdd:notes>
		<fdd:general>
			<p>
				<b>Standard Music Font Layout</b> (<a href="https://www.smufl.org/">SMuFL</a>):  The goal of SMuFL is to establish a new standard glyph mapping for musical symbols that is optimised for modern font formats and that can be adopted by a variety of software vendors and font designers, for the benefit of all users of music notation software. In March 2019, <a href="http://w3c.github.io/smufl/gitbook/index.html">Standard Music Font Layout (SMuFL),
Version 1.3</a> was published as a Final Community Group Report on 5 March 2019.  Version 1.3 is the first version released by the W3C Music Notation Community Group.  Previous SMuFL versions were released by <a href="https://www.steinberg.net/en/home.html">Steinberg Media Technologies GmbH</a>.</p>
			<p>SMuFL provides the basis for music font mapping by taking advantage of Unicode and OpenType fonts.

SMuFL uses the standard Private Use Area in the Basic Multilingual Plane (starting at code point U+E000), and currently includes just over 2440 recommended characters, plus several hundred further optional but recommended glyphs, primarily ligatures (i.e. two or more symbols drawn as a single glyph) and stylistic alternates (i.e. a different appearance for the same character with equivalent meaning).  SMuFL is a superset of the Unicode Musical Symbols range, and it is recommended that common characters are included in fonts both at code points in SMuFL and in the Unicode Musical Symbols range.  Room for future expansion has been left, so code points are not contiguous. The code point of each character in SMuFL, starting with SMuFL 1.0 is intended to be immutable, and likewise every character has a canonical name, also intended to be immutable.  Information about SMuFL-compatible fonts is at <a href="https://www.smufl.org/fonts/">https://www.smufl.org/fonts/</a>.</p>
		</fdd:general>
		<fdd:history>
			<p>MusicXML was originally developed by Michael Good of Recordare LLC., with Version 1.0 released in January 2004.  Recordare was acquired by MakeMusic, Inc., in late 2011.  Copyright in the specifications through 3.0 was transferred to MakeMusic at the same time.  MakeMusic made versions through 3.0 of the specification available under a royalty-free license.  According to a <a href="https://www.scoringnotes.com/news/makemusic-and-steinberg-transfer-development-of-musicxml-and-smufl-to-web-community-group/">2015 post</a> from Scoring Notes, MakeMusic and Steinberg transferred development of MusicXML and SMuFL to the W3C Music Notation Community Group on July 28, 2015.  MusicXML 3.1 was released in December 2017.  A complete version history for MusicXML is at <a href="https://www.musicxml.com/for-developers/version-history/">https://www.musicxml.com/for-developers/version-history/</a>.</p>
		</fdd:history>
	</fdd:notes>
	<fdd:formatSpecifications>
		<fdd:urls>
			<fdd:url>
				<fdd:urlReference>
					<link>https://www.w3.org/2017/12/musicxml31/</link>
					<tag>MusicXML Version 3.1,
Final Community Group Report, 07 December 2017 | Hosted by W3C</tag>
					<comment>This report lists changes from version 3.0 and links to the schema and DTD files that define the format.</comment>
				</fdd:urlReference>
			</fdd:url>
			<fdd:url>
				<fdd:urlReference>
					<link>https://github.com/w3c/musicxml/releases/tag/v3.1</link>
					<tag>MusicXML 3.1 schemas</tag>
					<comment>The specification for MusicXML is defined by its schemas (DTD and XML Schema files).</comment>
				</fdd:urlReference>
			</fdd:url>
		</fdd:urls>
	</fdd:formatSpecifications>
	<fdd:usefulReferences>
		<fdd:urls>
			<fdd:url>
				<fdd:urlReference>
					<link>https://www.musicxml.com/</link>
					<tag>Home page for the MusicXML format</tag>
					<comment>Hosted by MakeMusic.  Links to FAQ, tutorials, publications, etc.  https://www.musicxml.org/  redirects here as of April 2019.</comment>
				</fdd:urlReference>
			</fdd:url>
			<fdd:url>
				<fdd:urlReference>
					<link>https://www.w3.org/community/music-notation/</link>
					<tag>Home page for the W3C Music Notation Community Group</tag>
				</fdd:urlReference>
			</fdd:url>
			<fdd:url>
				<fdd:urlReference>
					<link>https://en.wikipedia.org/wiki/MusicXML</link>
					<tag>MusicXML page on Wikipedia</tag>
				</fdd:urlReference>
			</fdd:url>
			<fdd:url>
				<fdd:urlReference>
					<link>https://www.w3.org/community/music-notation/2017/12/14/musicxml-3-1-published-as-a-w3c-community-group-report/</link>
					<tag>MusicXML 3.1 Published as a W3C Community Group Report (December 14, 2017)</tag>
					<comment>Announcement of release of MusicXML 3.1.</comment>
				</fdd:urlReference>
			</fdd:url>
			<fdd:url>
				<fdd:urlGroup>
					<fdd:intro>See also <fddLink id="fdd000358">MusicXML_family</fddLink>.</fdd:intro>
				</fdd:urlGroup>
			</fdd:url>
		</fdd:urls>
	</fdd:usefulReferences>
</fdd:FDD>
