<?xml version="1.0" encoding="UTF-8"?>
<fdd:FDD id="fdd000422" titleName="ESRI GridFloat Output File" shortName="ESRI_GridFloat" xmlns:xsi="http://www.w3.org/2001/XMLSchema-instance" xmlns:fdd="http://www.loc.gov/preservation/digital/formats/schemas/fdd/v1" xsi:schemaLocation="http://www.loc.gov/preservation/digital/formats/schemas/fdd/v1 http://www.loc.gov/preservation/digital/formats/schemas/fdd/v1/fdd-v1-1.xsd">
	<fdd:properties>
		<fdd:gdfrGenreSelection>
			<fdd:gdfrGenre>dataset</fdd:gdfrGenre>
		</fdd:gdfrGenreSelection>
		<fdd:formatCategories>
			<fdd:category>file-group</fdd:category>
		</fdd:formatCategories>
		<fdd:gdfrComposition>unitary</fdd:gdfrComposition>
		<fdd:gdfrForm>binary</fdd:gdfrForm>
		<fdd:gdfrConstraint>structured</fdd:gdfrConstraint>
		<fdd:gdfrDomains>
			<fdd:gdfrDomain>
				<fdd:value>gis</fdd:value>
			</fdd:gdfrDomain>
		</fdd:gdfrDomains>
		<fdd:updates>
			<fdd:date>2015-02-07</fdd:date>
		</fdd:updates>
		<fdd:draftStatus>Preliminary</fdd:draftStatus>
	</fdd:properties>
	<fdd:identificationAndDescription>
		<fdd:fullName>ESRI GridFloat Output File</fdd:fullName>
		<fdd:keywords>
			<fdd:keyword>raster image formats</fdd:keyword>
			<fdd:keyword>geospatial data formats</fdd:keyword>
		</fdd:keywords>
		<fdd:description>
			<p>Output format created by the GRIDFLOAT command (from ArcInfo Workstation) and by the Raster to Float tool in ArcGIS for Desktop.

ESRI_GridFloat is an interchange format, used primarily for exchange with other programs.  The semantics of ESRI_GridFloat are identical to those of <fddLink id="fdd000421">ESRI_ASCII_Grid</fddLink>.  In terms of format structure, however, there are two differences.  First, in ESRI_GridFloat the gridded data values are in binary form, typically resulting in smaller files.  Second, ESRI_GridFloat is a pair of files: a simple text file with extension <i>.hdr</i> that contains the same information as the first six lines of the equivalent ESRI_ASCII_Grid with one additional line; and the primary content of numeric values in binary form in a file with extension <i>.flt</i>.  The two files are associated by sharing the filename before the period, e.g., myfile.flt and myfile.hdr.  Any coordinate system can be used to define the grid (aka raster), including the widely used angular measurements with <a href="http://www.esri.com/news/arcuser/0400/wdside.html">arc-seconds</a> as units.  The grid is rectangular.  Cells must be &quot;square&quot; in the chosen unit since cell size is defined by a single parameter.</p>
			<p>The header file defines the properties of the grid, such as the cell size, the number of rows and columns, and the coordinates of the origin of the rectangular grid.  The header keywords can be in upper or lower case.</p>
			<ul>
				<li>NCOLS <i>xxx</i>
				</li>
				<li>NROWS <i>xxx</i>
				</li>
				<li>XLLCENTER <i>xxx</i>
 or  XLLCORNER <i>xxx</i>
				</li>
				<li>YLLCENTER <i>xxx</i>
 or  YLLCORNER <i>xxx</i>
				</li>
				<li>CELLSIZE <i>xxx</i>
					<br/>[the length of one side of a square grid cell in same units as coordinate system used to locate the lower left center]</li>
				<li>NODATA_VALUE <i>xxx</i>
					<br/>[Cells without actual values can be assigned a <i>NoData</i> value.  The default value for <i>NoData</i> is -9999 but a different value can be specified in the header as shown in example below.]</li>
				<li>BYTEORDER MSBFIRST or BYTEORDER LSBFIRST<br/>[Specifying whether the values have the most significant byte first or the least significant byte first.  See <a href="#notes">Notes</a> below.]</li>
			</ul>
			<p>An example header file:</p>
			<ul>
				<li>NCOLS 4</li>
				<li>NROWS 6</li>
				<li>XLLCORNER 378923</li>
				<li>YLLCORNER 4072345
</li>
				<li>CELLSIZE 30</li>
				<li>NODATA_VALUE -9999.9999</li>
				<li>BYTEORDER MSBFIRST</li>
			</ul>
			<p>The .flt file holds values for a single numeric measure, a value for each cell in the rectangular grid.  The numeric values are in IEEE floating-point 32-bit (aka single-precision) signed binary format.  The first number in the .flt file corresponds to the top left cell of the raster/grid.  Going from left to right along the top row, the first 32 bits form the value for the first cell, the next 32 bits the value for the second cell, and so on, to the end of the top row. This is repeated for the second row of the raster, continuing to the lower right-hand cell.</p>
		</fdd:description>
		<fdd:shortDescription>A simple interchange format, originating used primarily for exchange of a single layer of gridded or raster data between software programs.  The contents represent a single measure for each cell in a rectangular grid.  The many file consists of numbers in binary form.  An auxiliary header file specifies the grid dimensions and, optionally, coordinates to relate the grid to other georeferenced data.</fdd:shortDescription>
		<fdd:productionPhase>Primarily a middle-state format used for data exchange.</fdd:productionPhase>
		<fdd:relationships>
			<fdd:relationship>
				<fdd:typeOfRelationship>Equivalent to</fdd:typeOfRelationship>
				<fdd:relatedTo>
					<fdd:id>fdd000421</fdd:id>
					<fdd:shortName>ESRI_ASCII_Grid</fdd:shortName>
					<fdd:titleName>ESRI ArcInfo ASCII Grid</fdd:titleName>
				</fdd:relatedTo>
				<fdd:comment>The distinction between the two formats is the representation of the numbers.</fdd:comment>
			</fdd:relationship>
		</fdd:relationships>
	</fdd:identificationAndDescription>
	<fdd:sustainabilityFactors>
		<fdd:disclosure>Very simple file format, designed by ESRI for exchange of gridded data for a single measure.  ESRI describes the format informally in its application help files.  Although it was designed by ESRI, it is so simple as to be essentially non-proprietary.</fdd:disclosure>
		<fdd:documentation>
			<p>In the latest help for ESRI&apos;s ArcGIS for Desktop (version 10.3 as of early 2015), <a href="http://desktop.arcgis.com/en/desktop/latest/tools/conversion-toolbox/float-to-raster.htm">ArcGIS for Desktop: Float to Raster</a> describes the format informally.  A slightly more detailed description was available in the help for version 9.3 at <a href="http://webhelp.esri.com/arcgisdesktop/9.3/index.cfm?TopicName=ImportFromFloat">ArcGIS Desktop 9.3 Help: Import from Float</a>.</p>
		</fdd:documentation>
		<fdd:adoption>
			<p>Supported by ESRI GIS applications for which it was developed as an interchange format.  As a very simple format, data in this format can be read into a matrix with simple code in almost any programming language.  For example, MATLAB instructions are described in this <a href="http://www.mathworks.com/matlabcentral/newsreader/view_thread/237232">thread from 2008</a>.  An open source gridfloat utility in C can be found at <a href="https://github.com/bauerca/gridfloat">Github: bauerca/gridfloat</a>.  Javascript code to input a file can be found at <a href="http://wiki.unity3d.com/index.php/HeightmapFromGridFloat">HeightmapFromGridFloat</a>.</p>
			<p>As of early 2015, the USGS <a href="http://nationalmap.gov/data_delivery/ned.html">National Elevation Dataset</a> (NED) 1 and 1/3 arc-second datasets are distributed through pre-packaged 1x1 degree tiles in ArcGrid, GridFloat and IMG formats.  These are all binary formats, with GridFloat being the simplest format.</p>
		</fdd:adoption>
		<fdd:licensingAndPatents>No concerns</fdd:licensingAndPatents>
		<fdd:transparency>Not human readable.  However the .flt file has such a simple structure, that writing code to interpret the numbers is straightforward, assuming that the associated .hdr file is present.</fdd:transparency>
		<fdd:selfDocumentation>See <fddLink id="fdd000421">ESRI_ASCII_Grid</fddLink>.</fdd:selfDocumentation>
		<fdd:externalDependencies>None</fdd:externalDependencies>
		<fdd:techProtection>No capabilities for encryption or other technical protection within the format.</fdd:techProtection>
	</fdd:sustainabilityFactors>
	<fdd:fileTypeSignifiers>
		<fdd:signifiersGroup>
			<fdd:filenameExtension>
				<fdd:sigValues>
					<fdd:sigValue>flt</fdd:sigValue>
				</fdd:sigValues>
				<fdd:note>For primary file containing numeric values to fill a rectangular grid.</fdd:note>
			</fdd:filenameExtension>
		</fdd:signifiersGroup>
		<fdd:signifiersGroup>
			<fdd:filenameExtension>
				<fdd:sigValues>
					<fdd:sigValue>hdr</fdd:sigValue>
				</fdd:sigValues>
				<fdd:note>For accompanying header file.</fdd:note>
			</fdd:filenameExtension>
		</fdd:signifiersGroup>
	</fdd:fileTypeSignifiers>
	<fdd:notes>
		<fdd:general>
			<p>
				<b>Byte order:</b> Binary numbers are typically stored as 32 bits (4 bytes) or 64 bits (8 bytes).  Computer processor architectures vary as to the order used for bytes within these multi-byte units.  See <a href="http://en.wikipedia.org/wiki/Endianness">Endianness on Wikipedia</a>.  The byte order in the .hdr file is based on the system used when the binary file was generated.  There are two byte orders in common use:</p>
			<ul>
				<li>LSBFIRST is Least Significant Byte First, also known as <i>little-endian</i> or <i>Intel-order</i>.  Intel x86 and DEC Alpha microprocessors use little-endian architectures.</li>
				<li>MSBFIRST is Most Significant Byte First, also known as being <i>big-endian</i>, <i>Motorola-order</i> and occasionally <i>network order</i>.
According to <a href="http://webhelp.esri.com/arcgisdesktop/9.3/index.cfm?TopicName=ImportFromFloat">ArcGIS Desktop 9.3 Help: Import From Float</a> from 2008, most UNIX systems had used big-endian microprocessors.</li>
				<li>VMS_FFLOAT is also listed as an acceptable value for BYTEORDER in some ESRI documentation.  This presumably refers to the 32-bit floating point number format used in VAX operating systems. See <a href="http://nssdc.gsfc.nasa.gov/nssdc/formats/VAXFloatingPoint.htm">VAX Floating Point Numbers</a>.</li>
			</ul>
			<p>More recent chip architectures are <i>bi-endian</i>, where the byte order is switchable.
</p>
		</fdd:general>
	</fdd:notes>
	<fdd:formatSpecifications>
		<fdd:urls>
			<fdd:url>
				<fdd:urlReference>
					<link>http://desktop.arcgis.com/en/desktop/latest/tools/conversion-toolbox/raster-to-float.htm</link>
					<tag>ArcGIS Conversion Toolbox: Raster to Float</tag>
				</fdd:urlReference>
			</fdd:url>
			<fdd:url>
				<fdd:urlReference>
					<link>http://desktop.arcgis.com/en/desktop/latest/tools/conversion-toolbox/float-to-raster.htm</link>
					<tag>ArcGIS Conversion Toolbox: Float to Raster</tag>
				</fdd:urlReference>
			</fdd:url>
			<fdd:url>
				<fdd:urlReference>
					<link>http://webhelp.esri.com/arcgisdesktop/9.3/index.cfm?TopicName=ImportFromFloat</link>
					<tag>ArcGIS Desktop 9.3 Help: Import from Float</tag>
				</fdd:urlReference>
			</fdd:url>
			<fdd:url>
				<fdd:urlReference>
					<link>http://ieeexplore.ieee.org/xpl/mostRecentIssue.jsp?punumber=4610933</link>
					<tag>IEEE 754-2008: IEEE standard for Floating Point Arithmetic.</tag>
					<comment>Also ratified by ISO/IEC as ISO/IEC/IEEE 60559:2011.  Binary interchange format encodings are specified in general in section 3.4.  Table 3.5 provides the details for encodings using 16, 32, 64, 128, etc. bits.</comment>
				</fdd:urlReference>
			</fdd:url>
		</fdd:urls>
	</fdd:formatSpecifications>
	<fdd:usefulReferences>
		<fdd:urls>
			<fdd:url>
				<fdd:urlReference>
					<link>http://en.wikipedia.org/wiki/IEEE_floating_point</link>
					<tag>Wikipedia entry for IEEE floating point</tag>
					<comment>Includes the specification for the 32-bit (single-precision) signed binary format used in GridFloat.</comment>
				</fdd:urlReference>
			</fdd:url>
			<fdd:url>
				<fdd:urlReference>
					<link>http://ned.usgs.gov/faq.html#FORMATS</link>
					<tag>National Elevation Dataset 
What formats are available? 
</tag>
				</fdd:urlReference>
			</fdd:url>
			<fdd:url>
				<fdd:urlReference>
					<link>http://stackoverflow.com/questions/25436808/how-to-read-elevation-from-usgs-ned-dem-gridfloat-file-in-perl</link>
					<tag>How to read elevation from USGS NED DEM GridFloat file in Perl
</tag>
					<comment>From Stack Overflow, a question and answer site for programmers</comment>
				</fdd:urlReference>
			</fdd:url>
			<fdd:url>
				<fdd:urlReference>
					<link>http://edndoc.esri.com/arcobjects/9.2/net/shared/geoprocessing/spatial_analyst_tools/gridfloat.htm</link>
					<tag>ESRI Developer Network: GridFloat
instructions</tag>
				</fdd:urlReference>
			</fdd:url>
			<fdd:url>
				<fdd:urlReference>
					<link>http://ned.usgs.gov/faq.html</link>
					<tag>National Elevation Dataset: Frequently Asked Questions</tag>
					<comment>Includes information on formats available</comment>
				</fdd:urlReference>
			</fdd:url>
			<fdd:url>
				<fdd:urlReference>
					<link>http://webhelp.esri.com/arcgisdesktop/9.2/index.cfm?TopicName=gridfloat</link>
					<tag>ArcGIS Desktop Help 9.2: GridFloat instructions</tag>
				</fdd:urlReference>
			</fdd:url>
			<fdd:url>
				<fdd:urlReference>
					<link>http://nssdc.gsfc.nasa.gov/nssdc/formats/VAXFloatingPoint.htm</link>
					<tag>VAX Floating Point Numbers</tag>
				</fdd:urlReference>
			</fdd:url>
		</fdd:urls>
	</fdd:usefulReferences>
</fdd:FDD>
