<?xml version="1.0" encoding="UTF-8"?>
<fdd:FDD id="fdd000030" titleName="PDF (Portable Document Format) Family" shortName="PDF" xmlns:xsi="http://www.w3.org/2001/XMLSchema-instance" xmlns:fdd="http://www.digitalpreservation.gov/formats/schemas/fdd/v1" xsi:schemaLocation="http://www.digitalpreservation.gov/formats/schemas/fdd/v1 http://www.digitalpreservation.gov/formats/schemas/fdd/v1/fdd-v1-0.xsd">
	<fdd:properties>
		<fdd:gdfrGenreSelection>
			<fdd:gdfrGenres>
				<fdd:gdfrGenre>text</fdd:gdfrGenre>
				<fdd:gdfrGenre>still-image</fdd:gdfrGenre>
			</fdd:gdfrGenres>
		</fdd:gdfrGenreSelection>
		<fdd:formatCategories>
			<fdd:category>file-format</fdd:category>
			<fdd:category>encoding</fdd:category>
			<fdd:category>family</fdd:category>
		</fdd:formatCategories>
		<fdd:gdfrComposition>unitary</fdd:gdfrComposition>
		<fdd:gdfrForm>binary</fdd:gdfrForm>
		<fdd:gdfrBasis>symbolic</fdd:gdfrBasis>
		<fdd:updates>
			<fdd:date>2012-09-20</fdd:date>
		</fdd:updates>
		<fdd:draftStatus>Full</fdd:draftStatus>
	</fdd:properties>
	<fdd:identificationAndDescription>
		<fdd:fullName>PDF (Portable Document Format) Family</fdd:fullName>
		<fdd:keywords>
			<fdd:keyword>Portable Document Format (PDF)</fdd:keyword>
			<fdd:keyword>document formats</fdd:keyword>
			<fdd:keyword>PDF</fdd:keyword>
		</fdd:keywords>
		<fdd:description>PDF (Portable Document Format), developed by Adobe Systems Incorporated, is described by Adobe as a general document representation language. PDF represents formatted, page-oriented documents.  These documents may be structured or simple.  They may contain text, images, graphics, and other multimedia content, such as video and audio.  There is support for annotations, metadata, hypertext links, and bookmarks.  Later versions provide additional functionalities, for example, to embed geospatial information within documents that represent maps or other geospatial images, such as satellite photographs.</fdd:description>
		<fdd:shortDescription>PDF (Portable Document Format), developed by Adobe Systems Incorporated.  PDF represents formatted, page-oriented documents.  These documents may be structured or simple.  They may contain text, images, graphics, and other multimedia content, such as video and audio.  There is support for annotations, metadata, hypertext links, and bookmarks.</fdd:shortDescription>
		<fdd:productionPhase>In general, a final-state format for delivery to end users.</fdd:productionPhase>
		<fdd:relationships>
			<fdd:relationship>
				<fdd:typeOfRelationship>Has subtype</fdd:typeOfRelationship>
				<fdd:relatedTo>
					<fdd:id>fdd000316</fdd:id>
					<fdd:shortName>PDF_1_3</fdd:shortName>
					<fdd:titleName>PDF Versions 1.0-1.3</fdd:titleName>
				</fdd:relatedTo>
			</fdd:relationship>
			<fdd:relationship>
				<fdd:typeOfRelationship>Has subtype</fdd:typeOfRelationship>
				<fdd:relatedTo>
					<fdd:id>fdd000122</fdd:id>
					<fdd:shortName>PDF_1_4</fdd:shortName>
					<fdd:titleName>PDF Version 1.4</fdd:titleName>
				</fdd:relatedTo>
			</fdd:relationship>
			<fdd:relationship>
				<fdd:typeOfRelationship>Has subtype</fdd:typeOfRelationship>
				<fdd:relatedTo>
					<fdd:id>fdd000123</fdd:id>
					<fdd:shortName>PDF_1_5</fdd:shortName>
					<fdd:titleName>PDF, Version 1.5</fdd:titleName>
				</fdd:relatedTo>
			</fdd:relationship>
			<fdd:relationship>
				<fdd:typeOfRelationship>Has subtype</fdd:typeOfRelationship>
				<fdd:relatedTo>
					<fdd:id>fdd000276</fdd:id>
					<fdd:shortName>PDF_1_6</fdd:shortName>
					<fdd:titleName>PDF, Version 1.6</fdd:titleName>
				</fdd:relatedTo>
			</fdd:relationship>
			<fdd:relationship>
				<fdd:typeOfRelationship>Has subtype</fdd:typeOfRelationship>
				<fdd:relatedTo>
					<fdd:id>fdd000277</fdd:id>
					<fdd:shortName>PDF_1_7</fdd:shortName>
					<fdd:titleName>PDF, Version 1.7 (ISO 32000-1:2008)</fdd:titleName>
				</fdd:relatedTo>
			</fdd:relationship>
			<fdd:relationship>
				<fdd:typeOfRelationship>Has subtype</fdd:typeOfRelationship>
				<fdd:relatedTo>
					<fdd:id>fdd000313</fdd:id>
					<fdd:shortName>PDF_1_7_ext03</fdd:shortName>
					<fdd:titleName>PDF, Version 1.7, ExtensionLevel 3</fdd:titleName>
				</fdd:relatedTo>
			</fdd:relationship>
			<fdd:relationship>
				<fdd:typeOfRelationship>Has subtype</fdd:typeOfRelationship>
				<fdd:relatedTo>
					<fdd:id>fdd000314</fdd:id>
					<fdd:shortName>PDF_1_7_ext05</fdd:shortName>
					<fdd:titleName>PDF, Version 1.7, ExtensionLevel 5</fdd:titleName>
				</fdd:relatedTo>
			</fdd:relationship>
			<fdd:relationship>
				<fdd:typeOfRelationship>Has subtype</fdd:typeOfRelationship>
				<fdd:relatedTo>
					<fdd:id>fdd000124</fdd:id>
					<fdd:shortName>PDF/X</fdd:shortName>
					<fdd:titleName>PDF for Prepress Graphics File Exchange</fdd:titleName>
				</fdd:relatedTo>
			</fdd:relationship>
			<fdd:relationship>
				<fdd:typeOfRelationship>Has subtype</fdd:typeOfRelationship>
				<fdd:relatedTo>
					<fdd:id>fdd000318</fdd:id>
					<fdd:shortName>PDF/A</fdd:shortName>
					<fdd:titleName>PDF for Long-term Preservation</fdd:titleName>
				</fdd:relatedTo>
				<fdd:comment>As of November 2012, there are three chronological versions of PDF/A.</fdd:comment>
			</fdd:relationship>
			<fdd:relationship>
				<fdd:typeOfRelationship>Has subtype</fdd:typeOfRelationship>
				<fdd:relatedTo>
					<fdd:id>fdd000125</fdd:id>
					<fdd:shortName>PDF/A-1</fdd:shortName>
					<fdd:titleName>PDF for Long-term Preservation, Use of PDF 1.4</fdd:titleName>
				</fdd:relatedTo>
			</fdd:relationship>
			<fdd:relationship>
				<fdd:typeOfRelationship>Has subtype</fdd:typeOfRelationship>
				<fdd:relatedTo>
					<fdd:id>fdd000319</fdd:id>
					<fdd:shortName>PDF/A-2</fdd:shortName>
					<fdd:titleName>PDF/A-2 for Long-term Preservation, Use of ISO 32000-1 (PDF 1.7)</fdd:titleName>
				</fdd:relatedTo>
			</fdd:relationship>
			<fdd:relationship>
				<fdd:typeOfRelationship>Has subtype</fdd:typeOfRelationship>
				<fdd:relatedTo>
					<fdd:id>fdd000360</fdd:id>
					<fdd:shortName>PDF/A-3</fdd:shortName>
					<fdd:titleName>PDF/A-3 for Long-term Preservation, Use of ISO 32000-1 (PDF 1.7), with Embedded Files</fdd:titleName>
				</fdd:relatedTo>
				<fdd:comment/>
			</fdd:relationship>
			<fdd:relationship>
				<fdd:typeOfRelationship>Has subtype</fdd:typeOfRelationship>
				<fdd:relatedTo>
					<fdd:id>fdd000350</fdd:id>
					<fdd:shortName>PDF/UA-1</fdd:shortName>
					<fdd:titleName>PDF/UA-1, PDF Enhancement for Accessibility, Use of ISO 32000-1</fdd:titleName>
				</fdd:relatedTo>
			</fdd:relationship>
			<fdd:relationship>
				<fdd:typeOfRelationship>May contain</fdd:typeOfRelationship>
				<fdd:relatedTo>
					<fdd:id>fdd000315</fdd:id>
					<fdd:shortName>PDF_geospatial</fdd:shortName>
					<fdd:titleName>PDF, Geospatial encoding (Adobe)</fdd:titleName>
				</fdd:relatedTo>
				<fdd:comment>Supported by version 1.7 ExtensionLevel 3.</fdd:comment>
			</fdd:relationship>
			<fdd:relationship>
				<fdd:typeOfRelationship>May contain</fdd:typeOfRelationship>
				<fdd:relatedTo>
					<fdd:id>fdd000312</fdd:id>
					<fdd:shortName>GeoPDF_2_2</fdd:shortName>
					<fdd:titleName>GeoPDF encoding (TerraGo), version 2.2</fdd:titleName>
				</fdd:relatedTo>
			</fdd:relationship>
		</fdd:relationships>
	</fdd:identificationAndDescription>
	<fdd:localUse>
		<fdd:experience>Used as service format, including for some scanned historical materials, primarily to support convenient downloading and printing.  Acceptable format for copyright registration.</fdd:experience>
		<fdd:preference>
			<p>The Library of Congress expresses preferences for formats for content (primarily in physical form) for its collections through the &quot;Best Edition&quot; specification from the U.S. Copyright Office in <a href="http://www.copyright.gov/circs/circ07b.pdf">Circular 7b</a>. Rev: 08 ⁄ 2010 of Circular 7b lists formats acceptable for mandatory deposit of Electronic Serials available only online, in order of preference. For page-oriented renditions, PDF/A (the <fddLink id="fdd000125">PDF/A-1</fddLink> format or later versions) appears first on the list.  Other forms of PDF are acceptable, preferably with searchable text.</p>
			<p>In general, PDF is not a preferred format for images.  For text, PDF/A is preferred over other PDF variants.  <fddLink id="fdd000124">PDF/X</fddLink> may be appropriate if used by creator or publisher during production.</p>
		</fdd:preference>
	</fdd:localUse>
	<fdd:sustainabilityFactors>
		<fdd:disclosure>
			<p>Fully documented. Most members of the PDF family were developed by <a href="http://www.adobe.com/">Adobe Systems Incorporated</a>, which makes the specifications available openly and at no charge. Several members of the family have been adopted as ISO international standards, e.g,. PDF/X (ISO 15930), PDF/A (ISO 19005), and PDF version 1.7 (ISO 32000-1:2008).  Additional information about specifications and standardization is provided in the format descriptions for several of the subtypes.</p>
		</fdd:disclosure>
		<fdd:documentation>Adobe provides documentation for the current version at <a href="http://www.adobe.com/devnet/pdf/pdf_reference.html">http://www.adobe.com/devnet/pdf/pdf_reference.html</a> and an archive of earlier versions at <a href="http://www.adobe.com/devnet/pdf/pdf_reference_archive.html">http://www.adobe.com/devnet/pdf/pdf_reference_archive.html</a>.
		</fdd:documentation>
		<fdd:adoption>Extremely widely adopted as a platform-independent format for disseminating page-oriented documents.  Adobe Reader software for viewing PDF files is freely distributed and bundled with most personal computers.
</fdd:adoption>
		<fdd:licensingAndPatents>
			<p>Adobe has a number of patents covering technology that is disclosed in the Portable Document Format (PDF) Specification, version 1.3 and later.</p>
			<p>A summary of information on the Adobe Web site in September 2010 (see <a href="http://partners.adobe.com/public/developer/support/topic_legal_notices.html">http://partners.adobe.com/public/developer/support/topic_legal_notices.html</a>) follows. </p>
			<p>To promote the use of PDF for information interchange the following patents are licensed by Adobe on a royalty-free, non-exclusive basis for the term of each patent for developing software that produces, consumes, and interprets PDF files : 5,634,064 (filed 1996-08-02, granted 1997-05-27); 5,737,599 (filed 1995-12-07, granted 1998-04-07); 5,781,785 (filed 1995-09-26, granted 1998-07-14); 5,819,301 (filed 1997-09-09, granted 1998-10-06); 6,028,583 (filed 1998-01-16, granted 2002-02-22); 6,289,364 (filed 1997-12-22, granted 2001-09-11); 6,421,460 (filed 1999-05-06, granted 2002-07-16).  Patent 5,860,074 (filed 1997-08-14, granted 1999-01-12) is similarly licensed on a royalty-free, non-exclusive basis for its term but only for the purpose of developing software that produces PDF files (thus specifically excluding software that consumes and/or interprets PDF files).</p>
			<p>Adobe Reader displays additional patent numbers on launch.</p>
			<p>In association with the adoption of PDF, version 1.7 as an ISO standard (ISO 32000-1:2008), Adobe issued a <a href="http://web.archive.org/20121013075838/http://www.adobe.com/pdf/pdfs/ISO32000-1PublicPatentLicense.pdf">Public Patent License</a>, granting "every individual and organization in the world the royalty-free right, under all Essential
Claims that Adobe owns, to make, have made, use, sell, import and distribute Compliant
Implementations."  This document is not currently available on the Adobe website; the link is via Internet Archive.</p>
		</fdd:licensingAndPatents>
		<fdd:transparency>Depends upon compliant software tools to read.  Building tools requires sophistication.
		</fdd:transparency>
		<fdd:selfDocumentation>
Later versions of PDF can include XMP metadata packages.
		</fdd:selfDocumentation>
		<fdd:externalDependencies>Faithful rendering requires that fonts be embedded.  <fddLink id="fdd000125">PDF/A</fddLink>, intended for archival purposes, and <fddLink id="fdd000126">PDF/X</fddLink>, for prepess exchange, require that fonts be embedded.</fdd:externalDependencies>
		<fdd:techProtection>The PDF format offers several forms of technical protection, including encryption, that would prevent custodians of digital content ensuring accessibility in future technological environments.
</fdd:techProtection>
	</fdd:sustainabilityFactors>
	<fdd:qualityAndFunctionalityFactors>
		<fdd:stillImageQF>
			<fdd:normalImage>PDF is designed for page-oriented documents.   Scaling, zooming, printing are expected functionalities for PDF viewers.  The quality of raster images depend on the quality of the embedded image.   Note that, in general, PDF is not a preferred archival or master format for images.</fdd:normalImage>
			<fdd:clarity>High-resolution images can be embedded using professional tools.  See <fddLink id="fdd000124">PDF/X</fddLink>, a standard version of PDF used by the printing industry.</fdd:clarity>
			<fdd:colorMaint>Parameters to support color management, including CIE-based and ICC-based color spaces, can be stored in the file using professional tools. See <fddLink id="fdd000124">PDF/X</fddLink>, a standard version of PDF used by the printing industry.</fdd:colorMaint>
			<fdd:graphics>Extensive support for graphic elements.  Versions after PDF 1.4 support a transparent imaging model in addition to the opaque model used for earlier versions.  Hence images composed of layers can be stored without pre-composing into a single image.  </fdd:graphics>
			<fdd:multispectral>TBD</fdd:multispectral>
			<fdd:beyondImage>PDF has extensive support for annotations of several types.  PDF, Version 1.7, ExtensionLevel 3 (<fddLink id="fdd000313">PDF_1_7_ext03</fddLink>), introduced with Acrobat 9.0, supports capabilities for embedding data in association with points within 3D and geospatial images.</fdd:beyondImage>
		</fdd:stillImageQF>
		<fdd:textQF>
			<fdd:normalText>
				<p>Good support is possible, but not guaranteed.  The PDF format allow creators to disallow printing and extraction of text for quotations.  PDF can also be used to create documents from scanned page images; such files do not necessarily support indexing of the document text.</p>
				<p>Although for most PDFs that do incorporate character-based text, the text can be reliably extracted and indexed, problems can occur, because the PDF internal structure for text is based primarily on identification of glyphs within fonts and not on Unicode code points.  If Unicode code points are not present, perhaps in order to make the file as small as possible, extracted text will be unintelligible.  See <a href="http://blog.pdf-tools.com/2014/01/why-is-extraction-of-text-from-pdf.html">Why is the extraction of text from a PDF document such a hassle?</a>, a blog post by Dr. Hans Bärfuss of pdf-tools.com.</p>
			</fdd:normalText>
			<fdd:structure>The logical structure of a document is only represented in a PDF file if the creator or process during creation takes steps to incorporate structural tagging.</fdd:structure>
			<fdd:layout>PDF is designed to represent the layout of page-oriented documents.</fdd:layout>
			<fdd:mathDiag>Can be represented by embedded graphics.</fdd:mathDiag>
			<fdd:beyondText>Supports embedding of media objects (in binary format) and links to external media objects, such as images, audio, or video.  </fdd:beyondText>
		</fdd:textQF>
	</fdd:qualityAndFunctionalityFactors>
	<fdd:fileTypeSignifiers>
		<fdd:signifiersGroup>
			<fdd:filenameExtension>
				<fdd:sigValues>
					<fdd:sigValue>pdf</fdd:sigValue>
				</fdd:sigValues>
			</fdd:filenameExtension>
			<fdd:internetMediaType>
				<fdd:sigValues>
					<fdd:sigValue>application/pdf</fdd:sigValue>
				</fdd:sigValues>
				<fdd:note>From LC web server configuration (Apache) of 2004-04-28.  Registered with IANA (see <a href="http://www.iana.org/assignments/media-types/application/">Application Media-Types</a>) and described in  <a href="http://www.ietf.org/">IETF</a> (Internet Engineering Task Force) <a href="http://www.ietf.org/rfc/rfc3778.txt">RFC 3778</a>.   Reported for PDF files by <a href="http://jhove.sourceforge.net/pdf-hul.html">JHOVE PDF-hul module</a> for file identification.</fdd:note>
			</fdd:internetMediaType>
			<fdd:internetMediaType>
				<fdd:sigValues>
					<fdd:sigValue>application/x-pdf</fdd:sigValue>
					<fdd:sigValue>application/acrobat</fdd:sigValue>
					<fdd:sigValue>application/vnd.pdf</fdd:sigValue>
					<fdd:sigValue>text/pdf</fdd:sigValue>
					<fdd:sigValue>text/x-pdf</fdd:sigValue>
				</fdd:sigValues>
				<fdd:note>Selected media types listed at <a href="http://filext.com/">The File Extension Source</a>.</fdd:note>
			</fdd:internetMediaType>
			<fdd:magicNumbers>
				<fdd:sigValues>
					<fdd:sigValue>Hex: 25 50 44 46</fdd:sigValue>
					<fdd:sigValue>ASCII: %PDF</fdd:sigValue>
				</fdd:sigValues>
				<fdd:note>From <a href="http://www.garykessler.net/library/file_sigs.html">Gary Kessler's File Signatures Table</a>.</fdd:note>
			</fdd:magicNumbers>
		</fdd:signifiersGroup>
	</fdd:fileTypeSignifiers>
	<fdd:notes>
		<fdd:general>
			<p>The topic of the maximum size for PDFs has been discussed in a number of online forums.  At one Adobe forum  <a href="http://forums.adobe.com/thread/1041350">http://forums.adobe.com/thread/1041350</a> (consulted in September 2012), a very high theoretical page-count limit is described: &quot;There&apos;s no explicit page number limit but there is a limit on indirect objects of 8,388,607 in a 32-bit PDF rendering application--Acrobat and Adobe Reader are both 32-bit code--and because each page consumes at least one indirect object, every PDF file created by or opened by Acrobat must have less pages than that. If you were to create a native x64 PDF application you could add more pages, but the resulting files wouldn&apos;t open at all in 32-bit apps.&quot;  This forum entry goes on to say, &quot;Architecturally there is only one limit in the PDF standard: the overall file size must be below ~10GB as the cross-reference tables which define the PDF structure use 10 bits.&quot;</p>
			<p>The preceding paragraph offers a generous view of the potential size for a PDF.  Many commentators argue that the limit for practicality is lower than those stated above.  What matters is whether you can open a given PDF in any reasonable application, including Acrobat and Adobe Reader, mentioned above.  Online forums also include reports like these examples: &quot;It seems that the iPad has a limit of 30MB for displaying PDF files,&quot; and &quot;users of GoodReader have reported flawless performance with files over 1 gig in size.&quot;  The practical limits imposed by applications might also include limits set by indexers if the PDF includes searchable text.</p>
			<p>In October 2009, ISO authorized a new project to develop the PDF 2.0 standard, to be ISO 32000-2.  According to the ISO web site as of September 20, 2012, the ballot on ISO DIS (Draft International Standard) 32000-2 closed during August 2012.</p>
		</fdd:general>
		<fdd:history>
			<p>Adapted from PDF Reference, Third Edition:  The origins of PDF and the Adobe Acrobat product family date to early 1990.  At that time, the PostScript page description language was rapidly becoming the worldwide standard for the production of the printed page. PDF builds on the PostScript page description language by layering a document structure and interactive navigation features on PostScript's underlying imaging model, providing a convenient, efficient mechanism enabling documents to be reliably viewed and printed anywhere.</p>
			<p>See descriptions for chronological versions for later history.</p>
		</fdd:history>
	</fdd:notes>
	<fdd:formatSpecifications>
		<fdd:urls>
			<fdd:url>
				<fdd:urlReference>
					<link>http://www.adobe.com/devnet/pdf/pdf_reference.html</link>
					<tag>Adobe PDF Specification.</tag>
					<comment>This page provides access to the most current PDF specification, with errata and supplements provided as appropriate.</comment>
				</fdd:urlReference>
			</fdd:url>
			<fdd:url>
				<fdd:urlReference>
					<link>http://www.adobe.com/devnet/pdf/pdf_reference_archive.html</link>
					<tag>Adobe PDF Reference Archives.</tag>
					<comment>Specifications for earlier versions of PDF, starting with Version 1.3.</comment>
				</fdd:urlReference>
			</fdd:url>
			<fdd:url>
				<fdd:urlReference>
					<link>http://acroeng.adobe.com/wp/?page_id=321</link>
					<tag>Adobe PDF Reference from Adobe Acrobat Engineering</tag>
					<comment>All PDF specifications from Adobe in a single location, originally compiled in January 2014.</comment>
				</fdd:urlReference>
			</fdd:url>
		</fdd:urls>
	</fdd:formatSpecifications>
	<fdd:usefulReferences>
		<fdd:urls>
			<fdd:url>
				<fdd:urlReference>
					<link>http://en.wikipedia.org/wiki/Portable_Document_Format</link>
					<tag>Portable Document Format from Wikipedia</tag>
				</fdd:urlReference>
			</fdd:url>
			<fdd:url>
				<fdd:urlReference>
					<link>http://acroeng.adobe.com/wp/</link>
					<tag>Home of the Acrobat &amp; Reader Engineering team</tag>
					<comment>Detailed information and guidance on important aspects of PDF, such as linearization (Fast Web View) and standards-compliant approaches to viewing PDF/A and PDF/X files.</comment>
				</fdd:urlReference>
			</fdd:url>
			<fdd:url>
				<fdd:urlReference>
					<link>http://www.gnupdf.org/Category:PDF</link>
					<tag>Documentation for PDF from GNU PDF</tag>
				</fdd:urlReference>
			</fdd:url>
			<fdd:url>
				<fdd:urlReference>
					<link>http://jhove.sourceforge.net/pdf-hul.html</link>
					<tag>JHOVE PDF-hul Module</tag>
				</fdd:urlReference>
			</fdd:url>
			<fdd:url>
				<fdd:urlReference>
					<link>http://www.ietf.org/rfc/rfc3778.txt</link>
					<tag>Registration for application/pdf Media Type</tag>
					<comment/>
				</fdd:urlReference>
			</fdd:url>
			<fdd:url>
				<fdd:urlReference>
					<link>http://blog.pdf-tools.com/2014/01/why-is-extraction-of-text-from-pdf.html</link>
					<tag>Why is the extraction of text from a PDF document such a hassle?</tag>
					<comment>January 2014 blog post from pdf-tools.com</comment>
				</fdd:urlReference>
			</fdd:url>
			<fdd:url>
				<fdd:urlReference>
					<link>http://www.luratech.com/en/subscribe-to-newsletter/detail-vr/article/pdfa-ua-x-vt-and-e/</link>
					<tag>PDF/A, UA, X, VT and E (explanation from Luratech)</tag>
				</fdd:urlReference>
			</fdd:url>
		</fdd:urls>
		<fdd:citations>
			<fdd:citation>
				<fdd:articleReference>
					<articleRefDetail rel="au">Morrissey, Sheila M.</articleRefDetail>, &quot;<articleRefDetail rel="atitle">The Network is the Format: PDF and the Long-term Use of Digital Content</articleRefDetail>&quot;, <articleRefDetail rel="jtitle">Archiving 2012</articleRefDetail>, (<articleRefDetail rel="date">2012</articleRefDetail>): pp. 200-203. ISBN: <articleRefDetail rel="issn">978-0-89208-300-8</articleRefDetail> (print).  Available <a href="http://www.portico.org/digital-preservation/wp-content/uploads/2012/11/TheNetworkIsTheFormat.pdf">online at Portico</a> with permission of IS&amp;T: The Society for Imaging Science and Technology.</fdd:articleReference>
			</fdd:citation>
		</fdd:citations>
	</fdd:usefulReferences>
</fdd:FDD>
