<?xml version="1.0" encoding="UTF-8"?>
<fdd:FDD id="fdd000001" titleName="WAVE Audio File Format" shortName="WAVE" xmlns:xsi="http://www.w3.org/2001/XMLSchema-instance" xmlns:fdd="http://www.loc.gov/preservation/digital/formats/schemas/fdd/v1" xsi:schemaLocation="http://www.loc.gov/preservation/digital/formats/schemas/fdd/v1 http://www.loc.gov/preservation/digital/formats/schemas/fdd/v1/fdd-v1-2.xsd">
	<fdd:properties>
		<fdd:gdfrGenreSelection>
			<fdd:gdfrGenre>sound</fdd:gdfrGenre>
		</fdd:gdfrGenreSelection>
		<fdd:formatCategories>
			<fdd:category>file-format</fdd:category>
		</fdd:formatCategories>
		<fdd:gdfrComposition>container-wrapper</fdd:gdfrComposition>
		<fdd:gdfrForm>binary</fdd:gdfrForm>
		<fdd:gdfrConstraint>structured</fdd:gdfrConstraint>
		<fdd:updates>
			<fdd:date>2024-04-23</fdd:date>
		</fdd:updates>
		<fdd:draftStatus>Full</fdd:draftStatus>
	</fdd:properties>
	<fdd:identificationAndDescription>
		<fdd:fullName>WAVE. Waveform Audio File Format</fdd:fullName>
		<fdd:keywords>
			<fdd:keyword>WAVE </fdd:keyword>
			<fdd:keyword>audio formats</fdd:keyword>
			<fdd:keyword>recorded sound formats</fdd:keyword>
		</fdd:keywords>
		<fdd:description>File format for audio. Wrapper file format that can incorporate an audio bitstream with other data chunks. One common bitstream encoding is <fddLink id="fdd000011">LPCM</fddLink> (Linear Pulse Code Modulation). Preservation reformatting projects generally use the one of the Broadcast WAVE variants, <fddLink id="fdd000356">WAVE_BWF_1</fddLink> or <fddLink id="fdd000357">WAVE_BWF_2</fddLink>, both standards of the European Broadcast Union.</fdd:description>
		<fdd:shortDescription>File format for audio. Wrapper file format that can incorporate an audio bitstream with other data chunks. One common bitstream encoding is LPCM (Linear Pulse Code Modulation). </fdd:shortDescription>
		<fdd:productionPhase>Used for content in initial, middle, and final states.</fdd:productionPhase>
		<fdd:relationships>
			<fdd:relationship>
				<fdd:typeOfRelationship>Subtype of</fdd:typeOfRelationship>
				<fdd:relatedTo>
					<fdd:id>fdd000025</fdd:id>
					<fdd:shortName>RIFF</fdd:shortName>
					<fdd:titleName>Resource Interchange File Format (RIFF) </fdd:titleName>
				</fdd:relatedTo>
				<fdd:comment/>
			</fdd:relationship>
			<fdd:relationship>
				<fdd:typeOfRelationship>Has subtype</fdd:typeOfRelationship>
				<fdd:relatedTo>
					<fdd:id>fdd000002</fdd:id>
					<fdd:shortName>WAVE_LPCM</fdd:shortName>
					<fdd:titleName>WAVE Audio File Format with LPCM Audio</fdd:titleName>
				</fdd:relatedTo>
				<fdd:comment/>
			</fdd:relationship>
			<fdd:relationship>
				<fdd:typeOfRelationship>Has modified version</fdd:typeOfRelationship>
				<fdd:relatedTo>
					<fdd:id>fdd000356</fdd:id>
					<fdd:shortName>WAVE_BWF_1</fdd:shortName>
					<fdd:titleName>Broadcast WAVE Audio File Format, Version 1</fdd:titleName>
				</fdd:relatedTo>
				<fdd:comment/>
			</fdd:relationship>
			<fdd:relationship>
				<fdd:typeOfRelationship>Has modified version</fdd:typeOfRelationship>
				<fdd:relatedTo>
					<fdd:id>fdd000357</fdd:id>
					<fdd:shortName>WAVE_BWF_2</fdd:shortName>
					<fdd:titleName>Broadcast WAVE Audio File Format, Version 2</fdd:titleName>
				</fdd:relatedTo>
				<fdd:comment/>
			</fdd:relationship>
			<fdd:relationship>
				<fdd:typeOfRelationship>May contain</fdd:typeOfRelationship>
				<fdd:relatedTo>
					<fdd:id>fdd000011</fdd:id>
					<fdd:shortName>LPCM</fdd:shortName>
					<fdd:titleName>Linear Pulse Code Modulation audio encoding</fdd:titleName>
				</fdd:relatedTo>
				<fdd:comment/>
			</fdd:relationship>
			<fdd:relationship>
				<fdd:typeOfRelationship>May contain</fdd:typeOfRelationship>
				<fdd:relatedTo>
					<fdd:id>fdd000039</fdd:id>
					<fdd:shortName>&#181;-Law</fdd:shortName>
					<fdd:titleName>&#181;-Law (Mu-Law) Compressed Sound Format</fdd:titleName>
				</fdd:relatedTo>
				<fdd:comment/>
			</fdd:relationship>
			<fdd:relationship>
				<fdd:typeOfRelationship>May contain</fdd:typeOfRelationship>
				<fdd:relatedTo>
					<fdd:id>fdd000038</fdd:id>
					<fdd:shortName>A-Law</fdd:shortName>
					<fdd:titleName>A-Law Compressed Sound Format</fdd:titleName>
				</fdd:relatedTo>
				<fdd:comment/>
			</fdd:relationship>
			<fdd:relationship>
				<fdd:typeOfRelationship>May contain</fdd:typeOfRelationship>
				<fdd:relatedTo>
					<fdd:id>fdd000040</fdd:id>
					<fdd:shortName>DPCM</fdd:shortName>
					<fdd:titleName>Differential PCM Sound Format</fdd:titleName>
				</fdd:relatedTo>
				<fdd:comment/>
			</fdd:relationship>
			<fdd:relationship>
				<fdd:typeOfRelationship>May contain</fdd:typeOfRelationship>
				<fdd:relatedTo>
					<fdd:id>fdd000041</fdd:id>
					<fdd:shortName>ADPCM</fdd:shortName>
					<fdd:titleName>Adaptive Differential PCM Sound Format</fdd:titleName>
				</fdd:relatedTo>
				<fdd:comment/>
			</fdd:relationship>
			<fdd:relationship>
				<fdd:typeOfRelationship>May contain</fdd:typeOfRelationship>
				<fdd:relatedTo>
					<fdd:id>fdd000607</fdd:id>
					<fdd:shortName>ADM</fdd:shortName>
					<fdd:titleName>Audio Definition Model</fdd:titleName>
				</fdd:relatedTo>
			</fdd:relationship>
		</fdd:relationships>
	</fdd:identificationAndDescription>
	<fdd:localUse>
		<fdd:experience>As of April 2024, The Library of Congress has over 176 TBs of files with the .wav extension in digital storage although the version of WAVE is not specified. For the Library&apos;s archival master format for reformatted mono and stereo analog sound recordings,  see <fddLink id="fdd000356">WAVE_BWF_1</fddLink>.</fdd:experience>
		<fdd:preference>
			<p>The Library of Congress Recommended Formats Statement (RFS) lists WAVE as a <a href="http://www.loc.gov/preservation/resources/rfs/audio.html">Preferred format</a> for Audio - Media-independent (digital). The RFS does not specify a version of WAVE. See also <fddLink id="fdd000356">WAVE_BWF_1</fddLink>.</p>
		</fdd:preference>
	</fdd:localUse>
	<fdd:sustainabilityFactors>
		<fdd:disclosure>Fully documented.  Proprietary format developed by Microsoft and IBM as part of the Resource Interchange File Format (RIFF) for Windows 3.1, with documentation freely available.</fdd:disclosure>
		<fdd:documentation>Multimedia Programming Interface and Data Specifications 1.0. IBM Corporation and Microsoft Corporation, August 1991. Available online, e.g., at <a href="http://www.tactilemedia.com/info/MCI_Control_Info.html">http://www.tactilemedia.com/info/MCI_Control_Info.html</a>
			<br/>
			<br/>Multimedia Data Standards Update April 15, 1994 at <a href="https://www.mmsp.ece.mcgill.ca/Documents/AudioFormats/WAVE/Docs/RIFFNEW.pdf">https://www.mmsp.ece.mcgill.ca/Documents/AudioFormats/WAVE/Docs/RIFFNEW.pdf</a>
		</fdd:documentation>
		<fdd:adoption>
			<p>Widely adopted. With LPCM encoding, a preferred or recommended format for sound in many long-term archives. Examples include <a href="https://www.archives.gov/records-mgmt/policy/transfer-guidance-tables.html#digitalaudio">NARA's Transfer Guidance</a>, <a href="https://library-archives.canada.ca/eng/services/government-canada/information-disposition/managing-government-records/guidelines-information-management/pages/guidelines-file-formats-enduring-value.aspx">Libraries and Archives Canada</a>, and <a href="https://facile.cines.fr/">France's National Computer Center for Higher Education (CINES)</a>.</p>
		</fdd:adoption>
		<fdd:licensingAndPatents>No licensing required.
		</fdd:licensingAndPatents>
		<fdd:transparency>Depends on audio codec employed for bitstream encoding (which may incorporate compression); see <fddLink id="fdd000011">LPCM</fddLink>, <fddLink id="fdd000039">&#181;-Law</fddLink>, <fddLink id="fdd000038">A-Law</fddLink>, <fddLink id="fdd000040">DPCM</fddLink>, and <fddLink id="fdd000041">ADPCM</fddLink>.
		</fdd:transparency>
		<fdd:selfDocumentation>
			<p>Metadata can be placed in the INFO chunk (aka "LIST" chunk with a list type of "INFO") associated with all <fddLink id="fdd000025">RIFF</fddLink> files.  Additional metadata is a feature of the <i>bext</i> (Broadcast Audio Extension) associated with <fddLink id="fdd000003">WAVE_LPCM_BWF</fddLink> (Broadcast WAVE Audio File Format). Additional metadata chunks have been defined: aXML, iXML, and the CART/Audio Delivery Extension to BWF, from the Audio Engineering Society in AES46-2002.</p>
			<p>
				<b>Accessibility Features</b>
			</p>
			<p>WAVE files have moderate support for accessibility features. Closed captions and transcriptions can be embedded within the Labeled Text chunk (ltxt) [within the Associated Data Chunk] and identified as such with the 'Purpose' label. The <a href="http://www.tactilemedia.com/info/MCI_Control_Info.html">specification</a> includes the suggested Purpose value of 'capt' for closed-caption text and FADGI defines, in <a href="https://www.digitizationguidelines.gov/audio-visual/documents/BWF_Embed_Guideline_v3_2021.pdf">Guidelines for Embedding Metadata in Broadcast WAVE Files</a>, the Purpose value of 'tran' for transcription. Overall, the optional Associated Data Chunk fields allows a mechanism to provide context for the audio data along the timeline which is helpful but it is not expressly designed for accessibility impacts.</p>
			<p>In common practice, typically WAVE and other sound file content is supported by external caption and subtitle formats such as <fddLink id="fdd000567">WebVTT</fddLink>. See <a href="https://www.w3.org/WAI/media/av/">W3C's Making Audio and Video Media Accessible</a> for more general information about accessible sound and moving image media.</p>
		</fdd:selfDocumentation>
		<fdd:externalDependencies>None
		</fdd:externalDependencies>
		<fdd:techProtection>None
		</fdd:techProtection>
	</fdd:sustainabilityFactors>
	<fdd:qualityAndFunctionalityFactors>
		<fdd:soundQF>
			<fdd:normalSound>Excellent.</fdd:normalSound>
			<fdd:fidelity>Varies according to encoding; see <fddLink id="fdd000011">LPCM</fddLink>, <fddLink id="fdd000039">&#181;-Law</fddLink>, <fddLink id="fdd000038">A-Law</fddLink>, <fddLink id="fdd000040">DPCM</fddLink>, and <fddLink id="fdd000041">ADPCM</fddLink>.</fdd:fidelity>
			<fdd:channels>Requires use of WAVE Format Extensible (WAVE_FORMAT_EXTENSIBLE).  See <a href="http://msdn.microsoft.com/en-us/windows/hardware/gg463006.aspx">http://msdn.microsoft.com/en-us/windows/hardware/gg463006.aspx</a>.</fdd:channels>
			<fdd:samples>Not supported.</fdd:samples>
			<fdd:beyondSound>WAVE_FORMAT_EXTENSIBLE also supports the creation of files greater than 4 GB, using a structure also defined by EBU for BWF files under the rubric RF64 (a reference to the 64-bit offsets required to extend the quantity of date).  See <a href="#notes">Notes</a>.</fdd:beyondSound>
		</fdd:soundQF>
	</fdd:qualityAndFunctionalityFactors>
	<fdd:fileTypeSignifiers>
		<fdd:signifiersGroup>
			<fdd:filenameExtension>
				<fdd:sigValues>
					<fdd:sigValue>wav</fdd:sigValue>
				</fdd:sigValues>
			</fdd:filenameExtension>
			<fdd:internetMediaType>
				<fdd:sigValues>
					<fdd:sigValue>audio/wav</fdd:sigValue>
					<fdd:sigValue>audio/wave</fdd:sigValue>
					<fdd:sigValue>audio/x-pn-wav</fdd:sigValue>
				</fdd:sigValues>
				<fdd:note>Selected from <a href="https://filext.com/">The File Extension Source</a>. See <a href="#notes">Notes</a> below for more information on IANA Media Types.</fdd:note>
			</fdd:internetMediaType>
			<fdd:internetMediaType>
				<fdd:sigValues>
					<fdd:sigValue>audio/x-wav</fdd:sigValue>
				</fdd:sigValues>
				<fdd:note>From Pronom. See <a href="https://www.nationalarchives.gov.uk/PRONOM/fmt/6">https://www.nationalarchives.gov.uk/PRONOM/fmt/6</a>
				</fdd:note>
			</fdd:internetMediaType>
			<fdd:internetMediaType>
				<fdd:sigValues>
					<fdd:sigValue>audio/vnd.wave</fdd:sigValue>
				</fdd:sigValues>
				<fdd:note>From <a href="http://www.iana.org/assignments/wave-avi-codec-registry">http://www.iana.org/assignments/wave-avi-codec-registry</a> (historic - last updated 2008).  No examples found in <a href="http://www.iana.org/assignments/media-types/">IANA MIME Media Types</a>.</fdd:note>
			</fdd:internetMediaType>
			<fdd:magicNumbers>
				<fdd:sigValues>
					<fdd:sigValue>Hex: 52 49 46 46 xx xx xx xx 57 41 56 45 66 6D 74 20</fdd:sigValue>
					<fdd:sigValue>ASCII: RIFF....WAVEfmt</fdd:sigValue>
				</fdd:sigValues>
				<fdd:note>From <a href="https://web.archive.org/web/20221112073316/https://www.garykessler.net/library/file_sigs.html">Gary Kessler's File Signatures Table</a>.</fdd:note>
			</fdd:magicNumbers>
			<fdd:other>
				<fdd:tag>Other</fdd:tag>
				<fdd:values>
					<fdd:sigValues>
						<fdd:sigValue>com.microsoft.waveform-audio</fdd:sigValue>
					</fdd:sigValues>
					<fdd:note>Microsoft uniform type identifier (UTI) for Microsoft Waveform Audio File Format. See <a href="https://developer.apple.com/documentation/uniformtypeidentifiers/uttype/3551597-wav">https://developer.apple.com/documentation/uniformtypeidentifiers/uttype/3551597-wav</a>
					</fdd:note>
				</fdd:values>
			</fdd:other>
			<fdd:other>
				<fdd:tag>Microsoft WAVE format registry</fdd:tag>
				<fdd:values>
					<fdd:sigValueNA>See note.</fdd:sigValueNA>
					<fdd:note>Varies according to the audio codec selected; see archived version of <a href="http://www.iana.org/assignments/wave-avi-codec-registry/wave-avi-codec-registry.xml">Microsoft registry</a>, current Microsoft page for identifying audio types, <a href="http://msdn.microsoft.com/en-us/library/aa372553.aspx">Audio Subtype GUIDS</a>, or the <a href="http://msdn.microsoft.com/en-us/library/aa372553.aspx">Audio Tags</a> page.</fdd:note>
				</fdd:values>
			</fdd:other>
			<fdd:other>
				<fdd:tag>Pronom PUID</fdd:tag>
				<fdd:values>
					<fdd:sigValues>
						<fdd:sigValue>fmt/6</fdd:sigValue>
					</fdd:sigValues>
					<fdd:note>See <a href="https://www.nationalarchives.gov.uk/PRONOM/fmt/6">https://www.nationalarchives.gov.uk/PRONOM/fmt/6</a>.</fdd:note>
				</fdd:values>
			</fdd:other>
			<fdd:other>
				<fdd:tag>Wikidata Title ID</fdd:tag>
				<fdd:values>
					<fdd:sigValues>
						<fdd:sigValue>Q217570</fdd:sigValue>
					</fdd:sigValues>
					<fdd:note>See <a href="https://www.wikidata.org/wiki/Q217570">https://www.wikidata.org/wiki/Q217570</a>.
					</fdd:note>
				</fdd:values>
			</fdd:other>
		</fdd:signifiersGroup>
	</fdd:fileTypeSignifiers>
	<fdd:notes>
		<fdd:general>
			<p>From the Wikipedia article <a href="https://en.wikipedia.org/wiki/RF64">RF64</a> (consulted April 25, 2022): &quot;RF64 is a BWF-compatible multichannel file format enabling file sizes to exceed 4 GB. It has been accepted as the ITU recommendation <a href="https://www.itu.int/dms_pubrec/itu-r/rec/bs/R-REC-BS.2088-1-201910-I!!PDF-E.pdf">ITU-R BS.2088</a>. The file format is designed to meet the requirements for multichannel sound in broadcasting and audio archiving. It is based on the Microsoft RIFF/WAVE format and Wave Format Extensible for multichannel parameters. Additions are made to the basic specification to allow for more than 4 GB file sizes when needed (the new maximum filesize is now approximately 16 exabytes). . . .  In its basic form, the 32-bit chunk size field at offset 4 in the file is set to -1 (0xFFFFFFFF), and immediately following that a new &apos;DS64&apos; chunk is inserted (before the FMT chunk). This new DS64 chunk will contain the 64-bit sizes of the DATA chunk(s), using a simple sequential table mechanism to point to additional DATA chunks. The first 4 bytes of the file are then changed from &apos;RIFF&apos; to &apos;RF64&apos;. . . .  An RF64 file with a bext chunk becomes an MBWF-file. The terms ‘RF64’ and ‘MBWF’ can then be considered synonymous.</p>
			<p>According to an exchange on the <a href="https://listserv.loc.gov/cgi-bin/wa?A0=ARSCLIST">ARSCLIST</a> on March 8 2021 (Subject: Re: MIME Type for wav files), Dave Rice explains why there's no audio/wav media type registered for WAVE files: "In the IETF, the registration of “audio/wav" was taken up by the <a href="https://datatracker.ietf.org/wg/vpim/about/">vpim (Voice Profile for Internet Mail)</a> working group which has concluded their work. As part of the working group, the <a href="https://www.neystadt.org/vpim/2001/Aug/0027.html">registration status was discussed</a> in their mailing list as well as Charles Eliot’s <a href="https://datatracker.ietf.org/doc/html/draft-ema-vpim-wav-00">wav/audio registration draft</a>." The document had ongoing registration issues that were left unresolved so workarounds were used, especially with <a href="https://lists.w3.org/Archives/Public/public-html/2009Jun/0476.html">enabling browser support</a>, to avoid continuing with a cumbersome registration process. </p>
		</fdd:general>
		<fdd:history>
			<p>Format created by Microsoft and introduced with Windows 3.1.  Adopted as basis for European Broadcasting Union (EBU) Broadcast Wave standard.</p>
			<p>With Windows 2000, Microsoft introduced a WAVE_FORMAT_EXTENSIBLE header which specifies multiple audio channel data (surround sound) along with speaker positions.  This enhancement provided for custom extensions to the format chunk.  Ambiguity relating to sample types and container sizes in the standard WAV format was also addressed.</p>
		</fdd:history>
	</fdd:notes>
	<fdd:formatSpecifications>
		<fdd:urls>
			<fdd:url>
				<fdd:urlReference>
					<link>http://www.tactilemedia.com/info/MCI_Control_Info.html</link>
					<tag>Multimedia Programming Interface and Data Specifications 1.0</tag>
					<comment>Issued as a joint design by IBM Corporation and Microsoft Corporation, August 1991.  Specification also available from other sites.</comment>
				</fdd:urlReference>
			</fdd:url>
			<fdd:url>
				<fdd:urlReference>
					<link>http://msdn.microsoft.com/en-us/library/ms713498.aspx</link>
					<tag>WAVEFORMAT (structure)</tag>
				</fdd:urlReference>
			</fdd:url>
			<fdd:url>
				<fdd:urlReference>
					<link>https://www.mmsp.ece.mcgill.ca/Documents/AudioFormats/WAVE/Docs/RIFFNEW.pdf</link>
					<tag>Multimedia Data Standards Update</tag>
					<comment>April 15, 1994. </comment>
				</fdd:urlReference>
			</fdd:url>
			<fdd:url>
				<fdd:urlReference>
					<link>http://msdn.microsoft.com/en-us/windows/hardware/gg463006.aspx</link>
					<tag>Multiple Channel Audio Data and WAVE Files</tag>
					<comment>Updated: March 7, 2007. Describes extension of WAVE format to handle multiple channels of audio.</comment>
				</fdd:urlReference>
			</fdd:url>
		</fdd:urls>
	</fdd:formatSpecifications>
	<fdd:usefulReferences>
		<fdd:urls>
			<fdd:url>
				<fdd:urlReference>
					<link>https://www.mmsp.ece.mcgill.ca/Documents/AudioFormats/WAVE/WAVE.html</link>
					<tag>Audio File Format Specifications: WAVE or RIFF WAVE sound file</tag>
					<comment>Site includes pointers to and local copies of significant documents.</comment>
				</fdd:urlReference>
			</fdd:url>
			<fdd:url>
				<fdd:urlReference>
					<link>https://en.wikipedia.org/wiki/WAV</link>
					<tag>Wikipedia page for WAVE audio file format</tag>
				</fdd:urlReference>
			</fdd:url>
			<fdd:url>
				<fdd:urlReference>
					<link>https://tech.ebu.ch/docs/tech/tech3285.pdf</link>
					<tag>EBU 3285: Specification of the Broadcast Wave Format (BWF)</tag>
				</fdd:urlReference>
			</fdd:url>
			<fdd:url>
				<fdd:urlReference>
					<link>https://www.itu.int/dms_pubrec/itu-r/rec/bs/R-REC-BS.2088-1-201910-I!!PDF-E.pdf</link>
					<tag>Recommendation ITU-R BS.2088-1 (Oct 2019): Long-form file format for the international
exchange of audio programme materials with metadata</tag>
				</fdd:urlReference>
			</fdd:url>
			<fdd:url>
				<fdd:urlReference>
					<link>https://web.archive.org/web/20061017071620/http://www.grammy.com/PDFs/Recording_Academy/Producers_And_Engineers/DeliveryRecs.pdf</link>
					<tag>Recommendation for Delivery of Recorded Music Projects</tag>
					<comment>As of March 2012, the version online was completed in November 2007 by the Producers and Engineers Wing of the Recording Academy. Link via Internet Archive</comment>
				</fdd:urlReference>
			</fdd:url>
			<fdd:url>
				<fdd:urlReference>
					<link>https://www.aes.org/publications/standards/search.cfm?docID=41</link>
					<tag>AES46-2002 (r2007)</tag>
					<comment>Radio traffic audio delivery extension to the broadcast-WAVE-file format.  Defines an additional chunk of metadata.</comment>
				</fdd:urlReference>
			</fdd:url>
			<fdd:url>
				<fdd:urlReference>
					<link>https://web.archive.org/web/20141101112743/http:/www.sonicspot.com/guide/wavefiles.html</link>
					<tag>Wave File Format</tag>
					<comment>Description of format and related chunks. Link via Internet Archive.</comment>
				</fdd:urlReference>
			</fdd:url>
			<fdd:url>
				<fdd:urlReference>
					<link>https://www.nationalarchives.gov.uk/pronom/fmt/6</link>
					<tag>PRONOM entry for fmt/6</tag>
					<comment>Information in PRONOM from UK National Archives about Waveform Audio: fmt/6.</comment>
				</fdd:urlReference>
			</fdd:url>
			<fdd:url>
				<fdd:urlReference>
					<link>https://www.wikidata.org/wiki/Q217570</link>
					<tag>Wikidata entry for Q217570</tag>
					<comment>Information in Wikidata about Waveform Audio File Format. Wikidata Title ID: Q217570.</comment>
				</fdd:urlReference>
			</fdd:url>
		</fdd:urls>
	</fdd:usefulReferences>
</fdd:FDD>
