<?xml version="1.0" encoding="UTF-8"?>
<fdd:FDD id="fdd000538" titleName="JPEG XL File Format" shortName="JXL" xmlns:xsi="http://www.w3.org/2001/XMLSchema-instance" xmlns:fdd="http://www.loc.gov/preservation/digital/formats/schemas/fdd/v1" xsi:schemaLocation="http://www.loc.gov/preservation/digital/formats/schemas/fdd/v1 http://www.loc.gov/preservation/digital/formats/schemas/fdd/v1/fdd-v1-2.xsd">
	<fdd:properties>
		<fdd:gdfrGenreSelection>
			<fdd:gdfrGenre>still-image</fdd:gdfrGenre>
		</fdd:gdfrGenreSelection>
		<fdd:formatCategories>
			<fdd:category>file-format</fdd:category>
		</fdd:formatCategories>
		<fdd:gdfrComposition>unitary</fdd:gdfrComposition>
		<fdd:gdfrForm>binary</fdd:gdfrForm>
		<fdd:gdfrBasis>sampled</fdd:gdfrBasis>
		<fdd:updates>
			<fdd:date>2024-11-06</fdd:date>
		</fdd:updates>
		<fdd:draftStatus>Preliminary</fdd:draftStatus>
	</fdd:properties>
	<fdd:identificationAndDescription>
		<fdd:fullName>JPEG XL File Format [From ISO/IEC 18181-2 Information technology — JPEG XL Image Coding System — Part 2: File Format]</fdd:fullName>
		<fdd:keywords>
			<fdd:keyword>JPEG</fdd:keyword>
			<fdd:keyword>raster image formats</fdd:keyword>
		</fdd:keywords>
		<fdd:description>
			<p>JPEG XL is a raster-graphics image file format, designed to support lossy and lossless compression, particularly for display on the web and the needs for the web environment on a multitude of devices. JPEG XL is being developed to outperform other popular web image formats such as <fddLink id="fdd000153">PNG</fddLink>, <fddLink id="fdd000143">JPEG 2000</fddLink>, <fddLink id="fdd000133">GIF</fddLink>, and WebP with higher quality images and improved compression ratios.</p>
			<p>The JPEG XL file format has two forms:</p>
			<ul>
				<li>A 'naked' codestream. In this case, only the image/animation data itself is stored, and no additional metadata can be included. Such a file starts with the bytes 0xFF0A (the JPEG marker for "start of JPEG XL codestream").</li>
				<li>An <fddLink id="fdd000079">ISO_BMFF</fddLink>-based container, a box-based container that includes a JPEG XL codestream box (jxlc), and can optionally include other boxes with additional information, such as Exif metadata. In this case, the file starts with the bytes &quot;0x0000000C 4A584C20 0D0A870A&quot;</li>
			</ul>
			<p>The JPEG XL container can include three different types of metadata:</p>
			<ul>
				<li>Exif</li>
				<li>XMP</li>
				<li>JUMBF</li>
			</ul>
			<p>This metadata can include a host of information such as camera settings or GPS coordinates. Any image rendering-impacting information such as Exif orientation is ignored with information in the codestream taking precedence. The file format container allows this type of metadata to be stored either uncompressed or by Brotli-compression. This metadata can also be essential for JPEG XL to losslessly recompress existing JPEG files. The "jbrd" box, the JPEG Bitstream Reconstruction Data, contains the information needed to reconstruct the bit-identical file. The JPEG bitstream reconstruction data uses the image data along with any other metadata present sch as Exif, XMP, or JUMBF, the original JPEG file can be reconstructed. This inherent compatibility allows for an efficient transition from JPEG formats to JPEG XL without the need to store two files.</p>
			<p>The &quot;X&quot; of the JPEG XL file name is based in part on the JPEG group's naming convention for many of its new standards since 2000 including, JPEG XT, JPEG XR, and JPEG XS. The <a href="https://gitlab.gnome.org/GNOME/gimp/-/issues/4681">authors used the &quot;L&quot;</a> as an indication of the hopeful longevity of the file format as it will replace the legacy JPEG. <a href="https://www.loc.gov/preservation/digital/formats/contact_format.shtml">Comments welcome</a>.</p>
			<p>See <a href="https://jpeg.org/jpegxl/index.html">JPEG XL pages</a> on the JPEG website and <fddLink id="fdd000536">JPEG_XL</fddLink> for information on the JPEG XL Image Encoding.</p>
		</fdd:description>
		<fdd:shortDescription>The JPEG XL file format is a raster-graphics image file format that supports lossy and lossless compression and is designed particularly for web display that improves on previous JPEG codecs. JPEG XL was designed to outperform other popular web image formats such as PNG, JPEG 2000, GIF, and WebP with higher quality images and improved compression ratios.</fdd:shortDescription>
		<fdd:productionPhase>Used most often for middle- and final-state archiving or end-user delivery.<a href="https://www.loc.gov/preservation/digital/formats/contact_format.shtml">Comments welcome</a>.</fdd:productionPhase>
		<fdd:relationships>
			<fdd:relationship>
				<fdd:typeOfRelationship>Contains</fdd:typeOfRelationship>
				<fdd:relatedTo>
					<fdd:id>fdd000536</fdd:id>
					<fdd:shortName>JPEG_XL</fdd:shortName>
					<fdd:titleName>JPEG XL Image Encoding</fdd:titleName>
				</fdd:relatedTo>
			</fdd:relationship>
			<fdd:relationship>
				<fdd:typeOfRelationship>Extension of</fdd:typeOfRelationship>
				<fdd:relatedTo>
					<fdd:shortName>FLIF</fdd:shortName>
					<fdd:titleName>Free Lossless Image Format</fdd:titleName>
				</fdd:relatedTo>
				<fdd:comment>Not described at this time.</fdd:comment>
			</fdd:relationship>
			<fdd:relationship>
				<fdd:typeOfRelationship>Extension of</fdd:typeOfRelationship>
				<fdd:relatedTo>
					<fdd:shortName>PIK</fdd:shortName>
					<fdd:titleName>PIK Image File Format</fdd:titleName>
				</fdd:relatedTo>
				<fdd:comment>Not described at this time.</fdd:comment>
			</fdd:relationship>
			<fdd:relationship>
				<fdd:typeOfRelationship>Subtype of</fdd:typeOfRelationship>
				<fdd:relatedTo>
					<fdd:id>fdd000079</fdd:id>
					<fdd:shortName>ISO_BMFF</fdd:shortName>
					<fdd:titleName>ISO Base Media File Format</fdd:titleName>
				</fdd:relatedTo>
			</fdd:relationship>
		</fdd:relationships>
	</fdd:identificationAndDescription>
	<fdd:localUse>
		<fdd:experience>The Library of Congress does not have any JXL files inventoried in its collections as of October 2024.</fdd:experience>
		<fdd:preference>See the Library of Congress Recommended Formats Statement (RFS) for preferences for <a href="https://www.loc.gov/preservation/resources/rfs/stillimg.html">Still Image</a> content.</fdd:preference>
	</fdd:localUse>
	<fdd:sustainabilityFactors>
		<fdd:disclosure>Fully disclosed. This is an ISO published standard specified in the <a href="https://www.iso.org/standard/80617.html">ISO/IEC 18181-2:2021 Information technology — JPEG XL Image Coding System — Part 2: File Format standard</a>.</fdd:disclosure>
		<fdd:documentation>
			<p>As of March 2022, the file format specification of this standard is in <a href="https://www.iso.org/standard/80617.html">published status</a>. ISO/IEC 18181-2 documented format specifications are broken into four parts. Part 1 of the format specifications was fully published in March 2022, while Part 2 was published in October 2021. Parts 3 and 4 remain in development.</p>
			<p>
				<a href="https://www.iso.org/standard/77977.html">Part 1</a> carries the running title Part 1: Core coding system. As stated on the <a href="https://jpeg.org/jpegxl/">JPEG group&apos;s own description of the standards</a>, Part 1: "Defines the JPEG XL codestream and decoder, which can be used for lossy encoding, lossless encoding, and lossless re-compression of existing JPEG images."</p>
			<p>
				<a href="https://www.iso.org/standard/80617.html">Part 2</a> carries the running title Part 2: File Format. Part 2, "specifies an extensible box-based file format which adds support for metadata (e.g. Exif and JUMBF) and legacy JPEG bitstream reconstruction data."</p>
			<p>
				<a href="https://www.iso.org/standard/80618.html">Part 3</a> carries the running title: Conformance testing. As stated by the <a href="https://jpeg.org/jpegxl/">JPEG group</a>, this part, &quot;provides test material and procedures to validate proprietary solutions against the standard specification.&quot;</p>
			<p>
				<a href="https://www.iso.org/standard/80619.html">Part 4</a> carries the running title Part 4: Reference software. Part 4 &quot;provides a free and open source, royalty-free JPEG XL reference implementation.&quot;</p>
		</fdd:documentation>
		<fdd:adoption>
			<p>Adoption of the JPEG XL encoding and file format appears limited at this time. Few active web browsers support JPEG XL file display with a currently monitored list found on <a href="https://github.com/libjxl/libjxl/blob/main/doc/software_support.md">GitHub</a>. This list includes various types of JPEG XL Software Support and its stated purpose is to, "point end-users to software that can read/write jxl and keep track of the adoption status of jxl."</p>
			<p>
				<a href="https://jpegxl.info/resources/supported-software.html">JPEGXL.info</a> maintains a list of supported software and browsers including </p>
			<ul>
				<li>ImageMagick</li>
				<li>
					<a href="https://github.com/libvips/libvips">libvips</a>
				</li>
				<li>
					<a href="https://docs.enlightenment.org/api/imlib2/html/">Imlib2</a>
				</li>
				<li>ImageGlass</li>
				<li>GIMP (with associated plugin)</li>
				<li>XnView</li>
				<li>KolourPaint</li>
				<li>KPhotoAlbum</li>
				<li>VookiImageViewer</li>
				<li>For additional software, see <a href="https://docs.google.com/presentation/d/1LlmUR0Uoh4dgT3DjanLjhlXrk_5W2nJBDqDAMbhe8v8/edit#slide=id.gcefdb4f156_0_0">this JPEG XL overview slide deck</a>.</li>
			</ul>
			<p>Sample JPEG XL files and conformance testing can be found at <a href="https://github.com/libjxl/conformance">https://github.com/libjxl/conformance</a>.</p>
			<p>
				<a href="https://www.loc.gov/preservation/digital/formats/contact_format.shtml">Comments welcome</a>.</p>
		</fdd:adoption>
		<fdd:licensingAndPatents>See <fddLink id="fdd000536">JPEG_XL</fddLink>.</fdd:licensingAndPatents>
		<fdd:transparency>See <fddLink id="fdd000536">JPEG_XL</fddLink>.</fdd:transparency>
		<fdd:selfDocumentation>
			<p>JPEG XL files can contain three types of metadata including Exif, XMP, and JUMBF. See <a href="#identification">Identification and Description</a>. The JPEG XL container allows the listed metadata to be stored via <a href="https://en.wikipedia.org/wiki/Brotli">Brotli-compression</a> or uncompressed. If using Brotli-compression, the box type is defined as &quot;brob&quot; and the first four bytes of the box contents define the actual box type that it represents.</p>
			<p>Per Jon Sneyers' JPEG XL documentation on <a href="https://gitlab.com/wg1/jpeg-xl/-/blob/f88745497118727f861cb00887cadcb395d10f1c/doc/format_overview.md">GitLab</a>, there is a clear separation between metadata and image data. Whatever is needed to correctly display the image is considered to be image data including elements such as ICC profiles and Exif orientation. The developers goal is to reduce the ambiguity and potential for incorrect implementations by different applications. Remaining metadata such as Exif or XMP, can be stored in the container format but has no impact on image rendering. Exif orientation for example, is a field ignored by applications since the orientation defined in the codestream takes precedence. This metadata can be done without affecting the image display.</p>
			<p>
				<b>Accessibility Features</b>
			</p>
			<p>JPEG XL has some support for enhanced accessibility with progressive decoding which allows users to see an image before it's fully downloaded, which is especially useful when bandwidth is low. Its metadata options also provide options for image description.</p>
		</fdd:selfDocumentation>
		<fdd:externalDependencies>None.
		</fdd:externalDependencies>
		<fdd:techProtection>None.
		</fdd:techProtection>
	</fdd:sustainabilityFactors>
	<fdd:qualityAndFunctionalityFactors>
		<fdd:stillImageQF>
			<fdd:normalImage>See <fddLink id="fdd000536">JPEG_XL</fddLink> for characteristics of the image encoding in a file with the .jxl extension.</fdd:normalImage>
			<fdd:clarity>See <fddLink id="fdd000536">JPEG_XL</fddLink> for characteristics of the image encoding.</fdd:clarity>
			<fdd:colorMaint>See <fddLink id="fdd000536">JPEG_XL</fddLink>.</fdd:colorMaint>
			<fdd:graphics>See <fddLink id="fdd000536">JPEG_XL</fddLink>.</fdd:graphics>
			<fdd:multispectral>See <fddLink id="fdd000536">JPEG_XL</fddLink>.</fdd:multispectral>
			<fdd:beyondImage>See <fddLink id="fdd000536">JPEG_XL</fddLink>.</fdd:beyondImage>
		</fdd:stillImageQF>
	</fdd:qualityAndFunctionalityFactors>
	<fdd:fileTypeSignifiers>
		<fdd:signifiersGroup>
			<fdd:filenameExtension>
				<fdd:sigValues>
					<fdd:sigValue>jxl</fdd:sigValue>
				</fdd:sigValues>
				<fdd:note>See <a href="https://www.iana.org/assignments/media-types/image/jxlhttps://www.iana.org/assignments/media-types/image/jxl">IANA</a>.</fdd:note>
			</fdd:filenameExtension>
			<fdd:internetMediaType>
				<fdd:sigValues>
					<fdd:sigValue>image/jxl</fdd:sigValue>
				</fdd:sigValues>
				<fdd:note>See <a href="https://www.iana.org/assignments/media-types/image/jxlhttps://www.iana.org/assignments/media-types/image/jxl">IANA</a>.</fdd:note>
			</fdd:internetMediaType>
			<fdd:magicNumbers>
				<fdd:sigValues>
					<fdd:sigValue>FF 0A or 00 00 00 0C 4A 58 4C 20 0D 0A 87 0A</fdd:sigValue>
				</fdd:sigValues>
				<fdd:note>Via the <a href="https://en.wikipedia.org/wiki/JPEG_XL">Wikipedia entry for JPEG XL</a>.</fdd:note>
			</fdd:magicNumbers>
			<fdd:magicNumbers>
				<fdd:sigValues>
					<fdd:sigValue>0xFF0A </fdd:sigValue>
				</fdd:sigValues>
				<fdd:note>The &quot;naked&quot; codestream form of the JPEG XL file format starts with these bytes which is the JPEG marker for &quot;start of JPEG XL codestream.&quot; See <a href="https://gitlab.com/wg1/jpeg-xl/-/blob/f88745497118727f861cb00887cadcb395d10f1c/doc/format_overview.md">JPEG XL Reference Software GitLab</a>.</fdd:note>
			</fdd:magicNumbers>
			<fdd:other>
				<fdd:tag>Other</fdd:tag>
				<fdd:values>
					<fdd:sigValues>
						<fdd:sigValue>NF0080</fdd:sigValue>
					</fdd:sigValues>
					<fdd:note>See <a href="https://www.archives.gov/files/lod/dpframework/id/NF00802.ttl">https://www.archives.gov/files/lod/dpframework/id/NF00802.ttl</a>
					</fdd:note>
				</fdd:values>
			</fdd:other>
			<fdd:other>
				<fdd:tag>Pronom PUID</fdd:tag>
				<fdd:values>
					<fdd:sigValues>
						<fdd:sigValue>fmt/1485</fdd:sigValue>
					</fdd:sigValues>
					<fdd:note>See <a href="https://www.nationalarchives.gov.uk/pronom/fmt/1485">https://www.nationalarchives.gov.uk/pronom/fmt/1485</a>.</fdd:note>
				</fdd:values>
			</fdd:other>
			<fdd:other>
				<fdd:tag>Wikidata Title ID</fdd:tag>
				<fdd:values>
					<fdd:sigValues>
						<fdd:sigValue>Q72885392</fdd:sigValue>
					</fdd:sigValues>
					<fdd:note>See <a href="https://www.wikidata.org/wiki/Q72885392">https://www.wikidata.org/wiki/Q72885392</a>.</fdd:note>
				</fdd:values>
			</fdd:other>
			<fdd:other>
				<fdd:tag>Wikidata Title ID</fdd:tag>
				<fdd:values>
					<fdd:sigValues>
						<fdd:sigValue>Q99738405</fdd:sigValue>
					</fdd:sigValues>
					<fdd:note>Wikidata entry for libjxl, the JPEG XL reference implementation. See <a href="https://www.wikidata.org/wiki/Q99738405">https://www.wikidata.org/wiki/Q99738405</a>.</fdd:note>
				</fdd:values>
			</fdd:other>
		</fdd:signifiersGroup>
	</fdd:fileTypeSignifiers>
	<fdd:notes>
		<fdd:general>
			<p>See <fddLink id="fdd000536">JPEG_XL</fddLink>
			</p>
		</fdd:general>
		<fdd:history>
			<p>See <fddLink id="fdd000536">JPEG_XL</fddLink>
			</p>
		</fdd:history>
	</fdd:notes>
	<fdd:formatSpecifications>
		<fdd:urls>
			<fdd:url>
				<fdd:urlReference>
					<link>https://www.iso.org/standard/80617.html</link>
					<tag>ISO/IEC 18181-2:2021 Information technology — JPEG XL image coding system — Part 2: File format</tag>
					<comment>Status: Published.</comment>
				</fdd:urlReference>
			</fdd:url>
		</fdd:urls>
	</fdd:formatSpecifications>
	<fdd:usefulReferences>
		<fdd:urls>
			<fdd:url>
				<fdd:urlGroup>
					<fdd:intro>JPEG Sources</fdd:intro>
					<fdd:urlList>
						<fdd:urlReference>
							<link>https://jpeg.org/jpegxl/index.html</link>
							<tag>Overview of JPEG XL.</tag>
						</fdd:urlReference>
						<fdd:urlReference>
							<link>http://ds.jpeg.org/documents/wg1n83043-REQ-JPEG_XL_Use_Cases_and_Requirements.pdf</link>
							<tag>JPEG XL Use Cases and Requirements.</tag>
						</fdd:urlReference>
					</fdd:urlList>
				</fdd:urlGroup>
			</fdd:url>
			<fdd:url>
				<fdd:urlGroup>
					<fdd:intro>GitHub and GitLab</fdd:intro>
					<fdd:urlList>
						<fdd:urlReference>
							<link>https://github.com/FLIF-hub/FLIF/commit/973a6a564fbdffc2aff38ff474dd35aa5bb95aa7</link>
							<tag>FLIF-hub/FLIF.</tag>
						</fdd:urlReference>
						<fdd:urlReference>
							<link>https://github.com/google/pik</link>
							<tag>google/pik.</tag>
						</fdd:urlReference>
						<fdd:urlReference>
							<link>https://github.com/cloudinary/fuif</link>
							<tag>cloudinary/fuif.</tag>
						</fdd:urlReference>
						<fdd:urlReference>
							<link>https://gitlab.com/wg1/jpeg-xl/-/blob/f88745497118727f861cb00887cadcb395d10f1c/doc/format_overview.md</link>
							<tag>JPEG XL Format Overview</tag>
						</fdd:urlReference>
						<fdd:urlReference>
							<link>https://github.com/libjxl/libjxl/blob/main/doc/software_support.md</link>
							<tag>JPEG XL software support.</tag>
						</fdd:urlReference>
					</fdd:urlList>
				</fdd:urlGroup>
			</fdd:url>
			<fdd:url>
				<fdd:urlGroup>
					<fdd:intro>Wikipedia</fdd:intro>
					<fdd:urlList>
						<fdd:urlReference>
							<link>https://en.wikipedia.org/wiki/JPEG_XL</link>
							<tag>Wikipedia entry for JPEG XL.</tag>
						</fdd:urlReference>
						<fdd:urlReference>
							<link>https://en.wikipedia.org/wiki/ISO/IEC_base_media_file_format</link>
							<tag>Wikipedia entry for IEC Base Media File Format.</tag>
						</fdd:urlReference>
						<fdd:urlReference>
							<link>https://en.wikipedia.org/wiki/Free_Lossless_Image_Format</link>
							<tag>Wikipedia entry for Free Lossless Image Format.</tag>
						</fdd:urlReference>
						<fdd:urlReference>
							<link>https://en.wikipedia.org/wiki/Apache_License</link>
							<tag>Wikipedia entry for Apache License.</tag>
						</fdd:urlReference>
						<fdd:urlReference>
							<link>https://en.wikipedia.org/wiki/Brotli</link>
							<tag>Wikipedia entry for Brotli.</tag>
						</fdd:urlReference>
					</fdd:urlList>
				</fdd:urlGroup>
			</fdd:url>
			<fdd:url>
				<fdd:urlGroup>
					<fdd:intro>General References</fdd:intro>
					<fdd:urlList>
						<fdd:urlReference>
							<link>https://cloudinary.com/blog/how_jpeg_xl_compares_to_other_image_codecs</link>
							<tag>How JPEG XL Compares to Other Image Codecs.</tag>
						</fdd:urlReference>
						<fdd:urlReference>
							<link>https://www.spiedigitallibrary.org/conference-proceedings-of-spie/11137/2529237/JPEG-XL-next-generation-image-compression-architecture-and-coding-tools/10.1117/12.2529237.full#s3</link>
							<tag>JPEG XL next-generation image compression architecture and coding tools.</tag>
						</fdd:urlReference>
						<fdd:urlReference>
							<link>https://docs.google.com/presentation/d/1LlmUR0Uoh4dgT3DjanLjhlXrk_5W2nJBDqDAMbhe8v8/edit#slide=id.g9b4791a110_0_406</link>
							<tag>JPEG XL -Overview</tag>
						</fdd:urlReference>
					</fdd:urlList>
				</fdd:urlGroup>
			</fdd:url>
			<fdd:url>
				<fdd:urlGroup>
					<fdd:intro>NARA, PRONOM and Wikidata IDs</fdd:intro>
					<fdd:urlList>
						<fdd:urlReference>
							<link>https://www.archives.gov/files/lod/dpframework/id/NF00802.ttl</link>
							<tag>NARA File Format Preservation Plan ID entry for NF00802</tag>
							<comment>Information in NARA File Format Preservation Plan ID about JPEG XL.</comment>
						</fdd:urlReference>
						<fdd:urlReference>
							<link>https://www.nationalarchives.gov.uk/pronom/fmt/1485</link>
							<tag>PRONOM entry for fmt/1485</tag>
							<comment>Information in PRONOM from UK National Archives about JPEG XL: fmt/1485.</comment>
						</fdd:urlReference>
						<fdd:urlReference>
							<link>https://www.wikidata.org/wiki/Q72885392</link>
							<tag>Wikidata entry for Q72885392</tag>
							<comment>Information in Wikidata entry for JPEG XL. Wikidata Title ID: Q72885392</comment>
						</fdd:urlReference>
						<fdd:urlReference>
							<link>https://www.wikidata.org/wiki/Q99738405</link>
							<tag>Wikidata entry for Q99738405</tag>
							<comment>Information in Wikidata entry for libjxl, the JPEG XL reference implementation. Wikidata Title ID: Q99738405.</comment>
						</fdd:urlReference>
					</fdd:urlList>
				</fdd:urlGroup>
			</fdd:url>
		</fdd:urls>
	</fdd:usefulReferences>
</fdd:FDD>
