<?xml version="1.0" encoding="UTF-8"?>
<fdd:FDD id="fdd000349" titleName="AVI OpenDML File Format with FFV1 video encoding" shortName="AVI_FFV1" xmlns:xsi="http://www.w3.org/2001/XMLSchema-instance" xmlns:fdd="http://www.loc.gov/preservation/digital/formats/schemas/fdd/v1" xsi:schemaLocation="http://www.loc.gov/preservation/digital/formats/schemas/fdd/v1 http://www.loc.gov/preservation/digital/formats/schemas/fdd/v1/fdd-v1-1.xsd">
	<fdd:properties>
		<fdd:gdfrGenreSelection>
			<fdd:gdfrGenre>moving-image</fdd:gdfrGenre>
		</fdd:gdfrGenreSelection>
		<fdd:formatCategories>
			<fdd:category>file-format</fdd:category>
			<fdd:category>encoding</fdd:category>
		</fdd:formatCategories>
		<fdd:gdfrComposition>container-wrapper</fdd:gdfrComposition>
		<fdd:gdfrForm>binary</fdd:gdfrForm>
		<fdd:gdfrBasis>sampled</fdd:gdfrBasis>
		<fdd:updates>
			<fdd:date>2016-03-08</fdd:date>
		</fdd:updates>
		<fdd:draftStatus>Partial</fdd:draftStatus>
	</fdd:properties>
	<fdd:identificationAndDescription>
		<fdd:fullName>AVI OpenDML File Format with FFV1 video encoding </fdd:fullName>
		<fdd:keywords>
			<fdd:keyword>video formats</fdd:keyword>
		</fdd:keywords>
		<fdd:description>
			<p>File format that wraps FFV1 video essence data with other data chunks, e.g., audio, in <fddLink id="fdd000442">AVI_OpenDML_1_02</fddLink>.</p>
		</fdd:description>
		<fdd:shortDescription>File format that wraps FFV1 video essence data with other data chunks, e.g., audio, in AVI_OpenDML_1_02.</fdd:shortDescription>
		<fdd:productionPhase>	Middle state, used for storage or archiving</fdd:productionPhase>
		<fdd:relationships>
			<fdd:relationship>
				<fdd:typeOfRelationship>Subtype of</fdd:typeOfRelationship>
				<fdd:relatedTo>
					<fdd:id>fdd000442</fdd:id>
					<fdd:shortName>AVI_OpenDML_1_02</fdd:shortName>
					<fdd:titleName>AVI File Format with OpenDML Extensions, Version 1.02</fdd:titleName>
				</fdd:relatedTo>
			</fdd:relationship>
			<fdd:relationship>
				<fdd:typeOfRelationship>Contains</fdd:typeOfRelationship>
				<fdd:relatedTo>
					<fdd:id>fdd000341</fdd:id>
					<fdd:shortName>FFV1</fdd:shortName>
					<fdd:titleName>FF Video Codec 1</fdd:titleName>
				</fdd:relatedTo>
			</fdd:relationship>
			<fdd:relationship>
				<fdd:typeOfRelationship>May contain</fdd:typeOfRelationship>
				<fdd:comment>Sound essences and other elements, not described at this time.</fdd:comment>
			</fdd:relationship>
		</fdd:relationships>
	</fdd:identificationAndDescription>
	<fdd:localUse>
		<fdd:experience>None</fdd:experience>
	</fdd:localUse>
	<fdd:sustainabilityFactors>
		<fdd:disclosure>AVI is fully documented and a proprietary file format developed by Microsoft and IBM as part of <a href="https://www.loc.gov/preservation/digital/formats/fdd/fdd000025.shtml">RIFF</a>, the Resource Interchange File Format for Windows 3.1. FFV1 is an open-source specification and comes from the <a href="http://ffmpeg.org/">FFmpeg</a> project.</fdd:disclosure>
		<fdd:documentation>See <fddLink id="fdd000059">AVI</fddLink>. The FFV1 <a href="http://www.ffmpeg.org/~michael/ffv1.html">specification</a> is maintained by the FFmpeg project&apos;s current leader Michael Niedermayer. </fdd:documentation>
		<fdd:adoption>Modest adoption of <fddLink id="fdd000059">AVI</fddLink> and <fddLink id="fdd000341">FFV1</fddLink> in heritage repositories. One notable adopter of the AVI/FFV1 combination is the <a href="https://www.mediathek.at/">Austrian Mediathek</a>. Information about their use of FFV1 can be found <a href="https://web.archive.org/web/20160417021816/http://www.dva-profession.mediathek.at/documentation/2-dva-profession-used-at-the-austrian-mediathek/">here (link available through Internet Archive)</a>.</fdd:adoption>
		<fdd:licensingAndPatents>See <fddLink id="fdd000059">AVI</fddLink> and <fddLink id="fdd000341">FFV1</fddLink>.</fdd:licensingAndPatents>
		<fdd:transparency>See <fddLink id="fdd000059">AVI</fddLink> and <fddLink id="fdd000341">FFV1</fddLink>.</fdd:transparency>
		<fdd:selfDocumentation>See <fddLink id="fdd000059">AVI</fddLink> and <fddLink id="fdd000341">FFV1</fddLink>.</fdd:selfDocumentation>
		<fdd:externalDependencies>See <fddLink id="fdd000059">AVI</fddLink> and <fddLink id="fdd000341">FFV1</fddLink>.</fdd:externalDependencies>
		<fdd:techProtection>See <fddLink id="fdd000059">AVI</fddLink> and <fddLink id="fdd000341">FFV1</fddLink>.</fdd:techProtection>
	</fdd:sustainabilityFactors>
	<fdd:qualityAndFunctionalityFactors/>
	<fdd:fileTypeSignifiers>
		<fdd:signifiersGroup>
			<fdd:filenameExtension>
				<fdd:sigValueNA>See related format.</fdd:sigValueNA>
				<fdd:note>See <fddLink id="fdd000059">AVI</fddLink>.</fdd:note>
			</fdd:filenameExtension>
		</fdd:signifiersGroup>
	</fdd:fileTypeSignifiers>
	<fdd:formatSpecifications>
		<fdd:urls>
			<fdd:url>
				<fdd:urlReference>
					<link>http://www1.mplayerhq.hu/~michael/ffv1.html</link>
					<tag>FFV1 Video Codec Specification</tag>
				</fdd:urlReference>
			</fdd:url>
		</fdd:urls>
	</fdd:formatSpecifications>
	<fdd:usefulReferences>
		<fdd:urls>
			<fdd:url>
				<fdd:urlReference>
					<link>https://web.archive.org/web/20160417021816/http://www.dva-profession.mediathek.at/documentation/2-dva-profession-used-at-the-austrian-mediathek/</link>
					<tag>Information about the Austrian Mediathek&apos;s use of FFV1 (link available through Internet Archive)</tag>
				</fdd:urlReference>
			</fdd:url>
			<fdd:url>
				<fdd:urlGroup>
					<fdd:intro>See also <fddLink id="fdd000059">AVI</fddLink> and <fddLink id="fdd000341">FFV1</fddLink>.</fdd:intro>
				</fdd:urlGroup>
			</fdd:url>
		</fdd:urls>
	</fdd:usefulReferences>
</fdd:FDD>
