<?xml version="1.0" encoding="UTF-8"?>
<fdd:FDD id="fdd000225" titleName="MPEG-4 File Format, V.2, with AVC, Baseline Profile" shortName="MP4_FF_2_AVC_BP" xmlns:xsi="http://www.w3.org/2001/XMLSchema-instance" xmlns:fdd="http://www.loc.gov/preservation/digital/formats/schemas/fdd/v1" xsi:schemaLocation="http://www.loc.gov/preservation/digital/formats/schemas/fdd/v1 http://www.loc.gov/preservation/digital/formats/schemas/fdd/v1/fdd-v1-1.xsd">
	<fdd:properties>
		<fdd:gdfrGenreSelection>
			<fdd:gdfrGenre>moving-image</fdd:gdfrGenre>
		</fdd:gdfrGenreSelection>
		<fdd:formatCategories>
			<fdd:category>file-format</fdd:category>
			<fdd:category>encoding</fdd:category>
		</fdd:formatCategories>
		<fdd:gdfrComposition>unitary</fdd:gdfrComposition>
		<fdd:gdfrForm>binary</fdd:gdfrForm>
		<fdd:gdfrBasis>sampled</fdd:gdfrBasis>
		<fdd:updates>
			<fdd:date>2011-12-27</fdd:date>
		</fdd:updates>
		<fdd:draftStatus>Full</fdd:draftStatus>
	</fdd:properties>
	<fdd:identificationAndDescription>
		<fdd:fullName>MPEG-4 Version 2 file format with Advanced Video Coding, Baseline Profile</fdd:fullName>
		<fdd:keywords>
			<fdd:keyword>MPEG</fdd:keyword>
			<fdd:keyword>MPEG-4</fdd:keyword>
		</fdd:keywords>
		<fdd:description>MPEG-4 Version 2 file format containing AVC encoded data, baseline profile.</fdd:description>
		<fdd:shortDescription>MPEG-4 Version 2 file format containing AVC encoded data, baseline profile</fdd:shortDescription>
		<fdd:productionPhase>See <fddLink id="fdd000155">MP4_FF_2</fddLink>.</fdd:productionPhase>
		<fdd:relationships>
			<fdd:relationship>
				<fdd:typeOfRelationship>Subtype of</fdd:typeOfRelationship>
				<fdd:relatedTo>
					<fdd:id>fdd000155</fdd:id>
					<fdd:shortName>MP4_FF_2</fdd:shortName>
					<fdd:titleName>MPEG-4 File Format, Version 2</fdd:titleName>
				</fdd:relatedTo>
			</fdd:relationship>
			<fdd:relationship>
				<fdd:typeOfRelationship>Contains</fdd:typeOfRelationship>
				<fdd:relatedTo>
					<fdd:id>fdd000082</fdd:id>
					<fdd:shortName>MPEG-4_AVC_BP</fdd:shortName>
					<fdd:titleName>MPEG-4, Advanced Video Coding (Part 10), Baseline Profile</fdd:titleName>
				</fdd:relatedTo>
			</fdd:relationship>
			<fdd:relationship>
				<fdd:typeOfRelationship>May contain</fdd:typeOfRelationship>
				<fdd:relatedTo>
					<fdd:id>fdd000114</fdd:id>
					<fdd:shortName>AAC_MP4</fdd:shortName>
					<fdd:titleName>MPEG-4 Advanced Audio Coding</fdd:titleName>
				</fdd:relatedTo>
			</fdd:relationship>
			<fdd:relationship>
				<fdd:typeOfRelationship>May contain</fdd:typeOfRelationship>
				<fdd:relatedTo>
					<fdd:id>fdd000233</fdd:id>
					<fdd:shortName>AAC_MP4_LC</fdd:shortName>
					<fdd:titleName>AAC (MPEG-4) Low Complexity Object</fdd:titleName>
				</fdd:relatedTo>
			</fdd:relationship>
			<fdd:relationship>
				<fdd:typeOfRelationship>May contain</fdd:typeOfRelationship>
				<fdd:comment>Additional audio, graphics, and scene graph stream types.  Not documented at this time.</fdd:comment>
			</fdd:relationship>
		</fdd:relationships>
	</fdd:identificationAndDescription>
	<fdd:localUse>
		<fdd:experience>See <fddLink id="fdd000155">MP4_FF_2</fddLink>
		</fdd:experience>
		<fdd:preference>See <fddLink id="fdd000155">MP4_FF_2</fddLink>
		</fdd:preference>
	</fdd:localUse>
	<fdd:sustainabilityFactors>
		<fdd:disclosure>
			See <fddLink id="fdd000155">MP4_FF_2</fddLink>
		</fdd:disclosure>
		<fdd:documentation>
			See <fddLink id="fdd000155">MP4_FF_2</fddLink> and <fddLink id="fdd000081">MPEG-4_AVC</fddLink>.
		</fdd:documentation>
		<fdd:adoption>
			See <fddLink id="fdd000082">MPEG-4_AVC_BP</fddLink>
		</fdd:adoption>
		<fdd:licensingAndPatents>
			See <fddLink id="fdd000155">MP4_FF_2</fddLink>.
		</fdd:licensingAndPatents>
		<fdd:transparency>
			See <fddLink id="fdd000081">MPEG-4_AVC</fddLink>.
		</fdd:transparency>
		<fdd:selfDocumentation>
			See <fddLink id="fdd000155">MP4_FF_2</fddLink>.
		</fdd:selfDocumentation>
		<fdd:externalDependencies>
			See <fddLink id="fdd000155">MP4_FF_2</fddLink>.
		</fdd:externalDependencies>
		<fdd:techProtection>
			See <fddLink id="fdd000155">MP4_FF_2</fddLink>.
		</fdd:techProtection>
	</fdd:sustainabilityFactors>
	<fdd:qualityAndFunctionalityFactors>
		<fdd:movingImageQF>
			<fdd:normalVideo>See <fddLink id="fdd000155">MP4_FF_2</fddLink>.</fdd:normalVideo>
			<fdd:clarity>See <fddLink id="fdd000082">MPEG-4_AVC_BP</fddLink>.</fdd:clarity>
			<fdd:beyondVideo>See <fddLink id="fdd000155">MP4_FF_2</fddLink>.</fdd:beyondVideo>
		</fdd:movingImageQF>
		<fdd:soundQF>
			<fdd:fidelity>See <fddLink id="fdd000155">MP4_FF_2</fddLink>.</fdd:fidelity>
			<fdd:channels>See <fddLink id="fdd000155">MP4_FF_2</fddLink>.</fdd:channels>
			<fdd:beyondSound>See <fddLink id="fdd000155">MP4_FF_2</fddLink>.</fdd:beyondSound>
		</fdd:soundQF>
	</fdd:qualityAndFunctionalityFactors>
	<fdd:fileTypeSignifiers>
		<fdd:signifiersGroup>
			<fdd:filenameExtension>
				<fdd:sigValueNA>See related format.</fdd:sigValueNA>
				<fdd:note>
					<p>See <fddLink id="fdd000155">MP4_FF_2</fddLink>.</p>
				</fdd:note>
			</fdd:filenameExtension>
			<fdd:internetMediaType>
				<fdd:sigValueNA>See related format.</fdd:sigValueNA>
				<fdd:note>
					<p>See <fddLink id="fdd000155">MP4_FF_2</fddLink>.</p>
				</fdd:note>
			</fdd:internetMediaType>
			<fdd:magicNumbers>
				<fdd:sigValueNA>See related format.</fdd:sigValueNA>
				<fdd:note>See <fddLink id="fdd000155">MP4_FF_2</fddLink>.</fdd:note>
			</fdd:magicNumbers>
			<fdd:other>
				<fdd:tag>File type brand (ISO Base Media File Format)</fdd:tag>
				<fdd:values>
					<fdd:sigValueNA>See related format.</fdd:sigValueNA>
					<fdd:note>See <fddLink id="fdd000155">MP4_FF_2</fddLink>.</fdd:note>
				</fdd:values>
			</fdd:other>
			<fdd:other>
				<fdd:tag>Indicator for profile, level, version, etc.</fdd:tag>
				<fdd:values>
					<fdd:sigValues>
						<fdd:sigValue>66</fdd:sigValue>
					</fdd:sigValues>
					<fdd:note>The <i>profile_idc</i> element pertains to the encoding and is described as a part of Annex A of <a href="fdd000155.shtml#specs">Part 10</a> of the standard, pp. 204-05.</fdd:note>
				</fdd:values>
			</fdd:other>
		</fdd:signifiersGroup>
	</fdd:fileTypeSignifiers>
	<fdd:usefulReferences>
		<fdd:urls>
			<fdd:url>
				<fdd:urlGroup>
					<fdd:intro>
						<p>See <fddLink id="fdd000155">MP4_FF_2</fddLink> for  MPEG-4 references and <fddLink id="fdd000081">MPEG-4_AVC</fddLink> for Advanced Visual Coding references.</p>
					</fdd:intro>
				</fdd:urlGroup>
			</fdd:url>
		</fdd:urls>
	</fdd:usefulReferences>
</fdd:FDD>
