<?xml version="1.0" encoding="UTF-8"?>
<fdd:FDD id="fdd000344" titleName="Matroska File Format with MPEG-4, Advanced Video Coding (Part 10) (H.264)" shortName="Matroska_AVC" xmlns:xsi="http://www.w3.org/2001/XMLSchema-instance" xmlns:fdd="http://www.loc.gov/preservation/digital/formats/schemas/fdd/v1" xsi:schemaLocation="http://www.loc.gov/preservation/digital/formats/schemas/fdd/v1 http://www.loc.gov/preservation/digital/formats/schemas/fdd/v1/fdd-v1-1.xsd">
	<fdd:properties>
		<fdd:gdfrGenreSelection>
			<fdd:gdfrGenre>moving-image</fdd:gdfrGenre>
		</fdd:gdfrGenreSelection>
		<fdd:formatCategories>
			<fdd:category>file-format</fdd:category>
			<fdd:category>encoding</fdd:category>
		</fdd:formatCategories>
		<fdd:gdfrComposition>container-wrapper</fdd:gdfrComposition>
		<fdd:gdfrForm>binary</fdd:gdfrForm>
		<fdd:updates>
			<fdd:date>2012-05-29</fdd:date>
		</fdd:updates>
		<fdd:draftStatus>Partial</fdd:draftStatus>
	</fdd:properties>
	<fdd:identificationAndDescription>
		<fdd:fullName>Matroska File Format with MPEG-4, Advanced Video Coding (Part 10) (H.264)</fdd:fullName>
		<fdd:keywords>
			<fdd:keyword>MPEG-4</fdd:keyword>
			<fdd:keyword>MPEG</fdd:keyword>
			<fdd:keyword>Matroska</fdd:keyword>
		</fdd:keywords>
		<fdd:description>Matroska file containing video essence encoded as MPEG-4, Advanced Video Coding (Part 10) (H.264).</fdd:description>
		<fdd:shortDescription>Matroska file containing video essence encoded as MPEG-4, Advanced Video Coding (Part 10) (H.264).</fdd:shortDescription>
		<fdd:productionPhase>	Generally a final-state (end-user delivery) format.</fdd:productionPhase>
		<fdd:relationships>
			<fdd:relationship>
				<fdd:typeOfRelationship>Subtype of</fdd:typeOfRelationship>
				<fdd:relatedTo>
					<fdd:id>fdd000342</fdd:id>
					<fdd:shortName>Matroska</fdd:shortName>
					<fdd:titleName>Matroska Multimedia Container</fdd:titleName>
				</fdd:relatedTo>
			</fdd:relationship>
			<fdd:relationship>
				<fdd:typeOfRelationship>Contains</fdd:typeOfRelationship>
				<fdd:relatedTo>
					<fdd:id>fdd000081</fdd:id>
					<fdd:shortName>MPEG-4_AVC</fdd:shortName>
					<fdd:titleName>MPEG-4, Advanced Video Coding (Part 10) (H.264)</fdd:titleName>
				</fdd:relatedTo>
			</fdd:relationship>
			<fdd:relationship>
				<fdd:typeOfRelationship>May contain</fdd:typeOfRelationship>
				<fdd:comment>Sound essences and other elements, not described at this time.</fdd:comment>
			</fdd:relationship>
		</fdd:relationships>
	</fdd:identificationAndDescription>
	<fdd:localUse>
		<fdd:experience>None</fdd:experience>
	</fdd:localUse>
	<fdd:sustainabilityFactors>
		<fdd:disclosure>Both Mastroska and MPEG-4 are openly documented. Matroska is an open-source specification that is an offshoot of the <a href="http://en.wikipedia.org/wiki/Multimedia_Container_Format">Multimedia Container Format</a> project. MPEG-4 is a standard developed by the ISO technical program JTC 1/SC 29 (WG11), aka the Moving Picture Experts Group (MPEG). See <a href="http://mpeg.chiariglione.org">MPEG web site</a>.</fdd:disclosure>
		<fdd:documentation>The Matroska specification is published online at <a href="http://www.matroska.org/technical/specs/index.html">http://www.matroska.org/technical/specs/index.html</a>. 	The specification of MPEG-4, Advanced Video Coding (Part 10)  is ISO/IEC 14496-10:2003. Information technology -- Coding of audio-visual objects -- Part 10: Advanced Video Coding. </fdd:documentation>
		<fdd:adoption>A format popular among independent and low-budget filmmakers for online dissemination of their finished works. Adoption in heritage repositories is not known to the authors of this website. <a href="http://www.digitalpreservation.gov/formats/contact_format.shtml">Comments Welcome</a>
		</fdd:adoption>
		<fdd:licensingAndPatents>See <fddLink id="fdd000342">Matroska</fddLink> and <fddLink id="fdd000081">MPEG-4_AVC</fddLink>
		</fdd:licensingAndPatents>
		<fdd:transparency>See <fddLink id="fdd000342">Matroska</fddLink> and <fddLink id="fdd000081">MPEG-4_AVC</fddLink>
		</fdd:transparency>
		<fdd:selfDocumentation>See <fddLink id="fdd000342">Matroska</fddLink> and <fddLink id="fdd000081">MPEG-4_AVC</fddLink>
		</fdd:selfDocumentation>
		<fdd:externalDependencies>See <fddLink id="fdd000342">Matroska</fddLink> and <fddLink id="fdd000081">MPEG-4_AVC</fddLink>
		</fdd:externalDependencies>
		<fdd:techProtection>See <fddLink id="fdd000342">Matroska</fddLink> and <fddLink id="fdd000081">MPEG-4_AVC</fddLink>
		</fdd:techProtection>
	</fdd:sustainabilityFactors>
	<fdd:qualityAndFunctionalityFactors/>
	<fdd:fileTypeSignifiers>
		<fdd:signifiersGroup>
		</fdd:signifiersGroup>
	</fdd:fileTypeSignifiers>
	<fdd:formatSpecifications>
		<fdd:urls>
			<fdd:url>
				<fdd:urlReference>
					<link>http://matroska.org/technical/specs/index.html </link>
					<tag>Matroska Specification </tag>
				</fdd:urlReference>
			</fdd:url>
		</fdd:urls>
		<fdd:citations>
			<fdd:citation>
				<fdd:specReference>ISO/IEC 14496-10:2003 Information technology -- Coding of audio-visual objects -- Part 10: Advanced Video Coding</fdd:specReference>
			</fdd:citation>
			<fdd:citation>
				<fdd:specReference>ISO/IEC 14496-15:2004 Information technology -- Coding of audio-visual objects -- Part 15: Advanced Video Coding (AVC) file format</fdd:specReference>
			</fdd:citation>
		</fdd:citations>
	</fdd:formatSpecifications>
	<fdd:usefulReferences>
		<fdd:urls>
			<fdd:url>
				<fdd:urlGroup>
					<fdd:intro>See <fddLink id="fdd000342">Matroska</fddLink> and <fddLink id="fdd000081">MPEG-4_AVC</fddLink>.</fdd:intro>
				</fdd:urlGroup>
			</fdd:url>
		</fdd:urls>
	</fdd:usefulReferences>
</fdd:FDD>
