<?xml version="1.0" encoding="UTF-8"?>
<fdd:FDD id="fdd000329" titleName="GeoDB, ESRI Geodatabase ArcSDE" shortName="GeoDB_SDE" xmlns:xsi="http://www.w3.org/2001/XMLSchema-instance" xmlns:fdd="http://www.loc.gov/preservation/digital/formats/schemas/fdd/v1" xsi:schemaLocation="http://www.loc.gov/preservation/digital/formats/schemas/fdd/v1 http://www.loc.gov/preservation/digital/formats/schemas/fdd/v1/fdd-v1-1.xsd">
	<fdd:properties>
		<fdd:gdfrGenreSelection>
			<fdd:gdfrGenre>database</fdd:gdfrGenre>
		</fdd:gdfrGenreSelection>
		<fdd:formatCategories>
			<fdd:category>file-format</fdd:category>
		</fdd:formatCategories>
		<fdd:gdfrDomains>
			<fdd:gdfrDomain>
				<fdd:value>gis</fdd:value>
			</fdd:gdfrDomain>
		</fdd:gdfrDomains>
		<fdd:updates>
			<fdd:date>2011-08-09</fdd:date>
		</fdd:updates>
		<fdd:draftStatus>Partial</fdd:draftStatus>
	</fdd:properties>
	<fdd:identificationAndDescription>
		<fdd:fullName>ESRI Geodatabase ArcSDE</fdd:fullName>
		<fdd:keywords>
			<fdd:keyword>geospatial data formats</fdd:keyword>
		</fdd:keywords>
		<fdd:description>
			<p>A GeoDB_SDE geodatabase is a multi-user ArcGIS geodatabase implemented on an RDBMS (relational database management system) platform.  The GeoDB, ESRI Geodatabase ArcSDE or GeoDB_SDE is a subtype of the <fddLink id="fdd000293">GeoDB_family</fddLink>.  The GeoDB is the primary data storage model for ArcGIS.  It is a container of spatial and attribute data and enables the user to store many different types of GIS data within its structure.  Its structure is implemented either in an RDBMS or as a collection of files in a file system.  GeoDB_SDE is implemented on the customer's choice of supported RDBMS platform. Supported platforms include IBM DB2, IBM Informix, Oracle, PostgreSQL, and SQL Server.  Multi-user geodatabases leverage the underlying RDBMS architecture to provide better data security, such as access permission control for individual datasets, distributed file management, backup/recovery capabilities, and data integrity. </p>
			<p>There are three types of multi-user geodatabases:  enterprise, workgroup, and desktop.  The storage capacity and number of possible concurrent users vary with each type.</p>
			<ul>
				<li>
					<b>Enterprise Geodatabases</b> -- Intended for large-scale enterprise application scenarios, it can be scaled to any size and can support any number of users, running on computers of any size and configuration. It is the most robust of all the geodatabase types. It is designed to be easily integrated into an enterprise IT structure so GIS data can be shared across the entire enterprise system.  </li>
				<li>
					<b>Workgroup Geodatabases</b> -- Intended for the small- to medium-sized departmental application scenarios. Geodatabase and RDBMS management, such as defining users and their data access permissions, is performed entirely within the ArcGIS suite of software. A workgroup geodatabase has a maximum size limit of 4 gigabytes and supports up to 10 simultaneous users, all of which could be editors. I</li>
				<li>
					<b>Desktop Geodatabase</b> -- This is designed for small teams or a single user who requires the functionality of a multi-user geodatabase. It has a maximum size limit of 4 gigabytes, and uses the ArcGIS Desktop suite of software for setup and management. The difference between a workgroup geodatabase and a desktop geodatabase is that the desktop geodatabase only supports up to three concurrent users (one editor and two viewers). I</li>
			</ul>
		</fdd:description>
		<fdd:shortDescription>Multi-user ArcGIS geodatabase implemented on an RDBMS platform. </fdd:shortDescription>
		<fdd:productionPhase>
			<p>A multi-user database implementation that can be used to support initial data creation, middle-state data management, or interactive display or distribution of selected data subsets to end users.  Single-user geodatabases (such as personal and file geodatabases) can be migrated to multi-user geodatabases using migration tools included in the ArcGIS software suite.  See <a href="https://www.esri.com/arcgis-blog/products/arcgis-desktop/data-management/migrating-your-existing-data-into-the-geodatabase/">Migrating your existing data into the Geodatabase.</a>
			</p>
		</fdd:productionPhase>
		<fdd:relationships>
			<fdd:relationship>
				<fdd:typeOfRelationship>Subtype of</fdd:typeOfRelationship>
				<fdd:relatedTo>
					<fdd:id>fdd000293</fdd:id>
					<fdd:shortName>GeoDB_family</fdd:shortName>
					<fdd:titleName>ESRI Arc Geodatabase Format Family</fdd:titleName>
				</fdd:relatedTo>
				<fdd:comment>The data model that serves as the framework for all Arc geodatabases, whether single-user or multi-user.  This data model has superseded the ESRI ArcInfo Coverage format which cannot be edited in ArcGIS 8.3 and subsequent versions.</fdd:comment>
			</fdd:relationship>
			<fdd:relationship>
				<fdd:typeOfRelationship>Affinity to</fdd:typeOfRelationship>
				<fdd:relatedTo>
					<fdd:id>fdd000284</fdd:id>
					<fdd:shortName>ArcInfo Coverage </fdd:shortName>
					<fdd:titleName>ESRI ArcInfo Coverage </fdd:titleName>
				</fdd:relatedTo>
				<fdd:comment>The ArcGIS Coverage format is a legacy format superseded by the ESRI Arc Geodatabase data model that is expressed in single and multi-user geodatabases. Coverages cannot be edited in ArcGIS 8.3 and subsequent versions. </fdd:comment>
			</fdd:relationship>
			<fdd:relationship>
				<fdd:typeOfRelationship>Affinity to</fdd:typeOfRelationship>
				<fdd:relatedTo>
					<fdd:id>fdd000294</fdd:id>
					<fdd:shortName>GeoDB_File</fdd:shortName>
					<fdd:titleName>GeoDB, ESRI Geodatabase (File-based)</fdd:titleName>
				</fdd:relatedTo>
				<fdd:comment>This geodatabase option, implemented as a collection of binary files in a file system, is one option for data storage for a single-user ESRI Geodatabase.</fdd:comment>
			</fdd:relationship>
			<fdd:relationship>
				<fdd:typeOfRelationship>Affinity to</fdd:typeOfRelationship>
				<fdd:relatedTo>
					<fdd:shortName>GeoDB_Personal</fdd:shortName>
					<fdd:titleName>GeoDB, ESRI Geodatabase (Personal)</fdd:titleName>
				</fdd:relatedTo>
				<fdd:comment>An option for data storage for a single-user ESRI Geodatabase that is implemented as a single Microsoft Access file.  Esri recommends file geodatabases (see <fddLink id="fdd000294">GeoDB_file</fddLink> over Microsoft Access Personal Geodatabases, because they offer more functionality and better performance.  The Personal Geodatabase format is not described at this time on this website.</fdd:comment>
			</fdd:relationship>
			<fdd:relationship>
				<fdd:typeOfRelationship>Affinity to</fdd:typeOfRelationship>
				<fdd:relatedTo>
					<fdd:id>fdd000295</fdd:id>
					<fdd:shortName>GeoDB_XML</fdd:shortName>
					<fdd:titleName>ESRI Geodatabase (XML)</fdd:titleName>
				</fdd:relatedTo>
				<fdd:comment>Used by ArcGIS to import and export all items and data in a geodatabase such as domains, rules, feature datasets, and topologies.</fdd:comment>
			</fdd:relationship>
		</fdd:relationships>
	</fdd:identificationAndDescription>
	<fdd:localUse>
		<fdd:experience>The Library of Congress has licensed and used an enterprise ArcGIS system based on the Oracle RDBMS for several years.  Primary use is by the Geography &amp; Maps Division for producing maps on specific topics for use by Congress.</fdd:experience>
	</fdd:localUse>
	<fdd:sustainabilityFactors>
		<fdd:disclosure>A proprietary database structure used in Esri GIS products.</fdd:disclosure>
		<fdd:documentation>Esri does not provide a complete specification of the database structure employed in ArcGIS.  The different types of geodatabases are described in <a href="http://webhelp.esri.com/arcgisdesktop/9.2/index.cfm?TopicName=Types_of_geodatabases">Types of geodatabases, ArcGIS 9.2 Desktop Help, January 14, 2008</a>.</fdd:documentation>
		<fdd:adoption>The geodatabase data model was introduced by Esri in the late 1990s with the release of version ArcGIS 8.0.  The release of the ArcGIS suite constituted a major change in Esri's software offerings, aligning all their client and server products under one software architecture known as ArcGIS, developed using Microsoft Windows COM standards.  While the Esri shapefile is still quite prevalent in the industry, at least for sharing and transferring datasets among different systems, the geodatabase is becoming the mechanism of choice for data sharing and data interoperability among organizations, and departments within a single organization.   While older Esri (non-ArcGIS) products are still available as of 2011, most of the GIS software market share that Esri holds (approximately 36 percent worldwide as of 2002) is taken by ArcGIS products.  See <a href="https://en.wikipedia.org/wiki/ArcGIS">Wikipedia entry for ArcGIS</a> and <a href="https://web.archive.org/web/20120703053620/http://www.esri.com/library/whitepapers/pdfs/cots-gis.pdf">COTS GIS:  The Value of a Commercial Geographic Information System</a> (2002) for more information. </fdd:adoption>
		<fdd:licensingAndPatents>Esri Licensing agreements detail the terms of use and compliance for Esri GIS software per <a href="https://www.esri.com/en-us/legal/terms/full-master-agreement">https://www.esri.com/en-us/legal/terms/full-master-agreement</a>.</fdd:licensingAndPatents>
		<fdd:transparency>TBD</fdd:transparency>
		<fdd:selfDocumentation>TBD</fdd:selfDocumentation>
		<fdd:externalDependencies>
			<p>An ArcSDE database implementation requires integration into a relational database management system (RDBMS).</p>
			<ul>
				<li>
					<b>Personal ArcSDE</b> -- Beginning with Version 9.2 of the ArcGIS suite, ArcEditor and ArcInfo include the Microsoft SQL Server Express database to allow personal ArcSDE geodatabases for three simultaneous users, one of whom can edit data.  SQL Server Express is limited to run on one CPU or Core within a Socket and use 1 GB RAM.  Maximum database size is 4 GB.</li>
				<li>
					<b>Workgroup ArcSDE</b> -- ArcGIS Server for Workgroups includes ArcSDE support for SQL Server Express.  This level of ArcSDE allows up to 10 simultaneous Windows desktop users and editors plus any number of additional server connections from applications, as governed by license agreement.  SQL Server Express is limited to running on one CPU or Core with a maximult of 1 GB RAM and database size limit of 4 GB.</li>
				<li>
					<b>Enterprise ArcSDE</b> -- Enterprise ArcSDE is included with ArcGIS Server for Enterprises.  This is the traditional ArcSDE technology that runs on Oracle, SQL Server, PostgreSQL, IBM DB2, and IBM Informix.  The Enterprise ArcSDE can scale to databases of any size and number of users, running on computers of any size and configuration.</li>
			</ul>
		</fdd:externalDependencies>
		<fdd:techProtection>TBD</fdd:techProtection>
	</fdd:sustainabilityFactors>
	<fdd:qualityAndFunctionalityFactors>
		<fdd:gisQF>
			<fdd:normalGIS>
				<p>The multi-user geodatabase, like the single-user geodatabase can store tables, feature classes, feature datasets, and functionality such as rules, relationships, and geometric networks.  Advanced feature types are supported such as geometric and logical networks, true curves, complex polylines, and user-defined features.  ArcSDE technology provides additional geodatabase functionality that is not available in single-user geodatabases. This includes:</p>
				<ul>
					<li>
						<b>Versioning</b> -- With versioning, a multi-user geodatabase can manage and maintain multiple states while preserving integrity in the database. A version represents an alternative, independent, persistent view of the geodatabase; supports multiple concurrent editors; and does not involve data duplication. Versioning is the default editing environment in a multi-user geodatabase. It explicitly records states of individual features and objects as they are modified, added, and/or retired. It is the framework that enables multiple users to access and edit the same data simultaneously and provides support for long transactions (i.e., database changes that span long periods of time). Simple queries are used to view and work with any desired state for a particular point in time or see an individual user's current edits.  This capability allows a GIS user to create versions of a geodatase for the stages of a project, reconcile differences between versions, and update the master version of a geodatabase.  See <a href="http://webhelp.esri.com/arcgisdesktop/9.2/index.cfm?TopicName=Understanding_versioning">Understanding versioning</a> for more information about this topic.</li>
					<li>
						<b>Geodatabase Replication</b> -- This is a data distribution method provided through the ArcGIS system. With geodatabase replication, GIS data can be distributed across two or more geodatabases in a manner that allows them to synchronize any data changes that are made. This functionality is built on top of the versioning environment and supports the full geodatabase data model, including geospatial relationships, such as topologies and geometric networks. Three types of replication workflows are available: two-way, one-way, and checkout/check-in replication. In this asynchronous model, the replication is loosely coupled; this means that each replicated geodatabase can work independently and still synchronize changes with one another. Since geodatabase replication functionality is implemented at the ArcGIS software level, the RDBMS platforms involved can be different. For example, a user could replicate data from a multi-user geodatabase implemented on Oracle to a multi-user geodatabase implemented on SQL Server. Geodatabase replication can be used in connected and disconnected environments. It works with local geodatabase connections over a network, as well as over the Internet, using geodata services available in ArcGIS Server.</li>
					<li>
						<b>Geodatabase Archiving</b> -- When enabled on a dataset, geodatabase archiving captures any and all changes made to the dataset in the default version of the multi-user geodatabase. The edits are recorded in an archive class, which is a duplicate copy of the original dataset. The archive class contains additional fields that record a feature's edit history in the geodatabase. This functionality can be used with historical versions in the geodatabase. A historical version provides a read-only view of the geodatabase at a specific moment in time.  See <a href="http://webhelp.esri.com/arcgisdesktop/9.3/index.cfm?TopicName=Geodatabase_archiving">Geodatabase archiving</a> for more information.</li>
					<li>
						<b>Long and Short Transaction Management</b> -- The ArcSDE geodatabase includes advanced support for situations when added users and the requirement to manage data from an array of sensor networks, for example, makes the need for transaction management more critical. In GIS, besides the more common, short database transactions (spanning seconds or minutes) that are orchestrated on the DBMS's short transaction framework, long transactions that span long periods of time (hours, even days and months) may be needed.  In addition, a single editing session in a GIS can involve changes to multiple rows in multiple tables that may need to be undone and redones. Users may want to treat each edit session as a single transaction when they commit their changes in a system that is disconnected from the central, shared database.  During these specialized GIS data flow processes, the GIS database must remain continuously available for daily operations, where each user might have a personal view or state of the shared GIS database.  ArcSDE plays a key role during these operations by managing the high-level, complex GIS transactions on the simple DBMS transaction framework.  ArcSDE does this by storing change information as delta records in the database; isolating multiple edit sessions using versions; and supporting complex transactions, automatic archive, and historical queries.  See <a href="http://webhelp.esri.com/arcgisdesktop/9.2/index.cfm?TopicName=An_overview_of_editing_and_maintaining_data">An overview of editing and maintaining data</a> for more information.</li>
				</ul>
				<p>Other functionality associated with ArcSDE geodatabases include the capability to define topological and associative relationships and rules that determine how feature classes interact. Relationships are associations between two objects in a feature dataset, either nonspatial objects or spatial features.  By defining relationships, referential integrity is ensured in the geodatabase.  Four broad types of validation rules for maintaining database integrity are supported including validation rules, network connectivity rules, relationship rules, and custom rules.  See <a href="https://web.archive.org/web/20070808041952/http://esri.com/library/whitepapers/pdfs/arcgis_geodb_multiuser.pdf">Working with the Geodatabase:  Powerful Multiuser Editing and Sophisticated Data Integrity</a> (2002 white paper from Esri, link now via Internet Archive) for more information about how to use rules and relationships, and how to facilitate multi-user editing in ArcSDE geodatabases.</p>
			</fdd:normalGIS>
			<fdd:metadataGIS>There are no special provisions for containing GIS metadata in the GeoDB_SDE format.</fdd:metadataGIS>
		</fdd:gisQF>
	</fdd:qualityAndFunctionalityFactors>
	<fdd:notes>
		<fdd:history>Prior to ArcGIS 9.2, ArcSDE was a stand-alone software product.  At the ArcGIS 9.2 release, ArcSDE was integrated into both ArcGIS Desktop and ArcGIS Server.</fdd:history>
	</fdd:notes>
	<fdd:formatSpecifications>
		<fdd:urls>
			<fdd:url>
				<fdd:urlReference>
					<link>http://webhelp.esri.com/arcgisdesktop/9.2/index.cfm?TopicName=Types_of_geodatabases</link>
					<tag>Types of geodatabases, ArcGIS 9.2 Desktop Help, January 14, 2008</tag>
					<comment>This is not a complete or formal specification for the GeoDB_SDE format.</comment>
				</fdd:urlReference>
			</fdd:url>
			<fdd:url>
				<fdd:urlReference>
					<link>https://desktop.arcgis.com/en/arcmap/latest/manage-data/geodatabases/types-of-geodatabases.htm</link>
					<tag>Types of geodatabases.  ArcGIS (latest version)</tag>
					<comment>The terminology has changed.  In 2020, &quot;Enterprise&quot; database is used instead of &quot;multiuser&quot; and SDE (spatial database engine) is mentioned as a technology, not a product.</comment>
				</fdd:urlReference>
			</fdd:url>
		</fdd:urls>
	</fdd:formatSpecifications>
	<fdd:usefulReferences>
		<fdd:urls>
			<fdd:url>
				<fdd:urlReference>
					<link>https://www.esri.com/arcgis-blog/products/arcgis-desktop/data-management/migrating-your-existing-data-into-the-geodatabase/</link>
					<tag>Migrating your existing data into the Geodatabase</tag>
					<comment>ArcGIS Blog entry from November 11, 2008</comment>
				</fdd:urlReference>
			</fdd:url>
			<fdd:url>
				<fdd:urlReference>
					<link>https://www.esri.com/news/arcnews/winter0809articles/the-geodatabase.html</link>
					<tag>The Geodatabase: Modeling and Managing Spatial Data</tag>
					<comment>ArcNews, Winter 2008/2009</comment>
				</fdd:urlReference>
			</fdd:url>
			<fdd:url>
				<fdd:urlReference>
					<link>https://web.archive.org/web/20070808041952/http://esri.com/library/whitepapers/pdfs/arcgis_geodb_multiuser.pdf</link>
					<tag>Working with the Geodatabase:  Powerful Multiuser Editing and Sophisticated Data Integrity</tag>
					<comment>An ESRI White Paper, February 2002.  Link now via Internet Archive.</comment>
				</fdd:urlReference>
			</fdd:url>
			<fdd:url>
				<fdd:urlReference>
					<link>https://web.archive.org/web/20120703053620/http://www.esri.com/library/whitepapers/pdfs/cots-gis.pdf</link>
					<tag>COTS GIS:  The Value of a Commercial Geographic Information System</tag>
					<comment>An ESRI White Paper.  August 2002.  No longer online from ESRI.  Link now via Internet Archive.</comment>
				</fdd:urlReference>
			</fdd:url>
			<fdd:url>
				<fdd:urlReference>
					<link>http://webhelp.esri.com/arcgisdesktop/9.2/index.cfm?TopicName=Understanding_versioning</link>
					<tag>Understanding versioning</tag>
					<comment>ArcGIS 9.2 Desktop Help, March 25, 2008</comment>
				</fdd:urlReference>
			</fdd:url>
			<fdd:url>
				<fdd:urlReference>
					<link>http://webhelp.esri.com/arcgisdesktop/9.2/index.cfm?TopicName=An_overview_of_editing_and_maintaining_data</link>
					<tag>An overview of editing and maintaining data. ArcGIS 9.2 Desktop Help, March 25, 2008</tag>
				</fdd:urlReference>
			</fdd:url>
			<fdd:url>
				<fdd:urlReference>
					<link>https://desktop.arcgis.com/en/arcmap/latest/manage-data/geodatabases/an-overview-of-versioning.htm</link>
					<tag>An overview of traditional versioning.  ArcGIS (latest version)</tag>
				</fdd:urlReference>
			</fdd:url>
			<fdd:url>
				<fdd:urlReference>
					<link>http://webhelp.esri.com/arcgisdesktop/9.3/index.cfm?TopicName=Geodatabase_archiving</link>
					<tag>Geodatabase archiving. ArcGIS Desktop 9.3 Help, April 2, 2009</tag>
				</fdd:urlReference>
			</fdd:url>
			<fdd:url>
				<fdd:urlReference>
					<link>https://desktop.arcgis.com/en/arcmap/latest/manage-data/geodatabases/geodatabase-archiving.htm</link>
					<tag>Geodatabase archiving.  ArcGIS (latest version)</tag>
				</fdd:urlReference>
			</fdd:url>
		</fdd:urls>
	</fdd:usefulReferences>
</fdd:FDD>
