<?xml version="1.0" encoding="UTF-8"?>
<fdd:FDD id="fdd000404" titleName="Apple ProRes 422 LT" shortName="Apple_ProRes_422_LT" xmlns:xsi="http://www.w3.org/2001/XMLSchema-instance" xmlns:fdd="http://www.loc.gov/preservation/digital/formats/schemas/fdd/v1" xsi:schemaLocation="http://www.loc.gov/preservation/digital/formats/schemas/fdd/v1 http://www.loc.gov/preservation/digital/formats/schemas/fdd/v1/fdd-v1-1.xsd">
	<fdd:properties>
		<fdd:gdfrGenreSelection>
			<fdd:gdfrGenre>moving-image</fdd:gdfrGenre>
		</fdd:gdfrGenreSelection>
		<fdd:formatCategories>
			<fdd:category>encoding</fdd:category>
		</fdd:formatCategories>
		<fdd:gdfrComposition>unitary</fdd:gdfrComposition>
		<fdd:gdfrForm>binary</fdd:gdfrForm>
		<fdd:gdfrConstraint>structured</fdd:gdfrConstraint>
		<fdd:gdfrBasis>sampled</fdd:gdfrBasis>
		<fdd:updates>
			<fdd:date>2014-11-17</fdd:date>
		</fdd:updates>
		<fdd:draftStatus>Preliminary</fdd:draftStatus>
	</fdd:properties>
	<fdd:identificationAndDescription>
		<fdd:fullName>Apple ProRes 422 LT</fdd:fullName>
		<fdd:keywords>
			<fdd:keyword>moving image, video formats</fdd:keyword>
			<fdd:keyword>codec formats</fdd:keyword>
			<fdd:keyword>compression formats</fdd:keyword>
		</fdd:keywords>
		<fdd:description>
			<p>Apple ProRes 422 LT is the third-highest data-rate version of the ProRes 422 codecs.  <a href="https://www.apple.com/final-cut-pro/docs/Apple_ProRes_White_Paper.pdf">Apple literature</a> highlights the value of Apple ProRes 422 LT as an editing codec, stating that it "is perfect for environments where storage capacity and data rate are at a premium."</p>
			<p>In order to compare the members of the ProRes 422 family, this Web site uses 10-bit picture data with an HD (1920x1080) frame size and a frame rate of 29.97 fps.  Uncompressed, this yields about 560 GB per hour. Although the variable bit rate for ProRes means that results will vary, specialists report that the 102 Mbps target data rate for Apple ProRes 422 would yield a one-hour file of about 45 GB.</p>
			<p>See the <fddLink id="fdd000389">Apple ProRes 422 Codec Family</fddLink> for a general description of the shared technical characteristics as well as history of the format.</p>
		</fdd:description>
		<fdd:shortDescription>Apple ProRes 422 LT, one of the more highly compressed Apple ProRes 422 codecs, is primarily geared for projects when digital storage space and data rate are limited. </fdd:shortDescription>
		<fdd:productionPhase>Production (initial state) and post production (middle state).</fdd:productionPhase>
		<fdd:relationships>
			<fdd:relationship>
				<fdd:typeOfRelationship>Subtype of</fdd:typeOfRelationship>
				<fdd:relatedTo>
					<fdd:id>fdd000389</fdd:id>
					<fdd:shortName>Apple_ProRes_422_Codec_Family</fdd:shortName>
					<fdd:titleName>Apple ProRes 422 Codec Family</fdd:titleName>
				</fdd:relatedTo>
			</fdd:relationship>
		</fdd:relationships>
	</fdd:identificationAndDescription>
	<fdd:localUse>
		<fdd:preference>The Library of Congress Recommended Formats Statement (RFS) does not include Apple ProRes 422 LT. However it does include <fddLink id="fdd000527">Apple ProRes 4444, 4444 XQ</fddLink> and <fddLink id="fdd000403">422 HQ</fddLink> in a QuickTime wrapper as a <a href="https://www.loc.gov/preservation/resources/rfs/moving.html">Preferred</a> format for Video - File-Based and Physical Media.</fdd:preference>
	</fdd:localUse>
	<fdd:sustainabilityFactors>
		<fdd:disclosure>See <fddLink id="fdd000389">Apple_ProRes_422_Codec_Family</fddLink>
		</fdd:disclosure>
		<fdd:documentation>See <fddLink id="fdd000389">Apple_ProRes_422_Codec_Family</fddLink>
		</fdd:documentation>
		<fdd:adoption>See <fddLink id="fdd000389">Apple_ProRes_422_Codec_Family</fddLink>
		</fdd:adoption>
		<fdd:licensingAndPatents>See <fddLink id="fdd000389">Apple_ProRes_422_Codec_Family</fddLink>
		</fdd:licensingAndPatents>
		<fdd:transparency>See <fddLink id="fdd000389">Apple_ProRes_422_Codec_Family</fddLink>
		</fdd:transparency>
		<fdd:selfDocumentation>See <fddLink id="fdd000389">Apple_ProRes_422_Codec_Family</fddLink>
		</fdd:selfDocumentation>
		<fdd:externalDependencies>See <fddLink id="fdd000389">Apple_ProRes_422_Codec_Family</fddLink>
		</fdd:externalDependencies>
		<fdd:techProtection>See <fddLink id="fdd000389">Apple_ProRes_422_Codec_Family</fddLink>
		</fdd:techProtection>
	</fdd:sustainabilityFactors>
	<fdd:qualityAndFunctionalityFactors>
		<fdd:movingImageQF>
			<fdd:normalVideo>See <fddLink id="fdd000389">Apple ProRes 422 Codec Family</fddLink>
			</fdd:normalVideo>
			<fdd:clarity>Good. Smaller data rate than <fddLink id="fdd000390">Apple ProRes 422</fddLink> and <fddLink id="fdd000405">Adobe ProRes 422 Proxy</fddLink> but still a high quality file for offline editing.</fdd:clarity>
			<fdd:beyondVideo>See <fddLink id="fdd000389">Apple ProRes 422 Codec Family</fddLink>
			</fdd:beyondVideo>
		</fdd:movingImageQF>
	</fdd:qualityAndFunctionalityFactors>
	<fdd:fileTypeSignifiers>
		<fdd:signifiersGroup>
			<fdd:filenameExtension>
				<fdd:sigValueNA>See note.</fdd:sigValueNA>
				<fdd:note>See <fddLink id="fdd000389">Apple_ProRes_422_Codec_Family</fddLink>
				</fdd:note>
			</fdd:filenameExtension>
			<fdd:other>
				<fdd:tag>FOURCC</fdd:tag>
				<fdd:values>
					<fdd:sigValues>
						<fdd:sigValue>Big endian: apcs</fdd:sigValue>
						<fdd:sigValue>Little endian: scpa</fdd:sigValue>
					</fdd:sigValues>
					<fdd:note>FOURCC code used to indicate ProRes 442 LT in the QuickTime container according to <a href="https://wiki.multimedia.cx/index.php?title=Apple_ProRes#ProRes_422_Standard_Definition_.2F_High_Quality_codec">Multimedia Wiki</a>.</fdd:note>
				</fdd:values>
			</fdd:other>
		</fdd:signifiersGroup>
	</fdd:fileTypeSignifiers>
	<fdd:notes>
		<fdd:general>See <fddLink id="fdd000389">Apple ProRes 422 Codec Family</fddLink>
		</fdd:general>
	</fdd:notes>
	<fdd:formatSpecifications/>
	<fdd:usefulReferences>
		<fdd:urls>
			<fdd:url>
				<fdd:urlGroup>
					<fdd:intro>See <fddLink id="fdd000389">Apple_ProRes_422_Codec_Family</fddLink>
					</fdd:intro>
				</fdd:urlGroup>
			</fdd:url>
		</fdd:urls>
	</fdd:usefulReferences>
</fdd:FDD>
