<?xml version="1.0" encoding="UTF-8"?>
<fdd:FDD id="fdd000109" titleName="Vorbis Audio Codec, Version I" shortName="Vorbis_I" xmlns:xsi="http://www.w3.org/2001/XMLSchema-instance" xmlns:fdd="http://www.loc.gov/preservation/digital/formats/schemas/fdd/v1" xsi:schemaLocation="http://www.loc.gov/preservation/digital/formats/schemas/fdd/v1 http://www.loc.gov/preservation/digital/formats/schemas/fdd/v1/fdd-v1-2.xsd">
	<fdd:properties>
		<fdd:gdfrGenreSelection>
			<fdd:gdfrGenre>sound</fdd:gdfrGenre>
		</fdd:gdfrGenreSelection>
		<fdd:formatCategories>
			<fdd:category>encoding</fdd:category>
		</fdd:formatCategories>
		<fdd:gdfrComposition>unitary</fdd:gdfrComposition>
		<fdd:gdfrForm>binary</fdd:gdfrForm>
		<fdd:gdfrBasis>sampled</fdd:gdfrBasis>
		<fdd:updates>
			<fdd:date>2024-03-01</fdd:date>
		</fdd:updates>
		<fdd:draftStatus>Full</fdd:draftStatus>
	</fdd:properties>
	<fdd:identificationAndDescription>
		<fdd:fullName>Vorbis Audio Codec, Version I</fdd:fullName>
		<fdd:keywords>
			<fdd:keyword>audio formats</fdd:keyword>
		</fdd:keywords>
		<fdd:description>Bitstream encoding format designed for efficient distribution of waveform sound over moderate bandwidth connections; may be used at higher data rates for better fidelity. From an open source project. The Vorbis <a href="https://www.xiph.org/vorbis/doc/Vorbis_I_spec.pdf">specification states</a>: " . . . a general purpose perceptual audio CODEC intended to allow maximum encoder flexibility, thus allowing it to scale competitively over an exceptionally wide range of bitrates."</fdd:description>
		<fdd:shortDescription>Format Description for Vorbis -- Bitstream encoding format designed for efficient distribution of waveform sound over moderate bandwidth connections; may be used at higher data rates for better fidelity.  From an open source project.</fdd:shortDescription>
		<fdd:productionPhase>Generally used for final-state, end-user delivery.</fdd:productionPhase>
		<fdd:relationships>
			<fdd:relationship>
				<fdd:typeOfRelationship>Used by</fdd:typeOfRelationship>
				<fdd:relatedTo>
					<fdd:id>fdd000117</fdd:id>
					<fdd:shortName>Ogg_Vorbis</fdd:shortName>
					<fdd:titleName>Ogg Vorbis Audio Format</fdd:titleName>
				</fdd:relatedTo>
			</fdd:relationship>
		</fdd:relationships>
	</fdd:identificationAndDescription>
	<fdd:localUse>
		<fdd:experience>None.</fdd:experience>
		<fdd:preference>See the Library of Congress Recommended Formats Statement for format preferences for <a href="https://www.loc.gov/preservation/resources/rfs/audio.html">Audio Works</a>.
		</fdd:preference>
	</fdd:localUse>
	<fdd:sustainabilityFactors>
		<fdd:disclosure>Fully documented. Developed by the <a href="https://xiph.org/">Xiph.Org</a> Foundation, a non-profit organization.</fdd:disclosure>
		<fdd:documentation>
			<a href="https://www.xiph.org/vorbis/doc/Vorbis_I_spec.pdf">Vorbis I specification</a>. This version is dated February 3, 2010.</fdd:documentation>
		<fdd:adoption>Applications include <a href="https://wiki.xiph.org/VorbisStreams">streaming broadcasts</a> ("oggcasts") and <a href="https://wiki.xiph.org/GamesThatUseVorbis">computer games</a>.  See also <fddLink id="fdd000026">Ogg</fddLink> and <fddLink id="fdd000117">Ogg_Vorbis</fddLink>
		</fdd:adoption>
		<fdd:licensingAndPatents>None.</fdd:licensingAndPatents>
		<fdd:transparency>	For "file" metadata, see <fddLink id="fdd000026">Ogg</fddLink>.  Technical metadata is included in the Vorbis stream, as described in <a href="https://tools.ietf.org/html/rfc5215">RFC 5215</a>,			<i>RTP Payload Format for Vorbis Encoded Audio</i> (2008)."
		</fdd:transparency>
		<fdd:selfDocumentation>For "file" metadata, see <fddLink id="fdd000026">Ogg</fddLink>.  Technical metadata is included in the Vorbis stream.  This is described in the RTP Payload Format for Vorbis Encoded Audio.  As of June, 2010, the August 2008 draft can be found at https://tools.ietf.org/html/rfc5215.  Since this Web page may not be updated promptly, the link this IETF document is has not been embedded here.</fdd:selfDocumentation>
		<fdd:externalDependencies>Surround sound requires appropriate amplifier and loudspeakers or headphone.</fdd:externalDependencies>
		<fdd:techProtection>None known to the compilers of this document.</fdd:techProtection>
	</fdd:sustainabilityFactors>
	<fdd:qualityAndFunctionalityFactors>
		<fdd:soundQF>
			<fdd:normalSound>Good support.</fdd:normalSound>
			<fdd:fidelity>From the <a href="https://www.xiph.org/vorbis/doc/Vorbis_I_spec.pdf">specification</a>: "At the high
quality/bitrate end of the scale (CD or DAT rate stereo, 16/24 bits) it is in the same league as MPEG-2 and MPC. Similarly, the 1.0 encoder can encode high-quality CD and DAT rate stereo at below
48kbps without resampling to a lower rate. Vorbis is also intended for lower and higher sample rates
(from 8kHz telephony to 192kHz digital masters). . . ."</fdd:fidelity>
			<fdd:channels>From the <a href="https://www.xiph.org/vorbis/doc/Vorbis_I_spec.pdf">specification</a>: Supports "a range of channel representations (monaural,
polyphonic, stereo, quadraphonic, 5.1, ambisonic, or up to 255 discrete channels)."</fdd:channels>
			<fdd:samples>Not supported.</fdd:samples>
			<fdd:beyondSound>Not fully investigated for this page; may be streamed as raw data under RTP (Realtime Transport Protocol).</fdd:beyondSound>
		</fdd:soundQF>
	</fdd:qualityAndFunctionalityFactors>
	<fdd:fileTypeSignifiers>
		<fdd:signifiersGroup>
			<fdd:filenameExtension>
				<fdd:sigValues>
					<fdd:sigValue>ogg</fdd:sigValue>
					<fdd:sigValue>oga</fdd:sigValue>
					<fdd:sigValue>sb0</fdd:sigValue>
				</fdd:sigValues>
				<fdd:note>See <a href="https://www.wikidata.org/wiki/Q11885120">Wikidata</a>.
				</fdd:note>
			</fdd:filenameExtension>
			<fdd:internetMediaType>
				<fdd:sigValues>
					<fdd:sigValue>audio/ogg</fdd:sigValue>
					<fdd:sigValue>audio/vorbis-config</fdd:sigValue>
					<fdd:sigValue>application/ogg</fdd:sigValue>
					<fdd:sigValue>audio/vorbis</fdd:sigValue>
				</fdd:sigValues>
				<fdd:note>See <a href="http://www.nationalarchives.gov.uk/PRONOM/fmt/203">PRONOM</a>,					<a href="https://www.wikidata.org/wiki/Q11885120">Wikidata</a>, and <a href="https://datatracker.ietf.org/doc/html/rfc5215">RFC 5215: RTP Payload Format for Vorbis Encoded Audio</a>.
				</fdd:note>
			</fdd:internetMediaType>
			<fdd:magicNumbers>
				<fdd:sigValues>
					<fdd:sigValue>4F6767530002{23}766F7262697300000000{19}4F676753</fdd:sigValue>
				</fdd:sigValues>
				<fdd:note>See <a href="http://www.nationalarchives.gov.uk/PRONOM/fmt/203">PRONOM</a>.
				</fdd:note>
			</fdd:magicNumbers>
			<fdd:other>
				<fdd:tag>Pronom PUID</fdd:tag>
				<fdd:values>
					<fdd:sigValues>
						<fdd:sigValue>fmt/203</fdd:sigValue>
					</fdd:sigValues>
					<fdd:note>See <a href="http://www.nationalarchives.gov.uk/PRONOM/fmt/203">http://www.nationalarchives.gov.uk/PRONOM/fmt/203</a>.
					</fdd:note>
				</fdd:values>
			</fdd:other>
			<fdd:other>
				<fdd:tag>Wikidata Title ID</fdd:tag>
				<fdd:values>
					<fdd:sigValues>
						<fdd:sigValue>Q11885120</fdd:sigValue>
					</fdd:sigValues>
					<fdd:note>See <a href="https://www.wikidata.org/wiki/Q11885120">https://www.wikidata.org/wiki/Q11885120</a>.
					</fdd:note>
				</fdd:values>
			</fdd:other>
		</fdd:signifiersGroup>
	</fdd:fileTypeSignifiers>
	<fdd:formatSpecifications>
		<fdd:urls>
			<fdd:url>
				<fdd:urlReference>
					<link>https://www.xiph.org/vorbis/doc/Vorbis_I_spec.pdf</link>
					<tag>Vorbis I specification (2010)</tag>
					<comment/>
				</fdd:urlReference>
			</fdd:url>
		</fdd:urls>
	</fdd:formatSpecifications>
	<fdd:usefulReferences>
		<fdd:urls>
			<fdd:url>
				<fdd:urlReference>
					<link>https://www.ietf.org/rfc/rfc5215.txt</link>
					<tag>RTP Payload Format for Vorbis Encoded Audio</tag>
					<comment>From registration with IANA.</comment>
				</fdd:urlReference>
			</fdd:url>
			<fdd:url>
				<fdd:urlReference>
					<link>http://www.nationalarchives.gov.uk/pronom/fmt/203</link>
					<tag>PRONOM entry for fmt/203</tag>
					<comment>Information in PRONOM from UK National Archives about Ogg Vorbis Codec Compressed Multimedia File. PUID: fmt/203.</comment>
				</fdd:urlReference>
			</fdd:url>
			<fdd:url>
				<fdd:urlReference>
					<link>https://www.wikidata.org/wiki/Q11885120</link>
					<tag>Wikidata entry for Q11885120</tag>
					<comment>Information in Wikidata about Vorbis. Wikidata Title ID: Q11885120.</comment>
				</fdd:urlReference>
			</fdd:url>
		</fdd:urls>
	</fdd:usefulReferences>
</fdd:FDD>
