<?xml version="1.0" encoding="UTF-8"?>
<fdd:FDD id="fdd000078" titleName="NewsML (News Markup Language), version 1
" shortName="NewsML_1" xmlns:xsi="http://www.w3.org/2001/XMLSchema-instance" xmlns:fdd=".\fdd.xsd" xsi:schemaLocation=".\fdd.xsd fdd.xsd">
	<fdd:properties>
		<fdd:gdfrGenreSelection>
			<fdd:gdfrGenre>text</fdd:gdfrGenre>
		</fdd:gdfrGenreSelection>
		<fdd:formatCategories>
			<fdd:category>file-format</fdd:category>
			<fdd:category>encoding</fdd:category>
		</fdd:formatCategories>
		<fdd:gdfrComposition>unitary</fdd:gdfrComposition>
		<fdd:gdfrForm>text</fdd:gdfrForm>
		<fdd:gdfrConstraint>structured</fdd:gdfrConstraint>
		<fdd:gdfrBasis>symbolic</fdd:gdfrBasis>
		<fdd:updates>
			<fdd:date>2010-04-02</fdd:date>
		</fdd:updates>
		<fdd:draftStatus>Preliminary</fdd:draftStatus>
	</fdd:properties>
	<fdd:identificationAndDescription>
		<fdd:fullName>NewsML 1</fdd:fullName>
		<fdd:keywords>
			<fdd:keyword>document formats</fdd:keyword>
			<fdd:keyword>markup languages</fdd:keyword>
			<fdd:keyword>news formats</fdd:keyword>
		</fdd:keywords>
		<fdd:description>
			<p>Developed by the International Press Telecommunications Council (IPTC).</p>
			<p>&quot;NewsML is a compact, extensible and flexible structural framework for news, based on XML and other appropriate standards and specifications. It supports the representation of electronic news items, collections of such items, the relationships between them, and their associated metadata. It allows for the provision of multiple representations of the same information, and handles arbitrary mixtures of media types, formats, languages and encodings. It supports all stages of the news lifecycle and allows the evolution of news items over time. Though media-independent, NewsML provides specific mechanisms for handling text. It allows the provenance of both metadata and news content to be asserted.&quot;  From <a href="http://www.iptc.org/std/NewsML/1.2/specification/NewsML_1.2-spec-functionalspec_9.html#Oview">NewsML Overview in Functional Specification</a> from IPTC.</p>
		</fdd:description>
		<fdd:shortDescription>A compact, extensible and flexible structural framework for news, based on XML. It supports the representation of electronic news items, collections of such items, the relationships between them, and their associated metadata. </fdd:shortDescription>
		<fdd:productionPhase>NewsML 1.x versions can be applied at all stages in the (electronic) news lifecycle.  According to <a href="http://www.iptc.org/cms/site/index.html?channel=CH0106">NewsML 1</a> introduction at IPTC.</fdd:productionPhase>
		<fdd:relationships>
			<fdd:relationship>
				<fdd:typeOfRelationship>May contain</fdd:typeOfRelationship>
				<fdd:relatedTo>
					<fdd:id>fdd000014</fdd:id>
					<fdd:shortName>NITF</fdd:shortName>
					<fdd:titleName>News Industry Text Format
</fdd:titleName>
				</fdd:relatedTo>
			</fdd:relationship>
			<fdd:relationship>
				<fdd:typeOfRelationship>Defined via</fdd:typeOfRelationship>
				<fdd:relatedTo>
					<fdd:id>fdd000076</fdd:id>
					<fdd:shortName>XML_DTD</fdd:shortName>
					<fdd:titleName>XML Document Type Definition
</fdd:titleName>
				</fdd:relatedTo>
			</fdd:relationship>
			<fdd:relationship>
				<fdd:typeOfRelationship>Defined via</fdd:typeOfRelationship>
				<fdd:relatedTo>
					<fdd:id>fdd000077</fdd:id>
					<fdd:shortName>XML_XSD
</fdd:shortName>
					<fdd:titleName>W3C XML Schema 1.0</fdd:titleName>
				</fdd:relatedTo>
			</fdd:relationship>
		</fdd:relationships>
	</fdd:identificationAndDescription>
	<fdd:sustainabilityFactors>
		<fdd:disclosure>Fully documented by IPTC.  </fdd:disclosure>
		<fdd:documentation>At <a href="http://www.iptc.org/cms/site/index.html?channel=CH0164">http://www.iptc.org/cms/site/index.html?channel=CH0164</a>
		</fdd:documentation>
	</fdd:sustainabilityFactors>
	<fdd:usefulReferences>
		<fdd:urls>
			<fdd:url>
				<fdd:urlReference>
					<link>http://www.iptc.org/std/NewsML/1.2/specification/NewsML_1.2-spec-functionalspec_9.html</link>
					<tag>Functional Specification of NewsML 1.2</tag>
				</fdd:urlReference>
			</fdd:url>
			<fdd:url>
				<fdd:urlReference>
					<link>http://www.iptc.org/std/</link>
					<tag>Archival directory of specifications for IPTC standards over time.</tag>
				</fdd:urlReference>
			</fdd:url>
			<fdd:url>
				<fdd:urlReference>
					<link>http://www.iptc.org/cms/site/single.html?channel=CH0155&amp;document=CMS1222088083435</link>
					<tag>NITF - NewsML 1.x Collaboration</tag>
				</fdd:urlReference>
			</fdd:url>
		</fdd:urls>
	</fdd:usefulReferences>
</fdd:FDD>
