<?xml version="1.0" encoding="UTF-8"?>
<fdd:FDD id="fdd000370" titleName="Quicktime File Format with UYVY (2vuy) Video Encoding" shortName="QT_UYVY" xmlns:xsi="http://www.w3.org/2001/XMLSchema-instance" xmlns:fdd="http://www.digitalpreservation.gov/formats/schemas/fdd/v1" xsi:schemaLocation="http://www.digitalpreservation.gov/formats/schemas/fdd/v1 http://www.digitalpreservation.gov/formats/schemas/fdd/v1/fdd-v1-0.xsd">
	<fdd:properties>
		<fdd:gdfrGenreSelection>
			<fdd:gdfrGenre>moving-image</fdd:gdfrGenre>
		</fdd:gdfrGenreSelection>
		<fdd:formatCategories>
			<fdd:category>file-format</fdd:category>
			<fdd:category>encoding</fdd:category>
		</fdd:formatCategories>
		<fdd:gdfrComposition>unitary</fdd:gdfrComposition>
		<fdd:gdfrForm>binary</fdd:gdfrForm>
		<fdd:gdfrBasis>sampled</fdd:gdfrBasis>
		<fdd:updates>
			<fdd:date>2013-02-01</fdd:date>
		</fdd:updates>
		<fdd:draftStatus>Partial</fdd:draftStatus>
	</fdd:properties>
	<fdd:identificationAndDescription>
		<fdd:fullName>QuickTime File Format with UYVY (2vuy) Video Encoding</fdd:fullName>
		<fdd:description>
			<p>QuickTime file format wrapping UYVY (the Apple identifier is 2vuy) uncompressed video essence, typically multiplexed with soundtrack audio.</p>
		</fdd:description>
		<fdd:shortDescription>QuickTime file format wrapping UYVY (the Apple identifier is 2vuy) uncompressed video essence, typically multiplexed with soundtrack audio.</fdd:shortDescription>
		<fdd:productionPhase>Generally employed in post-production or editing (middle phase) and in limited modes of dissemination (final phase).</fdd:productionPhase>
		<fdd:relationships>
			<fdd:relationship>
				<fdd:typeOfRelationship>Subtype of</fdd:typeOfRelationship>
				<fdd:relatedTo>
					<fdd:id>fdd000052</fdd:id>
					<fdd:shortName>QuickTime</fdd:shortName>
					<fdd:titleName>Quicktime File Format</fdd:titleName>
				</fdd:relatedTo>
			</fdd:relationship>
			<fdd:relationship>
				<fdd:typeOfRelationship>Contains</fdd:typeOfRelationship>
				<fdd:relatedTo>
					<fdd:id>fdd000353</fdd:id>
					<fdd:shortName>UYVY</fdd:shortName>
					<fdd:titleName>UYVY Video Picture Encoding </fdd:titleName>
				</fdd:relatedTo>
			</fdd:relationship>
			<fdd:relationship>
				<fdd:typeOfRelationship>May contain</fdd:typeOfRelationship>
				<fdd:relatedTo/>
				<fdd:comment>Audio essences of various types, not discussed at this time.</fdd:comment>
			</fdd:relationship>
		</fdd:relationships>
	</fdd:identificationAndDescription>
	<fdd:localUse>
		<fdd:experience>No extensive experience.</fdd:experience>
		<fdd:preference>None. For preservation reformatting, the Library of Congress&apos; Packard Campus for Audio-Visual Conservation has chosen <fddLink id="fdd000206">MXF_OP1a_JP2_LL</fddLink> (lossless JPEG 2000 wrapped in MXF operational pattern 1a).</fdd:preference>
	</fdd:localUse>
	<fdd:sustainabilityFactors>
		<fdd:disclosure>See <fddLink id="fdd000052">QuickTime</fddLink> and <fddLink id="fdd000365">UYVY</fddLink>.</fdd:disclosure>
		<fdd:documentation>See <fddLink id="fdd000052">QuickTime</fddLink> and <fddLink id="fdd000365">UYVY</fddLink>.</fdd:documentation>
		<fdd:adoption>Widely adopted.</fdd:adoption>
		<fdd:licensingAndPatents>None.</fdd:licensingAndPatents>
		<fdd:transparency>Relatively transparent; requires tools to write and read.</fdd:transparency>
		<fdd:selfDocumentation>See <fddLink id="fdd000052">QuickTime</fddLink>.</fdd:selfDocumentation>
		<fdd:externalDependencies>None.</fdd:externalDependencies>
		<fdd:techProtection>None.</fdd:techProtection>
	</fdd:sustainabilityFactors>
	<fdd:qualityAndFunctionalityFactors>
		<fdd:movingImageQF>
			<fdd:normalVideo>Supported</fdd:normalVideo>
			<fdd:clarity>See <fddLink id="fdd000365">UYVY</fddLink>.</fdd:clarity>
			<fdd:beyondVideo>See <fddLink id="fdd000052">QuickTime</fddLink>.</fdd:beyondVideo>
		</fdd:movingImageQF>
	</fdd:qualityAndFunctionalityFactors>
	<fdd:fileTypeSignifiers>
		<fdd:signifiersGroup>
			<fdd:filenameExtension>
				<fdd:sigValueNA>See related format.</fdd:sigValueNA>
				<fdd:note>See <fddLink id="fdd000052">QuickTime</fddLink>.</fdd:note>
			</fdd:filenameExtension>
			<fdd:internetMediaType>
				<fdd:sigValueNA>See related format.</fdd:sigValueNA>
				<fdd:note>See <fddLink id="fdd000052">QuickTime</fddLink>.</fdd:note>
			</fdd:internetMediaType>
			<fdd:magicNumbers>
				<fdd:sigValueNA>See related format.</fdd:sigValueNA>
				<fdd:note>See <fddLink id="fdd000052">QuickTime</fddLink>.</fdd:note>
			</fdd:magicNumbers>
			<fdd:other>
				<fdd:tag>Other</fdd:tag>
				<fdd:values>
					<fdd:sigValues>
						<fdd:sigValue>2vuy</fdd:sigValue>
					</fdd:sigValues>
					<fdd:note>Apple Video Codec four-character code, referenced in a Quicktime file as the feature-values element in the QuickTime Video Codec Type. <a href="../contact_format.shtml">Comments welcome</a>.</fdd:note>
				</fdd:values>
			</fdd:other>
		</fdd:signifiersGroup>
	</fdd:fileTypeSignifiers>
	<fdd:notes>
		<fdd:general>Appendix F of the <a href="https://developer.apple.com/library/mac/#documentation/QuickTime/QTFF/QTFFAppenF/QTFFAppenF.html#//apple_ref/doc/uid/TP40000939-CH226-SW1">Quicktime File Format Specification</a> describes the QuickTime Video Codec Type.  This type contains the elements profile atom [Track (video), movie]; part-ID [0x20202020 (universal feature)]; feature-code [&apos;vfmt&apos;]; feature-value
[Unsigned int(32) (a four-character-code) holding the QuickTime video codec type copied from the
ImageDescription structure’s cType field.&quot;]. The &quot;feature-values&quot; is the four-character-code found in a video sample description. In this instance: 2vuy.  <a href="../contact_format.shtml">Comments welcome</a>.</fdd:general>
	</fdd:notes>
	<fdd:usefulReferences>
		<fdd:urls>
			<fdd:url>
				<fdd:urlReference>
					<link>https://developer.apple.com/library/mac/#documentation/QuickTime/QTFF/QTFFAppenF/QTFFAppenF.html#//apple_ref/doc/uid/TP40000939-CH226-SW1</link>
					<tag>QuickTime Video Codec Type</tag>
					<comment>Includes description cited in Notes above.</comment>
				</fdd:urlReference>
			</fdd:url>
		</fdd:urls>
	</fdd:usefulReferences>
</fdd:FDD>
