<?xml version="1.0" encoding="UTF-8"?>
<fdd:FDD id="fdd000146" titleName="Exif Exchangeable Image File Format, Version 2.2" shortName="EXIF_2_2" xmlns:xsi="http://www.w3.org/2001/XMLSchema-instance" xmlns:fdd="http://www.loc.gov/preservation/digital/formats/schemas/fdd/v1" xsi:schemaLocation="http://www.loc.gov/preservation/digital/formats/schemas/fdd/v1 http://www.loc.gov/preservation/digital/formats/schemas/fdd/v1/fdd-v1-2.xsd">
	<fdd:properties>
		<fdd:gdfrGenreSelection>
			<fdd:gdfrGenreAndSubgenres>
				<fdd:gdfrGenre>still-image</fdd:gdfrGenre>
				<fdd:gdfrSubgenres>
					<fdd:gdfrSubgenre>sound</fdd:gdfrSubgenre>
				</fdd:gdfrSubgenres>
			</fdd:gdfrGenreAndSubgenres>
		</fdd:gdfrGenreSelection>
		<fdd:formatCategories>
			<fdd:category>file-format</fdd:category>
		</fdd:formatCategories>
		<fdd:gdfrForm>binary</fdd:gdfrForm>
		<fdd:gdfrConstraint>unstructured</fdd:gdfrConstraint>
		<fdd:gdfrBasis>sampled</fdd:gdfrBasis>
		<fdd:updates>
			<fdd:date>2023-11-03</fdd:date>
		</fdd:updates>
		<fdd:draftStatus>Full</fdd:draftStatus>
	</fdd:properties>
	<fdd:identificationAndDescription>
		<fdd:fullName>Exchangeable image file format for digital still cameras: Exif, Version 2.2</fdd:fullName>
		<fdd:keywords>
			<fdd:keyword>raster image formats</fdd:keyword>
			<fdd:keyword>metadata formats</fdd:keyword>
			<fdd:keyword>audio formats</fdd:keyword>
		</fdd:keywords>
		<fdd:description>
			<p>The Exchangeable Image File Format (Exif) specifications define a pair of file types, mainly intended for recording technical details associated with digital photography.  The two types employ different image encodings based on existing image formats and the resulting files can be read by many image software applications.  The Exif metadata shared by the two file types represents an extension to each of the underlying types.</p>
			<p>Uncompressed files are recorded in TIFF Rev. 6.0 (<fddLink id="fdd000022">TIFF_6</fddLink>) format, with an extended set of tags; see <a href="../content/tiff_tags.shtml">Tags for TIFF and Related Specifications</a>. Compressed Exif files are recorded as baseline JPEG (ISO/IEC 10918-1) with metadata-containing application marker segments (APP1 and APP2) inserted.</p>
			<p>The extended metadata defined by Exif is subsumed within the <fddLink id="fdd000073">TIFF/EP</fddLink> specification; thus TIFF/EP can be seen as a successor-replacement to <fddLink id="fdd000145">TIFF_UNC_EXIF</fddLink>.</p>
			<p>Exif 2.2, also termed Exif Print, introduced tags to record camera settings, including scene type (portrait, landscape, night scene, etc.), that can be used to guide automatic adjustments before printing in order to best match the photographer&apos;s intent.  The key difference between Exif 2.21 and Exif 2.2 is support for the Adobe RGB color space without embedding a color profile.  In version Exif 2.2, the default color space is sRGB.</p>
			<p>The Exif specification also provides a method for recording thumbnails and allows for the inclusion of audio in the <fddLink id="fdd000001">WAVE</fddLink> format, to support such elements as photographers' spoken annotations.</p>
		</fdd:description>
		<fdd:shortDescription>Exif specifications define a pair of file types, mainly intended for digital photography and based on existing image formats (TIFF and JPEG).  The Exif metadata, primarily technical metadata associated with camera settings, is shared by the two file types and represents an extension of the underlying file types.</fdd:shortDescription>
		<fdd:productionPhase>Generally applied by cameras in initial-state picture creation; may also be used for middle- and final-state archiving or end-user delivery. </fdd:productionPhase>
		<fdd:relationships>
			<fdd:relationship>
				<fdd:typeOfRelationship>Used by</fdd:typeOfRelationship>
				<fdd:relatedTo>
					<fdd:id>fdd000628</fdd:id>
					<fdd:shortName>DNG_1_6</fdd:shortName>
					<fdd:titleName>Adobe Digital Negative (DNG), Version 1.6</fdd:titleName>
				</fdd:relatedTo>
			</fdd:relationship>
			<fdd:relationship>
				<fdd:typeOfRelationship>Subtype of</fdd:typeOfRelationship>
				<fdd:relatedTo>
					<fdd:id>fdd000618</fdd:id>
					<fdd:shortName>EXIF_Family</fdd:shortName>
					<fdd:titleName>Exchangeable Image File Format (Exif) Family</fdd:titleName>
				</fdd:relatedTo>
			</fdd:relationship>
			<fdd:relationship>
				<fdd:typeOfRelationship>Affinity to</fdd:typeOfRelationship>
				<fdd:relatedTo>
					<fdd:id>fdd000147</fdd:id>
					<fdd:shortName>JPEG_EXIF</fdd:shortName>
					<fdd:titleName>JPEG encoded file with Exif metadata</fdd:titleName>
				</fdd:relatedTo>
				<fdd:comment>Specified in same standard.</fdd:comment>
			</fdd:relationship>
			<fdd:relationship>
				<fdd:typeOfRelationship>Affinity to</fdd:typeOfRelationship>
				<fdd:relatedTo>
					<fdd:id>fdd000145</fdd:id>
					<fdd:shortName>TIFF_UNC_EXIF</fdd:shortName>
					<fdd:titleName>TIFF uncompressed file with Exif metadata</fdd:titleName>
				</fdd:relatedTo>
				<fdd:comment>Specified in same standard.</fdd:comment>
			</fdd:relationship>
		</fdd:relationships>
	</fdd:identificationAndDescription>
	<fdd:localUse>
		<fdd:experience>The Prints and Photographs Division and the Manuscript Division have collections containing digital-camera generated photographs in <fddLink id="fdd000147">JPEG_EXIF</fddLink> as well as <fddLink id="fdd000147">TIFF_UNC_EXIF</fddLink>. Specific Exif versions are unknown.</fdd:experience>
		<fdd:preference>See the Library of Congress Recommended Formats Statement for format preferences for <a href="https://www.loc.gov/preservation/resources/rfs/stillimg.html">still image works</a> and <a href="https://www.loc.gov/preservation/resources/rfs/audio.html">audio works</a>. The RFS does not mandate or suggest the use of Exif data.</fdd:preference>
	</fdd:localUse>
	<fdd:sustainabilityFactors>
		<fdd:disclosure>Fully documented; developed under the auspices of JEITA (Japan Electronics and Information Technology Industries Association).
Since 2009, JEITA and CIPA (Camera and Imaging Products Association) have jointly managed the Exif standard.</fdd:disclosure>
		<fdd:documentation>
			<a href="http://web.archive.org/web/20131019050323/http://exif.org/Exif2-2.PDF">JEITA CP-3451; Exchangeable image file format for digital still cameras: Exif Version 2.2</a>, April 2002.
		</fdd:documentation>
		<fdd:adoption>Supported by almost all digital cameras.  See <fddLink id="fdd000145">TIFF_UNC_EXIF</fddLink> and <fddLink id="fdd000147">JPEG_EXIF</fddLink>.
		</fdd:adoption>
		<fdd:licensingAndPatents>None
		</fdd:licensingAndPatents>
		<fdd:transparency>Depends upon encoding; see <fddLink id="fdd000145">TIFF_UNC_EXIF</fddLink> and <fddLink id="fdd000147">JPEG_EXIF</fddLink>.
		</fdd:transparency>
		<fdd:selfDocumentation>See <fddLink id="fdd000145">TIFF_UNC_EXIF</fddLink> and <fddLink id="fdd000147">JPEG_EXIF</fddLink>.  Exif tags are included in <a href="../content/tiff_tags.shtml">Tags for TIFF and Related Specifications</a>.
</fdd:selfDocumentation>
		<fdd:externalDependencies>None
		</fdd:externalDependencies>
		<fdd:techProtection>None
		</fdd:techProtection>
	</fdd:sustainabilityFactors>
	<fdd:qualityAndFunctionalityFactors>
		<fdd:stillImageQF>
			<fdd:normalImage>Good support.</fdd:normalImage>
			<fdd:clarity>See <fddLink id="fdd000145">TIFF_UNC_EXIF</fddLink> and <fddLink id="fdd000147">JPEG_EXIF</fddLink>.  See also <a href="#notes">Notes</a>.</fdd:clarity>
			<fdd:colorMaint>See <fddLink id="fdd000145">TIFF_UNC_EXIF</fddLink> and <fddLink id="fdd000147">JPEG_EXIF</fddLink>. The Exif 2.2 tags permits the identification of files that use sRGB.<footNote id="1"/>    Exif 2.21 also allows identification of the Adobe RGB color profile.  There appears to be no Exif tag for the ICC profile<footNote id="2"/> for a capture device. See also <a href="#notes">Notes</a>.</fdd:colorMaint>
			<fdd:graphics>No support for vector graphics.</fdd:graphics>
			<fdd:beyondImage>Supports thumbnails and audio content.</fdd:beyondImage>
		</fdd:stillImageQF>
		<fdd:soundQF>
			<fdd:normalSound>Good support.</fdd:normalSound>
			<fdd:fidelity>Good, depending on encoding, sampling frequency, and word length.  Exif supports the following encodings: <fddLink id="fdd000011">LPCM</fddLink> and <fddLink id="fdd000039">μ-Law</fddLink> PCM (conforming to ITU-T G.711) for uncompressed audio data; IMA ADPCM (Adaptive Differential PCM) for compressed audio data.  Highest fidelity from LPCM is limited in this standard to CD quality (44.1 kHz sampling and 16 bit words).</fdd:fidelity>
			<fdd:channels>Stereo only.</fdd:channels>
			<fdd:samples>None</fdd:samples>
			<fdd:beyondSound>None.</fdd:beyondSound>
		</fdd:soundQF>
	</fdd:qualityAndFunctionalityFactors>
	<fdd:fileTypeSignifiers>
		<fdd:signifiersGroup>
			<fdd:filenameExtension>
				<fdd:sigValueNA>See related format.</fdd:sigValueNA>
				<fdd:note>
					<p>See <fddLink id="fdd000022">TIFF</fddLink> and <fddLink id="fdd000147">JPEG_EXIF</fddLink>
					</p>
				</fdd:note>
			</fdd:filenameExtension>
			<fdd:internetMediaType>
				<fdd:sigValueNA>See related format.</fdd:sigValueNA>
				<fdd:note>
					<p>See <fddLink id="fdd000022">TIFF</fddLink> and <fddLink id="fdd000147">JPEG_EXIF</fddLink>
					</p>
				</fdd:note>
			</fdd:internetMediaType>
			<fdd:magicNumbers>
				<fdd:sigValueNA>See related format.</fdd:sigValueNA>
				<fdd:note>
					<p>See <fddLink id="fdd000022">TIFF</fddLink> and <fddLink id="fdd000147">JPEG_EXIF</fddLink>
					</p>
				</fdd:note>
			</fdd:magicNumbers>
			<fdd:other>
				<fdd:tag>Pronom PUID</fdd:tag>
				<fdd:values>
					<fdd:sigValues>
						<fdd:sigValue>x-fmt/396</fdd:sigValue>
					</fdd:sigValues>
					<fdd:note>Exchangeable Image File Format (Audio), Version 2.2. Short name 	Exif Audio (2.2). See <a href="http://www.nationalarchives.gov.uk/PRONOM/x-fmt/396">http://www.nationalarchives.gov.uk/PRONOM/x-fmt/396</a>.
					</fdd:note>
				</fdd:values>
			</fdd:other>
			<fdd:other>
				<fdd:tag>Pronom PUID</fdd:tag>
				<fdd:values>
					<fdd:sigValues>
						<fdd:sigValue>x-fmt/387</fdd:sigValue>
					</fdd:sigValues>
					<fdd:note>Exchangeable Image File Format (Uncompressed), Version 2.2. 	Exif Uncompressed Image (2.2) - TIFF. See <a href="http://www.nationalarchives.gov.uk/PRONOM/x-fmt/387">http://www.nationalarchives.gov.uk/PRONOM/x-fmt/387</a>.
					</fdd:note>
				</fdd:values>
			</fdd:other>
			<fdd:other>
				<fdd:tag>Pronom PUID</fdd:tag>
				<fdd:values>
					<fdd:sigValues>
						<fdd:sigValue>x-fmt/391</fdd:sigValue>
					</fdd:sigValues>
					<fdd:note>Exchangeable Image File Format (Compressed) Version 2.2. Short name: 	Exif Compressed Image (2.2) - JPEG. See <a href="http://www.nationalarchives.gov.uk/PRONOM/x-fmt/391">http://www.nationalarchives.gov.uk/PRONOM/x-fmt/391</a>.
					</fdd:note>
				</fdd:values>
			</fdd:other>
			<fdd:other>
				<fdd:tag>Wikidata Title ID</fdd:tag>
				<fdd:values>
					<fdd:sigValues>
						<fdd:sigValue>Q26385181</fdd:sigValue>
					</fdd:sigValues>
					<fdd:note>See <a href="https://www.wikidata.org/wiki/Q26385181">https://www.wikidata.org/wiki/Q26385181</a>.
					</fdd:note>
				</fdd:values>
			</fdd:other>
		</fdd:signifiersGroup>
	</fdd:fileTypeSignifiers>
	<fdd:notes>
		<fdd:general>
			<p>From the specification:"Image data employs following existing image formats, depending on the image data type:</p>
			<ul>
				<li>RGB uncompressed data: Baseline TIFF Rev. 6.0 RGB Full Color Images,</li>
				<li>YCbCr uncompressed data: TIFF Rev. 6.0 Extensions YCbCr Images,</li>
				<li>JPEG compressed data: JPEG Baseline ADCT." (page 8)</li>
			</ul>
			<p>"The combination of pixel composition and pixel sampling for image data shall be RGB 4:4:4 and either Y:Cb:Cr =4:2:2 or Y:Cb:Cr = 4:2:0. The pixel composition of image data shall also be 8 bits each. This specification is applied similarly to thumbnails. As sampling points on the elements making up pixels, the Y and Cb,Cr sampling points may be either co-sited or centered. . . . In the case of Y:Cb:Cr = 4:2:2, spatial co-siting is recommended for the sake of improved image quality on TV systems. For Y:Cb:Cr = 4:2:0, spatial centering is recommended as per the TIFF default and is most common format of the personal computer applications." (page 5)</p>
		</fdd:general>
		<fdd:history>
			<p>Exif Version 2.2 was published in April 2002. See <fddLink id="fdd000618">EXIF_Family</fddLink> for a full version publication timeline.</p>
			<p>About JEITA: "The Japan Electronics and Information Technology Industries Association (JEITA) was formed on November 1, 2000, through the merger of the Electronic Industries Association of Japan (EIAJ) and Japan Electronic Industries Development Association (JEIDA). JEITA is a new industry organization in Japan with activities covering both the electronics and information technology (IT) fields." (<a href="http://www.jeita.or.jp/english/about/what/">http://www.jeita.or.jp/english/about/what/</a>).</p>
			<p>About CIPA: The Camera and Imaging Products Association (CIPA) was established in 2002 as a successor organization to the Japan Camera Industry Association (JCIA).  JCIA participated in the original development of Exif.  CIPA &quot;is an industry association consisting of companies engaged in the development, production, or distribution of digital cameras, imaging-related products, and software&quot; (<a href="http://www.cipa.jp/guide/documents/e/en0203.pdf">http://www.cipa.jp/guide/documents/e/en0203.pdf</a>).</p>
		</fdd:history>
	</fdd:notes>
	<fdd:formatSpecifications>
		<fdd:urls>
			<fdd:url>
				<fdd:urlReference>
					<link>http://web.archive.org/web/20131230103425/http://exif.org/specifications.html</link>
					<tag>Specifications for Exif 2.1 and 2.2 from former Exif.org site</tag>
				</fdd:urlReference>
			</fdd:url>
		</fdd:urls>
	</fdd:formatSpecifications>
	<fdd:usefulReferences>
		<fdd:urls>
			<fdd:url>
				<fdd:urlGroup>
					<fdd:intro>See also <fddLink id="fdd000147">JPEG_EXIF</fddLink>, <fddLink id="fdd000145">TIFF_UNC_EXIF</fddLink> and <fddLink id="fdd000618">EXIF_Family</fddLink>.</fdd:intro>
				</fdd:urlGroup>
			</fdd:url>
			<fdd:url>
				<fdd:urlReference>
					<link>https://web.archive.org/web/20201029210729/http://www.cipa.jp/std/std-sec_e.html</link>
					<tag>CIPA page of standards, including EXIF. Link via Internet Archive</tag>
				</fdd:urlReference>
			</fdd:url>
			<fdd:url>
				<fdd:urlReference>
					<link>http://web.archive.org/web/20140727014650/http://www.cipa.jp/exifprint/index_e.html</link>
					<tag>CIPA information on EXIF Print, aka EXIF 2.2 (including 2.21) </tag>
					<comment>Link via Internet Archive.</comment>
				</fdd:urlReference>
			</fdd:url>
			<fdd:url>
				<fdd:urlReference>
					<link>http://en.wikipedia.org/wiki/Exchangeable_image_file_format</link>
					<tag>Wikipedia entry for EXIF</tag>
				</fdd:urlReference>
			</fdd:url>
			<fdd:url>
				<fdd:urlReference>
					<link>http://web.archive.org/web/20160804040915/http:/graphicssoft.about.com/od/exifinformation/</link>
					<tag>EXIF information from about.com. Link via Internet Archive.</tag>
				</fdd:urlReference>
			</fdd:url>
			<fdd:url>
				<fdd:urlGroup>
					<fdd:intro>Information about changes between EXIF version 2.2 and version 2.21</fdd:intro>
					<fdd:urlList>
						<fdd:urlReference>
							<link>http://web.archive.org/web/20051228234707/http://tsc.jeita.or.jp/avs/data/cp3451_1.pdf</link>
							<tag>Draft of changes proposed for version 2.21</tag>
							<comment>Not necessarily a final draft.  Link via Internet Archive.</comment>
						</fdd:urlReference>
						<fdd:urlReference>
							<link>http://web.archive.org/web/20131126060912/http://www.cipa.jp/exifprint/contents_e/01exif_e/ExifDCFsummary_E.pdf</link>
							<tag>Overview of the revisions to the DCF and Exif standards.  July 11, 2003</tag>
							<comment>From CIPA.</comment>
						</fdd:urlReference>
					</fdd:urlList>
				</fdd:urlGroup>
			</fdd:url>
			<fdd:url>
				<fdd:urlReference>
					<link>../content/tiff_tags.shtml</link>
					<tag>Tags for TIFF and Related Specifications</tag>
					<comment>Part of this Sustainability of Digital Formats site.</comment>
				</fdd:urlReference>
			</fdd:url>
			<fdd:url>
				<fdd:urlGroup>
					<fdd:intro>Other sites with information about TIFF tags, including those standardized through the EXIF specifications.</fdd:intro>
					<fdd:urlList>
						<fdd:urlReference>
							<link>http://www.sno.phy.queensu.ca/~phil/exiftool/TagNames/EXIF.html</link>
							<tag>EXIF tags</tag>
							<comment>From documentation for ExifTool software.</comment>
						</fdd:urlReference>
						<fdd:urlReference>
							<link>https://exiv2.org/metadata.html</link>
							<tag>Metadata reference tables (including Exif tags)</tag>
							<comment>From documentation for Exif software library.</comment>
						</fdd:urlReference>
					</fdd:urlList>
				</fdd:urlGroup>
			</fdd:url>
			<fdd:url>
				<fdd:urlReference>
					<link>http://www.nationalarchives.gov.uk/pronom/x-fmt/387</link>
					<tag>PRONOM entry for x-fmt/387</tag>
					<comment>Information in PRONOM from UK National Archives about EXIF 2.2 Uncompressed. PUID: x-fmt/387.</comment>
				</fdd:urlReference>
			</fdd:url>
			<fdd:url>
				<fdd:urlReference>
					<link>http://www.nationalarchives.gov.uk/pronom/x-fmt/391</link>
					<tag>PRONOM entry for x-fmt/391</tag>
					<comment>Information in PRONOM from UK National Archives about EXIF 2.2 Compressed. PUID: x-fmt/391.</comment>
				</fdd:urlReference>
			</fdd:url>
			<fdd:url>
				<fdd:urlReference>
					<link>https://www.wikidata.org/wiki/Q26385181</link>
					<tag>Wikidata entry for Q26385181</tag>
					<comment>Information in Wikidata about EXIF 2.2. Wikidata Title ID: Q26385181.</comment>
				</fdd:urlReference>
			</fdd:url>
		</fdd:urls>
	</fdd:usefulReferences>
	<fdd:footNotes>
		<fdd:footNote id="1">
			<fdd:text>The color space sRGB, standardized as IEC 61966-2-1, establishes an image viewing environment with a known color temperature (6500 degrees Kelvin) and gamma (2.2), thus increasing the user's ability to maintain color.</fdd:text>
		</fdd:footNote>
		<fdd:footNote id="2">
			<fdd:text>The most effective color maintenance systems rely on the existence of an ICC (International Color Consortium) profile of the capture device, which can then be compared to profiles for output devices, permitting appropriate adjustments of image color.  The TIFF tag for the ICC profile (tag 34675, <i>InterColourProfile</i>) has been added as a &quot;private&quot; extension in the <fddLink id="fdd000072">TIFF/IT</fddLink> and <fddLink id="fdd000073">TIFF/EP</fddLink> standards. Extended tags of this kind may be used in any TIFF_6 file, although they may not be recognized by all readers. </fdd:text>
		</fdd:footNote>
	</fdd:footNotes>
</fdd:FDD>
