<?xml version="1.0" encoding="UTF-8"?>
<fdd:FDD id="fdd000054" titleName="OEBPS (Open Ebook Forum Publication Structure) 1.0" shortName="OEBPS_1_0" xmlns:xsi="http://www.w3.org/2001/XMLSchema-instance" xmlns:fdd="http://www.loc.gov/preservation/digital/formats/schemas/fdd/v1" xsi:schemaLocation="http://www.loc.gov/preservation/digital/formats/schemas/fdd/v1 http://www.loc.gov/preservation/digital/formats/schemas/fdd/v1/fdd-v1-1.xsd">
	<fdd:properties>
		<fdd:gdfrGenreSelection>
			<fdd:gdfrGenre>text</fdd:gdfrGenre>
		</fdd:gdfrGenreSelection>
		<fdd:formatCategories>
			<fdd:category>encoding</fdd:category>
			<fdd:category>file-format</fdd:category>
		</fdd:formatCategories>
		<fdd:gdfrComposition>container-bundle</fdd:gdfrComposition>
		<fdd:gdfrForm>text</fdd:gdfrForm>
		<fdd:gdfrConstraint>structured</fdd:gdfrConstraint>
		<fdd:gdfrBasis>symbolic</fdd:gdfrBasis>
		<fdd:updates>
			<fdd:date>2004-12-22</fdd:date>
		</fdd:updates>
		<fdd:draftStatus>Partial</fdd:draftStatus>
	</fdd:properties>
	<fdd:identificationAndDescription>
		<fdd:fullName>OEBF, Open eBook Forum Publication Structure 1.0.1</fdd:fullName>
		<fdd:keywords>
			<fdd:keyword>document formats</fdd:keyword>
		</fdd:keywords>
		<fdd:description>
			<p>Open eBook Publication Structure (OEBPS) is an XML-based specification for the content, structure, and presentation of electronic books. OEBPS was developed by the Open eBook Forum, a group of organizations involved in electronic publishing and now known as the International Digital Publishing Forum (IDPF).</p>
			<p>The standard comprises a set of files, including a mandatory package file, which incorporates a <i>manifest</i> listing all the other component files and a <i>spine</i>, which indicates logical reading order.  In addition to text in XML, a reader for OEB publications must be able to render still images in JPEG and PNG formats.  Content components in other formats may be included, but <i>fallback</i> content must be provided in one of the core OEB formats.</p>
		</fdd:description>
		<fdd:shortDescription>An XML-based specification for the content, structure, and presentation of electronic books, a predecessor to the EPUB format. OEBPS was developed by the Open eBook Forum, a group of organizations involved in electronic publishing and now known as the International Digital Publishing Forum (IDPF).</fdd:shortDescription>
		<fdd:productionPhase>This bundle of files is likely to be used primarily as a middle-state format, with dissemination to end-users managed through publishers or aggregators who provide in a form appropriate for different ebook viewers/players.</fdd:productionPhase>
		<fdd:relationships>
			<fdd:relationship>
				<fdd:typeOfRelationship>Used by</fdd:typeOfRelationship>
				<fdd:relatedTo>
					<fdd:id>fdd000053</fdd:id>
					<fdd:shortName>DTB_2002</fdd:shortName>
					<fdd:titleName>DTB (Digital Talking Book), 2002</fdd:titleName>
				</fdd:relatedTo>
			</fdd:relationship>
			<fdd:relationship>
				<fdd:typeOfRelationship>Defined via</fdd:typeOfRelationship>
				<fdd:relatedTo>
					<fdd:id>fdd000076</fdd:id>
					<fdd:shortName>XML_DTD</fdd:shortName>
					<fdd:titleName>XML Document Type Definition (DTD)</fdd:titleName>
				</fdd:relatedTo>
				<fdd:comment/>
			</fdd:relationship>
			<fdd:relationship>
				<fdd:typeOfRelationship>May contain</fdd:typeOfRelationship>
				<fdd:relatedTo>
					<fdd:id>fdd000018</fdd:id>
					<fdd:shortName>JFIF</fdd:shortName>
					<fdd:titleName>JPEG File Interchange Format</fdd:titleName>
				</fdd:relatedTo>
			</fdd:relationship>
			<fdd:relationship>
				<fdd:typeOfRelationship>May contain</fdd:typeOfRelationship>
				<fdd:relatedTo>
					<fdd:id>fdd000153</fdd:id>
					<fdd:shortName>PNG</fdd:shortName>
					<fdd:titleName>Portable Network Graphics</fdd:titleName>
				</fdd:relatedTo>
			</fdd:relationship>
			<fdd:relationship>
				<fdd:typeOfRelationship>Has later version</fdd:typeOfRelationship>
				<fdd:relatedTo>
					<fdd:id>fdd000171</fdd:id>
					<fdd:shortName>OEBPS_1_2</fdd:shortName>
					<fdd:titleName>OEBPS (Open Ebook Forum Publication Structure) 1.2</fdd:titleName>
				</fdd:relatedTo>
			</fdd:relationship>
		</fdd:relationships>
	</fdd:identificationAndDescription>
	<fdd:localUse>
		<fdd:experience>OEBPS 1.0.1 is incorporated into the standard for the Digital Talking Book standard maintained by the National Library Service for the Blind and Physically Handicapped (NLS), which is part of LC.  As of Fall 2004, NLS had not produced talking books with full text.</fdd:experience>
		<fdd:preference>Satisfies desirable characteristics for textual works.  However, as of 2012, a successor format, <fddLink id="fdd000278">EPUB_2</fddLink> would be preferred.</fdd:preference>
	</fdd:localUse>
	<fdd:sustainabilityFactors>
		<fdd:disclosure>
			Open standard
		</fdd:disclosure>
		<fdd:documentation>Originally an Open eBook Forum Specification.  In 2005, the Open eBook Forum became the <a href="http://idpf.org/">International Digital Publishing Forum</a>.<br/>
			<i>Open eBook Publication Structure Specification Version 1.0.1</i>.  Since 2012, the documentation for OEBPS version 1.0.1 has not been online through IDPF.  The <a href="http://web.archive.org/web/20101212174804/http://idpf.org/oebps/oebps1.0.1/index.htm">documentation</a> is available from the Internet Archive&apos;s Wayback machine.</fdd:documentation>
		<fdd:adoption>
			TBD
		</fdd:adoption>
		<fdd:licensingAndPatents>
			None
		</fdd:licensingAndPatents>
		<fdd:transparency>
			Text content must be in XML, which rates highly for transparency.
		</fdd:transparency>
		<fdd:selfDocumentation>
			The Package file can include Dublin Core metadata.
		</fdd:selfDocumentation>
		<fdd:externalDependencies>
			None.
		</fdd:externalDependencies>
		<fdd:techProtection>
			None in relation to publication structure and component files in the core OEB formats (XML, CSS, JPEG, PNG).  
		</fdd:techProtection>
	</fdd:sustainabilityFactors>
	<fdd:qualityAndFunctionalityFactors>
		<fdd:textQF>
			<fdd:normalText>Good support.</fdd:normalText>
			<fdd:structure>The logical structure of a document is an essential feature of OeBPS.</fdd:structure>
			<fdd:layout>This version of the standard focuses on the textual content and the logical structure. Version 1.2 provides more control for content providers over presentation.</fdd:layout>
			<fdd:mathDiag>Not supported.</fdd:mathDiag>
			<fdd:beyondText/>
		</fdd:textQF>
	</fdd:qualityAndFunctionalityFactors>
	<fdd:fileTypeSignifiers>
		<fdd:signifiersGroup>
			<fdd:filenameExtension>
				<fdd:sigValues>
					<fdd:sigValue>opf</fdd:sigValue>
				</fdd:sigValues>
				<fdd:note>Recommended extension for the required Package file. </fdd:note>
			</fdd:filenameExtension>
			<fdd:filenameExtension>
				<fdd:sigValues>
					<fdd:sigValue>xml</fdd:sigValue>
				</fdd:sigValues>
				<fdd:note>For textual content files. </fdd:note>
			</fdd:filenameExtension>
			<fdd:other>
				<fdd:tag>XML DOCTYPE declaration</fdd:tag>
				<fdd:values>
					<fdd:sigValues>
						<fdd:sigValue>&lt;!DOCTYPE package   PUBLIC &quot;+//ISBN 0-9673008-1-9//DTD OEB 1.0.1 Package//EN&quot;  &quot;http://openebook.org/dtds/oeb-1.0.1/oebpkg101.dtd&quot;&gt;</fdd:sigValue>
					</fdd:sigValues>
				</fdd:values>
			</fdd:other>
		</fdd:signifiersGroup>
	</fdd:fileTypeSignifiers>
	<fdd:notes>
		<fdd:general>Conforming reading systems must support XML, CSS, JPEG and PNG files.  An OEBPS Publication may contain other kinds of files as well (including audio and video files), but must also provide a fallback version of the content in one of those four formats. </fdd:general>
		<fdd:history>Version 1.0 of the Publication Structure was created in the winter, spring, and summer of 1999 by the Open eBook Authoring Group. The Authoring Group consisted of over 25 individuals from organizations participating in the Open eBook initiative, which had been launched in October 1998 and was convened and facilitated by NIST (the National Institute of Standards and Technology.) The Authoring Group included participants representing all aspects of the electronic publishing industry, and was open to any interested individual or organization. Following the release of OEBPS 1.0, the Open eBook Forum (OeBF) was formally incorporated in January 2000.  Version 1.0.1, a maintenance release, was brought out in July 2001. OEBPS Version 1.2, incorporating new support for control by content providers over presentation along with other corrections and improvements, was released as a Recommended Specification in August 2002. <p>In mid-2005, the Open eBook Forum changed its name to the International Digital Publishing Forum.</p>
		</fdd:history>
	</fdd:notes>
	<fdd:formatSpecifications>
		<fdd:urls>
			<fdd:url>
				<fdd:urlReference>
					<link>http://web.archive.org/web/20101212174804/http://idpf.org/oebps/oebps1.0.1/index.htm</link>
					<tag>OEBPS 1.0.1 documentation (no longer available from IDPF) from IA Wayback machine</tag>
				</fdd:urlReference>
			</fdd:url>
		</fdd:urls>
	</fdd:formatSpecifications>
	<fdd:usefulReferences>
		<fdd:urls>
			<fdd:url>
				<fdd:urlReference>
					<link>http://idpf.org/</link>
					<tag>International Digital Publishing Forum (IDPF)</tag>
				</fdd:urlReference>
			</fdd:url>
		</fdd:urls>
	</fdd:usefulReferences>
</fdd:FDD>
