<?xml version="1.0" encoding="UTF-8"?>
<fdd:FDD id="fdd000085" titleName="Indeo Video Codec, Version 5" shortName="Indeo_5" xmlns:xsi="http://www.w3.org/2001/XMLSchema-instance" xmlns:fdd="http://www.loc.gov/preservation/digital/formats/schemas/fdd/v1" xsi:schemaLocation="http://www.loc.gov/preservation/digital/formats/schemas/fdd/v1 http://www.loc.gov/preservation/digital/formats/schemas/fdd/v1/fdd-v1-1.xsd">
	<fdd:properties>
		<fdd:gdfrGenreSelection>
			<fdd:gdfrGenre>moving-image</fdd:gdfrGenre>
		</fdd:gdfrGenreSelection>
		<fdd:formatCategories>
			<fdd:category>encoding</fdd:category>
		</fdd:formatCategories>
		<fdd:gdfrComposition>unitary</fdd:gdfrComposition>
		<fdd:gdfrForm>binary</fdd:gdfrForm>
		<fdd:gdfrConstraint>unstructured</fdd:gdfrConstraint>
		<fdd:gdfrBasis>sampled</fdd:gdfrBasis>
		<fdd:updates>
			<fdd:date>2012-03-01</fdd:date>
		</fdd:updates>
		<fdd:draftStatus>Full</fdd:draftStatus>
	</fdd:properties>
	<fdd:identificationAndDescription>
		<fdd:fullName>Indeo Video Codec, Version 5</fdd:fullName>
		<fdd:keywords>
			<fdd:keyword>video formats</fdd:keyword>
		</fdd:keywords>
		<fdd:description>
			<p>Proprietary bitstream encoding for video, originally developed by Intel. The technology was sold in 2000 to <a href="http://www.ligos.com">Ligos Corporation</a>.  <a href="http://www.jmcgowan.com/avicodecs.html">John McGowan</a> states that Indeo 5 employs a wavelet algorithm and other encoding features; its predecessor Indeo 4 employs a presumably similar "hybrid wavelet algorithm."  Windows implementations of Indeo have been distributed by Ligos.    Apple distributed Mac versions for &quot;classic&quot; operating systems through OS 9, but there is no MacOS support for Mac OS X.</p>
			<p>All versions numbered 5 are covered by this document; there is no separate document for the presumably similar version 4, nor for Indeo XP developed for Windows XP and Vista but only briefly available on a test basis.  Note that version 3 (<fddLink id="fdd000065">Indeo_3</fddLink>) compresses by means of vector quantization rather than wavelet transforms; nevertheless, it is listed as an earlier version below.</p>
		</fdd:description>
		<fdd:shortDescription>Proprietary bitstream encoding for video, originally developed by Intel. John McGowan states that Indeo 5 employs a wavelet algorithm and other encoding features. All versions numbered 5.x are covered by this document.</fdd:shortDescription>
		<fdd:productionPhase>Generally used as an end-user delivery format.</fdd:productionPhase>
		<fdd:relationships>
			<fdd:relationship>
				<fdd:typeOfRelationship>Used by</fdd:typeOfRelationship>
				<fdd:relatedTo>
					<fdd:id>fdd000061</fdd:id>
					<fdd:shortName>AVI_Indeo</fdd:shortName>
					<fdd:titleName>AVI, Indeo Codec</fdd:titleName>
				</fdd:relatedTo>
			</fdd:relationship>
			<fdd:relationship>
				<fdd:typeOfRelationship>Used by</fdd:typeOfRelationship>
				<fdd:comment>QuickTime, Indeo Codec (not documented at this time)</fdd:comment>
			</fdd:relationship>
			<fdd:relationship>
				<fdd:typeOfRelationship>Has earlier version</fdd:typeOfRelationship>
				<fdd:relatedTo>
					<fdd:id>fdd000065</fdd:id>
					<fdd:shortName>Indeo_3</fdd:shortName>
					<fdd:titleName>Indeo Video Codec, Version 3</fdd:titleName>
				</fdd:relatedTo>
			</fdd:relationship>
			<fdd:relationship>
				<fdd:typeOfRelationship>Has earlier version</fdd:typeOfRelationship>
				<fdd:comment>Indeo Video Codec, Version 4 (not documented separately)</fdd:comment>
			</fdd:relationship>
		</fdd:relationships>
	</fdd:identificationAndDescription>
	<fdd:sustainabilityFactors>
		<fdd:disclosure>
			<p>Proprietary standard with some public documentation.</p>
		</fdd:disclosure>
		<fdd:documentation>
			<p>Partial documentation
is available in <a href="http://www.ligos.com/pdf_docs/Indeo_doc.pdf">http://www.ligos.com/pdf_docs/Indeo_doc.pdf</a> and <a href="http://www.ligos.com/pdf_docs/Indeo_FAQ.pdf">http://www.ligos.com/pdf_docs/Indeo_FAQ.pdf</a>.</p>
		</fdd:documentation>
		<fdd:adoption>
			<p>In early 2012, the Ligos website states, &quot;The codecs (video versions 4 and 5, and audio codec version 2.5) were originally developed by Intel® Corporation, and for years have been a popular solution for video and audio in CD-ROM games, computer training titles, encyclopedias and online media. Ligos continues to distribute Indeo software for legacy applications still requiring its use in Windows 95, 98, ME, XP and NT/2000 operating systems.&quot;  Indeo is not supported for use with Microsoft Vista or Windows 7 operating systems, nor for Mac OS X.
See <a href="http://www.ligos.com/index.php/home/support/indeosupport/">Indeo Support</a> from Ligos.</p>
		</fdd:adoption>
		<fdd:licensingAndPatents>
			<p>Indeo codecs and software may be licensed from Ligos Corporation; some information in <a href="http://www.ligos.com/pdf_docs/Indeo_FAQ.pdf">Ligos Indeo FAQ</a>.</p>
		</fdd:licensingAndPatents>
		<fdd:transparency>
			<p>Depends upon algorithms and tools to read; will require sophistication to build tools.</p>
		</fdd:transparency>
		<fdd:selfDocumentation>
			<p>Not applicable; provided by wrapper formats.</p>
		</fdd:selfDocumentation>
		<fdd:externalDependencies>None beyond a codec.</fdd:externalDependencies>
		<fdd:techProtection>
			<p>Ligos Corporation <a href="http://www.ligos.com/pdf_docs/Indeo_FAQ.pdf">FAQ</a> states that developers can assign access keys to video files to protect them.  These or additional protections may [also?] be provided by wrapper formats.</p>
		</fdd:techProtection>
	</fdd:sustainabilityFactors>
	<fdd:qualityAndFunctionalityFactors>
		<fdd:movingImageQF>
			<fdd:normalVideo>Not applicable to encoding.</fdd:normalVideo>
			<fdd:clarity>Moderate, varies according to levels of compression and picture size; the maximum of which is about four megapixels, with no dimension exceeding 8,188 pixels.  Does not support interlaced playback.</fdd:clarity>
		</fdd:movingImageQF>
	</fdd:qualityAndFunctionalityFactors>
	<fdd:fileTypeSignifiers>
		<fdd:signifiersGroup>
			<fdd:filenameExtension>
				<fdd:sigValueNA>Not applicable.</fdd:sigValueNA>
			</fdd:filenameExtension>
			<fdd:internetMediaType>
				<fdd:sigValueNA>Not applicable.</fdd:sigValueNA>
			</fdd:internetMediaType>
			<fdd:magicNumbers>
				<fdd:sigValueNA>Not applicable.</fdd:sigValueNA>
			</fdd:magicNumbers>
			<fdd:other>
				<fdd:tag>Microsoft FOURCC</fdd:tag>
				<fdd:values>
					<fdd:sigValues>
						<fdd:sigValue>IV50</fdd:sigValue>
					</fdd:sigValues>
					<fdd:note>Used when this codec is wrapped in Microsoft file formats, e.g., <fddLink id="fdd000059">AVI</fddLink> and <fddLink id="fdd000067">ASF</fddLink>; see the <a href="http://www.fourcc.org/codecs.php">list of FOURCC codes</a>, which also lists a number of additional <i>IV</i> FOURCCs.  <a href="http://www.jmcgowan.com/avicodecs.html">John McGowan</a> states that IV32 is generally used for Indeo 3; IV41 for Indeo 4, and IV50 for Indeo 5.  FOURCC codes are no longer managed by Microsoft, which has developed a new mechanism for identifying rich media types in general.</fdd:note>
				</fdd:values>
			</fdd:other>
		</fdd:signifiersGroup>
	</fdd:fileTypeSignifiers>
	<fdd:notes/>
	<fdd:usefulReferences>
		<fdd:urls>
			<fdd:url>
				<fdd:urlReference>
					<link>http://www.ligos.com/index.php/home/products/indeo/</link>
					<tag>Indeo product information</tag>
					<comment>From the Ligos Corporation </comment>
				</fdd:urlReference>
			</fdd:url>
			<fdd:url>
				<fdd:urlReference>
					<link>http://www.ligos.com/pdf_docs/Indeo_FAQ.pdf</link>
					<tag>Indeo FAQ</tag>
					<comment>From the Ligos Corporation </comment>
				</fdd:urlReference>
			</fdd:url>
			<fdd:url>
				<fdd:urlReference>
					<link>http://www.ligos.com/pdf_docs/Indeo_doc.pdf</link>
					<tag>Indeo Documentation</tag>
					<comment>From the Ligos Corporation  </comment>
				</fdd:urlReference>
			</fdd:url>
			<fdd:url>
				<fdd:urlReference>
					<link>http://sites.utoronto.ca/ski/water/software/vj/avi.html#Codec</link>
					<tag>John McGowan's AVI Overview: Audio and Video Codecs</tag>
				</fdd:urlReference>
			</fdd:url>
			<fdd:url>
				<fdd:urlReference>
					<link>http://www.fourcc.org/codecs.php</link>
					<tag>List of FOURCC codes</tag>
					<comment>FOURCC codes were originally managed in a registry by Microsoft, but have been superseded by a more general mechanism to identify media types.</comment>
				</fdd:urlReference>
			</fdd:url>
			<fdd:url>
				<fdd:urlReference>
					<link>http://en.wikipedia.org/wiki/Indeo</link>
					<tag>Indeo from Wikipedia</tag>
				</fdd:urlReference>
			</fdd:url>
			<fdd:url>
				<fdd:urlReference>
					<link>http://support.apple.com/kb/TA38552</link>
					<tag>Quicktime Error Message for missing codec</tag>
					<comment>Includes statement that Indeo codecs are not available for Mac OS X.</comment>
				</fdd:urlReference>
			</fdd:url>
		</fdd:urls>
	</fdd:usefulReferences>
</fdd:FDD>
