<?xml version="1.0" encoding="UTF-8"?>
<fdd:FDD id="fdd000371" titleName="MXF Generic Container with Uncompressed Video Essence V210" shortName="MXF_GC_UNC_V210" xmlns:xsi="http://www.w3.org/2001/XMLSchema-instance" xmlns:fdd="http://www.digitalpreservation.gov/formats/schemas/fdd/v1" xsi:schemaLocation="http://www.digitalpreservation.gov/formats/schemas/fdd/v1 http://www.digitalpreservation.gov/formats/schemas/fdd/v1/fdd-v1-0.xsd">
	<fdd:properties>
		<fdd:gdfrGenreSelection>
			<fdd:gdfrGenre>moving-image</fdd:gdfrGenre>
		</fdd:gdfrGenreSelection>
		<fdd:formatCategories>
			<fdd:category>file-format</fdd:category>
			<fdd:category>encoding</fdd:category>
		</fdd:formatCategories>
		<fdd:gdfrComposition>unitary</fdd:gdfrComposition>
		<fdd:gdfrForm>binary</fdd:gdfrForm>
		<fdd:gdfrBasis>sampled</fdd:gdfrBasis>
		<fdd:updates>
			<fdd:date>2013-02-01</fdd:date>
		</fdd:updates>
		<fdd:draftStatus>Partial</fdd:draftStatus>
	</fdd:properties>
	<fdd:identificationAndDescription>
		<fdd:fullName>MXF Generic Container with Uncompressed Video Essence V210</fdd:fullName>
		<fdd:keywords>
			<fdd:keyword>video formats</fdd:keyword>
		</fdd:keywords>
		<fdd:description>
			<p>MXF file with the Generic Container implementation for uncompressed video, with a picture essence structure identical to that identified by the FOURCC code V210.  This picture data is typically associated with soundtrack essences and, as available, timecode, closed captioning, and other elements.</p>
		</fdd:description>
		<fdd:shortDescription>MXF file with the Generic Container implementation for uncompressed video, with a picture essence structure identical to that identified by the fourcc code V210.  This picture data is typically associated with soundtrack essences and, as available, timecode, closed captioning, and other elements.</fdd:shortDescription>
		<fdd:productionPhase>Generally employed in post-production or editing (middle phase) and in limited modes of dissemination (final phase).</fdd:productionPhase>
		<fdd:relationships>
			<fdd:relationship>
				<fdd:typeOfRelationship>Subtype of</fdd:typeOfRelationship>
				<fdd:relatedTo>
					<fdd:id>fdd000129</fdd:id>
					<fdd:shortName>MXF_GC_UNC</fdd:shortName>
					<fdd:titleName>MXF Generic Container Mapped to Uncompressed Images</fdd:titleName>
				</fdd:relatedTo>
			</fdd:relationship>
			<fdd:relationship>
				<fdd:typeOfRelationship>Contains</fdd:typeOfRelationship>
				<fdd:relatedTo>
					<fdd:id>fdd000353</fdd:id>
					<fdd:shortName>V210</fdd:shortName>
					<fdd:titleName>V210 Video Picture Encoding </fdd:titleName>
				</fdd:relatedTo>
			</fdd:relationship>
			<fdd:relationship>
				<fdd:typeOfRelationship>May contain</fdd:typeOfRelationship>
				<fdd:relatedTo/>
				<fdd:comment>Audio and other essences of various types, not discussed at this time.</fdd:comment>
			</fdd:relationship>
		</fdd:relationships>
	</fdd:identificationAndDescription>
	<fdd:localUse>
		<fdd:experience>No extensive experience.</fdd:experience>
		<fdd:preference>None. For preservation reformatting, the Library of Congress&apos; Packard Campus for Audio-Visual Conservation has chosen <fddLink id="fdd000206">MXF_OP1a_JP2_LL</fddLink> (lossless JPEG 2000 wrapped in MXF operational pattern 1a).</fdd:preference>
	</fdd:localUse>
	<fdd:sustainabilityFactors>
		<fdd:disclosure>See <fddLink id="fdd000013">MXF</fddLink> and <fddLink id="fdd000353">V210</fddLink>.</fdd:disclosure>
		<fdd:documentation>See <fddLink id="fdd000013">MXF</fddLink> and <fddLink id="fdd000353">V210</fddLink>.</fdd:documentation>
		<fdd:adoption>Moderate levels of adoption in professional production.</fdd:adoption>
		<fdd:licensingAndPatents>None.</fdd:licensingAndPatents>
		<fdd:transparency>Relatively transparent; requires tools to write and read.</fdd:transparency>
		<fdd:selfDocumentation>See <fddLink id="fdd000013">MXF</fddLink>.</fdd:selfDocumentation>
		<fdd:externalDependencies>None.</fdd:externalDependencies>
		<fdd:techProtection>None.</fdd:techProtection>
	</fdd:sustainabilityFactors>
	<fdd:qualityAndFunctionalityFactors>
		<fdd:movingImageQF>
			<fdd:normalVideo>Supported</fdd:normalVideo>
			<fdd:clarity>See <fddLink id="fdd000353">V210</fddLink>.</fdd:clarity>
			<fdd:beyondVideo>See <fddLink id="fdd000013">MXF</fddLink>.</fdd:beyondVideo>
		</fdd:movingImageQF>
	</fdd:qualityAndFunctionalityFactors>
	<fdd:fileTypeSignifiers>
		<fdd:signifiersGroup>
			<fdd:filenameExtension>
				<fdd:sigValueNA>See related format.</fdd:sigValueNA>
				<fdd:note>See <fddLink id="fdd000013">MXF</fddLink>.</fdd:note>
			</fdd:filenameExtension>
			<fdd:internetMediaType>
				<fdd:sigValueNA>See related format.</fdd:sigValueNA>
				<fdd:note>See <fddLink id="fdd000013">MXF</fddLink>.</fdd:note>
			</fdd:internetMediaType>
			<fdd:magicNumbers>
				<fdd:sigValueNA>See related format.</fdd:sigValueNA>
				<fdd:note>See <fddLink id="fdd000013">MXF</fddLink>.</fdd:note>
			</fdd:magicNumbers>
			<fdd:other>
				<fdd:tag>Other</fdd:tag>
				<fdd:values>
					<fdd:sigValues>
						<fdd:sigValue>Registry: 06.0E.2B.34.04.01.01.0A</fdd:sigValue>
						<fdd:sigValue>Item: 04.01.02.01.01.02.02.01</fdd:sigValue>
					</fdd:sigValues>
					<fdd:note>SMPTE Universal Label (see <a href="http://www.smpte-ra.org/mdd/">SMPTE Metadata Registries</a>).  The statement of equivalency to V210 is made in SMPTE standard ST 377-1, annex G.</fdd:note>
				</fdd:values>
			</fdd:other>
		</fdd:signifiersGroup>
	</fdd:fileTypeSignifiers>
	<fdd:notes/>
	<fdd:formatSpecifications>
		<fdd:citations>
			<fdd:citation>
				<fdd:specReference>SMPTE 377-1-2011.  Material Exchange Format (MXF) —
File Format Specification; annex G.</fdd:specReference>
			</fdd:citation>
			<fdd:citation>
				<fdd:specReference>SMPTE RP224v12-2012, Universal Labels Registry.</fdd:specReference>
			</fdd:citation>
		</fdd:citations>
	</fdd:formatSpecifications>
	<fdd:usefulReferences>
		<fdd:urls>
			<fdd:url>
				<fdd:urlReference>
					<link>http://www.smpte-ra.org/mdd/</link>
					<tag>SMPTE Metadata Registries</tag>
					<comment>Provides access to registry of SMPTE Universal Labels.</comment>
				</fdd:urlReference>
			</fdd:url>
		</fdd:urls>
	</fdd:usefulReferences>
</fdd:FDD>
