<?xml version="1.0" encoding="UTF-8"?>
<fdd:FDD id="fdd000392" titleName="Microsoft Compound File Binary File Format, Version 4" shortName="CFB_4" xmlns:xsi="http://www.w3.org/2001/XMLSchema-instance" xmlns:fdd="http://www.loc.gov/preservation/digital/formats/schemas/fdd/v1" xsi:schemaLocation="http://www.loc.gov/preservation/digital/formats/schemas/fdd/v1 http://www.loc.gov/preservation/digital/formats/schemas/fdd/v1/fdd-v1-1.xsd">
	<fdd:properties>
		<fdd:gdfrGenreSelection>
			<fdd:gdfrGenres>
				<fdd:gdfrGenre>text</fdd:gdfrGenre>
				<fdd:gdfrGenre>moving-image</fdd:gdfrGenre>
				<fdd:gdfrGenre>spreadsheet</fdd:gdfrGenre>
			</fdd:gdfrGenres>
		</fdd:gdfrGenreSelection>
		<fdd:formatCategories>
			<fdd:category>file-format</fdd:category>
		</fdd:formatCategories>
		<fdd:gdfrComposition>unitary</fdd:gdfrComposition>
		<fdd:gdfrForm>binary</fdd:gdfrForm>
		<fdd:gdfrConstraint>structured</fdd:gdfrConstraint>
		<fdd:gdfrBasis>symbolic</fdd:gdfrBasis>
		<fdd:updates>
			<fdd:date>2019-12-16</fdd:date>
		</fdd:updates>
		<fdd:draftStatus>Full</fdd:draftStatus>
	</fdd:properties>
	<fdd:identificationAndDescription>
		<fdd:fullName>Microsoft Compound File Binary File Format, Version 4</fdd:fullName>
		<fdd:description>
			<p>The Microsoft Compound File Binary (CFB) file format is used for storing storage objects and stream objects in a hierarchical structure within a single file.  See <fddLink id="fdd000380">CFB_3</fddLink> for a full description of the file system structure.</p>
			<p>There are two active versions of CFB, <fddLink id="fdd000380">version 3</fddLink> and version 4. One major distinction between the versions is that the sector size for version 3 is of 512 bytes and the sector size for version 4 is 4096 bytes.</p>
			<p>The minimum size of a compound file three sectors: one header, one FAT sector and one directory sector.</p>
			<ul>
				<li>4096-byte sector compound files can have 64-bit file and user-defined datastream sizes, up to slightly less than 16 terabytes.

</li>
				<li>The maximum number of directory entries (storage objects and stream objects) is roughly 4 billion. This corresponds to a maximum directory sector chain length of slightly less than 512 GB for a 4096-byte sector compound file.</li>
			</ul>
		</fdd:description>
		<fdd:shortDescription>The Microsoft Compound File Binary File Format (CFB) file format is used for storing storage objects and stream objects in a hierarchical structure within a single file. </fdd:shortDescription>
		<fdd:relationships>
			<fdd:relationship>
				<fdd:typeOfRelationship>Has earlier version</fdd:typeOfRelationship>
				<fdd:relatedTo>
					<fdd:id>fdd000380</fdd:id>
					<fdd:shortName>CFB_3</fdd:shortName>
					<fdd:titleName>Microsoft Compound File Binary File Format, Version 3</fdd:titleName>
				</fdd:relatedTo>
			</fdd:relationship>
			<fdd:relationship>
				<fdd:typeOfRelationship>Affinity to</fdd:typeOfRelationship>
				<fdd:relatedTo>
					<fdd:id>fdd000004</fdd:id>
					<fdd:shortName>AAF_1_1</fdd:shortName>
					<fdd:titleName>Advanced Authoring Format (AAF) Object, Version 1.1</fdd:titleName>
				</fdd:relatedTo>
				<fdd:comment>
					<p>Early versions of the AAF format detailed use of the structured storage systems outlined in CFB to store the objects on disk.</p>
				</fdd:comment>
			</fdd:relationship>
		</fdd:relationships>
	</fdd:identificationAndDescription>
	<fdd:localUse/>
	<fdd:sustainabilityFactors>
		<fdd:disclosure>See <fddLink id="fdd000380">CFB_3</fddLink>
		</fdd:disclosure>
		<fdd:documentation>See <fddLink id="fdd000380">CFB_3</fddLink>
		</fdd:documentation>
		<fdd:adoption>See <fddLink id="fdd000380">CFB_3</fddLink>
		</fdd:adoption>
		<fdd:licensingAndPatents>See <fddLink id="fdd000380">CFB_3</fddLink>
		</fdd:licensingAndPatents>
		<fdd:transparency>See <fddLink id="fdd000380">CFB_3</fddLink>
		</fdd:transparency>
		<fdd:selfDocumentation>See <fddLink id="fdd000380">CFB_3</fddLink>
		</fdd:selfDocumentation>
		<fdd:externalDependencies>See <fddLink id="fdd000380">CFB_3</fddLink>
		</fdd:externalDependencies>
		<fdd:techProtection>See <fddLink id="fdd000380">CFB_3</fddLink>
		</fdd:techProtection>
	</fdd:sustainabilityFactors>
	<fdd:qualityAndFunctionalityFactors/>
	<fdd:fileTypeSignifiers>
		<fdd:signifiersGroup>
			<fdd:filenameExtension>
				<fdd:sigValueNA>See related format.</fdd:sigValueNA>
				<fdd:note>See <fddLink id="fdd000380">CFB_3</fddLink>
				</fdd:note>
			</fdd:filenameExtension>
			<fdd:other>
				<fdd:tag>File signature</fdd:tag>
				<fdd:values>
					<fdd:sigValues>
						<fdd:sigValue>Hex: D0 CF 11 E0 A1 B1 1A E1</fdd:sigValue>
						<fdd:sigValue>Hex:  0x0004 (version 4)</fdd:sigValue>
					</fdd:sigValues>
					<fdd:note>From <a href="https://docs.microsoft.com/en-us/openspecs/windows_protocols/ms-cfb/05060311-bfce-4b12-874d-71fd4ce63aea">specification</a>. This specification applies to the all Microsoft content types that share the general CFB structure.</fdd:note>
				</fdd:values>
			</fdd:other>
		</fdd:signifiersGroup>
	</fdd:fileTypeSignifiers>
	<fdd:notes>
		<fdd:general>
			<p>In addition to the Major Version field value declaration of the version number in the header, the Sector Shift field specifies the sector size depending on the version declaration.  If Major Version is 4, then the Sector Shift must be 0x000C, specifying a sector size of 4096 bytes.</p>
		</fdd:general>
	</fdd:notes>
	<fdd:formatSpecifications>
		<fdd:urls>
			<fdd:url>
				<fdd:urlGroup>
					<fdd:intro>See <fddLink id="fdd000380">CFB_3</fddLink>
					</fdd:intro>
				</fdd:urlGroup>
			</fdd:url>
		</fdd:urls>
	</fdd:formatSpecifications>
</fdd:FDD>
