<?xml version="1.0" encoding="UTF-8"?>
<fdd:FDD id="fdd000334" titleName="JPEG Original Lossless Compression (ISO/IEC 10918)" shortName="JPEG_orig_LL" xmlns:xsi="http://www.w3.org/2001/XMLSchema-instance" xmlns:fdd="http://www.digitalpreservation.gov/formats/schemas/fdd/v1" xsi:schemaLocation="http://www.digitalpreservation.gov/formats/schemas/fdd/v1 http://www.digitalpreservation.gov/formats/schemas/fdd/v1/fdd-v1-0.xsd">
	<fdd:properties>
		<fdd:gdfrGenreSelection>
			<fdd:gdfrGenre>still-image</fdd:gdfrGenre>
		</fdd:gdfrGenreSelection>
		<fdd:formatCategories>
			<fdd:category>encoding</fdd:category>
		</fdd:formatCategories>
		<fdd:gdfrComposition>unitary</fdd:gdfrComposition>
		<fdd:gdfrForm>binary</fdd:gdfrForm>
		<fdd:gdfrBasis>sampled</fdd:gdfrBasis>
		<fdd:updates>
			<fdd:date>2012-01-26</fdd:date>
		</fdd:updates>
		<fdd:draftStatus>Full</fdd:draftStatus>
	</fdd:properties>
	<fdd:identificationAndDescription>
		<fdd:fullName>ISO/IEC 10918-1:1994. Information technology -- Digital compression and coding of continuous-tone still images, lossless (formal name); Original lossless JPEG (common name)</fdd:fullName>
		<fdd:keywords>
			<fdd:keyword>raster image formats</fdd:keyword>
		</fdd:keywords>
		<fdd:description>
			<p>Lossless compression encoding for full color and grayscale continuous-tone images.  Annex H of the standard states that &quot;The processes which provide for sequential lossless encoding and decoding are not based on the DCT [discrete cosine transform].  The processes are spatial processes based on the coding model for the DC coefficients of the DCT.&quot;  The coding models may employ either Huffman or arithmetic coding.</p>
			<p>Many commentators, including the <a href="http://www.jpeg.org/jpeg/">JPEG committee</a>, report that these ISO/IEC 10918-1 lossless compression methods were never supported in applications and they were soon supplanted by <fddLink id="fdd000151">JPEG-LS</fddLink>, specified in ISO/IEC 14495-1 and -2 (1999 and 2003, <i>Lossless and near-lossless, baseline and extensions</i>).  One of the Huffman-encoded variants of original lossless, however, is used by Adobe&apos;s <fddLink id="fdd000188">DNG_1_1</fddLink>.  According to the specifications, the other file formats listed in this description&apos;s Relationships may contain JPEG-LS data; however, the compiler is not aware of the existence of such files in actual practice; <a href="../contact_format.shtml">Comments welcome</a>.</p>
		</fdd:description>
		<fdd:shortDescription>Lossless compression encoding for full color and grayscale continuous-tone images.  Provides for sequential lossless encoding and decoding. Not based on the DCT [discrete cosine transform] used for regular JPEG.</fdd:shortDescription>
		<fdd:productionPhase>May be applied in initial-state picture creation; often used for middle- and final-state archiving or end-user delivery. </fdd:productionPhase>
		<fdd:relationships>
			<fdd:relationship>
				<fdd:typeOfRelationship>Subtype of</fdd:typeOfRelationship>
				<fdd:relatedTo>
					<fdd:id>fdd000017</fdd:id>
					<fdd:shortName>JPEG</fdd:shortName>
					<fdd:titleName>JPEG Image Encoding Family</fdd:titleName>
				</fdd:relatedTo>
			</fdd:relationship>
			<fdd:relationship>
				<fdd:typeOfRelationship>Used by</fdd:typeOfRelationship>
				<fdd:relatedTo>
					<fdd:id>fdd000188</fdd:id>
					<fdd:shortName>DNG_1_1</fdd:shortName>
					<fdd:titleName>Adobe Digital Negative (DNG), Version 1.1</fdd:titleName>
				</fdd:relatedTo>
			</fdd:relationship>
			<fdd:relationship>
				<fdd:typeOfRelationship>Used by</fdd:typeOfRelationship>
				<fdd:comment>Canon CR2 format and several Kodak raw formats, not described at this Web site.</fdd:comment>
			</fdd:relationship>
			<fdd:relationship>
				<fdd:typeOfRelationship>Used by</fdd:typeOfRelationship>
				<fdd:relatedTo>
					<fdd:id>fdd000018</fdd:id>
					<fdd:shortName>JFIF_1_02</fdd:shortName>
					<fdd:titleName>JFIF JPEG File Interchange Format, Version 1.02</fdd:titleName>
				</fdd:relatedTo>
			</fdd:relationship>
			<fdd:relationship>
				<fdd:typeOfRelationship>Used by</fdd:typeOfRelationship>
				<fdd:comment>JFIF File Interchange Format, Versions 1.00 and 1.01, not described at this Web site at this time</fdd:comment>
			</fdd:relationship>
			<fdd:relationship>
				<fdd:typeOfRelationship>Used by</fdd:typeOfRelationship>
				<fdd:relatedTo>
					<fdd:id>fdd000019</fdd:id>
					<fdd:shortName>SPIFF</fdd:shortName>
					<fdd:titleName>SPIFF Still Picture Interchange File Format</fdd:titleName>
				</fdd:relatedTo>
			</fdd:relationship>
		</fdd:relationships>
	</fdd:identificationAndDescription>
	<fdd:localUse>
		<fdd:experience>See <fddLink id="fdd000017">JPEG</fddLink>
		</fdd:experience>
		<fdd:preference>See <fddLink id="fdd000017">JPEG</fddLink>
		</fdd:preference>
	</fdd:localUse>
	<fdd:sustainabilityFactors>
		<fdd:disclosure>Fully disclosed.  Developed by the Joint Photographic Experts Group (JPEG), formally known as ISO/IEC JTC 1/SC 29/WG 10.
		</fdd:disclosure>
		<fdd:documentation>ISO/IEC 10918-1:1994, Information technology -- Digital compression and coding of continuous-tone still images: Requirements and guidelines. Same as ITU-T Rec. T.81:1992.</fdd:documentation>
		<fdd:adoption>No adoption as an image format on its own.  The compression method, however, is employed when raw camera data is converted to Adobe&apos;s <fddLink id="fdd000188">DNG_1_1</fddLink> format.</fdd:adoption>
		<fdd:licensingAndPatents>See <fddLink id="fdd000017">JPEG</fddLink>.</fdd:licensingAndPatents>
		<fdd:transparency>Depends upon algorithms and tools to read; will require sophistication to build tools.
		</fdd:transparency>
		<fdd:selfDocumentation>Not investigated for this format description.</fdd:selfDocumentation>
		<fdd:externalDependencies>None.
		</fdd:externalDependencies>
		<fdd:techProtection>None.
		</fdd:techProtection>
	</fdd:sustainabilityFactors>
	<fdd:qualityAndFunctionalityFactors>
		<fdd:stillImageQF>
			<fdd:normalImage>Lack of adoption, low levels of support.</fdd:normalImage>
			<fdd:clarity>Should be very good, but source data is limited to 8-bits-per-channel.  Lack of adoption may render this moot.</fdd:clarity>
			<fdd:colorMaint>Not investigated for this format description.</fdd:colorMaint>
			<fdd:graphics>No support for vector graphics.</fdd:graphics>
			<fdd:multispectral>See <fddLink id="fdd000017">JPEG</fddLink>.</fdd:multispectral>
			<fdd:beyondImage>Not investigated for this format description.</fdd:beyondImage>
		</fdd:stillImageQF>
	</fdd:qualityAndFunctionalityFactors>
	<fdd:fileTypeSignifiers>
		<fdd:signifiersGroup>
			<fdd:filenameExtension>
				<fdd:sigValueNA>Not applicable.</fdd:sigValueNA>
				<fdd:note>See <fddLink id="fdd000018">JFIF_1_02</fddLink>,  <fddLink id="fdd000019">SPIFF</fddLink>, and <fddLink id="fdd000147">JPEG_EXIF</fddLink>.</fdd:note>
			</fdd:filenameExtension>
			<fdd:internetMediaType>
				<fdd:sigValueNA>Not applicable.</fdd:sigValueNA>
				<fdd:note>See <fddLink id="fdd000018">JFIF_1_02</fddLink>,  <fddLink id="fdd000019">SPIFF</fddLink>, and <fddLink id="fdd000147">JPEG_EXIF</fddLink>.</fdd:note>
			</fdd:internetMediaType>
			<fdd:magicNumbers>
				<fdd:sigValues>
					<fdd:sigValue>Hex: 0xFF 0xD8</fdd:sigValue>
				</fdd:sigValues>
				<fdd:note>Start of Image (SOI) marker; see also <fddLink id="fdd000017">JPEG</fddLink>
				</fdd:note>
			</fdd:magicNumbers>
			<fdd:other>
				<fdd:tag>Indicator for profile, level, version, etc.</fdd:tag>
				<fdd:values>
					<fdd:sigValues>
						<fdd:sigValue>Hex: 0xFFC3</fdd:sigValue>
					</fdd:sigValues>
					<fdd:note>Start of Frame (SOF) marker for Huffman lossless (sequential); see also <fddLink id="fdd000017">JPEG</fddLink>
					</fdd:note>
				</fdd:values>
			</fdd:other>
			<fdd:other>
				<fdd:tag>Indicator for profile, level, version, etc.</fdd:tag>
				<fdd:values>
					<fdd:sigValues>
						<fdd:sigValue>Hex: 0xFFC7</fdd:sigValue>
					</fdd:sigValues>
					<fdd:note>Start of Frame (SOF) marker for Huffman differential lossless (sequential); see also <fddLink id="fdd000017">JPEG</fddLink>
					</fdd:note>
				</fdd:values>
			</fdd:other>
			<fdd:other>
				<fdd:tag>Indicator for profile, level, version, etc.</fdd:tag>
				<fdd:values>
					<fdd:sigValues>
						<fdd:sigValue>Hex: 0xFFCB</fdd:sigValue>
					</fdd:sigValues>
					<fdd:note>Start of Frame (SOF) marker for arithmetic lossless (sequential); see also <fddLink id="fdd000017">JPEG</fddLink>
					</fdd:note>
				</fdd:values>
			</fdd:other>
			<fdd:other>
				<fdd:tag>Indicator for profile, level, version, etc.</fdd:tag>
				<fdd:values>
					<fdd:sigValues>
						<fdd:sigValue>Hex: 0xFFCF</fdd:sigValue>
					</fdd:sigValues>
					<fdd:note>Start of Frame (SOF) marker for arithmetic differential lossless (sequential); see also <fddLink id="fdd000017">JPEG</fddLink>
					</fdd:note>
				</fdd:values>
			</fdd:other>
		</fdd:signifiersGroup>
	</fdd:fileTypeSignifiers>
	<fdd:notes/>
	<fdd:formatSpecifications>
		<fdd:citations>
			<fdd:citation>
				<fdd:specReference>ISO/IEC 10918-1:1994. Information technology -- Digital compression and coding of continuous-tone still images: Requirements and guidelines</fdd:specReference>
			</fdd:citation>
			<fdd:citation>
				<fdd:specReference>ITU-T Rec. T.81:1992. Information technology – Digital compression and coding of continuous-tone still images: Requirements and guidelines (same as ISO/IEC 10918-1)</fdd:specReference>
			</fdd:citation>
		</fdd:citations>
	</fdd:formatSpecifications>
	<fdd:usefulReferences>
		<fdd:urls>
			<fdd:url>
				<fdd:urlReference>
					<link>http://www.barrypearson.co.uk/articles/dng/specification.htm#jpeglossless </link>
					<tag>Why use JPEG lossless compression?</tag>
					<comment>Reports exchange with Adobe&apos;s Thomas Knoll about the version of JPEG lossless used in DNG.</comment>
				</fdd:urlReference>
			</fdd:url>
			<fdd:url>
				<fdd:urlGroup>
					<fdd:intro>See also <fddLink id="fdd000017">JPEG</fddLink>.</fdd:intro>
				</fdd:urlGroup>
			</fdd:url>
		</fdd:urls>
	</fdd:usefulReferences>
</fdd:FDD>
