<?xml version="1.0" encoding="UTF-8"?>
<fdd:FDD id="fdd000248" titleName="Macromedia Flash SWF File Format, Version 8" shortName="SWF_8" xmlns:xsi="http://www.w3.org/2001/XMLSchema-instance" xmlns:fdd="http://www.digitalpreservation.gov/formats/schemas/fdd/v1" xsi:schemaLocation="http://www.digitalpreservation.gov/formats/schemas/fdd/v1 http://www.digitalpreservation.gov/formats/schemas/fdd/v1/fdd-v1-0.xsd">
	<fdd:properties>
		<fdd:gdfrGenreSelection>
			<fdd:gdfrGenre>moving-image</fdd:gdfrGenre>
		</fdd:gdfrGenreSelection>
		<fdd:formatCategories>
			<fdd:category>file-format</fdd:category>
		</fdd:formatCategories>
		<fdd:gdfrComposition>unitary</fdd:gdfrComposition>
		<fdd:gdfrForm>binary</fdd:gdfrForm>
		<fdd:gdfrConstraint>unstructured</fdd:gdfrConstraint>
		<fdd:updates>
			<fdd:date>2007-02-08</fdd:date>
		</fdd:updates>
		<fdd:draftStatus>Partial</fdd:draftStatus>
	</fdd:properties>
	<fdd:identificationAndDescription>
		<fdd:fullName>Macromedia Flash SWF File Format, Version 8</fdd:fullName>
		<fdd:description>
			<p>Binary file format that Delivers vector graphics (especially animations) and other data types, including "bitmapped" video, over the Internet to the Flash Player.  A more complete format description for Flash is offered for <fddLink id="fdd000130">SWF_7</fddLink>, version 7 of the specification.</p>
			<p>In 2005, Adobe purchased Macromedia and a branding changeover began.  The documentation for the Flash (SWF) format, version 8, was disseminated from the Adobe Web site but still carried the Macromedia brand on the cover sheet.</p>
			<p>The October 2005 issue of <i>Macworld</i> magazine reports that the Flash Professional 8 application offers a new video codec called VP6 from a company named <a href="http://www.on2.com/">On2</a>.</p>
		</fdd:description>
		<fdd:shortDescription>Binary file format that delivers vector graphics (especially animations) and other data types, including bitmapped video, over the Internet to the Macromedia Flash Player.</fdd:shortDescription>
		<fdd:productionPhase>Used for final-state, end-user delivery.</fdd:productionPhase>
		<fdd:relationships>
			<fdd:relationship>
				<fdd:typeOfRelationship>Has earlier version</fdd:typeOfRelationship>
				<fdd:comment>Macromedia Flash (SWF) Versions 3, 4, 5, and 6, not documented here.</fdd:comment>
			</fdd:relationship>
			<fdd:relationship>
				<fdd:typeOfRelationship>Has earlier version</fdd:typeOfRelationship>
				<fdd:relatedTo>
					<fdd:id>fdd000130</fdd:id>
					<fdd:shortName>SWF_7</fdd:shortName>
					<fdd:titleName>Macromedia Flash SWF File Format, Version 7</fdd:titleName>
				</fdd:relatedTo>
			</fdd:relationship>
			<fdd:relationship>
				<fdd:typeOfRelationship>Has later version</fdd:typeOfRelationship>
				<fdd:comment>SWF, versions 9, 10.  Not yet documented.</fdd:comment>
			</fdd:relationship>
			<fdd:relationship>
				<fdd:typeOfRelationship>May contain</fdd:typeOfRelationship>
				<fdd:comment>Sorenson encoded video.<footNote id="1"/>
				</fdd:comment>
			</fdd:relationship>
			<fdd:relationship>
				<fdd:typeOfRelationship>May contain</fdd:typeOfRelationship>
				<fdd:comment>Screen Video Bitstream Format (ScreenVideo), not documented here.</fdd:comment>
			</fdd:relationship>
			<fdd:relationship>
				<fdd:typeOfRelationship>May contain</fdd:typeOfRelationship>
				<fdd:comment>Raw PCM sampled audio content, not documented here.</fdd:comment>
			</fdd:relationship>
			<fdd:relationship>
				<fdd:typeOfRelationship>May contain</fdd:typeOfRelationship>
				<fdd:relatedTo>
					<fdd:id>fdd000041</fdd:id>
					<fdd:shortName>ADPCM</fdd:shortName>
					<fdd:titleName>Adaptive Differential PCM Sound Format</fdd:titleName>
				</fdd:relatedTo>
			</fdd:relationship>
			<fdd:relationship>
				<fdd:typeOfRelationship>May contain</fdd:typeOfRelationship>
				<fdd:relatedTo>
					<fdd:id>fdd000012</fdd:id>
					<fdd:shortName>MP3_ENC</fdd:shortName>
					<fdd:titleName>MP3 (MPEG Layer III Audio Encoding)</fdd:titleName>
				</fdd:relatedTo>
			</fdd:relationship>
			<fdd:relationship>
				<fdd:typeOfRelationship>May contain</fdd:typeOfRelationship>
				<fdd:comment>Nellymoser Asao (speech compression) audio content, not documented here.</fdd:comment>
			</fdd:relationship>
			<fdd:relationship>
				<fdd:typeOfRelationship>Used by</fdd:typeOfRelationship>
				<fdd:relatedTo>
					<fdd:id>fdd000052</fdd:id>
					<fdd:shortName>QuickTime</fdd:shortName>
					<fdd:titleName>Quicktime File Format</fdd:titleName>
				</fdd:relatedTo>
			</fdd:relationship>
			<fdd:relationship>
				<fdd:typeOfRelationship>Other</fdd:typeOfRelationship>
				<fdd:relatedTo>
					<fdd:id>fdd000132</fdd:id>
					<fdd:shortName>FLA</fdd:shortName>
					<fdd:titleName>Macromedia Flash FLA Project File Format</fdd:titleName>
				</fdd:relatedTo>
			</fdd:relationship>
		</fdd:relationships>
	</fdd:identificationAndDescription>
	<fdd:localUse>
		<fdd:experience>See <fddLink id="fdd000130">SWF_7</fddLink>
		</fdd:experience>
		<fdd:preference>See <fddLink id="fdd000130">SWF_7</fddLink>
		</fdd:preference>
	</fdd:localUse>
	<fdd:sustainabilityFactors>
		<fdd:disclosure>Fully documented.  Developed by Macromedia, Inc., now owned by <a href="http://www.adobe.com/">Adobe Systems</a>.</fdd:disclosure>
		<fdd:documentation>The Macromedia Flash (SWF) and Flash Video (FLV) File Format Specification, Version 8, n.d. (copyright notice 2005).  Available online in February 2007, but not in March 2009.  	<a href="">Specification for SWF version 9</a> includes details for versions 6, 7, and 8.	<a href="">Specification for SWF version 10</a> includes definition of action models for previous SWF versions starting with version 3.</fdd:documentation>
		<fdd:adoption>
See <fddLink id="fdd000130">SWF_7</fddLink>
		</fdd:adoption>
		<fdd:licensingAndPatents>Adobe offered the specification and the right to build tools to produce SWF files via a free license.
	The license limited creation of software to play SWF files. 	However, in May 2008, it removed remaining restrictions on use of the specifications. Former Adobe Open Screen FAQ page not found in 2013 (http://www.openscreenproject.org/about/faq.html).</fdd:licensingAndPatents>
		<fdd:transparency>Not transparent; proprietary binary format.
		</fdd:transparency>
		<fdd:selfDocumentation>See <fddLink id="fdd000130">SWF_7</fddLink>.</fdd:selfDocumentation>
		<fdd:externalDependencies>None.</fdd:externalDependencies>
		<fdd:techProtection>None known to the compilers of this document.
		</fdd:techProtection>
	</fdd:sustainabilityFactors>
	<fdd:qualityAndFunctionalityFactors>
		<fdd:movingImageQF>
			<fdd:normalVideo>Good support</fdd:normalVideo>
			<fdd:clarity>See <fddLink id="fdd000130">SWF_7</fddLink>.</fdd:clarity>
			<fdd:beyondVideo>See <fddLink id="fdd000130">SWF_7</fddLink>.</fdd:beyondVideo>
		</fdd:movingImageQF>
		<fdd:soundQF>
			<fdd:normalSound>Good support</fdd:normalSound>
			<fdd:fidelity>See <fddLink id="fdd000130">SWF_7</fddLink>.</fdd:fidelity>
			<fdd:channels>See <fddLink id="fdd000130">SWF_7</fddLink>.</fdd:channels>
			<fdd:samples>See <fddLink id="fdd000130">SWF_7</fddLink>
			</fdd:samples>
			<fdd:beyondSound>See <fddLink id="fdd000130">SWF_7</fddLink>.</fdd:beyondSound>
		</fdd:soundQF>
	</fdd:qualityAndFunctionalityFactors>
	<fdd:fileTypeSignifiers>
		<fdd:signifiersGroup>
			<fdd:filenameExtension>
				<fdd:sigValues>
					<fdd:sigValue>swf</fdd:sigValue>
				</fdd:sigValues>
				<fdd:note>From the Flash SWF Specification (version 7), p. 9.  The <a href="http://en.wikipedia.org/wiki/Adobe_Flash">Wikipedia article on Adobe Flash</a> (consulted February 2007) includes a list of file types (with extensions) associated with the Flash family.</fdd:note>
			</fdd:filenameExtension>
			<fdd:internetMediaType>
				<fdd:sigValues>
					<fdd:sigValue>application/x-shockwave-flash</fdd:sigValue>
				</fdd:sigValues>
				<fdd:note>From the Flash SWF Specification, version 7, p. 9.</fdd:note>
			</fdd:internetMediaType>
			<fdd:internetMediaType>
				<fdd:sigValues>
					<fdd:sigValue> application/x-shockwave-flash2-preview</fdd:sigValue>
					<fdd:sigValue>application/futuresplash</fdd:sigValue>
					<fdd:sigValue>image/vnd.rn-realflash</fdd:sigValue>
				</fdd:sigValues>
				<fdd:note>Selected from <a href="http://filext.com/">The File Extension Source</a>
				</fdd:note>
			</fdd:internetMediaType>
			<fdd:magicNumbers>
				<fdd:sigValues>
					<fdd:sigValue>Hex: 46 57 53</fdd:sigValue>
					<fdd:sigValue>ASCII: FWS</fdd:sigValue>
				</fdd:sigValues>
				<fdd:note>For uncompressed files; from the Flash SWF Specification, version 8, p. 267.  The next byte in the file provides the version number; for example, Hex 07 (0x07) for version 7.</fdd:note>
			</fdd:magicNumbers>
			<fdd:magicNumbers>
				<fdd:sigValues>
					<fdd:sigValue>Hex: 43 57 53</fdd:sigValue>
					<fdd:sigValue>ASCII: CWS</fdd:sigValue>
				</fdd:sigValues>
				<fdd:note>For compressed files; from the Flash SWF Specification, version 8, p. 267.  The next byte in the file provides the version number; for example, Hex 07 (0x07) for version 7.</fdd:note>
			</fdd:magicNumbers>
		</fdd:signifiersGroup>
	</fdd:fileTypeSignifiers>
	<fdd:notes>
		<fdd:general>SWF files are typically derived from a <fddLink id="fdd000132">FLA</fddLink> file (Macromedia Flash Project File).  See also <fddLink id="fdd000130">SWF_7</fddLink>.</fdd:general>
		<fdd:history>See <fddLink id="fdd000130">SWF_7</fddLink>.</fdd:history>
	</fdd:notes>
	<fdd:formatSpecifications>
		<fdd:urls>
			<fdd:url>
				<fdd:urlReference>
					<link>http://web.archive.org/web/20090206171649/http://adobe.com/devnet/swf/pdf/swf_file_format_spec_v9.pdf</link>
					<tag>SWF File Format Specification
Version 9</tag>
					<comment>Published June 2007, April 2008.  Includes section on SWF version 8.  Resource formerly at Adobe, now at Internet Archive.</comment>
				</fdd:urlReference>
			</fdd:url>
			<fdd:url>
				<fdd:urlReference>
					<link>http://web.archive.org/web/20100601113823/http://www.adobe.com/devnet/swf/pdf/swf_file_format_spec_v10.pdf</link>
					<tag>SWF File Format Specification
Version 10</tag>
					<comment>Published November 2008.  Includes section on action models in SWF version 8. Resource formerly at Adobe, now at Internet Archive.</comment>
				</fdd:urlReference>
			</fdd:url>
		</fdd:urls>
		<fdd:citations>
			<fdd:citation>
				<fdd:specReference>The Macromedia Flash (SWF) and Flash Video (FLV) File Format Specification, Version 8.  Copyright 2005</fdd:specReference>
			</fdd:citation>
		</fdd:citations>
	</fdd:formatSpecifications>
	<fdd:usefulReferences>
		<fdd:urls>
			<fdd:url>
				<fdd:urlReference>
					<link>http://www.itu.int/en/ITU-T/Pages/default.aspx</link>
					<tag>ITU Telecommunication Standardization Sector</tag>
					<comment>Home page for ITU-T.</comment>
				</fdd:urlReference>
			</fdd:url>
		</fdd:urls>
	</fdd:usefulReferences>
	<fdd:footNotes>
		<fdd:footNote id="1">
			<fdd:text>Flash documentation for version 8 does not state a number for "their" version of Sorenson but describes the codec as a variant of <a href="http://www.itu.int/en/ITU-T/Pages/default.aspx">ITU-T</a> (International Telecommunications Union-Telecommunication Standardization Sector) recommendation H.263 (<fddLink id="fdd000080">MPEG-4_V</fddLink>). In early 2006, one of Sorenson's compression applications to produce content for Flash offered the <fddLink id="fdd000066">Sorenson_3</fddLink> codec, described by experts as a variant of ITU-T H.264 (<fddLink id="fdd000081">MPEG-4_AVC</fddLink>). By late 2006, Sorenson offered new compression applications with other outputs.</fdd:text>
		</fdd:footNote>
	</fdd:footNotes>
</fdd:FDD>
