<?xml version="1.0" encoding="UTF-8"?>
<fdd:FDD id="fdd000488" titleName="ONIX for Books" shortName="ONIX for Books" xmlns:xsi="http://www.w3.org/2001/XMLSchema-instance" xmlns:fdd="http://www.loc.gov/preservation/digital/formats/schemas/fdd/v1" xsi:schemaLocation="http://www.loc.gov/preservation/digital/formats/schemas/fdd/v1 http://www.loc.gov/preservation/digital/formats/schemas/fdd/v1/fdd-v1-1.xsd">
	<fdd:properties>
		<fdd:gdfrGenreSelection>
			<fdd:gdfrGenreAndSubgenres>
				<fdd:gdfrGenre>text</fdd:gdfrGenre>
				<fdd:gdfrSubgenres>
					<fdd:gdfrSubgenre>dataset</fdd:gdfrSubgenre>
				</fdd:gdfrSubgenres>
			</fdd:gdfrGenreAndSubgenres>
		</fdd:gdfrGenreSelection>
		<fdd:formatCategories>
			<fdd:category>file-format</fdd:category>
			<fdd:category>encoding</fdd:category>
		</fdd:formatCategories>
		<fdd:gdfrForm>text</fdd:gdfrForm>
		<fdd:gdfrConstraint>structured</fdd:gdfrConstraint>
		<fdd:gdfrBasis>symbolic</fdd:gdfrBasis>
		<fdd:updates>
			<fdd:date>2020-05-10</fdd:date>
		</fdd:updates>
		<fdd:draftStatus>Full</fdd:draftStatus>
	</fdd:properties>
	<fdd:identificationAndDescription>
		<fdd:fullName>ONIX (ONline Information eXchange) for Books</fdd:fullName>
		<fdd:keywords>
			<fdd:keyword>generic digital formats</fdd:keyword>
			<fdd:keyword>markup languages</fdd:keyword>
		</fdd:keywords>
		<fdd:description>
			<p>The ONIX for Books file format is an <fddLink id="fdd000075">XML</fddLink>-based standard for book and other book-related products metadata in order to provide a consistent method to share product information for a variety of stakeholders including: publishers, retailers, and supply chain partners. The ONIX for Books format is the international standard for representing product information in electronic format and is heavily utilized around the globe. While the file format is named ONIX for Books, additional products and media can be described using the file format including: audio-books, recorded video, e-books, and educational software. ONIX for Books <fddLink id="fdd000075">XML</fddLink> files are referred to as ONIX messages and can be broken down into two different types, Product Information Format Messages or Acknowledgment Messages. Production Information Format Messages, sometimes known as original ONIX messages,are used to convey information about books and other book-related products between stakeholders and their computer systems. Acknowledgment Messages are returned to data senders from the recipients and list any encountered errors. As stated in the October 2019 specification, "An overall requirement for both message types is that they must conform to the XML standard, meaning that they must be well-formed XML. It is also a requirement that ONIX messages are valid according to the associated RNG and <fddLink id="fdd000077">XSD</fddLink> schemas (which are equivalent)." EDItEUR provides additional <a href="https://www.editeur.org/files/ONIX 3/APPNOTE Validating ONIX 3.0 files PC edition.pdf">documentation</a> on the three main ways to validate ONIX files including ONIX <fddLink id="fdd000076">DTD</fddLink> (Document Type Definition), classic XSD, and strict XSD. The DTD validation simply checks the XML tags while classic XSD checks tags and some of the data including codes from the code list. Strict XSD provides the most complete validation check as it can validate a larger selection of data and ensure a higher degree of consistency.</p>
			<p>Per the <a href="https://www.editeur.org/files/ONIX%203/ONIX_for_Books_Release3-0_docs+codes_Issue_52.zip">3.0.7 specification (released Oct 2019)</a>, an ONIX Product Information Format Message is broken down into four parts:</p>
			<ul>
				<li>Start of the message (format and content dictated by the XML standard)</li>
				<li>Message header block (non repeating)</li>
				<li>Body of the message describing the product</li>
				<li>End of the message</li>
			</ul>
			<p>The message header contains several data elements, specifying the sender and data of the message, both of which are mandatory fields. The addressee field is optional and additional fields such as language, price type, and currency are optional as well. The body of an ONIX message consists of at least one product record. There is no limit to the number of product records in an ONIX message. Product records consist first of the XML label <![CDATA[<Product>]]> with an appropriate closing XML label <![CDATA[</Product>]]>. Product records serve as the fundamental unit of the ONIX message, which should labeled with a product identifier. An example of an ONIX message as described in the October 2019 3.0.7 specification is as follows:</p>
			<p><![CDATA[<?xml version="1.0"?>]]></p>
			<p><![CDATA[<ONIXMessage release="3.0">]]></p>
			<p><![CDATA[<Header>]]></p>
			<p><![CDATA[<!-- message header data elements -->]]></p>
			<p><![CDATA[</Header>]]></p>
			<p><![CDATA[<Product>]]></p>
			<p><![CDATA[<!-- record reference for product 1 -->]]></p>
			<p><![CDATA[<!-- product identifiers for product 1 -->]]></p>
			<p><![CDATA[<!-- block 1 product description -->]]></p>
			<p><![CDATA[<!-- block 2 marketing collateral detail -->]]></p>
			<p><![CDATA[<!-- block 3 content detail -->]]></p>
			<p><![CDATA[<!-- block 4 publishing detail -->]]></p>
			<p><![CDATA[<!-- block 5 related material -->]]></p>
			<p><![CDATA[<!-- block 6 product supply -->]]></p>
			<p><![CDATA[</Product>]]></p>
			<p><![CDATA[</ONIXMessage>]]></p>
			<p>Users can find an example of an ONIX 3.0 Product Information Message file from EDItEUR’s site <a href="https://www.editeur.org/files/ONIX 3/ONIX_Books_3.0_sample_6.zip">here</a>, which includes a downloadable <fddLink id="fdd000354">ZIP</fddLink> file with associated XML files within.</p>
			<p>ONIX Acknowledgment Messages are similarly constructed of four component parts, with the message header block and product information enclosed with the start and end of the message. As with ONIX Product Information Messages, the start of the ONIX Acknowledgment Message's format and content is dictated by the XML standard. The main difference between the two ONIX messages is the body. In this case, the body of the Acknowledgment Message is often empty, consisting only of the <![CDATA[<NoProduct/>]]> empty data element. Acknowledgment Messages may also contain one or more Product records with reference number information and updated Product status information with no limit to the number of included records, much like Product Information Messages. An example of an Acknowledgment Message from the 3.0.7 specification can be seen below:</p>
			<p><![CDATA[<?xml version="1.0"?>]]></p>
			<p><![CDATA[<ONIXMessageAcknowledgement release="3.0"xmlns="http://ns.editeur.org/onix/3.0/acknowledgment/reference">]]></p>
			<p><![CDATA[<Header>]]></p>
			<p><![CDATA[<!-- message header data elements -->]]></p>
			<p><![CDATA[<!-- status information for message -->]]></p>
			<p><![CDATA[</Header>]]></p>
			<p><![CDATA[<Product>]]></p>
			<p><![CDATA[<!-- record reference for product 1 -->]]></p>
			<p><![CDATA[<!-- status information for product 1 -->]]></p>
			<p><![CDATA[</Product>]]></p>
			<p><![CDATA[</ONIXMessageAcknowledgement>]]></p>
			<p>EDItEUR also provides a separate <a href="https://www.editeur.org/files/ONIX%203/ONIX_Books_3.0_Acknowledgement_samples.zip">downloadable ZIP file</a> for sample ONIX Acknowledgment Messages.</p>
			<p>There are several general attributes defined in ONIX for Books including datestamp, sourcename, and sourcetype. These attributes are used to carry information about the content of an associated element. Datestamp attributes enables any data element to carry the date or time when it was last updated but is also indicative of the data's accuracy. Sourcename attributes represent the name of the source for the data, such as a wholesaler sharing information that has been received from a publisher to a retailer. If this attribute is not included, the data source should be assumed to be the sender of the ONIX message. Sourcetype attributes carry a code indicating the type of source or authority of the data. The examples listed below can be found in the 3.0.7 specification.</p>
			<ul>
				<li>datestamp <![CDATA[<CopiesSold datestamp="20100621">6400 copies of this edition sold</CopiesSold> (Sales figure last confirmed June 2010)]]></li>
				<li>sourcename <![CDATA[<x313 sourcename="XYZ Livres SA">01</x313> (XYZ is source of information)]]></li>
				<li>sourcetype <![CDATA[<x313 sourcetype="01">01</x313> (Source of information is publisher)]]></li>
			</ul>
			<p>Further attributes that have use for a limited selection of data elements:</p>
			<ul>
				<li>collationkey</li>
				<li>dateformat</li>
				<li>language</li>
				<li>release</li>
				<li>textcase</li>
				<li>textformat</li>
				<li>textscript</li>
			</ul>
			<p>There are two common schema definitions for elements in ONIX file formats known as &quot;reference names&quot; and &quot;short tags&quot;. Reference names are generally represented in plan language, such as <![CDATA[<PersonNameInverted></PersonNameInverted>]]> while the short tag is represented by a code, such as <![CDATA[<b037>]]>. An expanded example can be seen below.</p>
			<p><![CDATA[<Contributor>]]></p>
			<p><![CDATA[<SequenceNumber>2</SequenceNumber>]]></p>
			<p><![CDATA[<ContributorRole>A01</ContributorRole>]]></p>
			<p><![CDATA[<PersonNameInverted>Badenov, Boris</PersonNameInverted>]]></p>
			<p><![CDATA[</Contributor>]]></p>
			<p>The above reference names example can now also be expressed in short tags:</p>
			<p><![CDATA[<Contributor>]]></p>
			<p><![CDATA[<b034>2</b034>]]></p>
			<p><![CDATA[<b035>A01</b035>]]></p>
			<p><![CDATA[<b037>Badenov, Boris</b037>]]></p>
			<p><![CDATA[</Contributor>]]></p>
			<p>Both the reference name and short tag are identical in meaning, but they cannot be mixed within the same message. Tag converters for both ONIX 2.1 and ONIX 3.0 exist to translate reference names to short tags. Short tags make ONIX files considerably smaller in size but are equally complex to process.</p>
			<p>The ONIX for Books format uses codelists or controlled vocabularies that form part of the shared semantics of an ONIX message. The codelists contain numerical code values, with an accompanying short label or note to define a code’s meaning, that are used in ONIX messages. Codes are generally defined in English but can be translated into other languages without altering the meaning of the code itself. This ensures that the code value is understandable and unaffected by the variety of languages used by the sender and recipient of data. These code-list files are available in a variety of formats including: <fddLink id="fdd000323">CSV</fddLink>, TXT, <fddLink id="fdd000077">XSD</fddLink>, <fddLink id="fdd000381">JSON</fddLink>, and <fddLink id="fdd000075">XML</fddLink>.</p>
			<p>Any DRM (Digital Rights Management) for a described object is declared in the <![CDATA[<EpubTechnicalProtection>]]> reference name. As described on page 50 of the October 2019 3.0.7 specification, &quot;An ONIX code specifying whether a digital product has DRM or other technical protection features.
Optional, and repeatable if a product has two or more kinds of protection (ie different parts of a product are protected in different ways).&quot; ONIX 3.0 also provides users the ability to record any other usage constraints with their products with the <![CDATA[<EpubUsageConstraint>]]> group of elements which allows users to describe printing, copy/paste, lending, sharing, amongst other usage data is permissible. These reference names and elements are unique to ONIX for Books 3.0 files as this was a not permissible in ONIX 2.1.</p>
			<p>While the format is titled, ONIX for Books, as mentioned above the file format can describe non-book products. This is done using the <![CDATA[<ProductForm>]]> element, which can be used to describe audio, text, and other product formats. Code list usage is also critical here as there are a variety of code values for product forms. EDItEUR provides additional guidance for <a href="https://www.editeur.org/files/ONIX%203/APPNOTE%20Describing%20e-books%20in%20ONIX.pdf">describing e-books and digital content</a> using ONIX. The <![CDATA[<ProductFormDetail>]]> element allows users to expand on product form with additional format or medium information. This element is optional and repeatable.</p>
		</fdd:description>
		<fdd:shortDescription>The ONIX for Books format is an XML-based format and international standard for communicating book and other product metadata in a consistent manner for supply chain stakeholders. </fdd:shortDescription>
		<fdd:productionPhase>Can be used as initial, middle, or final-state format.</fdd:productionPhase>
		<fdd:relationships>
			<fdd:relationship>
				<fdd:typeOfRelationship>Defined via</fdd:typeOfRelationship>
				<fdd:relatedTo>
					<fdd:id>fdd000075</fdd:id>
					<fdd:shortName>XML</fdd:shortName>
					<fdd:titleName>XML (Extensible Markup Language)</fdd:titleName>
				</fdd:relatedTo>
			</fdd:relationship>
			<fdd:relationship>
				<fdd:typeOfRelationship>Defined via</fdd:typeOfRelationship>
				<fdd:relatedTo>
					<fdd:id>fdd000077</fdd:id>
					<fdd:shortName>XML_SCHEMA</fdd:shortName>
					<fdd:titleName>W3C XML Schema Language</fdd:titleName>
				</fdd:relatedTo>
			</fdd:relationship>
			<fdd:relationship>
				<fdd:typeOfRelationship>May have component</fdd:typeOfRelationship>
				<fdd:relatedTo>
					<fdd:id>fdd000076</fdd:id>
					<fdd:shortName>XML_DTD</fdd:shortName>
					<fdd:titleName>Document Type Definition</fdd:titleName>
				</fdd:relatedTo>
			</fdd:relationship>
		</fdd:relationships>
	</fdd:identificationAndDescription>
	<fdd:localUse>
		<fdd:experience>As a part of its ongoing monthly eBook deliveries from publishers, the Library has inventoried hundreds of thousands of ONIX for Books files on long-term storage. While ONIX files are designated with the .xml extension, publishers providing content to the Library have changed the file extension to .onx, a non-formalized or recognized extension for ONIX XML files. The Library of Congress has also published an <a href="https://www.loc.gov/marc/onix2marc.html">ONIX 2.1 to MARC 21 Mapping</a> online.</fdd:experience>
		<fdd:preference>According to the Recommended Formats Statement, ONIX is a preferred format for <a href="https://www.loc.gov/preservation/resources/rfs/text.html">textual works in digital form and electronic serials</a> as well as <a href="https://www.loc.gov/preservation/resources/rfs/musical-scores.html">musical scores</a> regarding metadata records.</fdd:preference>
	</fdd:localUse>
	<fdd:sustainabilityFactors>
		<fdd:disclosure>Open standard. Developed by  <a href="https://www.editeur.org/83/Overview/">EDItEUR</a> in collaboration with the Digital Issues working group of the Association of American Publishers, and others. Currently jointly maintained by EDItEUR with the <a href="https://www.bic.org.uk/">Book Industry Communication (UK)</a> and the <a href="https://bisg.org/page/MetadataCom/">Book Industry Study Group (US)</a>. To be useful for global interoperability, an ONIX for Books XML message should be associated with a schema specification for the elements and tags it contains.  Such schema specifications (see <fddLink id="fdd000076">XML_DTD</fddLink> and <fddLink id="fdd000077">XML_XSD</fddLink>) must also be disclosed.  
		</fdd:disclosure>
		<fdd:documentation>As stated on EDItEUR’s own <a href="https://www.editeur.org/16/Maintenance-and-support/">website</a>, &quot;ONIX for Books standards are maintained by the EDItEUR ONIX Support Team in consultation with ONIX national groups, and under the direction of an international steering committee. Currently, Graham Bell has primary responsibility for the standard, with assistance from EDItEUR consultant Francis Cave.&quot; The October 2019 standard can be found <a href="https://www.editeur.org/93/Release-3.0-Downloads/#Specification">here</a>.
		</fdd:documentation>
		<fdd:adoption>
			<p>The ONIX standard has been widely implemented and adopted around the world. EDItEUR documents a <a href="https://www.editeur.org/154/Users-and-Services-directory/">list over a 100 organizations</a> that have implemented a version of ONIX for Books in their business from several countries around the globe including but not limited to the US, the Netherlands, Canada, the UK, Australia, Brazil, Sweden, and Italy.</p>
			<p>According to EDItEUR, implementations of ONIX 3.0 is steadily growing. <a href="https://www.supadu.com/post/everyone-is-talking-about-amazon-moving-to-onix-3-are-you-ready">Amazon announced in 2019</a> that it would no longer accept the 2.1 version of ONIX data for print materials after December 2020, fully expecting ONIX 3.0 data from all of its global domains. This will likely influence the industry, particularly in North America, as many American publishers and booksellers still currently use ONIX 2.1, which was sunset by EDItEUR in 2014.</p>
			<p>Several software applications exist to assist in opening and editing ONIX files with various additional functionality to manipulation ONIX files for user needs. Some of these software applications include: <a href="http://www.onixsuite.com/">Onixsuite</a>, <a href="https://onixedit.com/en-us/">Onixedit</a>, <a href="https://connect.collectorz.com/books">Book Connect</a>, <a href="https://www.stison.com/title-manager">Title Manager</a>, and <a href="https://www.booksonix.info/#about">Booksonix</a>. Many of these software programs offer conversion functionality and supports the input of <fddLink id="fdd000323">CSV</fddLink> and other Excel files (<fddLink id="fdd000510">XLS</fddLink>, <fddLink id="fdd000512">XLSB</fddLink>, or <fddLink id="fdd000398">XLSX</fddLink>) to convert to ONIX 3.0 files. Compatibility with older ONIX versions such as 2.1 and conversion to ONIX 3.0 functionality is also heavily featured in many of these software applications.</p>
			<p>Research data compiled by Nielsen in 2016 in both the <a href="https://bit.ly/2m2qVO3">US</a> and <a href="https://bit.ly/2mSOnur">UK</a> has indicated that robust metadata has led to increased book sales for publishers. This has helped to make the case for standards such as ONIX to become more widely adopted by a variety of stakeholders including: publishers, distributors, and booksellers.</p>
			<p>The ONIX for Books file format’s benefits to library systems has been documented as well. The presence of rich metadata from ONIX records can be used to bolster content and metadata in library online catalogues. OCLC has done a lot of work to <a href="https://www.youtube.com/watch?v=bkMkd7Rm_1A">create mappings from ONIX to MARC21</a>. <a href="https://www.editeur.org/96/ONIX-and-MARC21/">EDItEUR</a> also links to OCLC’s two publications on mapping <a href="http://www.oclc.org/research/publications/library/2010/2010-14.pdf">ONIX 2.1</a> and <a href="http://www.oclc.org/research/publications/library/2012/2012-04.pdf">ONIX 3.0</a> to MARC21. The Library of Congress has also published a <a href="https://www.loc.gov/marc/onix2marc.html">ONIX 2.1 to MARC21</a> mapping.</p>
		</fdd:adoption>
		<fdd:licensingAndPatents>The 3.0.7 standard states, &quot;All ONIX standards and documentation – including this document – are copyright materials, made available free of charge for general use. A <a href="https://doi.org/10.4400/nwgj">full license agreement</a> that governs their use is available on the EDItEUR website. In particular, if you use any of the ONIX for Books Product Information Format schemas (RNG, XSD or DTD) (‘the schemas’), you will be deemed to have accepted these terms and conditions….&quot; EDItEUR’s <a href="https://doi.org/10.4400/nwgj">license</a> grants users a &quot;non-exclusive, non-transferable, royalty-free perpetual worldwide license to use its Standards and Specifications.&quot;		
		</fdd:licensingAndPatents>
		<fdd:transparency>ONIX for Books is based on <fddLink id="fdd000075">XML</fddLink>, which is human-readable and designed for straightforward automatic parsing. For the contents to be understood and utilized to its full capabilities by stakeholders, a well-documented <fddLink id="fdd000076">XML_DTD</fddLink>, <fddLink id="fdd000077">XML_XSD</fddLink> or XML Schema, or other specification is needed. Human-comprehensible element tags are advantageous for transparency.
		</fdd:transparency>
		<fdd:selfDocumentation>XML is widely used as a syntax for metadata, and metadata for all purposes can be embedded in XML documents with appropriate schema specifications.
		</fdd:selfDocumentation>
		<fdd:externalDependencies>ONIX 3.0 is supported by <fddLink id="fdd000076">XML_DTD</fddLink>, RNG, and <fddLink id="fdd000077">XML_XSD</fddLink> schemas that are vital to ensuring ONIX message meet the standard requirements and are broadly interoperable.   </fdd:externalDependencies>
		<fdd:techProtection>None
		</fdd:techProtection>
	</fdd:sustainabilityFactors>
	<fdd:qualityAndFunctionalityFactors>
		<fdd:textQF>
			<fdd:normalText>XML can represent all UNICODE characters, with UTF-8 being the default character encoding. The 3.0.7 ONIX specification from October 2019 highlights the importance of including specific encoding declarations for representation of non-ASCII characters. This is to be expected given the global use of the ONIX file format. Effective support for normal rendering is dependent on an appropriate DTD or schema specification. The 3.0.7 ONIX specification does not recommend the use of DTDs for validation as they are not sufficient since they do not make use of code lists. The current specification recommends RNG and XSD schema specifications.</fdd:normalText>
			<fdd:structure>XML is ideal for representing document structure.</fdd:structure>
			<fdd:layout>For textual content, best practice is to have the XML represent the logical document structure and use stylesheets to render the text in a form appropriate for the end user. Users have a choice of using reference names or short tags which may influence human readability.</fdd:layout>
			<fdd:mathDiag>Formula and complicated mathematical representations are not applicable. EDItEUR specifies how numerical inputs should be formatted such as <a href="https://www.editeur.org/files/ONIX 3/APPNOTE Weights and dimensions in ONIX.pdf">weights and dimensions</a> or <a href="https://www.editeur.org/files/ONIX 3/APPNOTE Pricing in ONIX part one.pdf">pricing</a> on their <a href="https://www.editeur.org/93/Release-3.0-Downloads/#How%20to">site</a>. Inputting numerical data is also dictated by specific EDItEUR codelists. Specific codelists exist for <a href="https://ns.editeur.org/onix/en/48">weight and dimensions metadata</a> for example.</fdd:mathDiag>
			<fdd:beyondText>Not applicable.</fdd:beyondText>
		</fdd:textQF>
	</fdd:qualityAndFunctionalityFactors>
	<fdd:fileTypeSignifiers>
		<fdd:signifiersGroup>
			<fdd:filenameExtension>
				<fdd:sigValues>
					<fdd:sigValue>xml</fdd:sigValue>
				</fdd:sigValues>
				<fdd:note>Common practice for XML document instances is to use the .xml extension. The particular schema or DTD should be declared within the document. The .onx extension is not a recognized extension for ONIX for Books files.</fdd:note>
			</fdd:filenameExtension>
			<fdd:internetMediaType>
				<fdd:sigValues>
					<fdd:sigValue>text/xml</fdd:sigValue>
					<fdd:sigValue>application/xml</fdd:sigValue>
				</fdd:sigValues>
				<fdd:note>If an XML document is readable by casual users, <i>text/xml</i> is preferred.  See <a href="http://www.ietf.org/rfc/rfc3023.txt">RFC 3023</a> for further details. </fdd:note>
			</fdd:internetMediaType>
			<fdd:magicNumbers>
				<fdd:sigValueNA>See note.</fdd:sigValueNA>
				<fdd:note>See <fddLink id="fdd000075">XML</fddLink>.</fdd:note>
			</fdd:magicNumbers>
			<fdd:other>
				<fdd:tag>Wikidata Title ID</fdd:tag>
				<fdd:values>
					<fdd:sigValues>
						<fdd:sigValue>Q7072761</fdd:sigValue>
					</fdd:sigValues>
					<fdd:note>See <a href="https://www.wikidata.org/wiki/Q7072761">https://www.wikidata.org/wiki/Q7072761</a>.</fdd:note>
				</fdd:values>
			</fdd:other>
			<fdd:other>
				<fdd:tag>Other</fdd:tag>
				<fdd:values>
					<fdd:sigValues>
						<fdd:sigValue>&lt;ONIXMessage release=&quot;3.0&quot;&gt;</fdd:sigValue>
					</fdd:sigValues>
					<fdd:note>The start of an ONIX for Books message must consist of this line of XML. &quot;Using short tags like &lt;ONIXmessage&gt; (note the lower case M) instead of long (reference) tags that begin with &lt;ONIXMessage&gt;&quot; See <a href="#identification">Identification and Description</a> above for more information about short tags and reference names. <a href="https://www.loc.gov/preservation/digital/formats/contact_format.shtml">Comments welcome</a>.</fdd:note>
				</fdd:values>
			</fdd:other>
		</fdd:signifiersGroup>
	</fdd:fileTypeSignifiers>
	<fdd:notes>
		<fdd:history>
			<p>ONIX for Books was developed by the Digital Issues working group of the Association of American Publishers, EDItEUR, and a variety of other contributors in 1999. The first ONIX (Online Information eXchange) version was released in January 2000. ONIX’s primary goal was to reduce the difficulties related to managing , distributing, and updating large quantities of metadata. The ONIX 1.0 version standard was a culmination of early work from the Book Industry Communication’s metadata specifications, the INDECS project and EDItEUR’s EPICS data dictionary. As stated in EDItEUR’s <a href="https://www.editeur.org/74/FAQs/#q10">FAQ's</a>, the standard’s initial release was heavily influenced by the World Wide Web’s Consortium release of the XML specification in 1998. Revised versions of the 1.0 released standard enhanced the metadata framework to include more standardized terminologies, controlled vocabularies, and more robust file format to promote data exchange. Revised versions include: 1.1 released in July 2000, 1.2 released in November 2000, and 1.2.1 released in April 2001.</p>
			<p>Version 2.0 was published in July 2001, with a follow-up 2.1 version released in June 2003. A considerable number of American stakeholders still use version 2.1 even though EDItEUR has sunsetted all related revisions to 2.1.</p>
			<p>The ONIX for Books Supply Update, released in August 2006 to meet specific demands to enable price, availability, and other supply-related data without the requirement to re-send a complete descriptive record for a particular product. As stated by EDItEUR, the Supply Update allows ONIX 2.1 Supply Detail and/or Market Representation data to be replaced without the need to send other components of an ONIX record.</p>
			<p>Version 3.0 was released in 2009 with subsequent revisions issued beginning in October 2010. One of the most noticeable changes beginning in the 3.0 version is the specification documentation naming. &quot;This Product Information Format Specification (the Specification) replaces, for ONIX for Books Release 3.0, the separate documents which in previous ONIX releases were given the titles Product Record Format, XML Message Specification and Overview and Data Elements. The change of title reflects the fact that the single Specification document now includes sections describing the top-level XML message structure and the message header as well as the product record itself.&quot; Version 3.1, released in January 2012, added functionality for implementation particularly in in East Asia. This added functionality includes increased flexibility of the format for use with Japanese, Chinese, and other East Asian languages, which is documented in EDItEUR’s <a href="https://www.editeur.org/files/ONIX 3/Changes for ONIX 3.0.1.pdf">3.1 revisions summary</a>. These 3.0 revision summaries are all publicly accessible on EDItEUR’s <a href="https://www.editeur.org/12/About-Release-3.0/">website</a>. Previous versions are fully compatible.</p>
		</fdd:history>
	</fdd:notes>
	<fdd:formatSpecifications>
		<fdd:urls>
			<fdd:url>
				<fdd:urlGroup>
					<fdd:intro>List of ONIX Specifications as of March 2021. </fdd:intro>
					<fdd:urlList>
						<fdd:urlReference>
							<link>https://www.editeur.org/files/ONIX%203/ONIX_for_Books_Release3-0_docs+codes_Issue_52.zip</link>
							<tag>ONIX for Books 3.0.7</tag>
							<comment>As of March 2021.</comment>
						</fdd:urlReference>
						<fdd:urlReference>
							<link>https://www.editeur.org/files/ONIX%202.1/ONIX_for_Books_Release2-1_rev04_html+codes_Issue_36.zip</link>
							<tag>ONIX for Books 2.1</tag>
							<comment>Release 2.1 is dated June 2003.</comment>
						</fdd:urlReference>
						<fdd:urlReference>
							<link>https://www.editeur.org/files/ONIX%20for%20books%20supply/ONIX_Books_Supply_Update_1.0_specification.pdf </link>
							<tag>ONIX for Books Supply Updated</tag>
							<comment>Released in August 2006.</comment>
						</fdd:urlReference>
						<fdd:urlReference>
							<link>https://www.editeur.org/files/ONIX%20for%20books%20supply/ONIX_Books_Supply_Update_DTDs_1.0.zip</link>
							<tag>ONIX for Books Supply Updated</tag>
							<comment>DTD and Graphical Views ZIP file.</comment>
						</fdd:urlReference>
						<fdd:urlReference>
							<link>https://www.editeur.org/15/Archived-Previous-Releases/</link>
							<tag>EDItEUR&apos;s ONIX Archived Previous Releases</tag>
							<comment>ONIX specifications 1.0 and 2.0 are no longer downloadable and are only available upon direct request from EDItEUR.</comment>
						</fdd:urlReference>
					</fdd:urlList>
				</fdd:urlGroup>
			</fdd:url>
		</fdd:urls>
	</fdd:formatSpecifications>
	<fdd:usefulReferences>
		<fdd:urls>
			<fdd:url>
				<fdd:urlGroup>
					<fdd:intro>EDItEUR References</fdd:intro>
					<fdd:urlList>
						<fdd:urlReference>
							<link>https://www.editeur.org/74/FAQs/#q10</link>
							<tag>EDItEUR FAQs</tag>
						</fdd:urlReference>
						<fdd:urlReference>
							<link>https://www.editeur.org/14/Code-Lists/</link>
							<tag>EDItEUR Code Lists</tag>
							<comment>Background information on usage of code-lists with ONIX messages. Also provides downloadable links for Code List packages for ONIX specifications 2.1 and 3.0.</comment>
						</fdd:urlReference>
						<fdd:urlReference>
							<link>EDItEUR’s ONIX for Books License</link>
							<tag>https://doi.org/10.4400/nwgj</tag>
						</fdd:urlReference>
						<fdd:urlReference>
							<link>https://www.editeur.org/files/ONIX%203/APPNOTE%20Describing%20e-books%20in%20ONIX.pdf</link>
							<tag>ONIX for Books Product Information Message Application Note: Describing e-books and digital content in ONIX</tag>
						</fdd:urlReference>
						<fdd:urlReference>
							<link>https://www.editeur.org/154/users-and-services-directory.html</link>
							<tag>Users and Services directory</tag>
							<comment>The table lists a selection of organizations that have implemented some version of ONIX within their business.</comment>
						</fdd:urlReference>
						<fdd:urlReference>
							<link>https://www.editeur.org/files/ONIX 3/APPNOTE Validating ONIX 3.0 files PC edition.pdf</link>
							<tag>ONIX for Books
Product Information Message
Application Note: Validating ONIX 3.0 files
PC edition</tag>
						</fdd:urlReference>
					</fdd:urlList>
				</fdd:urlGroup>
			</fdd:url>
			<fdd:url>
				<fdd:urlGroup>
					<fdd:intro>See <fddLink id="fdd000075">XML</fddLink>
					</fdd:intro>
					<fdd:urlList>
						<fdd:urlReference>
							<link>https://www.w3.org/TR/xml/</link>
							<tag>Extensible Markup Language (XML) 1.0 (Fourth Edition)</tag>
							<comment>W3C Recommendation 16 August 2006, Tim Bray, Jean Paoli, C. M. Sperberg-McQueen, Eve Maler, François Yergeau eds.</comment>
						</fdd:urlReference>
						<fdd:urlReference>
							<link>http://www.w3.org/TR/xml11/</link>
							<tag>Extensible Markup Language (XML) 1.1 (Second Edition)</tag>
							<comment>W3C Recommendation, 16 August 2006, Tim Bray, Jean Paoli, C. M. Sperberg-McQueen, Eve Maler, François Yergeau, John Cowan, ed.</comment>
						</fdd:urlReference>
						<fdd:urlReference>
							<link>https://www.w3.org/TR/2004/REC-xmlschema-1-20041028/</link>
							<tag>XML Schema Specification</tag>
						</fdd:urlReference>
						<fdd:urlReference>
							<link>https://www.ietf.org/rfc/rfc3023.txt</link>
							<tag>XML Media Types</tag>
							<comment>Registration of Media Types with IANA. January 2001.</comment>
						</fdd:urlReference>
					</fdd:urlList>
				</fdd:urlGroup>
			</fdd:url>
			<fdd:url>
				<fdd:urlGroup>
					<fdd:intro>ONIX to MARC21 Mapping</fdd:intro>
					<fdd:urlList>
						<fdd:urlReference>
							<link>https://www.loc.gov/marc/onix2marc.html</link>
							<tag>Library of Congress ONIX 2.1 to MARC21 Mapping</tag>
						</fdd:urlReference>
						<fdd:urlReference>
							<link>http://www.oclc.org/research/publications/library/2010/2010-14.pdf</link>
							<tag>Mapping ONIX to MARC</tag>
							<comment>OCLC&apos;s 2010 published paper to map ONIX 2.1 to MARC. </comment>
						</fdd:urlReference>
						<fdd:urlReference>
							<link>http://www.oclc.org/research/publications/library/2012/2012-04.pdf</link>
							<tag>Mapping ONIX to MARC</tag>
							<comment>OCLC&apos;s 2012 published paper to map ONIX 3.0 to MARC. </comment>
						</fdd:urlReference>
						<fdd:urlReference>
							<link>https://www.youtube.com/watch?v=bkMkd7Rm_1A</link>
							<tag>A Crosswalk from ONIX Version 3.0 for Books to MARC 21</tag>
							<comment>OCLC video tutorial for mapping ONIX 3.0 to MARC21.</comment>
						</fdd:urlReference>
					</fdd:urlList>
				</fdd:urlGroup>
			</fdd:url>
			<fdd:url>
				<fdd:urlGroup>
					<fdd:intro>General References</fdd:intro>
					<fdd:urlList>
						<fdd:urlReference>
							<link>https://en.wikipedia.org/wiki/ONIX_for_Books</link>
							<tag>Wikipedia entry for ONIX for Books</tag>
							<comment/>
						</fdd:urlReference>
						<fdd:urlReference>
							<link>https://bookmachine.org/2015/01/22/non-technical-beginners-guide-onix-books/</link>
							<tag>A non-technical, beginner’s guide to ONIX for Books</tag>
							<comment/>
						</fdd:urlReference>
						<fdd:urlReference>
							<link>https://www.storyfit.com/blog/onix-metadata-how-to</link>
							<tag>How to Use and Read ONIX Book Files: Getting the most out of metadata.</tag>
							<comment/>
						</fdd:urlReference>
						<fdd:urlReference>
							<link>https://www.bookbusinessmag.com/article/publishers-switch-from-onix-21-onix-30/all/</link>
							<tag>ONIX 3.0 Raises Standard for Ebook Metadata.</tag>
							<comment/>
						</fdd:urlReference>
						<fdd:urlReference>
							<link>https://www.bic.org.uk/</link>
							<tag>Book Industry Communication</tag>
							<comment>Jointly maintains the ONIX for Books standard with EDItEUR and BISG.</comment>
						</fdd:urlReference>
						<fdd:urlReference>
							<link>https://bic.org.uk/files/pdfs/090721%20intro%20to%20onix%20rev_revised%202019.01.31.pdf</link>
							<tag>An Introduction to ONIX for Books</tag>
							<comment>Via the Book Industry Commission (BIC).</comment>
						</fdd:urlReference>
						<fdd:urlReference>
							<link>https://bisg.org/page/MetadataCom/</link>
							<tag>Metadata Committee</tag>
							<comment>BISG Metadata Committee jointly maintains the ONIX for Books standard with EDItEUR and BIC.</comment>
						</fdd:urlReference>
						<fdd:urlReference>
							<link>https://bit.ly/2m2qVO3</link>
							<tag>Nielsen Book US Study: The Importance of Metadata for Discoverability and Sales</tag>
							<comment>Research report produced by the Nielsen Co.</comment>
						</fdd:urlReference>
						<fdd:urlReference>
							<link>https://bit.ly/2mSOnur</link>
							<tag>Nielsen Book UK Study: The Importance of Metadata for Discoverability and Sales</tag>
							<comment>Research report produced by the Nielsen Co.</comment>
						</fdd:urlReference>
						<fdd:urlReference>
							<link>https://www.supadu.com/post/everyone-is-talking-about-amazon-moving-to-onix-3-are-you-ready</link>
							<tag>Everyone is talking about Amazon moving to ONIX 3. Are you ready? </tag>
						</fdd:urlReference>
					</fdd:urlList>
				</fdd:urlGroup>
			</fdd:url>
			<fdd:url>
				<fdd:urlGroup>
					<fdd:intro>ONIX Editing Software Applications</fdd:intro>
					<fdd:urlList>
						<fdd:urlReference>
							<link>http://www.onixsuite.com/</link>
							<tag>Onixsuite</tag>
							<comment/>
						</fdd:urlReference>
						<fdd:urlReference>
							<link>https://onixedit.com/en-us/</link>
							<tag>Onixedit</tag>
							<comment/>
						</fdd:urlReference>
						<fdd:urlReference>
							<link>https://connect.collectorz.com/books</link>
							<tag>Book Connect</tag>
							<comment/>
						</fdd:urlReference>
						<fdd:urlReference>
							<link>https://www.stison.com/title-manager</link>
							<tag>Title Manager</tag>
							<comment/>
						</fdd:urlReference>
						<fdd:urlReference>
							<link>https://www.booksonix.info/#about</link>
							<tag>Booksonix</tag>
						</fdd:urlReference>
					</fdd:urlList>
				</fdd:urlGroup>
			</fdd:url>
		</fdd:urls>
	</fdd:usefulReferences>
</fdd:FDD>
