<?xml version="1.0" encoding="UTF-8"?>
<fdd:FDD id="fdd000018" titleName="JFIF, JPEG File Interchange Format, Version 1.02" shortName="JFIF_1_02" xmlns:xsi="http://www.w3.org/2001/XMLSchema-instance" xmlns:fdd="http://www.loc.gov/preservation/digital/formats/schemas/fdd/v1" xsi:schemaLocation="http://www.loc.gov/preservation/digital/formats/schemas/fdd/v1 http://www.loc.gov/preservation/digital/formats/schemas/fdd/v1/fdd-v1-1.xsd">
	<fdd:properties>
		<fdd:gdfrGenreSelection>
			<fdd:gdfrGenre>still-image</fdd:gdfrGenre>
		</fdd:gdfrGenreSelection>
		<fdd:formatCategories>
			<fdd:category>file-format</fdd:category>
		</fdd:formatCategories>
		<fdd:gdfrComposition>unitary</fdd:gdfrComposition>
		<fdd:gdfrForm>binary</fdd:gdfrForm>
		<fdd:gdfrConstraint>unstructured</fdd:gdfrConstraint>
		<fdd:gdfrBasis>sampled</fdd:gdfrBasis>
		<fdd:updates>
			<fdd:date>2012-01-30</fdd:date>
		</fdd:updates>
		<fdd:draftStatus>Full</fdd:draftStatus>
	</fdd:properties>
	<fdd:identificationAndDescription>
		<fdd:fullName>JPEG File Interchange Format (JFIF), Version 1.02</fdd:fullName>
		<fdd:keywords>
			<fdd:keyword>raster image formats</fdd:keyword>
		</fdd:keywords>
		<fdd:description>
			<p>JFIF is a minimal file format that enables JPEG bitstreams to be exchanged between a wide variety of platforms and applications.  It does not include any of the advanced features (like tagged headers) found in the TIFF specification.  JFIF conforms to the interchange format syntax specified in JPEG Standard (ISO/IEC 10918-1, Annex B); its only additional requirement is the mandatory presence of the application segment APP0 marker right after the SOI (Start of Image) marker.</p>
			<p>The specification for JFIF 1.02 was originally published in 1992, and made available publicly at <a href="https://web.archive.org/web/20120301195630/http:/www.jpeg.org/public/jfif.pdf">http://www.jpeg.org/public/jfif.pdf</a>. In 2011, the International Telecommunication Union (ITU) published essentially the same specification as a recommendation <a href="https://www.ijg.org/files/T-REC-T.871-201105-I!!PDF-E.pdf">ITU-T T.871 (05/2011)</a>.  In 2013, the same version of JFIF was approved as ISO standard <a href="">ISO/IEC 10918-5:2013</a>.  See <a href="">History Notes</a> below, for more detail</p>
			<p>JFIF_1_02 has been assigned PRONOM PUID fmt/44.   The earlier versions have PRONOM identifiers as follows: JFIF v. 1.00, PUID fmt/42;  JFIF v. 1.01, PUID fmt/43. The <a href="http://www.nationalarchives.gov.uk/PRONOM/fmt/44">PRONOM Web page for JFIF 1.02</a> (consulted June 16, 2019) states that JFIF was developed prior to there being an official file format as a wrapper for JPEG encoding and thus JFIF &quot;rapidly became a de facto standard.&quot;  PRONOM also notes that &quot;other types of compression are available through JPEG extensions, including progressive image buildup, arithmetic encoding, variable quantization, selective refinement, image tiling, and lossless compression, but these may not be supported by all JFIF readers and writers.&quot;</p>
		</fdd:description>
		<fdd:shortDescription>JFIF is a minimal file format that enables JPEG bitstreams to be exchanged between a wide variety of platforms and applications.  It does not include any of the advanced features (like tagged headers) found in the TIFF specification.  JFIF conforms to the interchange format syntax specified in JPEG Standard (ISO/IEC 10918-1, Annex B); its only additional requirement is the mandatory presence of the application segment APP0 marker right after the SOI (Start of Image) marker.</fdd:shortDescription>
		<fdd:productionPhase>
			<p>May be used in initial-state picture creation; often used for middle- and final-state archiving or end-user delivery.</p>
		</fdd:productionPhase>
		<fdd:relationships>
			<fdd:relationship>
				<fdd:typeOfRelationship>Contains</fdd:typeOfRelationship>
				<fdd:relatedTo>
					<fdd:id>fdd000017</fdd:id>
					<fdd:shortName>JPEG</fdd:shortName>
					<fdd:titleName>JPEG Image Encoding Family</fdd:titleName>
				</fdd:relatedTo>
			</fdd:relationship>
			<fdd:relationship>
				<fdd:typeOfRelationship>May contain</fdd:typeOfRelationship>
				<fdd:relatedTo>
					<fdd:id>fdd000149</fdd:id>
					<fdd:shortName>JPEG_DCT_BL</fdd:shortName>
					<fdd:titleName>JPEG DCT Compression Encoding, Baseline</fdd:titleName>
				</fdd:relatedTo>
			</fdd:relationship>
			<fdd:relationship>
				<fdd:typeOfRelationship>May contain</fdd:typeOfRelationship>
				<fdd:relatedTo>
					<fdd:id>fdd000333</fdd:id>
					<fdd:shortName>JPEG_DCT_PRG</fdd:shortName>
					<fdd:titleName>JPEG DCT Compression Encoding, Progressive</fdd:titleName>
				</fdd:relatedTo>
			</fdd:relationship>
			<fdd:relationship>
				<fdd:typeOfRelationship>May contain</fdd:typeOfRelationship>
				<fdd:relatedTo>
					<fdd:id>fdd000150</fdd:id>
					<fdd:shortName>JPEG_EXT</fdd:shortName>
					<fdd:titleName>JPEG Compression Encoding, Extensions</fdd:titleName>
				</fdd:relatedTo>
			</fdd:relationship>
			<fdd:relationship>
				<fdd:typeOfRelationship>May contain</fdd:typeOfRelationship>
				<fdd:comment>JTIP, JPEG Tiled Image Pyramid Format, not described at this website at this time</fdd:comment>
			</fdd:relationship>
			<fdd:relationship>
				<fdd:typeOfRelationship>May contain</fdd:typeOfRelationship>
				<fdd:relatedTo>
					<fdd:id>fdd000334</fdd:id>
					<fdd:shortName>JPEG_orig_LL</fdd:shortName>
					<fdd:titleName>JPEG Original Lossless Compression (ISO/IEC 10918)</fdd:titleName>
				</fdd:relatedTo>
			</fdd:relationship>
			<fdd:relationship>
				<fdd:typeOfRelationship>May contain</fdd:typeOfRelationship>
				<fdd:relatedTo>
					<fdd:id>fdd000151</fdd:id>
					<fdd:shortName>JPEG-LS</fdd:shortName>
					<fdd:titleName>JPEG Lossless Compression (ISO/IEC 14495)</fdd:titleName>
				</fdd:relatedTo>
			</fdd:relationship>
			<fdd:relationship>
				<fdd:typeOfRelationship>Has earlier version</fdd:typeOfRelationship>
				<fdd:comment>JFIF File Interchange Format, Versions 1.00 and 1.01, not described at this website at this time</fdd:comment>
			</fdd:relationship>
		</fdd:relationships>
	</fdd:identificationAndDescription>
	<fdd:localUse>
		<fdd:experience>See <fddLink id="fdd000017">JPEG</fddLink>
		</fdd:experience>
		<fdd:preference>See <fddLink id="fdd000017">JPEG</fddLink>. The Library of Congress Recommended Formats Statement (RFS) includes JPEG/JFIF as a preferred format for <a href="http://www.loc.gov/preservation/resources/rfs/stillimg.html">photographs in digital form</a>, <a href="http://www.loc.gov/preservation/resources/rfs/stillimg.html">other graphic images in digital form</a> and <a href="http://www.loc.gov/preservation/resources/rfs/design3D.html">2D and 3D Computer Aided Design raster images</a>.</fdd:preference>
	</fdd:localUse>
	<fdd:sustainabilityFactors>
		<fdd:disclosure>Fully disclosed.  Originally developed by Eric Hamilton of C-Cube Microsystems and disseminated by Joint Photographic Experts Group (&quot;jpeg.org&quot;), the technical committee behind the ISO/IEC and ITU-T JPEG specifications.  Published as an international standard in 2011 by ITU as Rec. T.871 and, in 2013, by ISO/IEC as ISO/IEC 10918-5.</fdd:disclosure>
		<fdd:documentation>JPEG File Interchange Format,
Version 1.02 (1992); formerly available at <a href="https://web.archive.org/web/20120301195630/http:/www.jpeg.org/public/jfif.pdf">http://www.jpeg.org/public/jfif.pdf</a>.
		Essentially the same specification is available as <a href="https://www.itu.int/rec/T-REC-T.871-201105-I/en">ITU Recommendation T.871 (05/11)</a> and <a href="https://www.iso.org/standard/54989.html">ISO/IEC 10918-5:2013</a>.  </fdd:documentation>
		<fdd:adoption>Very widely adopted, surpassing the use of either "raw" JPEG bitstreams or the <fddLink id="fdd000019">SPIFF</fddLink> file format specified in ISO/IEC 10918, part 3.</fdd:adoption>
		<fdd:licensingAndPatents>None on the file format; see <fddLink id="fdd000017">JPEG</fddLink> for patent claims on JPEG encoding.</fdd:licensingAndPatents>
		<fdd:transparency>Transparent.
		</fdd:transparency>
		<fdd:selfDocumentation>Limited, but some techical metadata is provided by the application segment APP0, and some can be derived in other ways. For detail, see <a href="https://web.archive.org/web/20160327034217/http://fclaweb.fcla.edu/uploads/Lydia%20Motyka/FDA_documentation/Action_Plans/jfif.pdf">Action Plan Background: JFIF 1.02</a> (pp. 3-4) from the Florida Center for Library Automation (FCLA).</fdd:selfDocumentation>
		<fdd:externalDependencies>
			None.
		</fdd:externalDependencies>
		<fdd:techProtection>
			None.
		</fdd:techProtection>
	</fdd:sustainabilityFactors>
	<fdd:qualityAndFunctionalityFactors>
		<fdd:stillImageQF>
			<fdd:normalImage>Good support.</fdd:normalImage>
			<fdd:clarity>
				<p>See <fddLink id="fdd000149">JPEG_DCT_BL</fddLink> and <fddLink id="fdd000150">JPEG_DCT_EXT</fddLink>.</p>
				<p>According to the <a href="http://www.fileformat.info/format/spiff/egff.htm">SPIFF article</a> in the <i>Encyclopedia of Graphics File Formats</i>, "JFIF took a shortcut by attempting to require that all JFIF images have a gamma of 1.0. That requirement has been widely ignored because many pre-existing images have other gamma values, and, as it turns out, a gamma of around 0.4 to 0.5 is technically superior."  <fddLink id="fdd000019">SPIFF</fddLink> marks its files with the gamma value.</p>
			</fdd:clarity>
			<fdd:colorMaint>Support for color space support appears to be more limited than <fddLink id="fdd000019">SPIFF</fddLink>; thus no support for sRGB<footNote id="1"/>.  ICC <a href="http://www.color.org/icc1V42.pdf">Profile version 4.2.0.0</a> (Specification ICC.1:2004-10, page 70) provides guidance for embedding ICC profiles in JFIF files as application data segments: &#34;APP2 marker is used to introduce the tag . . . ICC tags are thus identified by beginning the data with a special null terminated bytes sequence &#39;ICC_PROFILE.&#39;&#34;</fdd:colorMaint>
			<fdd:graphics>No support for vector graphics.</fdd:graphics>
			<fdd:beyondImage>JFIF files (in version 1.02) can store thumbnails along with a larger image, including a means for defining thumbnails from source images with color space other than 24-bit RGB.</fdd:beyondImage>
		</fdd:stillImageQF>
	</fdd:qualityAndFunctionalityFactors>
	<fdd:fileTypeSignifiers>
		<fdd:signifiersGroup>
			<fdd:filenameExtension>
				<fdd:sigValues>
					<fdd:sigValue>jpg</fdd:sigValue>
					<fdd:sigValue>jpeg</fdd:sigValue>
					<fdd:sigValue>jpe</fdd:sigValue>
					<fdd:sigValue>jfi</fdd:sigValue>
					<fdd:sigValue>jfif</fdd:sigValue>
					<fdd:sigValue>j</fdd:sigValue>
					<fdd:sigValue>jif</fdd:sigValue>
					<fdd:sigValue>jmh</fdd:sigValue>
				</fdd:sigValues>
				<fdd:note>From the <a href="http://filext.com/">File Extension Source</a>. The extension <i>jpg</i> is most frequently used.</fdd:note>
			</fdd:filenameExtension>
			<fdd:filenameExtension>
				<fdd:sigValues>
					<fdd:sigValue>jls</fdd:sigValue>
				</fdd:sigValues>
				<fdd:note>For <fddLink id="fdd000151">JPEG-LS</fddLink> files, according to ISO/IEC 14495-1 and PRONOM (see PUID: fmt/150).</fdd:note>
			</fdd:filenameExtension>
			<fdd:internetMediaType>
				<fdd:sigValues>
					<fdd:sigValue>image/jpeg</fdd:sigValue>
				</fdd:sigValues>
				<fdd:note>From the <a href="https://www.iana.org/assignments/media-types/media-types.xhtml#image">IANA Media Types</a> registry.  See also <a href="http://www.rfc-editor.org/rfc/rfc2046.txt">RFC 2046</a>.</fdd:note>
			</fdd:internetMediaType>
			<fdd:internetMediaType>
				<fdd:sigValues>
					<fdd:sigValue>image/jpg</fdd:sigValue>
					<fdd:sigValue>application/jpg</fdd:sigValue>
					<fdd:sigValue>application/x-jpg </fdd:sigValue>
				</fdd:sigValues>
				<fdd:note>Additional MIME types selected from a larger set found at <a href="http://filext.com/">File Extension Source</a>.</fdd:note>
			</fdd:internetMediaType>
			<fdd:magicNumbers>
				<fdd:sigValues>
					<fdd:sigValue>Hex: FF D8 FF E0 xx xx 4A 46 49 46 00</fdd:sigValue>
					<fdd:sigValue>ASCII: ÿØÿè..JFIF.</fdd:sigValue>
				</fdd:sigValues>
				<fdd:note>The 0xFF 0xD8 part of the string is universal to all JPEG encoded bitstreams; the remainder of the string is wrapper specific.  The ASCII rendering is from Gary Kessler's <a href="http://www.garykessler.net/library/file_sigs.html">File Signatures Table</a>.</fdd:note>
			</fdd:magicNumbers>
			<fdd:other>
				<fdd:tag>Pronom PUID</fdd:tag>
				<fdd:values>
					<fdd:sigValues>
						<fdd:sigValue>fmt/44</fdd:sigValue>
					</fdd:sigValues>
					<fdd:note>See <a href="http://www.nationalarchives.gov.uk/PRONOM/fmt/44">http://www.nationalarchives.gov.uk/PRONOM/fmt/44</a>.</fdd:note>
				</fdd:values>
			</fdd:other>
			<fdd:other>
				<fdd:tag>Wikidata Title ID</fdd:tag>
				<fdd:values>
					<fdd:sigValues>
						<fdd:sigValue>Q1676669</fdd:sigValue>
					</fdd:sigValues>
					<fdd:note>See <a href="https://www.wikidata.org/wiki/Q1676669">https://www.wikidata.org/wiki/Q1676669</a>.
					</fdd:note>
				</fdd:values>
			</fdd:other>
		</fdd:signifiersGroup>
	</fdd:fileTypeSignifiers>
	<fdd:notes>
		<fdd:general>
			<p>Paraphrased from James D. Murray and William vanRyper's <i>Encylopedia of Graphics File Formats</i> (O'Reilly and Assoc, 1994, ISBN 1565920589): The JPEG bitstream stores 16-bit word values in big-endian format. JPEG data in general is stored as a stream of blocks, and each block is identified by a marker value.  The first two bytes of every JPEG stream are the Start Of Image (SOI) marker values FFh D8h. In a JFIF-compliant file there is a JFIF APP0 (Application) marker, immediately following the SOI, which consists of the marker code values FFh E0h and the characters JFIF in the marker data, as described in the next section. In addition to the JFIF marker segment, there may be one or more optional JFIF extension marker segments, followed by the actual image data.</p>
		</fdd:general>
		<fdd:history>
			<p>From <a href="https://web.archive.org/web/20120307034429/http://www.jpeg.org/jpeg/index.html">http://www.jpeg.org/jpeg/index.html</a> as of March 2012 (link now via Internet Archive): "[T]he file format was created originally by Eric Hamilton, the then convenor of JPEG as part of his work at C-Cube Microsystems, and was placed by them into the public domain under the name JFIF (available here in the latest version, 1.02)."</p>
			<p>In 2011, the International Telecommunication Union published the recommendation <a href="https://www.ijg.org/files/T-REC-T.871-201105-I!!PDF-E.pdf">ITU-T T.871 (05/2011)</a>, which states, &quot;This Recommendation | International Standard is substantially based on the JFIF version 1.02 specification that was produced in 1992.  The JFIF version 1.02 specification was widely and freely circulated, and became widely recognized as a <i>de facto</i> standard.  This Recommendation | International Standard was developed primarily to formalize the JFIF version 1.02 specification.&quot;</p>
			<p>In 2013, JFIF was approved as ISO standard <a href="">ISO/IEC 10918-5:2013. Information technology -- Digital compression and coding of continuous-tone still images: JPEG File Interchange Format (JFIF)</a>.  This standard states, &quot;The identical text is published as Rec. ITU-T T.871 (05/2011).&quot;</p>
		</fdd:history>
	</fdd:notes>
	<fdd:formatSpecifications>
		<fdd:urls>
			<fdd:url>
				<fdd:urlReference>
					<link>https://web.archive.org/web/20120301195630/http:/www.jpeg.org/public/jfif.pdf</link>
					<tag>JPEG File Interchange Format,
Version 1.02 (1992)</tag>
					<comment>Link now via Internet Archive.</comment>
				</fdd:urlReference>
			</fdd:url>
			<fdd:url>
				<fdd:urlReference>
					<link>https://www.ijg.org/files/T-REC-T.871-201105-I!!PDF-E.pdf</link>
					<tag>ITU-T T.871 (05/2011).  Information technology – Digital compression and coding of continuous-tone still images: JPEG File Interchange Format (JFIF) </tag>
				</fdd:urlReference>
			</fdd:url>
			<fdd:url>
				<fdd:urlReference>
					<link>https://www.iso.org/standard/54989.html</link>
					<tag>ISO/IEC 10918-5:2013.  Information technology -- Digital compression and coding of continuous-tone still images: JPEG File Interchange Format (JFIF)</tag>
				</fdd:urlReference>
			</fdd:url>
		</fdd:urls>
	</fdd:formatSpecifications>
	<fdd:usefulReferences>
		<fdd:urls>
			<fdd:url>
				<fdd:urlReference>
					<link>https://web.archive.org/web/20160327034217/http://fclaweb.fcla.edu/uploads/Lydia%20Motyka/FDA_documentation/Action_Plans/jfif.pdf</link>
					<tag>Action Plan Background: JFIF 1.02</tag>
					<comment>From the Florida Center for Library Automation (FCLA).</comment>
				</fdd:urlReference>
			</fdd:url>
			<fdd:url>
				<fdd:urlReference>
					<link>https://www.w3.org/Graphics/JPEG/itu-t81.pdf</link>
					<tag>ITU Recommendation T.81.  Information technology -- Digital compression and coding of continuous-tone still images: Requirements and Guidelines</tag>
				</fdd:urlReference>
			</fdd:url>
			<fdd:url>
				<fdd:urlGroup>
					<fdd:intro>The Encyclopedia of Graphic File Formats, 2nd Edition, 1996 (EGFF) has information on JPEG and <fddLink id="fdd000018">JFIF</fddLink>.  See print citation below.  Online access is available at:</fdd:intro>
					<fdd:urlList>
						<fdd:urlReference>
							<link>http://www.fileformat.info/format/jpeg/egff.htm</link>
							<tag>EGFF: JPEG File Interchange Format File Format Summary
</tag>
							<comment>From FileFormat.Info.  Good technoical content.  This presentation states that the work has been released under a Creative Commons Attribution license.</comment>
						</fdd:urlReference>
						<fdd:urlReference>
							<link>http://web.archive.org/web/20071210094024/http://www.fileformat.info/format/gif/egff.htm</link>
							<tag>EGFF: JPEG File Interchange Format File Format Summary
</tag>
							<comment>From FileFormat.Info, via Internet Archive&apos;s Wayback Machine.  Included because FileFormat.info has not been updated recently (as of November 2012) and was not functioning for a period.</comment>
						</fdd:urlReference>
					</fdd:urlList>
				</fdd:urlGroup>
			</fdd:url>
			<fdd:url>
				<fdd:urlReference>
					<link>http://www.nationalarchives.gov.uk/pronom/fmt/44</link>
					<tag>PRONOM entry for fmt/44</tag>
					<comment>Information in PRONOM from UK National Archives about JPEG File Interchange Format version 1.02. PUID: fmt/44.</comment>
				</fdd:urlReference>
			</fdd:url>
			<fdd:url>
				<fdd:urlReference>
					<link>https://www.wikidata.org/wiki/Q1676669</link>
					<tag>Wikidata entry for Q1676669</tag>
					<comment>Information in Wikidata about JPEG File Interchange Format, version 1.02. Wikidata Title ID: Q1676669.</comment>
				</fdd:urlReference>
			</fdd:url>
			<fdd:url>
				<fdd:urlGroup>
					<fdd:intro>See also <fddLink id="fdd000017">JPEG</fddLink> (encoding).</fdd:intro>
				</fdd:urlGroup>
			</fdd:url>
		</fdd:urls>
		<fdd:citations>
			<fdd:citation>
				<fdd:bookReference>
					<bookRefDetail rel="au">Murray, James D.</bookRefDetail> and <bookRefDetail rel="au">William vanRyper</bookRefDetail>. <bookRefDetail rel="btitle">Encyclopedia of Graphics File Formats, 2nd Edition.</bookRefDetail> 
Sebastopol, CA. : O'Reilly &amp; Associates, <bookRefDetail rel="date">1996</bookRefDetail>. Includes CD-ROM with complete text of book, and copies of several file format specifications. </fdd:bookReference>
			</fdd:citation>
		</fdd:citations>
	</fdd:usefulReferences>
	<fdd:footNotes>
		<fdd:footNote id="1">
			<fdd:text>The color space sRGB, standardized as IEC 61966-2-1, establishes an image viewing environment with a known color temperature (6500 degrees Kelvin) and gamma (2.2), thus increasing the user's ability to maintain color.</fdd:text>
		</fdd:footNote>
	</fdd:footNotes>
</fdd:FDD>
