<?xml version="1.0" encoding="UTF-8"?>
<fdd:FDD id="fdd000496" titleName="Product Representation Compact (PRC) File Format" shortName="PRC" xmlns:xsi="http://www.w3.org/2001/XMLSchema-instance" xmlns:fdd="http://www.loc.gov/preservation/digital/formats/schemas/fdd/v1" xsi:schemaLocation="http://www.loc.gov/preservation/digital/formats/schemas/fdd/v1 http://www.loc.gov/preservation/digital/formats/schemas/fdd/v1/fdd-v1-2.xsd">
	<fdd:properties>
		<fdd:gdfrGenreSelection>
			<fdd:gdfrGenre>model</fdd:gdfrGenre>
		</fdd:gdfrGenreSelection>
		<fdd:formatCategories>
			<fdd:category>file-format</fdd:category>
			<fdd:category>encoding</fdd:category>
		</fdd:formatCategories>
		<fdd:gdfrComposition>unitary</fdd:gdfrComposition>
		<fdd:gdfrForm>binary</fdd:gdfrForm>
		<fdd:gdfrConstraint>structured</fdd:gdfrConstraint>
		<fdd:gdfrBasis>symbolic</fdd:gdfrBasis>
		<fdd:updates>
			<fdd:date>2019-10-24</fdd:date>
		</fdd:updates>
		<fdd:draftStatus>Preliminary</fdd:draftStatus>
	</fdd:properties>
	<fdd:identificationAndDescription>
		<fdd:fullName>ISO 14739-1.  Document management -- 3D use of Product Representation Compact (PRC) format -- Part 1: PRC 10001</fdd:fullName>
		<fdd:keywords>
			<fdd:keyword>3D model formats</fdd:keyword>
		</fdd:keywords>
		<fdd:description>
			<p>The Product Representation Compact (PRC) file format represents the geometry, physical structure, and manufacturing metadata for a 3D model.  Since December 2014, it has been an openly documented international standard (<a href="https://www.iso.org/standard/54948.html">ISO 14739-1:2014</a>).  As the name implies, the format was developed to represent products. The intent was to support manufacturing workflows, for example, allowing a manufacturer to share a representation of a particular part with the supplier expected to build it or a parts manufacturer to assemble a detailed catalog of items available. According to a <a href="https://web.archive.org/web/20110304083813/http://www.aiim.org/documents/standards/PDF-E/PRC_FAQ_final.pdf">PRC FAQ from December 2008</a>, &quot;PRC is a compact 3D file format for representing 3D models and assemblies. It is optimized to store, load, and display various kinds of 3D data, especially for data that represents manufactured products.  The data, conventionally generated with computer aided design (CAD) systems, includes product structure, geometry, and product manufacturing information (PMI).&quot;</p>
			<p>The format originated in 2003 with TTF, a French company specializing in CAD data exchange, which was acquired by Adobe Systems in 2006.  An important use of the format is for interactive 3D visualization of a 3D model embedded in a document in the <fddLink id="fdd000030">PDF family</fddLink>, starting with versions of PDF intended for engineering documents.  See <fddLink id="fdd000495">PDF/E</fddLink>.  According to <a href="http://3dpdfconsortium.org/wp-content/uploads/2015/08/7-minutes-with-prc.pdf">7 Minutes with a PDF Standard</a>, the first Adobe product to support the embedding of PRC data in a PDF was version 8 of Acrobat 3D, released in May 2007.  See <a href="#notes">Notes</a> below for information about support for PRC in later versions of Acrobat software.  As of late 2019, the predominant use of the PRC format is within PDF documents.</p>
			<p>High-level objectives for the design of the PRC format, drawn from various locations in the specification, are to:</p>
			<ul>
				<li>Achieve a high fidelity, visually equivalent representation of 3D design data produced by an advanced CAD [computer aided design] or PLM [product lifecycle management] system without requiring the original application.</li>
				<li>Allow applications to compute high accuracy product shape measurements.</li>
				<li>Complement native or open standard CAD and PLM formats as a compact, concise
binary form for visualization and documentation.</li>
				<li>Be embeddable in PDF (ISO 32000) and
other similar document formats for the purpose of 3D visualization and exchange.</li>
			</ul>
			<p>According to the <a href="https://web.archive.org/web/20110304083813/http://www.aiim.org/documents/standards/PDF-E/PRC_FAQ_final.pdf">PRC FAQ from December 2008</a>, these objectives are achieved by support for:</p>
			<ul>
				<li>Assembly and part relationships among 3D entities.</li>
				<li>Precise geometry representation (B-Rep). [See <a href="https://en.wikipedia.org/wiki/Boundary_representation">Wikipedia entry for Boundary Representation</a>].</li>
				<li>Tessellated (i.e., polygonal mesh) representation of B-Rep geometry. [See <a href="https://en.wikipedia.org/wiki/Tessellation_(computer_graphics)">Wikipedia entry for Tessellation (computer graphics)</a>]</li>
				<li>A wide variety of high-order primitives that correspond to those used by CAD applications.</li>
				<li>Compression of meshes far more efficiently than native CAD formats.  Files containing both precise geometry and tesselated geometry can be significantly smaller when converted to PRC.</li>
				<li>Representation of Product Manufacturing Information (PMI), used primarily to communicate the full design intent to suppliers and their shop floors.  The use of PRC can reduce the need to create 2D drawings from 3D models for distribution to the supply chain.</li>
			</ul>
			<p>Conceptually, a PRC file represents a product assembly and its parts.  A PRC file has a single <i>model file</i>, which contains &quot;root product occurrences that comprise the starting point for the entire assembly description.&quot;   A &quot;product occurrence&quot; typically refers to a part definition, which has a tree of &quot;representation items,&quot; defining the geometry and topology of the part.  The product occurrence may also contain annotations and markup to define pre-determined views of the part and its substructures.  Each part in the assembly is represented by a FileStructure that can be handled independently.  Each FileStructure has an identifier unique among FileStructures in the PRC file and can have child nodes that are also product occurrences with corresponding FileStructures.  Thus, by starting with the model file, the entire hierarchy of the assembly can be traversed using the unique identifiers for FileStructures.</p>
			<p>Physically, a PRC file is a sequential binary file, designed for portability and efficient loading.  A PRC file is composed of a global header section, which is uncompressed, followed by one or more
FileStructures, each with its own uncompressed header followed by an individually
compressed block of data.  Important subsections of a FileStructure comprise: a tree that defines component parts, product occurrences, etc.; &quot;precise&quot; geometry data, and tesselation data.  A FileStructure may also include embedded private data streams and/or UserData streams. A UserData stream is associated with a particular &quot;writer&quot; application identified by an ID that may be shared publicly.  To optimize loading, FileStructures are ordered starting with parts, then sub-assemblies, etc.  The final section in the PRC file is the model file data, also compressed.</p>
			<p>The PRC format has data structures designed to store highly compressed geometry or tesselation data.  See <a href="#factors">3D Model: Beyond Normal</a> below for more detail.  The compilers of this resource have not been able to locate an informal introduction to this feature of the PRC specification. <a href="../contact_format.shtml">Comments welcome</a>.</p>
		</fdd:description>
		<fdd:shortDescription>Intended as a neutral format for downstream 3D CAD repurposing and visualization purposes.  Published as ISO 14739-1:2014.  Most widely used as a 3D encoding wrapped in a PDF.
</fdd:shortDescription>
		<fdd:productionPhase>Intended as a middle-state format to enable a variety of end user applications with 3D data created in design applications. As of late 2019, the primary use of PRC is as the encoding for a stream wrapped in the PDF file format.</fdd:productionPhase>
		<fdd:relationships>
			<fdd:relationship>
				<fdd:typeOfRelationship>Used by</fdd:typeOfRelationship>
				<fdd:relatedTo>
					<fdd:id>fdd000030</fdd:id>
					<fdd:shortName>PDF_family</fdd:shortName>
					<fdd:titleName>PDF (Portable Document Format) Family</fdd:titleName>
				</fdd:relatedTo>
				<fdd:comment>3D artwork in the PRC encoding may be contained in certain subtypes of the PDF format family, including ISO 32000-2 (<fddLink id="fdd000474">PDF_2_0</fddLink>) and those using Adobe&apos;s <fddLink id="fdd000313">PDF_1_7_ext03</fddLink> extension to PDF 1.7. </fdd:comment>
			</fdd:relationship>
		</fdd:relationships>
	</fdd:identificationAndDescription>
	<fdd:localUse>
		<fdd:experience>The Library of Congress has several thousand PRC files in its collections.</fdd:experience>
		<fdd:preference>See the Library of Congress Recommended Formats Statement for format preferences for <a href="https://www.loc.gov/preservation/resources/rfs/geo-carto.html">GIS, Geospatial and Non-GIS Cartographic</a> content.</fdd:preference>
	</fdd:localUse>
	<fdd:sustainabilityFactors>
		<fdd:disclosure>
			<p>The PRC format originated as a proprietary format.  In 2008, Adobe Systems, which had owned the technology since 2006, when it acquired Trade and Technologies France (TTF), submitted a specification for standardization through ISO in late 2008.  PRC was approved as an international standard in 2014.</p>
			<p>Maintained by a working group (WG7) under <a href="https://www.iso.org/committee/53674.html">ISO/TC 171 SC2</a>, the subcommittee for Document Management Applications, Application Issues.   From 2002 to 2016, AIIM (The Association for Information and Image Management) acted as secretariat and U.S. Technical Advisory Group (TAG) to ISO/TC 171 SC 2 (see <a href="https://web.archive.org/web/20150910070337/http://www.aiim.org/Research-and-Publications/Standards/Committees/TAG">AIIM | U.S. TAG to ISO/TC 171</a> from 2015).   In 2017, the 3D PDF Consortium was approved by the American National Standards Institute (ANSI) as a standards developer and has assumed the role of secretariat and U.S. TAG Administrator for ISO/TC 171 SC 2  (see <a href="http://3dpdfconsortium.org/2017/07/26/3d-pdf-consortium-approved-ansi-us-tag-administrator-pdf-iso-standards/">3D PDF Consortium Approved by ANSI as US TAG Administrator for PDF ISO Standards</a>).</p>
		</fdd:disclosure>
		<fdd:documentation>
			<a href="https://www.iso.org/standard/54948.html">ISO 14739-1:2014
Document management — 3D use of Product Representation Compact (PRC) format — Part 1: PRC 10001</a>
		</fdd:documentation>
		<fdd:adoption>
			<p>3D models in the PRC format can be legally embedded in a regular PDF document complying with ISO 32000-2:2017 (aka PDF 2.0, see <fddLink id="fdd000474">PDF_2_0</fddLink>).  Prior to the introduction of PDF 2.0, PRC was embeddable in PDF documents based on Adobe&apos;s <fddLink id="fdd000313">PDF_1_7_ext03</fddLink> extension to PDF 1.7.</p>
			<p>According to <a href="https://www.pdf3d.com/pdf3d_blog_whatisprc/">What is a PRC File?</a> from PDF3D.com, &quot;PRC is widely used, and heavily depended on, by the manufacturing and engineering industries. This has recently spread to the medical, aerospace and earth sciences environments too including those involved in scanning, mining and geospatial exploration.

Engineers, designers, scientists, analysts, managers, marketers and researchers all rely on the PRC encoding method to create PDF technical reports and presentations to demonstrate data from Computer-Aided Manufacturing (CAM), Computer-Aided Engineering (CAE), and Product Life-Cycle Management (PLM) systems to name but a few.&quot;  PRC is not typically used for 3D models in the domains of entertainment or cultural heritage.</p>
			<p>As of 2019, PRC and <fddLink id="fdd000491">U3D</fddLink> are the only two formats supported by PDF standards for embedding 3D artwork in documents.  <a href="https://www.pdf3d.com/understanding-how-pdfe-u3d-and-prc-are-related-to-3d-pdf/">PDF3D.com</a> states that PRC is generally preferable because it is &quot;significantly more feature rich than U3D, allows highly compressed geometric and visual representations to be added to 3D models and allows detailed structure, geometry and product manufacturing information (PMI) to be included.&quot;  More specific reasons for using PRC are provided in a 2017 blog post <a href="https://blogs.solidworks.com/solidworksblog/2017/07/10-mbd-implementation-dos-donts-dont-limited-rudimentary-3d-pdf.html">10 MBD Implementation Dos and Don’ts – Don’t Be Limited by Rudimentary 3D PDF</a> and the <a href="https://tetra4d.com/wp-content/uploads/2019/07/Tetra4D_CONVERTER_Help_ENU.pdf">User Guide for Tetra4D Converter 4.0</a>.</p>
			<p>The U.S. National Archives lists PRC as acceptable for the <a href="https://www.archives.gov/records-mgmt/policy/transfer-guidance-tables.html">transfer of Computer Aided Design (CAD)</a> files. In October 2018, the U.S. Department of Defense issued an <a href="https://www.action-engineering.com/wp-content/uploads/MIL-STD-31000B-AS-PUBLISHED-31-OCT-2018.pdf">update to its MIL-STD-31000 standard</a>, which defines Technical Data Packages (TDP) as required in association with contracts.  The purpose of a TDP is &quot;to provide an authoritative technical description of an item which is clear, complete and accurate, and in a form and format adequate for its intended use.&quot;  This update introduces the concept of the 3Di (3-Dimensional Intelligent) PDF viewable TDP.  The definition for 3Di technical data is &quot;A 3-dimensional viewable representation of an item provided in a widely available software format (e.g. ISO 32000-1 Portable Document Format (PDF)).  This representation details the complete technical description of the required design configuration to include but not limited to geometry, topology, relationships, tolerances, attributes, metadata and other features necessary to define a component or assembly.&quot;  &quot;3D PDF with PRC&quot; is mentioned in particular as an option for the format of a TDP.</p>
			<p>Open source software libraries that support the reading and writing of PRC files include <a href="http://asymptote.sourceforge.net/">Asymptote</a> and <a href="https://github.com/XenonofArcticus/libPRC">libPRC</a>.  Commercial software supporting PRC includes: <a href="https://www.solidworks.com/product/solidworks-mbd">SolidWorks MBD</a>; a number of software products from <a href="https://www.pdf3d.com/file-formats/">PDF3D</a>; <a href="https://techsoft3d.jp/developers/technical-documentation/hoops-publish/">HOOPS Publish</a> and <a href="https://www.iti-global.com/cadiq/">CADIQ</a> (tool for validating and comparing 3D designs).   Conversion tools that support PRC for input or output include: <a href="https://www.safe.com/integrate/adobe-product-representation-compact-prc/">FME from Safe Software</a>; <a href="https://www.datakit.com/cad-convertors/all-to-prc/0-82-0.html">Datakit</a>; the <a href="https://www.esri.com/en-us/arcgis/products/arcgis-data-interoperability/supported-formats">ArcGIS Data Interoperability</a> toolkit; <a href="http://www.convertcadfiles.com/3d-pdf/">Online CAD Converter</a>; <a href="https://tetra4d.com/tetra-4d-converter/#converter-3dformats">Tetra4D Converter</a>, and <a href="https://www.techsoft3d.com/products/hoops/exchange/">HOOPS Exchange</a>.</p>
		</fdd:adoption>
		<fdd:licensingAndPatents>No patents are mentioned in the specification for PRC as published by ISO. Nor have any patents been declared as associated with ISO 14739-1 in the ISO patent database at <a href="https://www.iso.org/iso-standards-and-patents.html">https://www.iso.org/iso-standards-and-patents.html</a>.</fdd:licensingAndPatents>
		<fdd:transparency>Apart from headers, the PRC format is in binary form.  A key advantage of the PRC format is its specialized approach to compression.  These characteristics result in a file that cannot be interpreted with simple tools. Depends upon compliant software to render and display.  Building tools requires sophistication.</fdd:transparency>
		<fdd:selfDocumentation>
			<p>The format allows attributes to be stored in any FileStructure.  To save space, common attributes are represented by integer codes.  Attributes given standard codes (integers 2-19) are: Title; Subject; Author; Keywords; Comments; Template; Last Saved By; Revision Number; Total Editing Time; Last Printed; Create Time/Date; Last saved Time/Date; Number of Pages; Number of Words; Number of Characters; Thumbnail; Name of Creating Application; Security.  User-defined attributes are also supported as key/value pairs.</p>
			<p>The format also supports annotations, termed &quot;markup data.&quot;</p>
			<p>There is no support for embedding XML-based metadata in a recognized schema.  However, there is support for storing private data in any component FileStructure.</p>
		</fdd:selfDocumentation>
		<fdd:externalDependencies>None beyond software capable of reading and writing PRC encoding and files.</fdd:externalDependencies>
		<fdd:techProtection>The PRC specification provides no support for encryption.  However, the primary use of PRC files is as embedded 3D artwork in PDF documents, which can be encrypted.</fdd:techProtection>
	</fdd:sustainabilityFactors>
	<fdd:qualityAndFunctionalityFactors>
		<fdd:otherQF>
			<fdd:factor>
				<fdd:tag>3D Model Geometry</fdd:tag>
				<fdd:note>The PRC format supports representation of surface geometry as triangular meshes and/or &quot;precise&quot; geometry based on freeform curves and surfaces using a variety of models, including NURBS.  Note that the file can hold a tesselated (triangular mesh) representation derived from more precise geometry also stored in the file.  The compilers of this resource have not determined whether PRC supports constructive solid geometry (<a href="https://en.wikipedia.org/wiki/Constructive_solid_geometry">CSG</a>). <a href="../contact_format.shtml">Comments welcome</a>.</fdd:note>
			</fdd:factor>
			<fdd:factor>
				<fdd:tag>3D Model Appearance</fdd:tag>
				<fdd:note>PRC supports material appearance using colors (including an alpha channel), patterns or pictures mapped onto surfaces.  Texture mapping attributes available include: ambient color, diffuse color, specular color, emissive color, opacity, and reflectivity.  The compilers of this resource find no indication that <a href="https://en.wikipedia.org/wiki/Physically_based_rendering">Physically Based Rendering</a> (PBR), which is increasingly popular in computer graphics for video-games and special effects in movies, is supported in the PRC format.  <a href="../contact_format.shtml">Comments welcome</a>.</fdd:note>
			</fdd:factor>
			<fdd:factor>
				<fdd:tag>3D Model Scene</fdd:tag>
				<fdd:note>The PRC model supports defined camera positions for views and definition of lighting positions and characteristics. </fdd:note>
			</fdd:factor>
			<fdd:factor>
				<fdd:tag>3D Model Animation</fdd:tag>
				<fdd:note>The PRC format does not support pre-determined animation sequences or skeleton structures (assemblies of bones and joints). A 3D viewer that can render models in the PRC format will allow rotation and zooming.  <a href="../contact_format.shtml">Comments welcome</a>.</fdd:note>
			</fdd:factor>
			<fdd:factor>
				<fdd:tag>3D Model: Beyond Normal</fdd:tag>
				<fdd:note>
					<p>Regular compression, using <a href="https://www.prepressure.com/library/compression-algorithm/flate-deflate">flate/deflate compression</a>, can be used to directly represent CAD data without loss or transformation from
the originating CAD system.</p>
					<p>PRC can also store highly compressed geometry or tesselation data that is transformed in a lossy manner from the original CAD data.  The standard describes a general approach to compression of tesselation data that uses general characteristics of a triangular mesh to produce a more compact representation based on a specified tolerance for approximation.  The general approach is described in pseudocode, but the standard does not prescribe a particular methodology, since different approximation techniques might be relevant.  Similarly, the PRC standard provides data substructures for storing an approximation to geometry defined by freeform curves and surfaces, but does not prescribe a single methodology for performing the approximation.</p>
				</fdd:note>
			</fdd:factor>
		</fdd:otherQF>
	</fdd:qualityAndFunctionalityFactors>
	<fdd:fileTypeSignifiers>
		<fdd:signifiersGroup>
			<fdd:filenameExtension>
				<fdd:sigValues>
					<fdd:sigValue>prc</fdd:sigValue>
				</fdd:sigValues>
				<fdd:note>Found in a few lists of file extensions, e.g. <a href="https://www.file-extensions.org/prc-file-extension-mobipocket-ebook">https://www.file-extensions.org/prc-file-extension-mobipocket-ebook</a> and <a href="https://fileinfo.com/extension/prc">https://fileinfo.com/extension/prc</a>. This value also appears in an appendix table in <a href="http://ctan.math.illinois.edu/macros/latex/contrib/movie15/doc/movie15.pdf">a description of the
Movie15
package for LaTeX</a>.  This extension is used for several unrelated file formats including a predecessor to the <fddLink id="fdd000472">Mobipocket File Format</fddLink>.</fdd:note>
			</fdd:filenameExtension>
			<fdd:internetMediaType>
				<fdd:sigValues>
					<fdd:sigValue>model/prc</fdd:sigValue>
				</fdd:sigValues>
				<fdd:note>Registered with IANA in March 2022. See  <a href="https://www.iana.org/assignments/media-types/model/prc">https://www.iana.org/assignments/media-types/model/prc</a>.</fdd:note>
			</fdd:internetMediaType>
			<fdd:magicNumbers>
				<fdd:sigValues>
					<fdd:sigValue>Hex: 50 52 43</fdd:sigValue>
					<fdd:sigValue>ASCII:  PRC</fdd:sigValue>
				</fdd:sigValues>
				<fdd:note>From specification.  First 3 bytes of the Fileheader.  Not unique.</fdd:note>
			</fdd:magicNumbers>
			<fdd:other>
				<fdd:tag>Pronom PUID</fdd:tag>
				<fdd:values>
					<fdd:sigValueNA>See note.</fdd:sigValueNA>
					<fdd:note>PRONOM does not have an entry for the PRC format as of 2019.</fdd:note>
				</fdd:values>
			</fdd:other>
			<fdd:other>
				<fdd:tag>Wikidata Title ID</fdd:tag>
				<fdd:values>
					<fdd:sigValues>
						<fdd:sigValue>Q3359832</fdd:sigValue>
					</fdd:sigValues>
					<fdd:note>See <a href="https://www.wikidata.org/wiki/Q3359832">https://www.wikidata.org/wiki/Q3359832</a>.</fdd:note>
				</fdd:values>
			</fdd:other>
		</fdd:signifiersGroup>
	</fdd:fileTypeSignifiers>
	<fdd:notes>
		<fdd:general>
			<p>
				<b>3D Model Characteristics</b>:  The quality and functionality factors used above are based on an analysis from 2008 in <a href="https://www.archives.gov/files/applied-research/ncsa/8-an-overview-of-3d-data-content-file-formats-and-viewers.pdf">An Overview of 3D Data Content, File Formats and Viewers</a>, a technical report (ISDA08-002) from the National Center for Supercomputing Applications (NCSA).  According to this analysis, the key aspects of a 3D model are: geometry, appearance, scene, and animation. For brief descriptions of these factors, see the table for 3D model formats under <a href="./fdd_explanation.shtml#factors">Quality and functionality factors</a>.  The descriptions there are drawn from the 2008 report and from <a href="https://all3dp.com/3d-file-format-3d-files-3d-printer-3d-cad-vrml-stl-obj/">2019 Most Common 3D File Formats</a> (an article from All3DP), which uses the same factors to distinguish the capabilities of formats.</p>
			<p>All 3D formats support some method for representing the geometry (the shape) of an object; support for other aspects is optional depending on the primary use of the format.  Table 3 in the 2008 report, <a href="https://www.archives.gov/files/applied-research/ncsa/8-an-overview-of-3d-data-content-file-formats-and-viewers.pdf">An Overview of 3D Data Content, File Formats and Viewers</a>, compares nine popular 3D formats in use in 2008 based on these four aspects of 3D models.</p>
			<p>
				<b>Support for 3D formats in versions of Adobe&apos;s Acrobat software</b>:  <i>Acrobat 3D</i> was introduced in 2006 and was the name used for products released in parallel with versions 7 and 8 of Acrobat Pro.  <fddLink id="fdd000491">U3D</fddLink> was supported in version 7; the first support of PRC was in version 8 in 2007.  <i>Acrobat 3D</i> was a special version of Acrobat with additional features, including direct import from files in some proprietary CAD formats.  It was replaced in 2009 by <i>Acrobat 9 Pro Extended</i>, which offered conversion from selected proprietary CAD formats and allowed import of files in U3D or PRC formats .  Starting with Acrobat X, Adobe stopped supporting conversion from proprietary CAD formats in the Acrobat products it sold, relying instead on add-on products from Tetra 4D, first using the name <i>3D PDF Converter</i> and more recently <i>Tetra4D Converter</i>.  Since then versions of Acrobat Pro for Windows have supported the import of U3D and PRC formats.  <a href="../contact_format.shtml">Comments welcome</a>.</p>
		</fdd:general>
		<fdd:history>
			<p>Developed originally by TTF (Trade and Technologies France), a French company, and <a href="https://web.archive.org/web/20040416095437/http://www.ttf-group.com/articles/PRC_US.pdf">demonstrated</a> in 2003.  TTF was <a href="https://www.businesswire.com/news/home/20060421005439/en/Adobe-Acquires-Trade-Technologies-France-Acquisition-Extends">acquired</a> by Adobe Systems in 2006.  PRC was developed for standardization through ISO under the auspices of the <a href="https://web.archive.org/web/20150105091006/http://www.aiim.org/Research-and-Publications/Standards">AIIM Standards</a> program in the <a href="https://web.archive.org/web/20140124012204/http://pdf.editme.com/PDFE">PDF/E committee</a>.  Published as ISO 14739-1:2014.  See <a href="https://web.archive.org/web/20150118231751/http://www.pdfa.org/news/prc-now-published-as-iso-14739-12014/">announcement from PDF Association</a>.</p>
			<p>  A new version of ISO 14739-1 is in the final stages of approval through ISO as of October 2019.  It will probably be published in 2020.  Although there were plans for a PDF/E-2 update based on ISO 32000, as of late 2019, the expectation is that the next edition of PDF/A, to be based on PDF 2.0 will have an application profile aimed at engineering documention.</p>
		</fdd:history>
	</fdd:notes>
	<fdd:formatSpecifications>
		<fdd:urls>
			<fdd:url>
				<fdd:urlReference>
					<link>https://www.iso.org/standard/54948.html</link>
					<tag>ISO 14739-1:2014
Document management — 3D use of Product Representation Compact (PRC) format — Part 1: PRC 10001</tag>
				</fdd:urlReference>
			</fdd:url>
			<fdd:url>
				<fdd:urlReference>
					<link>https://www.iso.org/standard/75838.html</link>
					<tag>ISO/CD 14739-1
Document management — 3D use of Product Representation Compact (PRC) format — Part 1: PRC 10001</tag>
					<comment>In late 2019, this update to the PRC specification is in the final stages of approval, with publication expected in 2020.</comment>
				</fdd:urlReference>
			</fdd:url>
		</fdd:urls>
	</fdd:formatSpecifications>
	<fdd:usefulReferences>
		<fdd:urls>
			<fdd:url>
				<fdd:urlReference>
					<link>https://en.wikipedia.org/wiki/PRC_(file_format)</link>
					<tag>Wikipedia entry for PRC (file format)</tag>
				</fdd:urlReference>
			</fdd:url>
			<fdd:url>
				<fdd:urlGroup>
					<fdd:intro>PDF3D.com has a number of useful resources about the PRC format.</fdd:intro>
					<fdd:urlList>
						<fdd:urlReference>
							<link>https://www.pdf3d.com/pdf3d_blog_prc_format_approved/</link>
							<tag>PRC Format ISO Standard Approved After 7 Years</tag>
							<comment>Includes a review of the specification document as released.</comment>
						</fdd:urlReference>
						<fdd:urlReference>
							<link>https://www.pdf3d.com/about-prc/</link>
							<tag>About PRC (2015)</tag>
						</fdd:urlReference>
						<fdd:urlReference>
							<link>https://www.pdf3d.com/pdf3d_blog_whatisprc/</link>
							<tag>What is a PRC File? (2013)</tag>
						</fdd:urlReference>
						<fdd:urlReference>
							<link>https://www.pdf3d.com/understanding-how-pdfe-u3d-and-prc-are-related-to-3d-pdf/</link>
							<tag>Understanding how PDF/E, U3D and PRC are related to 3D PDF (2016)</tag>
						</fdd:urlReference>
						<fdd:urlReference>
							<link>https://www.pdf3d.com/pdf3d_blog_prc_geometricprecision/</link>
							<tag>Did You Know? PRC Supports a Range of Geometric Precision Options (2014)</tag>
						</fdd:urlReference>
					</fdd:urlList>
				</fdd:urlGroup>
			</fdd:url>
			<fdd:url>
				<fdd:urlReference>
					<link>http://3dpdfconsortium.org/prc/</link>
					<tag>The PRC File Format | 3D PDF Consortium</tag>
					<comment>Mentions that since 2010, Adobe has relied on Tetra 4D from Tech Soft for development of the PRC libraries.</comment>
				</fdd:urlReference>
			</fdd:url>
			<fdd:url>
				<fdd:urlReference>
					<link>http://ctan.math.illinois.edu/macros/latex/contrib/media9/doc/media9.pdf</link>
					<tag>The
media9
Package (LaTeX) | by Alexander Grahn</tag>
					<comment>A LaTeX package for embedding interactive Adobe Flash (SWF) and 3D files (Adobe
U3D &amp; PRC) as well as video and sound files or streams (FLV, MP4/H.246, MP3)
into PDF documents with Adobe Reader-9/X compatibility.</comment>
				</fdd:urlReference>
			</fdd:url>
			<fdd:url>
				<fdd:urlReference>
					<link>http://ctan.math.illinois.edu/macros/latex/contrib/movie15/doc/movie15.pdf</link>
					<tag>The
movie15
Package (LaTeX) | by Alexander Grahn</tag>
					<comment>Has Appendix B with list of file extensions and Internet Media Types (MIME types) that includes .u3d and model/u3d for the Universal 3D File Format.  </comment>
				</fdd:urlReference>
			</fdd:url>
			<fdd:url>
				<fdd:urlGroup>
					<fdd:intro>Resources illustrating the benefits of PRC for embedding 3D Artwork in PDF files:</fdd:intro>
					<fdd:urlList>
						<fdd:urlReference>
							<link>https://blogs.solidworks.com/solidworksblog/2017/07/10-mbd-implementation-dos-donts-dont-limited-rudimentary-3d-pdf.html</link>
							<tag>10 MBD Implementation Dos and Don’ts – Don’t Be Limited by Rudimentary 3D PDF (2017) | from SolidWorks Blog</tag>
						</fdd:urlReference>
						<fdd:urlReference>
							<link>https://journals.plos.org/plosone/article?id=10.1371/journal.pone.0069446</link>
							<tag>Embedding and Publishing Interactive, 3-Dimensional, Scientific Figures in Portable Document Format (PDF) Files (2013)</tag>
							<comment>By David G. Barnes et al.  This article describes the use of the Product Representation Compact (PRC) format instead of U3D.</comment>
						</fdd:urlReference>
						<fdd:urlReference>
							<link>https://tetra4d.com/wp-content/uploads/2019/07/Tetra4D_CONVERTER_Help_ENU.pdf</link>
							<tag>User Guide for Tetra4D Converter, V4.0 (2019)</tag>
						</fdd:urlReference>
					</fdd:urlList>
				</fdd:urlGroup>
			</fdd:url>
			<fdd:url>
				<fdd:urlGroup>
					<fdd:intro>Resources that indicate what to expect from a future version of PDF for engineering documents.  <fddLink id="fdd000495">PDF/E-1</fddLink> is based on <fddLink id="fdd000276">PDF 1.6</fddLink>.   There were plans for a PDF/E-2 update based on ISO 32000.  Meanwhile, ISO 32000-2 allows embedding of 3D models using U3D and PRC encodings.  By 2018, the plan was for the next edition of PDF/A to have an application profile aimed at engineering documention.</fdd:intro>
					<fdd:urlList>
						<fdd:urlReference>
							<link>https://www.pdf3d.com/about-pdfe/</link>
							<tag>PDF3D | About PDF/E</tag>
							<comment>Mentions plans for PDF/E-2</comment>
						</fdd:urlReference>
						<fdd:urlReference>
							<link>http://3dpdfconsortium.org/wp-content/uploads/2015/08/7-minutes-with-prc.pdf</link>
							<tag>7 Minutes with a PDF Standard (July 2013)</tag>
							<comment>Describes use of PRC (Product Representation Compact) as 3D artwork within PDF, supported in Acrobat 3D (version 8) from May 2007. </comment>
						</fdd:urlReference>
						<fdd:urlReference>
							<link>http://www.3dpdfconsortium.org/wp-content/uploads/2015/08/pdfa-meet-pdfe.pdf</link>
							<tag>3D PDF Consortium | PDF/A, meet PDF/E (July 31, 2013)</tag>
							<comment>Has useful summary of PDF/E-1 characteristics as well as expected additions for PDF/E-2.</comment>
						</fdd:urlReference>
						<fdd:urlReference>
							<link>https://www.pdflib.com/pdf-knowledge-base/future-iso-standards/</link>
							<tag>Future ISO standards based on PDF 2.0</tag>
							<comment>States, &quot;The previous plan to define a new flavor PDF/E-2 as ISO 24517-2 has been canceled.&quot;  </comment>
						</fdd:urlReference>
						<fdd:urlReference>
							<link>https://www.pdfa.org/wp-content/uploads/2018/06/1145_von_Seggern.pdf</link>
							<tag>PDF’s ISO-standardized subsets: a tour (2018) | PDF Association</tag>
							<comment>States that PDF/E will become PDF/A-4e.</comment>
						</fdd:urlReference>
					</fdd:urlList>
				</fdd:urlGroup>
			</fdd:url>
			<fdd:url>
				<fdd:urlGroup>
					<fdd:intro>Resources related to MIL-STD-31000B (U.S. Department of Defense Standard Practice: Technical Data Packages).  An update was released in October 2018. This revision introduced the concept of 3Di PDF viewable Technical Data Packages (TDPs) as a recommended option for engineering documentation requirements in acquisition contracts.  The PRC format is mentioned specifically.</fdd:intro>
					<fdd:urlList>
						<fdd:urlReference>
							<link>https://www.action-engineering.com/blog/2018/11/dod-releases-mil-std-31000b-31-october-2018-update</link>
							<tag>Action Engineering | DOD Releases MIL-STD-31000B 31 October 2018 Update</tag>
						</fdd:urlReference>
						<fdd:urlReference>
							<link>https://www.action-engineering.com/wp-content/uploads/MIL-STD-31000B-AS-PUBLISHED-31-OCT-2018.pdf</link>
							<tag>MIL-STD-31000B (31 October 2018). Superseding MIL-STD-31000A (26 February 2013)</tag>
						</fdd:urlReference>
						<fdd:urlReference>
							<link>http://3dpdfconsortium.org/wp-content/uploads/2017/09/Best-Practices-for-using-3D-PDF-with-MIL_STD-31000A-20170925-Draft.pdf</link>
							<tag>Using 3D PDF with MIL-STD-31000A (april 2017) | 3D PDF Consortium Best Practices</tag>
							<comment>Strongly recommends use of PRC.</comment>
						</fdd:urlReference>
					</fdd:urlList>
				</fdd:urlGroup>
			</fdd:url>
			<fdd:url>
				<fdd:urlGroup>
					<fdd:intro>The resources listed below relate to support for 3D formats in versions of Adobe Acrobat.</fdd:intro>
					<fdd:urlList>
						<fdd:urlReference>
							<link>https://acrobatusers.com/tutorials/what-difference-between-acrobat-3d-and-acrobat-professional-7</link>
							<tag>What is the difference between Acrobat 3D and Acrobat 7 Pro? (2006)</tag>
							<comment>These versions of Acrobat supported U3D but not PRC.</comment>
						</fdd:urlReference>
						<fdd:urlReference>
							<link>https://acrobatusers.com/tutorials/abcs-acrobat-3d</link>
							<tag>The ABCs of Acrobat 3D (2009) | Learn how to use Acrobat 9 Pro Extended (Windows-only) to include 3D content in your PDF files</tag>
							<comment>PRC and U3D supported</comment>
						</fdd:urlReference>
						<fdd:urlReference>
							<link>https://helpx.adobe.com/acrobat/using/adding-3d-models-pdfs-acrobat.html</link>
							<tag>Adding 3D models to PDFs (Acrobat Pro) | applies to Acrobat 2017, Acrobat DC</tag>
						</fdd:urlReference>
						<fdd:urlReference>
							<link>https://doi.org/10.1371/journal.pone.0069446.s001</link>
							<tag>A brief history of 3-d PDF (2013) | Appendix 1 of &quot;Embedding and publishing interactive, 3-dimensional, scientific
figures in Portable Document Format (PDF) files&quot;</tag>
							<comment>See https://doi.org/10.1371/journal.pone.0069446
for full article.</comment>
						</fdd:urlReference>
					</fdd:urlList>
				</fdd:urlGroup>
			</fdd:url>
			<fdd:url>
				<fdd:urlGroup>
					<fdd:intro>The resources listed below relate to the history of the development of the PRC format, its acquisition by Adobe, its submission to ISO for standardization in 2008, and its approval in 2014.</fdd:intro>
					<fdd:urlList>
						<fdd:urlReference>
							<link>https://web.archive.org/web/20040416095437/http://www.ttf-group.com/articles/PRC_US.pdf</link>
							<tag>TTF Showcases PRC, the New Intelligent Compressed Format (2003)</tag>
						</fdd:urlReference>
						<fdd:urlReference>
							<link>https://web.archive.org/web/20041204023759fw_/http://www.ttf-group.com/US/PRC.us.htm</link>
							<tag>PRC: New Intelligent Compressed Format (2003) | from TTF</tag>
						</fdd:urlReference>
						<fdd:urlReference>
							<link>https://www.businesswire.com/news/home/20060421005439/en/Adobe-Acquires-Trade-Technologies-France-Acquisition-Extends</link>
							<tag>Adobe Acquires Trade and Technologies France.  April 21, 2006</tag>
						</fdd:urlReference>
						<fdd:urlReference>
							<link>https://www.adobe.com/content/dam/acom/en/devnet/pdf/adobe_supplement_iso32000.pdf</link>
							<tag>Adobe Supplement to the ISO 32000.  BaseVersion: 1.7.  ExtensionLevel: 3 (June 2008)</tag>
							<comment>States, &quot;Starting with Acrobat 8.1, 3D annotations can specify streams that conform to the PRC file format. Acrobat 8.1 introduced extended existing PDF features to add support for PRC and to extend support for U3D.&quot;</comment>
						</fdd:urlReference>
						<fdd:urlReference>
							<link>https://web.archive.org/web/20090322034833/http://www.aiim.org/standards/article.aspx?ID=27860</link>
							<tag>PDF/Engineering Committee at AIIM (as of March 22, 2009)</tag>
							<comment>Had a link to the PRC (Product Representation Compact) Format FAQ</comment>
						</fdd:urlReference>
						<fdd:urlReference>
							<link>https://web.archive.org/web/20110304083813/http://www.aiim.org/documents/standards/PDF-E/PRC_FAQ_final.pdf</link>
							<tag>PRC (Product Representation Compact) Format FAQ (2008/9) | from AIIM Standards</tag>
							<comment>Issued with release of PRC specification to ISO for standardization.</comment>
						</fdd:urlReference>
						<fdd:urlReference>
							<link>https://web.archive.org/web/20091123055411/http://pdf.editme.com:80/files/PDFE/SC2N570-PRC-WD.pdf</link>
							<tag>Draft of PRC specification from 2009</tag>
						</fdd:urlReference>
						<fdd:urlReference>
							<link>https://web.archive.org/web/20140124012204/http://pdf.editme.com/PDFE</link>
							<tag>AIIM PDF Standards: PDF/E (from 2014)</tag>
						</fdd:urlReference>
						<fdd:urlReference>
							<link>https://www.pdfa.org/prc-now-published-as-iso-14739-12014/</link>
							<tag>PRC now published as ISO 14739-1:2014 | from PDF Association</tag>
						</fdd:urlReference>
						<fdd:urlReference>
							<link>https://www.pdf3d.com/prc-bsi-publication-pressrelease-31jan2015/</link>
							<tag>After 7 Years, ISO Publish Technical PRC Document For 3D PDF Standards</tag>
						</fdd:urlReference>
					</fdd:urlList>
				</fdd:urlGroup>
			</fdd:url>
			<fdd:url>
				<fdd:urlReference>
					<link>https://www.wikidata.org/wiki/Q3359832</link>
					<tag>Wikidata entry for Q3359832</tag>
					<comment>Information in WikiData about the Product Representation Compact format.  WikiData Title ID: Q3359832</comment>
				</fdd:urlReference>
			</fdd:url>
		</fdd:urls>
	</fdd:usefulReferences>
</fdd:FDD>
