<?xml version="1.0" encoding="UTF-8"?>
<fdd:FDD id="fdd000027" titleName="WMA (Windows Media Audio) File Format" shortName="WMA" xmlns:xsi="http://www.w3.org/2001/XMLSchema-instance" xmlns:fdd="http://www.digitalpreservation.gov/formats/schemas/fdd/v1" xsi:schemaLocation="http://www.digitalpreservation.gov/formats/schemas/fdd/v1 http://www.digitalpreservation.gov/formats/schemas/fdd/v1/fdd-v1-0.xsd">
	<fdd:properties>
		<fdd:gdfrGenreSelection>
			<fdd:gdfrGenre>sound</fdd:gdfrGenre>
		</fdd:gdfrGenreSelection>
		<fdd:formatCategories>
			<fdd:category>file-format</fdd:category>
		</fdd:formatCategories>
		<fdd:gdfrComposition>container-wrapper</fdd:gdfrComposition>
		<fdd:gdfrForm>binary</fdd:gdfrForm>
		<fdd:gdfrBasis>sampled</fdd:gdfrBasis>
		<fdd:updates>
			<fdd:date>2007-04-07</fdd:date>
		</fdd:updates>
		<fdd:draftStatus>Full</fdd:draftStatus>
	</fdd:properties>
	<fdd:identificationAndDescription>
		<fdd:fullName>WMA (Windows Media Audio) File Format</fdd:fullName>
		<fdd:keywords>
			<fdd:keyword>WMA</fdd:keyword>
			<fdd:keyword>Windows Media formats</fdd:keyword>
			<fdd:keyword>Windows Media Audio</fdd:keyword>
		</fdd:keywords>
		<fdd:description>File format based in <fddLink id="fdd000067">ASF</fddLink> (Advanced Systems Format) that wraps an audio bitstream.  This web site documents versions of the format that contain bitstreams encoded by Windows Media Audio 9.  Some WMA files may also employ Windows Media Audio 7 and 8 codecs.</fdd:description>
		<fdd:shortDescription>File format based in ASF (Advanced Systems Format) that wraps an audio bitstream. Can contain bitstreams encoded by Windows Media Audio 7, 8, and 9 codecs. </fdd:shortDescription>
		<fdd:productionPhase>Usually a final state format for enduser delivery; sometimes a middle-state format, e.g., a high-quality audio representation for archiving or as a source when producing lower-resolution streaming versions.</fdd:productionPhase>
		<fdd:relationships>
			<fdd:relationship>
				<fdd:typeOfRelationship>Subtype of</fdd:typeOfRelationship>
				<fdd:relatedTo>
					<fdd:id>fdd000067</fdd:id>
					<fdd:shortName>ASF</fdd:shortName>
					<fdd:titleName>Microsoft Advanced Systems Format</fdd:titleName>
				</fdd:relatedTo>
				<fdd:comment> </fdd:comment>
			</fdd:relationship>
			<fdd:relationship>
				<fdd:typeOfRelationship>Has subtype</fdd:typeOfRelationship>
				<fdd:relatedTo>
					<fdd:id>fdd000097</fdd:id>
					<fdd:shortName>WMA_WMA9</fdd:shortName>
					<fdd:titleName>Windows Media Audio File with WMA9 Codec</fdd:titleName>
				</fdd:relatedTo>
			</fdd:relationship>
			<fdd:relationship>
				<fdd:typeOfRelationship>Has subtype</fdd:typeOfRelationship>
				<fdd:relatedTo>
					<fdd:id>fdd000098</fdd:id>
					<fdd:shortName>WMA_WMA9_PRO</fdd:shortName>
					<fdd:titleName>Windows Media Audio File with WMA9 Professional Codec</fdd:titleName>
				</fdd:relatedTo>
			</fdd:relationship>
			<fdd:relationship>
				<fdd:typeOfRelationship>Has subtype</fdd:typeOfRelationship>
				<fdd:relatedTo>
					<fdd:id>fdd000099</fdd:id>
					<fdd:shortName>WMA_WMA9_LL</fdd:shortName>
					<fdd:titleName>Windows Media Audio File with WMA9 Lossless Codec</fdd:titleName>
				</fdd:relatedTo>
			</fdd:relationship>
			<fdd:relationship>
				<fdd:typeOfRelationship>Has subtype</fdd:typeOfRelationship>
				<fdd:comment>WMA file-format variants defined by other audio codecs, not documented at this time.</fdd:comment>
			</fdd:relationship>
		</fdd:relationships>
	</fdd:identificationAndDescription>
	<fdd:localUse>
		<fdd:experience>None</fdd:experience>
		<fdd:preference>General preference for recorded sound is <fddLink id="fdd000002">WAVE_LCPM</fddLink>.  Within the WMA family, <fddLink id="fdd000099">WMA_WMA9_LL</fddLink> (lossless codec) is preferred.</fdd:preference>
	</fdd:localUse>
	<fdd:sustainabilityFactors>
		<fdd:disclosure>Microsoft's proprietary <fddLink id="fdd000067">ASF</fddLink> wrapper format is fully documented. For information about the disclosure of information about the bitstreams wrapped by WMA, see the descriptions of individual codecs listed under <i>Relationships</i>, above.
		</fdd:disclosure>
		<fdd:documentation>For wrapper documentation, see <fddLink id="fdd000067">ASF</fddLink>. See also citations in <a href="#useful">Useful references</a> below.
		</fdd:documentation>
		<fdd:adoption>Widely adopted.
		</fdd:adoption>
		<fdd:licensingAndPatents>See <fddLink id="fdd000067">ASF</fddLink>.
		</fdd:licensingAndPatents>
		<fdd:transparency>See information on versions that incorporate different codecs: <fddLink id="fdd000097">WMA_WMA9</fddLink>, <fddLink id="fdd000098">WMA_WMA9_PRO</fddLink>, and <fddLink id="fdd000099">WMA_WMA9_LL</fddLink>.
		</fdd:transparency>
		<fdd:selfDocumentation>See <fddLink id="fdd000067">ASF</fddLink>
		</fdd:selfDocumentation>
		<fdd:externalDependencies>None
		</fdd:externalDependencies>
		<fdd:techProtection>See <fddLink id="fdd000067">ASF</fddLink>
		</fdd:techProtection>
	</fdd:sustainabilityFactors>
	<fdd:qualityAndFunctionalityFactors>
		<fdd:soundQF>
			<fdd:normalSound>Good support.</fdd:normalSound>
			<fdd:fidelity>Moderate to excellent; outcome will depend on codec selected and upon the type and level of compression.</fdd:fidelity>
			<fdd:channels>Supported in <fddLink id="fdd000098">WMA_WMA9_PRO</fddLink>
			</fdd:channels>
			<fdd:samples>Appears to be some support for <fddLink id="fdd000102">MIDI_SD</fddLink>; not investigated at this writing.</fdd:samples>
			<fdd:beyondSound>Support for various elements offered by <fddLink id="fdd000067">ASF</fddLink>.</fdd:beyondSound>
		</fdd:soundQF>
	</fdd:qualityAndFunctionalityFactors>
	<fdd:fileTypeSignifiers>
		<fdd:signifiersGroup>
			<fdd:filenameExtension>
				<fdd:sigValues>
					<fdd:sigValue>wma</fdd:sigValue>
				</fdd:sigValues>
			</fdd:filenameExtension>
			<fdd:internetMediaType>
				<fdd:sigValues>
					<fdd:sigValue>audio/x-ms-wma</fdd:sigValue>
				</fdd:sigValues>
				<fdd:note>Selected from <a href="http://filext.com/">The File Extension Source</a>.  Also in LC implementation of Apache mime.types.</fdd:note>
			</fdd:internetMediaType>
			<fdd:magicNumbers>
				<fdd:sigValues>
					<fdd:sigValue>Hex: 30 26 B2 75 8E 66 CF 11 A6 D9 00 AA 00 62 CE 6C</fdd:sigValue>
					<fdd:sigValue>ASCII: 0&amp;²u.fÏ.¦Ù.ª.bÎl</fdd:sigValue>
				</fdd:sigValues>
				<fdd:note>For extension <i>asf</i> (see <fddLink id="fdd000067">ASF</fddLink>), from <a href="http://www.garykessler.net/library/file_sigs.html">Gary Kessler's File Signatures Table</a>.</fdd:note>
			</fdd:magicNumbers>
			<fdd:other>
				<fdd:tag>ASF GUID</fdd:tag>
				<fdd:values>
					<fdd:sigValues>
						<fdd:sigValue>F8699E40-5B4D-11CF-A8FD-00805F5C442B</fdd:sigValue>
					</fdd:sigValues>
					<fdd:note>Globally Unique IDentifier for <i>ASF_Audio_Media</i>; from <a href="http://msdn.microsoft.com/en-us/library/bb643323.aspx">Advanced Systems Format (ASF) Specification</a>.</fdd:note>
				</fdd:values>
			</fdd:other>
		</fdd:signifiersGroup>
	</fdd:fileTypeSignifiers>
	<fdd:formatSpecifications>
		<fdd:urls>
			<fdd:url>
				<fdd:urlGroup>
					<fdd:intro>The specification for ASF is available from Microsoft as HTML, PDF, and XPS.  As of March 3, 2012, this was revision 01.20.03, December 2004</fdd:intro>
					<fdd:urlList>
						<fdd:urlReference>
							<link>http://msdn.microsoft.com/en-us/library/bb643323.aspx</link>
							<tag>Advanced Systems Format (ASF) Specification, as HTML page</tag>
						</fdd:urlReference>
						<fdd:urlReference>
							<link>http://www.microsoft.com/download/en/details.aspx?displaylang=en&amp;id=14995</link>
							<tag>Advanced Systems Format (ASF) Specification, as PDF and XPS</tag>
						</fdd:urlReference>
					</fdd:urlList>
				</fdd:urlGroup>
			</fdd:url>
		</fdd:urls>
	</fdd:formatSpecifications>
	<fdd:usefulReferences>
		<fdd:urls>
			<fdd:url>
				<fdd:urlReference>
					<link>http://windows.microsoft.com/en-US/windows/products/windows-media</link>
					<tag>Overview of Windows Media Platform.</tag>
					<comment>Top-level menu providing access to a variety of resources.  As of March 2012, the current version of Windows Media Player is 12 for Windows 7 and 11 for other Windows operating systems.</comment>
				</fdd:urlReference>
			</fdd:url>
			<fdd:url>
				<fdd:urlReference>
					<link>http://msdn.microsoft.com/en-us/library/windows/desktop/ff819508(v=vs.85).aspx</link>
					<tag>Windows Media Codecs</tag>
					<comment>From Microsoft.</comment>
				</fdd:urlReference>
			</fdd:url>
			<fdd:url>
				<fdd:urlReference>
					<link>http://msdn.microsoft.com/en-us/library/windows/desktop/gg153556(v=vs.85).aspx</link>
					<tag>About the Windows Media Codecs</tag>
					<comment>From Microsoft.</comment>
				</fdd:urlReference>
			</fdd:url>
			<fdd:url>
				<fdd:urlReference>
					<link>http://www.microsoft.com/windows/windowsmedia/howto/articles/codecs.aspx</link>
					<tag>Encoding Audio and Video with Windows Media Codecs</tag>
				</fdd:urlReference>
			</fdd:url>
			<fdd:url>
				<fdd:urlReference>
					<link>http://www.microsoft.com/windows/windowsmedia/howto/articles/AdvancedEncoding.aspx</link>
					<tag>Advanced Encoding Techniques with Windows Media 9 Series</tag>
				</fdd:urlReference>
			</fdd:url>
			<fdd:url>
				<fdd:urlReference>
					<link>http://msdn.microsoft.com/en-us/library/aa390652.aspx</link>
					<tag>Overview of the ASF Format</tag>
				</fdd:urlReference>
			</fdd:url>
			<fdd:url>
				<fdd:urlReference>
					<link>http://www.microsoft.com/windows/windowsmedia/howto/articles/drmarchitecture.aspx</link>
					<tag>Architecture of Windows Media Rights Manager</tag>
				</fdd:urlReference>
			</fdd:url>
			<fdd:url>
				<fdd:urlReference>
					<link>http://www.microsoft.com/windows/windowsmedia/licensing/licensing.aspx</link>
					<tag>Windows Media Licensing</tag>
				</fdd:urlReference>
			</fdd:url>
		</fdd:urls>
	</fdd:usefulReferences>
</fdd:FDD>
