<?xml version="1.0" encoding="UTF-8"?>
<fdd:FDD id="fdd000114" titleName="Advanced Audio Coding (MPEG-4)" shortName="AAC_MP4" xmlns:xsi="http://www.w3.org/2001/XMLSchema-instance" xmlns:fdd="http://www.loc.gov/preservation/digital/formats/schemas/fdd/v1" xsi:schemaLocation="http://www.loc.gov/preservation/digital/formats/schemas/fdd/v1 http://www.loc.gov/preservation/digital/formats/schemas/fdd/v1/fdd-v1-2.xsd">
	<fdd:properties>
		<fdd:gdfrGenreSelection>
			<fdd:gdfrGenre>sound</fdd:gdfrGenre>
		</fdd:gdfrGenreSelection>
		<fdd:formatCategories>
			<fdd:category>encoding</fdd:category>
		</fdd:formatCategories>
		<fdd:gdfrComposition>unitary</fdd:gdfrComposition>
		<fdd:gdfrForm>binary</fdd:gdfrForm>
		<fdd:gdfrBasis>sampled</fdd:gdfrBasis>
		<fdd:updates>
			<fdd:date>2022-04-28</fdd:date>
		</fdd:updates>
		<fdd:draftStatus>Full</fdd:draftStatus>
	</fdd:properties>
	<fdd:identificationAndDescription>
		<fdd:fullName>ISO/IEC 14496-3:2001. Information technology -- Coding of audio-visual objects -- Part 3: Audio. Formal name for the relevant part of the MPEG-4 standard; note that this part covers several types of audio coding including Advanced Audio Coding. Common name: AAC.</fdd:fullName>
		<fdd:keywords>
			<fdd:keyword>AAC</fdd:keyword>
			<fdd:keyword>MPEG</fdd:keyword>
			<fdd:keyword>MPEG-4</fdd:keyword>
		</fdd:keywords>
		<fdd:description>
			<p>Perceptual audio encoding format designed for efficient distribution of sound files over moderate bandwidth connections; may be used at higher data rates for better fidelity.  AAC_MP4 compression is a further refinement of <fddLink id="fdd000036">AAC_MP2</fddLink>. AAC_MP4 is an object-based coding standard; decoders for AAC_MP2 may not be able to read AAC_MP4. </p>
			<p>The specification defines various object types and profiles; see <a href="#notes">Notes</a>. Video-capable iPods and iPhones specify video files for which the audio appears to be audio-<i>object</i>-limited rather than profile-compliant; see <fddLink id="fdd000233">AAC_MP4_LC</fddLink>.  The compiler of this page welcomes <a href="../contact_format.shtml">comments</a> on this detail.</p>
		</fdd:description>
		<fdd:shortDescription>Perceptual audio encoding format designed for efficient distribution of sound files over moderate bandwidth connections; may be used at higher data rates for better fidelity. AAC_MP4 compression is a further refinement of AAC_MP2. </fdd:shortDescription>
		<fdd:productionPhase>Generally used for final-state, end-user delivery. </fdd:productionPhase>
		<fdd:relationships>
			<fdd:relationship>
				<fdd:typeOfRelationship>Has subtype</fdd:typeOfRelationship>
				<fdd:comment>Various AAC_MP4 profiles, not documented at this time; see <a href="#notes">Notes</a>.</fdd:comment>
			</fdd:relationship>
			<fdd:relationship>
				<fdd:typeOfRelationship>Has subtype</fdd:typeOfRelationship>
				<fdd:relatedTo>
					<fdd:id>fdd000233</fdd:id>
					<fdd:shortName>AAC_MP4_LC</fdd:shortName>
					<fdd:titleName>AAC Low Complexity Object</fdd:titleName>
				</fdd:relatedTo>
			</fdd:relationship>
			<fdd:relationship>
				<fdd:typeOfRelationship>Used by</fdd:typeOfRelationship>
				<fdd:relatedTo>
					<fdd:id>fdd000234</fdd:id>
					<fdd:shortName>MP4_FF_2_AAC</fdd:shortName>
					<fdd:titleName>MPEG-4 File Format, V.2, with Advanced Audio Coding</fdd:titleName>
				</fdd:relatedTo>
			</fdd:relationship>
			<fdd:relationship>
				<fdd:typeOfRelationship>Used by</fdd:typeOfRelationship>
				<fdd:relatedTo>
					<fdd:id>fdd000110</fdd:id>
					<fdd:shortName>QTA_AAC</fdd:shortName>
					<fdd:titleName>QuickTime AAC</fdd:titleName>
				</fdd:relatedTo>
			</fdd:relationship>
			<fdd:relationship>
				<fdd:typeOfRelationship>Used by</fdd:typeOfRelationship>
				<fdd:relatedTo>
					<fdd:id>fdd000157</fdd:id>
					<fdd:shortName>MP4_FF_2_V</fdd:shortName>
					<fdd:titleName>MPEG-4 File Format, Version 2, with Visual Coding</fdd:titleName>
				</fdd:relatedTo>
			</fdd:relationship>
			<fdd:relationship>
				<fdd:typeOfRelationship>Used by</fdd:typeOfRelationship>
				<fdd:relatedTo>
					<fdd:id>fdd000158</fdd:id>
					<fdd:shortName>MP4_FF_2_AVC</fdd:shortName>
					<fdd:titleName>MPEG-4 File Format, Version 2, with Advanced Video Coding</fdd:titleName>
				</fdd:relatedTo>
			</fdd:relationship>
			<fdd:relationship>
				<fdd:typeOfRelationship>Used by</fdd:typeOfRelationship>
				<fdd:relatedTo>
					<fdd:id>fdd000225</fdd:id>
					<fdd:shortName>MP4_FF_2_AVC_BP</fdd:shortName>
					<fdd:titleName>MPEG-4 File Format, V.2, with AVC, Baseline Profile</fdd:titleName>
				</fdd:relatedTo>
			</fdd:relationship>
			<fdd:relationship>
				<fdd:typeOfRelationship>Used by</fdd:typeOfRelationship>
				<fdd:relatedTo>
					<fdd:id>fdd000219</fdd:id>
					<fdd:shortName>MP4_FF_2_AVC_MP</fdd:shortName>
					<fdd:titleName>MPEG-4 File Format, V.2, with AVC, Main Profile</fdd:titleName>
				</fdd:relatedTo>
			</fdd:relationship>
			<fdd:relationship>
				<fdd:typeOfRelationship>Used by</fdd:typeOfRelationship>
				<fdd:relatedTo>
					<fdd:id>fdd000220</fdd:id>
					<fdd:shortName>MP4_FF_2_AVC_EP</fdd:shortName>
					<fdd:titleName>MPEG-4 File Format, V.2, with AVC, Extended Profile</fdd:titleName>
				</fdd:relatedTo>
			</fdd:relationship>
			<fdd:relationship>
				<fdd:typeOfRelationship>Used by</fdd:typeOfRelationship>
				<fdd:relatedTo>
					<fdd:id>fdd000221</fdd:id>
					<fdd:shortName>MP4_FF_2_AVC_HP</fdd:shortName>
					<fdd:titleName>MPEG-4 File Format, V.2, with AVC, High Profile</fdd:titleName>
				</fdd:relatedTo>
			</fdd:relationship>
			<fdd:relationship>
				<fdd:typeOfRelationship>Used by</fdd:typeOfRelationship>
				<fdd:relatedTo>
					<fdd:id>fdd000222</fdd:id>
					<fdd:shortName>MP4_FF_2_AVC_H10P</fdd:shortName>
					<fdd:titleName>MPEG-4 File Format, V.2, with AVC, High 10 Profile</fdd:titleName>
				</fdd:relatedTo>
			</fdd:relationship>
			<fdd:relationship>
				<fdd:typeOfRelationship>Used by</fdd:typeOfRelationship>
				<fdd:relatedTo>
					<fdd:id>fdd000223</fdd:id>
					<fdd:shortName>MP4_FF_2_AVC_H422P</fdd:shortName>
					<fdd:titleName>MPEG-4 File Format, V.2, with AVC, High 4:2:2 Profile</fdd:titleName>
				</fdd:relatedTo>
			</fdd:relationship>
			<fdd:relationship>
				<fdd:typeOfRelationship>Used by</fdd:typeOfRelationship>
				<fdd:relatedTo>
					<fdd:id>fdd000224</fdd:id>
					<fdd:shortName>MP4_FF_2_AVC_H444P</fdd:shortName>
					<fdd:titleName>MPEG-4 File Format, V.2, with AVC, High 4:4:4 Profile</fdd:titleName>
				</fdd:relatedTo>
			</fdd:relationship>
			<fdd:relationship>
				<fdd:typeOfRelationship>Used by</fdd:typeOfRelationship>
				<fdd:relatedTo>
					<fdd:id>fdd000161</fdd:id>
					<fdd:shortName>MP4_FF_AVCE_AVCE</fdd:shortName>
					<fdd:titleName>MPEG-4 File Format for AVC (Ext), with Non-FRExt Extended AVC Coding</fdd:titleName>
				</fdd:relatedTo>
			</fdd:relationship>
			<fdd:relationship>
				<fdd:typeOfRelationship>Used by</fdd:typeOfRelationship>
				<fdd:comment>Other file or wrapper formats, not documented at this time</fdd:comment>
			</fdd:relationship>
		</fdd:relationships>
	</fdd:identificationAndDescription>
	<fdd:localUse>
		<fdd:experience>None</fdd:experience>
		<fdd:preference>See the Library of Congress Recommended Formats Statement for format preferences for <a href="https://www.loc.gov/preservation/resources/rfs/audio.html">audio works</a>.
</fdd:preference>
	</fdd:localUse>
	<fdd:sustainabilityFactors>
		<fdd:disclosure>Open standard. Developed through ISO technical program <a href="https://www.iso.org/committee/45316.html">JTC 1/SC 29</a> for coding of audio, picture, multimedia and hypermedia information by Working Group 11 (WG11) aka the Moving Picture Experts Group (<a href="https://mpeg.chiariglione.org">MPEG</a>).</fdd:disclosure>
		<fdd:documentation>ISO/IEC 14496-3:2001. Information technology -- Coding of audio-visual objects -- Part 3: Audio. Later editions were published in 2005 and 2009; these have not yet been assessed for this description. See also <fddLink id="fdd000155">MP4_FF_2</fddLink>.
		</fdd:documentation>
		<fdd:adoption>Some adoption for World Wide Web dissemination and playback on specialized devices.  <fddLink id="fdd000110">QTA_AAC</fddLink>, QuickTime AAC, is used in Apple's iTunes service. Software tools exist for encoding and decoding.
		</fdd:adoption>
		<fdd:licensingAndPatents>Royalties are due on the sale of AAC encoders and/or decoders; no use-based fees; information at <a href="https://web.archive.org/web/20160404184931/http://www.vialicensing.com/licensing/aac-overview.aspx">Via Licensing</a>. Page available via an Internet Archive capture from April 4, 2016.
		</fdd:licensingAndPatents>
		<fdd:transparency>Depends upon algorithms and tools to read; requires sophistication to build tools.
		</fdd:transparency>
		<fdd:selfDocumentation>Technical (coding) information is contained in the headers for the "frames" that make up the bitstream. See also <fddLink id="fdd000155">MP4_FF_2</fddLink>.
		</fdd:selfDocumentation>
		<fdd:externalDependencies>Surround sound requires appropriate amplifier and loudspeakers or headphone.
		</fdd:externalDependencies>
		<fdd:techProtection>See <fddLink id="fdd000155">MP4_FF_2</fddLink>.
		</fdd:techProtection>
	</fdd:sustainabilityFactors>
	<fdd:qualityAndFunctionalityFactors>
		<fdd:soundQF>
			<fdd:normalSound>Good support.</fdd:normalSound>
			<fdd:fidelity>Moderate to good, given that this is a format for compression. All commentators state that at a given data rate, the quality of AAC_MP4 surpasses <fddLink id="fdd000036">AAC_MP2</fddLink> and is significantly better than <fddLink id="fdd000012">MP3_ENC</fddLink>.</fdd:fidelity>
			<fdd:channels>AAC has provision for up to 48 channels, and supports 5.1 (and 7.1?) surround sound.</fdd:channels>
			<fdd:samples>Not investigated at this time.</fdd:samples>
			<fdd:beyondSound>Not investigated at this time.</fdd:beyondSound>
		</fdd:soundQF>
	</fdd:qualityAndFunctionalityFactors>
	<fdd:fileTypeSignifiers>
		<fdd:signifiersGroup>
			<fdd:filenameExtension>
				<fdd:sigValues>
					<fdd:sigValue>aac</fdd:sigValue>
				</fdd:sigValues>
				<fdd:note>Used for raw bitstream; <a href="https://filext.com/">The File Extension Source</a> associates the <i>aac</i> extension with <fddLink id="fdd000112">AAC_ADIF</fddLink>, the file format for MPEG-2 AAC.  In any case, most AAC files carry an extension that depends upon the selected wrapper; for example, see <fddLink id="fdd000155">MP4_FF_2</fddLink> (mp4, m4a) and <fddLink id="fdd000110">QTA_AAC</fddLink> (m4p).</fdd:note>
			</fdd:filenameExtension>
			<fdd:internetMediaType>
				<fdd:sigValueNA>See note.</fdd:sigValueNA>
				<fdd:note>Depends upon wrapper; for example, see <fddLink id="fdd000155">MP4_FF_2</fddLink> and <fddLink id="fdd000110">QTA_AAC</fddLink>.</fdd:note>
			</fdd:internetMediaType>
			<fdd:internetMediaType>
				<fdd:sigValues>
					<fdd:sigValue>audio/mp4</fdd:sigValue>
				</fdd:sigValues>
				<fdd:note>For MP4 File with Audio but without Visual Presentati From IANA and <a href="https://www.rfc-editor.org/rfc/rfc4337.txt">RFC 4337</a>, MIME Type Registration for MPEG-4</fdd:note>
			</fdd:internetMediaType>
			<fdd:other>
				<fdd:tag>Pronom PUID</fdd:tag>
				<fdd:values>
					<fdd:sigValueNA>See note.</fdd:sigValueNA>
					<fdd:note>No PRONOM PUID as of April 2022</fdd:note>
				</fdd:values>
			</fdd:other>
			<fdd:other>
				<fdd:tag>Wikidata Title ID</fdd:tag>
				<fdd:values>
					<fdd:sigValues>
						<fdd:sigValue>Q337594</fdd:sigValue>
					</fdd:sigValues>
					<fdd:note>See <a href="https://www.wikidata.org/wiki/Q337594">https://www.wikidata.org/wiki/Q337594</a>.
	Does not distinguish between profiles of AAC	(so covers both MPEG-2 and MPEG-4)</fdd:note>
				</fdd:values>
			</fdd:other>
		</fdd:signifiersGroup>
	</fdd:fileTypeSignifiers>
	<fdd:notes>
		<fdd:general>The sets of options in AAC_MP4 are more extensive than those provided in the specification for AAC_MP2. Eight profiles are associated with AAC_MP4 audio, each of which may present sound at various <i>levels</i>:<br/>
			<ul>
				<li>Speech Audio Profile</li>
				<li>Synthetic Audio Profile</li>
				<li>Scalable Audio Profile</li>
				<li>Main Audio Profile</li>
				<li>High Quality Audio Profile</li>
				<li>Low Delay Audio Profile</li>
				<li>Natural Audio Profile</li>
				<li>Mobile Audio Internet Working Profile</li>
			</ul>These profiles are described in the specification on pages 15-20.  In a given file, the profile and the level chosen for use are indicated by embedded metadata, not documented at this time.  The profiles are associated with <i>audio objects</i>.<br/>Additional profiles are listed in the Wikipedia article <a href="https://en.wikipedia.org/wiki/Advanced_Audio_Coding">Advanced Audio Coding</a> (consulted October 22, 2014): AAC Profile (defined 2003), High Efficiency AAC Profile (2003), and High Efficiency AAC v2 Profile (2006). <br/>There is an AAC_MP4 object called <i>Low Complexity</i> (<fddLink id="fdd000233">AAC_MP4_LC</fddLink>), which is comparable to the <fddLink id="fdd000036">AAC_MP2</fddLink> Low Complexity <i>profile</i>.  The compiler of this page seeks more information about this matter; <a href="../contact_format.shtml">Comments welcome</a>.</fdd:general>
	</fdd:notes>
	<fdd:formatSpecifications>
		<fdd:citations>
			<fdd:citation>
				<fdd:specReference> ISO/IEC 14496-3:2001   Information technology -- Coding of audio-visual objects -- Part 3: Audio. (Note: later editions from 2005 and 2009 have also been published.)</fdd:specReference>
			</fdd:citation>
		</fdd:citations>
	</fdd:formatSpecifications>
	<fdd:usefulReferences>
		<fdd:urls>
			<fdd:url>
				<fdd:urlReference>
					<link>http://www.mp3-tech.org/aac.html</link>
					<tag>MPEG-2/MPEG-4 AAC</tag>
					<comment>Page from MP3-tech.org </comment>
				</fdd:urlReference>
			</fdd:url>
			<fdd:url>
				<fdd:urlGroup>
					<fdd:intro>"MP3 and AAC Explained" is a 1999 article by Karlheinz Brandenburg, Fraunhofer Institute, Erlangen, Germany.  It has good detail but with a focus on <fddLink id="fdd000036">AAC_MP2</fddLink>. </fdd:intro>
					<fdd:urlList>
						<fdd:urlReference>
							<link>https://www.iis.fraunhofer.de/content/dam/iis/de/doc/ame/conference/AES-17-Conference_mp3-and-AAC-explained_AES17.pdf</link>
							<tag>MP3 and AAC Explained</tag>
							<comment>As published in proceedings of the 17th AES International Conference on High Quality Audio Coding, 1999, Sept 2-5.</comment>
						</fdd:urlReference>
					</fdd:urlList>
				</fdd:urlGroup>
			</fdd:url>
			<fdd:url>
				<fdd:urlReference>
					<link>https://www.iis.fraunhofer.de/en/ff/amm/broadcast-streaming/aaclc.html</link>
					<tag>AAC-LC: High performance music distribution - Fraunhofer Institute</tag>
				</fdd:urlReference>
			</fdd:url>
			<fdd:url>
				<fdd:urlReference>
					<link>https://web.archive.org/web/20141006175539/http://www.iis.fraunhofer.de/en/ff/amm/prod/audiocodec/audiocodecs/aaclc.html</link>
					<tag>AAC-LC - Fraunhofer Institute</tag>
					<comment>A previous version of the above page from the Fraunhofer Institute, as it appeared on October 6, 2014. Available via Internet Archive.</comment>
				</fdd:urlReference>
			</fdd:url>
			<fdd:url>
				<fdd:urlReference>
					<link>https://web.archive.org/web/20120207213839/http://www.m4a.com/</link>
					<tag>M4A.COM, formerly a site with resources for users</tag>
					<comment>Link via Internet Archive.</comment>
				</fdd:urlReference>
			</fdd:url>
			<fdd:url>
				<fdd:urlReference>
					<link>https://en.wikipedia.org/wiki/MPEG-4_Part_3</link>
					<tag>Wikipedia article &quot;MPEG-4 Part 3&quot;</tag>
				</fdd:urlReference>
			</fdd:url>
			<fdd:url>
				<fdd:urlReference>
					<link>https://en.wikipedia.org/wiki/Advanced_Audio_Coding</link>
					<tag>Wikipedia article &quot;Advanced Audio Coding&quot;</tag>
				</fdd:urlReference>
			</fdd:url>
			<fdd:url>
				<fdd:urlReference>
					<link>https://www.wikidata.org/wiki/Q337594</link>
					<tag>Wikidata entry for Q337594</tag>
					<comment>Information in Wikidata about AAC. Wikidata Title ID: Q337594.</comment>
				</fdd:urlReference>
			</fdd:url>
		</fdd:urls>
	</fdd:usefulReferences>
</fdd:FDD>
