<?xml version="1.0" encoding="UTF-8"?>
<fdd:FDD id="fdd000351" titleName="Uncompressed YCbCr Video Picture Stream Family" shortName="Vid_Unc_Pix" xmlns:xsi="http://www.w3.org/2001/XMLSchema-instance" xmlns:fdd="http://www.loc.gov/preservation/digital/formats/schemas/fdd/v1" xsi:schemaLocation="http://www.loc.gov/preservation/digital/formats/schemas/fdd/v1 http://www.loc.gov/preservation/digital/formats/schemas/fdd/v1/fdd-v1-1.xsd">
	<fdd:properties>
		<fdd:gdfrGenreSelection>
			<fdd:gdfrGenre>moving-image</fdd:gdfrGenre>
		</fdd:gdfrGenreSelection>
		<fdd:formatCategories>
			<fdd:category>encoding</fdd:category>
		</fdd:formatCategories>
		<fdd:gdfrComposition>unitary</fdd:gdfrComposition>
		<fdd:gdfrForm>binary</fdd:gdfrForm>
		<fdd:gdfrBasis>sampled</fdd:gdfrBasis>
		<fdd:updates>
			<fdd:date>2013-01-25</fdd:date>
		</fdd:updates>
		<fdd:draftStatus>Partial</fdd:draftStatus>
	</fdd:properties>
	<fdd:identificationAndDescription>
		<fdd:fullName>Uncompressed YCbCr Video Picture Stream Family</fdd:fullName>
		<fdd:keywords>
			<fdd:keyword>video formats</fdd:keyword>
			<fdd:keyword>uncompressed video formats</fdd:keyword>
		</fdd:keywords>
		<fdd:description>
			<p>Family of digital, color-difference component video picture streams.  This partial description is intended to provide a high-level context for descriptions of selected picture-stream subtypes and for further description of uncompressed video picture-data "at the byte level" when written to media or presented to a decoder or player.</p>
			<p>There are two widely used terms used to name the three color-difference components in video picture streams: YCbCr and YUV.  (In some non-broadcast contexts, there can be a fourth transparency component).  At the high level of this format description, the terms have the same meaning.  The term YCbCr tends to be used in a relatively precise way while YUV is often used more loosely.  The Wikipedia article <a href="http://en.wikipedia.org/wiki/YUV">YUV</a> (consulted January 8, 2013), notes that the scope of these and other similar terms "is sometimes ambiguous and overlapping."</p>
			<p>The designation YCbCr comes from the broadcast profession.  Careful writers will use Y' ("Y prime") instead of Y since this component represents luma, i.e., gamma-corrected brightness intensity data.  (Strictly speaking, no-prime Y represents intensity in linear terms and is called luminance.)  Cb and Cr represent chroma (color) components.  As explained in the Wikipedia article <a href="http://en.wikipedia.org/wiki/Ycbcr">YCbCr</a> (consulted January 8, 2013), "Y'CbCr is not an absolute color space; rather, it is a way of encoding RGB information. The actual color displayed depends on the actual RGB primaries used to display the signal. Therefore a value expressed as Y'CbCr is predictable only if standard RGB primary chromaticities are used."  The designation YUV (or Y'UV) comes from outside the broadcast community, often used by workers who focus on data networks and computer-based activities.</p>
			<p>Video, as typically encountered in broadcast or data networks, includes soundtracks and may include ancillary data like closed captioning or subtitles.  This format description and the descriptions of its subtypes, however, are limited to picture information.  The subtype descriptions at this Web site at this time are intended to inform those carrying out the preservation reformatting of older analog and media-dependent digital videotapes.  For this reason, they concern the widespread 4:2:2 chroma subsampling pattern, as described in <fddLink id="fdd000352">Vid_Unc_Pix_422</fddLink>.  This &quot;422&quot; subtype is the most common referent for the term <i>uncompressed video</i> when used by professional broadcasters.</p>
		</fdd:description>
		<fdd:shortDescription>Family of digital, color-difference component video picture streams, identified as YCbCr or YUV by different specialists.</fdd:shortDescription>
		<fdd:productionPhase>Employed in creation (initial phase), post-production or editing (middle phase), and dissemination (final phase).</fdd:productionPhase>
		<fdd:relationships>
			<fdd:relationship>
				<fdd:typeOfRelationship>Has subtype</fdd:typeOfRelationship>
				<fdd:comment>Uncompressed YCbCr Video Picture Stream (4:4:4).  Not described at this Web site at this time.</fdd:comment>
			</fdd:relationship>
			<fdd:relationship>
				<fdd:typeOfRelationship>Has subtype</fdd:typeOfRelationship>
				<fdd:relatedTo>
					<fdd:id>fdd000352</fdd:id>
					<fdd:shortName>Vid_Unc_Pix_422</fdd:shortName>
					<fdd:titleName>Uncompressed YCbCr Video Picture Stream (4:2:2)</fdd:titleName>
				</fdd:relatedTo>
			</fdd:relationship>
			<fdd:relationship>
				<fdd:typeOfRelationship>Has subtype</fdd:typeOfRelationship>
				<fdd:comment>Uncompressed YCbCr Video Picture Stream (4:2:0).  Not described at this Web site at this time.</fdd:comment>
			</fdd:relationship>
			<fdd:relationship>
				<fdd:typeOfRelationship>Has subtype</fdd:typeOfRelationship>
				<fdd:comment>Uncompressed YCbCr Video Picture Stream (4:1:1).  Not described at this Web site at this time.</fdd:comment>
			</fdd:relationship>
			<fdd:relationship>
				<fdd:typeOfRelationship>Has subtype</fdd:typeOfRelationship>
				<fdd:comment>Uncompressed YCbCr Video Picture Stream (other chroma subsampling patterns).  Not described at this Web site at this time.</fdd:comment>
			</fdd:relationship>
		</fdd:relationships>
	</fdd:identificationAndDescription>
	<fdd:localUse>
		<fdd:experience>Underpins many video streams in LC collections, both in digital videotape and in files.</fdd:experience>
		<fdd:preference>Not applicable.</fdd:preference>
	</fdd:localUse>
	<fdd:sustainabilityFactors>
		<fdd:disclosure>Not relevant to this description; see Disclosure information for subtypes of the subtypes listed under Relationships.</fdd:disclosure>
		<fdd:documentation>Not applicable.  Several relevant online articles are cited in <a href="#useful">Useful references</a> below.</fdd:documentation>
		<fdd:adoption>Various subtypes are widely adopted.</fdd:adoption>
		<fdd:licensingAndPatents>None.</fdd:licensingAndPatents>
		<fdd:transparency>Transparent.</fdd:transparency>
		<fdd:selfDocumentation>Not applicable.</fdd:selfDocumentation>
		<fdd:externalDependencies>None.</fdd:externalDependencies>
		<fdd:techProtection>None.</fdd:techProtection>
	</fdd:sustainabilityFactors>
	<fdd:notes>
		<fdd:history>For video, the need to separate brightness from color information became acute with the development of color broadcast television, which had to accommodate an immense installed base of black-and-white home receivers.  The year 1953 marked a significant milestone when the National Television Systems Committee (NTSC) established the &quot;compatible&quot; video signal that served both black-and-white and color receivers.  This specification was later defined as the Electronic Industries Alliance (EIA) standard RS-170a.  The underlying concepts for separating brightness and color information predate the Second World War; for example, in 1938, a luminance-chrominance encoding system had been patented by the French electrical engineer Georges Valensi.  In the 1970s and 1980s, color-difference component systems were developed for non-broadcast applications like television program production; for example, the original analog SONY Betacam recorder that employed color-difference component recording was introduced in 1982.</fdd:history>
	</fdd:notes>
	<fdd:usefulReferences>
		<fdd:urls>
			<fdd:url>
				<fdd:urlReference>
					<link>http://en.wikipedia.org/wiki/Ycbcr</link>
					<tag>Wikipedia article YCbCr, consulted January 8, 2013</tag>
				</fdd:urlReference>
			</fdd:url>
			<fdd:url>
				<fdd:urlReference>
					<link>http://en.wikipedia.org/wiki/YUV</link>
					<tag>Wikipedia article YUV, consulted January 8, 2013</tag>
				</fdd:urlReference>
			</fdd:url>
			<fdd:url>
				<fdd:urlReference>
					<link>http://en.wikipedia.org/wiki/NTSC</link>
					<tag>Wikipedia article NTSC, consulted January 8, 2013</tag>
					<comment>Historical information on broadcasting and introduction of color.</comment>
				</fdd:urlReference>
			</fdd:url>
			<fdd:url>
				<fdd:urlReference>
					<link>https://developer.apple.com/library/mac/technotes/tn2162/_index.html</link>
					<tag>Uncompressed Y´CbCr Video in QuickTime Files</tag>
					<comment>Although focused on Quicktime, includes generally useful information.</comment>
				</fdd:urlReference>
			</fdd:url>
			<fdd:url>
				<fdd:urlReference>
					<link>http://www.glennchan.info/articles/technical/chroma/chroma1.htm</link>
					<tag>Towards Better Chroma Subsampling</tag>
					<comment>Explanatory article by Glenn Chan.</comment>
				</fdd:urlReference>
			</fdd:url>
		</fdd:urls>
	</fdd:usefulReferences>
</fdd:FDD>
