<?xml version="1.0" encoding="UTF-8"?>
<fdd:FDD id="fdd000020" titleName="Scalable Vector Graphics (SVG), Version 1.1" shortName="SVG_1_1" xmlns:xsi="http://www.w3.org/2001/XMLSchema-instance" xmlns:fdd="http://www.loc.gov/preservation/digital/formats/schemas/fdd/v1" xsi:schemaLocation="http://www.loc.gov/preservation/digital/formats/schemas/fdd/v1 http://www.loc.gov/preservation/digital/formats/schemas/fdd/v1/fdd-v1-1.xsd">
	<fdd:properties>
		<fdd:gdfrGenreSelection>
			<fdd:gdfrGenre>still-image</fdd:gdfrGenre>
		</fdd:gdfrGenreSelection>
		<fdd:formatCategories>
			<fdd:category>encoding</fdd:category>
			<fdd:category>file-format</fdd:category>
		</fdd:formatCategories>
		<fdd:gdfrComposition>unitary</fdd:gdfrComposition>
		<fdd:gdfrForm>text</fdd:gdfrForm>
		<fdd:gdfrConstraint>structured</fdd:gdfrConstraint>
		<fdd:gdfrBasis>symbolic</fdd:gdfrBasis>
		<fdd:updates>
			<fdd:date>2020-03-10</fdd:date>
		</fdd:updates>
		<fdd:draftStatus>Full</fdd:draftStatus>
	</fdd:properties>
	<fdd:identificationAndDescription>
		<fdd:fullName>Scalable Vector Graphics (SVG) 1.1</fdd:fullName>
		<fdd:keywords>
			<fdd:keyword>vector graphic formats</fdd:keyword>
		</fdd:keywords>
		<fdd:description>
			<p>Scalable Vector Graphics (SVG) is an open standard developed and maintained under the auspices of the World Wide Web Consortium (W3C).  The <a href="https://www.w3.org/TR/2003/REC-SVG11-20030114/">first edition of SVG 1.1</a> was published as a W3C Recommendation in January 2003, followed by a <a href="https://www.w3.org/TR/SVG11/">second edition</a> in August 2011.</p>
			<p>SVG is a language for describing two-dimensional graphics in XML.  The XML DTD for SVG (version 1.x) allows for three types of graphic objects: vector graphic shapes (e.g., paths consisting of straight lines and curves), raster graphics (raster images), and text. Graphical objects can be grouped, styled, transformed and composited into previously rendered objects.  The feature set includes nested transformations, clipping paths, alpha masks, filter effects and template objects.  SVG may also be used for animations.</p>
			<p>See <fddLink id="fdd000515">SVG_family</fddLink> for more detail on the features supported in SVG and the structure of SVG files.</p>
		</fdd:description>
		<fdd:shortDescription>SVG is a language for describing two-dimensional graphics in XML. SVG allows for three types of graphic objects: vector graphic shapes (e.g., paths consisting of straight lines and curves), raster graphics (raster images), and text. </fdd:shortDescription>
		<fdd:productionPhase>Generally a final-state (end-user delivery) format. </fdd:productionPhase>
		<fdd:relationships>
			<fdd:relationship>
				<fdd:typeOfRelationship>Subtype of</fdd:typeOfRelationship>
				<fdd:relatedTo>
					<fdd:id>fdd000515</fdd:id>
					<fdd:shortName>SVG_family</fdd:shortName>
					<fdd:titleName>Scalable Vector Graphics (SVG) File Format Family</fdd:titleName>
				</fdd:relatedTo>
			</fdd:relationship>
			<fdd:relationship>
				<fdd:typeOfRelationship>Subtype of</fdd:typeOfRelationship>
				<fdd:relatedTo>
					<fdd:id>fdd000075</fdd:id>
					<fdd:shortName>XML</fdd:shortName>
					<fdd:titleName>XML (EXtensible Markup Language)</fdd:titleName>
				</fdd:relatedTo>
			</fdd:relationship>
			<fdd:relationship>
				<fdd:typeOfRelationship>Defined via</fdd:typeOfRelationship>
				<fdd:relatedTo>
					<fdd:id>fdd000076</fdd:id>
					<fdd:shortName>XML_DTD</fdd:shortName>
					<fdd:titleName>XML Document Type Definition (DTD)</fdd:titleName>
				</fdd:relatedTo>
			</fdd:relationship>
			<fdd:relationship>
				<fdd:typeOfRelationship>Has earlier version</fdd:typeOfRelationship>
				<fdd:comment>
					<a href="https://www.w3.org/TR/SVG10/">Scalable Vector Graphics (SVG), Version 1.0 (2001)</a>, not described separately at this Web site.</fdd:comment>
			</fdd:relationship>
			<fdd:relationship>
				<fdd:typeOfRelationship>Has later version</fdd:typeOfRelationship>
				<fdd:relatedTo>
					<fdd:id>fdd000517</fdd:id>
					<fdd:shortName>SVG_2</fdd:shortName>
					<fdd:titleName>Scalable Vector Graphics (SVG), Version 2.</fdd:titleName>
				</fdd:relatedTo>
				<fdd:comment>This update is under development. As of April 2020, a W3C Candidate Recommendation, issued October 4, 2018, is available at <a href="http://www.w3.org/TR/SVG2/">http://www.w3.org/TR/SVG2/</a>. The most recent editor&apos;s draft can be found at <a href=" https://svgwg.org/svg2-draft/">https://svgwg.org/svg2-draft/</a>. Work on a Version 1.2 of the full SVG standard has been abandoned.</fdd:comment>
			</fdd:relationship>
			<fdd:relationship>
				<fdd:typeOfRelationship>Has modified version</fdd:typeOfRelationship>
				<fdd:relatedTo>
					<fdd:id>fdd000043</fdd:id>
					<fdd:shortName>SVG_Tiny_1_2</fdd:shortName>
					<fdd:titleName>Scalable Vector Graphics (SVG) Tiny, Version 1.2</fdd:titleName>
				</fdd:relatedTo>
				<fdd:comment>SVG Profile intended for implementation on a range of devices, including cellphones and PDAs as well as laptops and personal computers.</fdd:comment>
			</fdd:relationship>
			<fdd:relationship>
				<fdd:typeOfRelationship>Has subtype</fdd:typeOfRelationship>
				<fdd:comment>Two reduced profiles of SVG 1.1 for mobile devices: SVG Basic 1.1 and SVG Tiny 1.1, not described separately at this website.  See <a href="https://www.w3.org/TR/2003/REC-SVGMobile-20030114/">Mobile SVG Profiles: SVG Tiny and SVG Basic. W3C Recommendation 14 January 2003</a>.</fdd:comment>
			</fdd:relationship>
			<fdd:relationship>
				<fdd:typeOfRelationship>Used by</fdd:typeOfRelationship>
				<fdd:relatedTo>
					<fdd:id>fdd000278</fdd:id>
					<fdd:shortName>EPUB_2</fdd:shortName>
					<fdd:titleName>EPUB, Electronic Publication, Version 2</fdd:titleName>
				</fdd:relatedTo>
				<fdd:comment>EPUB_2 readers are required to recognize and display embedded SVG images.</fdd:comment>
			</fdd:relationship>
			<fdd:relationship>
				<fdd:typeOfRelationship>Used by</fdd:typeOfRelationship>
				<fdd:relatedTo>
					<fdd:id>fdd000308</fdd:id>
					<fdd:shortName>EPUB_3</fdd:shortName>
					<fdd:titleName>Electronic Publication, Version 3</fdd:titleName>
				</fdd:relatedTo>
				<fdd:comment>EPUB_3 uses a restricted subset of SVG 1.1 to represent inline vector graphics in documents based on XHTML and in standalone SVG-based EPUBs.</fdd:comment>
			</fdd:relationship>
			<fdd:relationship>
				<fdd:typeOfRelationship>Used by</fdd:typeOfRelationship>
				<fdd:relatedTo>
					<fdd:id>fdd000247</fdd:id>
					<fdd:shortName>ODF_family</fdd:shortName>
					<fdd:titleName>OpenDocument Format (ODF) Family, OASIS and ISO/IEC 26300</fdd:titleName>
				</fdd:relatedTo>
				<fdd:comment>ODF uses the svg: prefix for elements and attributes compatible with SVG 1.1.</fdd:comment>
			</fdd:relationship>
			<fdd:relationship>
				<fdd:typeOfRelationship>Used by</fdd:typeOfRelationship>
				<fdd:relatedTo>
					<fdd:id>fdd000481</fdd:id>
					<fdd:shortName>HTML_5</fdd:shortName>
					<fdd:titleName>HyperText Markup Language (HTML) 5</fdd:titleName>
				</fdd:relatedTo>
				<fdd:comment>SVG 1.1 was supported for embedding within HTML through HTML 5.2.  See <a href="https://www.w3.org/TR/html52/semantics-embedded-content.html#svg">HTML 5.2: 4.7.18. SVG</a>. As of March 2020, <a href="https://html.spec.whatwg.org/#svg-0">HTML
Living Standard: 4.8.17 SVG</a> refers to SVG 2.</fdd:comment>
			</fdd:relationship>
		</fdd:relationships>
	</fdd:identificationAndDescription>
	<fdd:localUse>
		<fdd:experience>None</fdd:experience>
		<fdd:preference>The Library of Congress Recommended Formats Statement (RFS) includes SVG as a preferred format for <a href="https://www.loc.gov/preservation/resources/rfs/stillimg.html">other graphic images in digital form</a>. The RFS does not specify a version of SVG.</fdd:preference>
	</fdd:localUse>
	<fdd:sustainabilityFactors>
		<fdd:disclosure>Open standard from W3C.</fdd:disclosure>
		<fdd:documentation>
			<a href="http://www.w3.org/TR/SVG11/">Scalable Vector Graphics (SVG) 1.1 (Second Edition)</a>. SVG_1_1 was originally published in 2003.  The Second Edition includes clarifications and corrections for errata but no new features, released on August 16, 2011.  The XML DTD defining the specification is in Appendix A of the specification document and also at <a href="https://www.w3.org/Graphics/SVG/1.1/DTD/svg11-flat-20110816.dtd">https://www.w3.org/Graphics/SVG/1.1/DTD/svg11-flat-20110816.dtd</a>
		</fdd:documentation>
		<fdd:adoption>
			<p>Although SVG 1.0 was adopted as a W3C Recommendation in September 2001, there was not widespread built-in support in browsers for some years. Adobe offered <a href="https://web.archive.org/web/20010805180219/http://www.adobe.com/svg/viewer/install/main.html">SVG Viewer</a> as a browser plugin.  The <a href="https://web.archive.org/web/20011022035355/http://xml.apache.org/batik/index.html">Apache Batik</a> project offered a toolkit with modules for parsing, viewing, and generating SVG; it could be used on a server to transform SVG to PNG or JPEG for browsers without SVG support.  Gradual adoption of <fddLink id="fdd000481">HTML 5</fddLink> (first released in 2008, and approved as a W3C Recommendation in 2014) led to more general native support for SVG by browsers. HTML 5 allows SVG markup within &lt;svg&gt; elements inside HTML markup.  By 2014, mainstream browsers supported SVG 1.1 without a plugin. An <a href="https://psdtowp.net/svg.html">infographic</a> published in late 2014, indicated that support was full in Safari, Firefox, Chrome, and Opera; support in IE started with IE 9; and support in Android with version 4.  For current analysis of browser support, see <a href="https://caniuse.com/#feat=svg-img">SVG in HTML img element</a> and <a href="https://caniuse.com/#feat=svg-html5">Inline SVG in HTML5</a> from caniuse.com.  <a href="http://www.hongkiat.com/blog/test-svg-format-browser-engines/">Testing SVG support across browser engines</a> explores support by the engines used in various browsers on a test SVG file using elements that artists are likely to use.</p>
			<p>SVG images can be uploaded to Wikipedia, but are converted to PNG files in various sizes for display. <a href="https://commons.wikimedia.org/wiki/Help:SVG#librsvg">Help:SVG for Wikimedia Commons</a> indicates that the rendering library <a href="https://en.wikipedia.org/wiki/Librsvg">librsvg</a> is used by MediaWiki to rasterize SVG files into <fddLink id="fdd000153">PNG</fddLink> bitmap files for serving to Wikimedia and Wikipedia pages. One reason for the conversion to PNG is that rendering an SVG in real-time slows down older computers or operating systems.  This process eliminates any animation or interactivity. Mediawiki description pages (e.g., <a href="https://commons.wikimedia.org/wiki/File:SVG_logo.svg">https://commons.wikimedia.org/wiki/File:SVG_logo.svg</a>) provide access to the source SVG image.</p>
			<p>Over the years, SVG has stimulated great enthusiasm in users and groups.  See <a href="#useful">Useful references</a> below, including for archived captures of the LearnSVG and svg.org sites, which are no longer online. An international conference devoted to SVG (initially called <i>SVG Open,</i> and later <i>The Graphical Web</i>) was held every year between 2002 and 2016 (with the exception of 2006).  See the <a href="https://web.archive.org/web/20170118131853/http://graphicalweb.org/2015/index.shtml#archive">conference archive</a>.</p>
			<p>See also <fddLink id="fdd000515">SVG_family</fddLink>.</p>
		</fdd:adoption>
		<fdd:licensingAndPatents>No special issues.  After publication of the first edition of SVG 1.1, the SVG Working Group was not aware of any royalty-bearing patents they believe to be essential to SVG.</fdd:licensingAndPatents>
		<fdd:transparency>Based on XML, hence inherently transparent.
		</fdd:transparency>
		<fdd:selfDocumentation>Includes &lt;metadata&gt; element designed to hold elements from other XML namespaces.  Hence an SVG file can contain rich descriptive or administrative metadata using any other DTD.</fdd:selfDocumentation>
		<fdd:externalDependencies>None
		</fdd:externalDependencies>
		<fdd:techProtection>None
		</fdd:techProtection>
	</fdd:sustainabilityFactors>
	<fdd:qualityAndFunctionalityFactors>
		<fdd:stillImageQF>
			<fdd:normalImage>Good support.</fdd:normalImage>
			<fdd:clarity>
				<p>The intent of SVG is for images to be inherently scalable.  The specification supports optional settings for rendering hints: <i>crispEdges</i> and <i>geometricPrecision</i>.</p>
				<p>Color properties in SVG 1.1 are expected to be defined using a CSS2-compatible specification for a color in the sRGB color space, using either a keyword or numerical RGB specification.  For the numerical specification, see <a href="https://www.w3.org/TR/2011/REC-CSS2-20110607/syndata.html#color-units">4.3.6 Colors</a> in the CSS2 specification.  The SVG 1.1 specification includes a more extensive <a href="https://www.w3.org/TR/SVG11/single-page.html#types-ColorKeywords">list of recognized color keywords</a> than CSS2.</p>
			</fdd:clarity>
			<fdd:colorMaint>SVG content can specify an alternate color specification using a profile as defined by the <a href="http://www.color.org/">International Color Consortium (ICC)</a>.  See the <a href="http://www.color.org/ICC1v42_2006-05.pdf">ICC Profile Format Specification. ICC.1:2004-10</a>.  If ICC-based colors are provided and the SVG user agent supports ICC color, then the ICC-based color takes precedence over the sRGB color specification.  See <a href="https://www.w3.org/TR/SVG11/single-page.html#painting-SpecifyingPaint">11.2 Specifying paint</a> in the SVG 1.1 specification.</fdd:colorMaint>
			<fdd:graphics>Rich support.</fdd:graphics>
			<fdd:multispectral>Not applicable.</fdd:multispectral>
			<fdd:beyondImage>Support for animations.  Text in alternate languages for labels, etc.</fdd:beyondImage>
		</fdd:stillImageQF>
	</fdd:qualityAndFunctionalityFactors>
	<fdd:fileTypeSignifiers>
		<fdd:signifiersGroup>
			<fdd:filenameExtension>
				<fdd:sigValues>
					<fdd:sigValue>svg</fdd:sigValue>
				</fdd:sigValues>
			</fdd:filenameExtension>
			<fdd:internetMediaType>
				<fdd:sigValues>
					<fdd:sigValue>image/svg+xml</fdd:sigValue>
				</fdd:sigValues>
				<fdd:note>Registration is in <a href="https://www.w3.org/TR/SVG11/mimereg.html">Appendix P</a> of the SVG 1.1 specification.  Used as example in IETF <a href="https://tools.ietf.org/html/rfc3023">RFC 3023: XML Media Types</a>.</fdd:note>
			</fdd:internetMediaType>
			<fdd:internetMediaType>
				<fdd:sigValues>
					<fdd:sigValue>image/svg-xml</fdd:sigValue>
				</fdd:sigValues>
				<fdd:note>Found in practice, probably because usage of SVG files on the web began before IETF published <a href="https://tools.ietf.org/html/rfc3023">RFC 3023: XML Media Types</a>.  See <a href="https://docs.microsoft.com/en-us/archive/msdn-magazine/2003/july/build-xml-based-images-in-asp-net-using-scalable-vector-graphics">Build Flexible, Lightweight XML-Based Images for ASP.NET Using Scalable Vector Graphics</a> from Microsoft&apos;s MSDN Magazine, July 2003, which uses this media type in examples.</fdd:note>
			</fdd:internetMediaType>
			<fdd:magicNumbers>
				<fdd:sigValueNA>See note.</fdd:sigValueNA>
				<fdd:note>None specified in <a href="https://www.w3.org/TR/SVG11/mimereg.html">Appendix P: Media Type Registration for image/svg+xml</a>. A typical SVG 1.1 stand-alone file begins with <i>&lt;?xml version=&quot;1.0&quot; standalone=&quot;no&quot;?&gt;</i> followed by a DOCTYPE declaration that includes the string <i>PUBLIC &quot;-//W3C//DTD SVG 1.1//EN&quot;</i>. Note that case is not significant in this string.</fdd:note>
			</fdd:magicNumbers>
			<fdd:other>
				<fdd:tag>XML DOCTYPE declaration</fdd:tag>
				<fdd:values>
					<fdd:sigValues>
						<fdd:sigValue>&lt;!DOCTYPE svg PUBLIC &quot;-//W3C//DTD SVG 1.1//EN&quot;  &quot;http://www.w3.org/Graphics/SVG/1.1/DTD/svg11.dtd&quot;&gt;</fdd:sigValue>
					</fdd:sigValues>
					<fdd:note>For SVG 1.1, a conforming stand-alone file should have a document type declaration before the mandatory root <i>&lt;svg&gt;</i> tag.  The declaration must include the string <i>PUBLIC &quot;-//W3C//DTD SVG 1.1//EN&quot;</i>. Note that case is not significant in this string.</fdd:note>
				</fdd:values>
			</fdd:other>
			<fdd:other>
				<fdd:tag>Pronom PUID</fdd:tag>
				<fdd:values>
					<fdd:sigValues>
						<fdd:sigValue>fmt/92</fdd:sigValue>
					</fdd:sigValues>
					<fdd:note>See <a href="http://www.nationalarchives.gov.uk/PRONOM/fmt/92">http://www.nationalarchives.gov.uk/PRONOM/fmt/92</a>.</fdd:note>
				</fdd:values>
			</fdd:other>
			<fdd:other>
				<fdd:tag>Wikidata Title ID</fdd:tag>
				<fdd:values>
					<fdd:sigValues>
						<fdd:sigValue>Q2078</fdd:sigValue>
					</fdd:sigValues>
					<fdd:note>No version declared. See <a href="https://www.wikidata.org/wiki/Q2078">https://www.wikidata.org/wiki/Q2078</a>.
					</fdd:note>
				</fdd:values>
			</fdd:other>
		</fdd:signifiersGroup>
	</fdd:fileTypeSignifiers>
	<fdd:notes>
		<fdd:general>
			<p>See <fddLink id="fdd000515">SVG_family</fddLink>.</p>
		</fdd:general>
		<fdd:history>
			<p>See <fddLink id="fdd000515">SVG_family</fddLink>
			</p>
		</fdd:history>
	</fdd:notes>
	<fdd:formatSpecifications>
		<fdd:urls>
			<fdd:url>
				<fdd:urlReference>
					<link>http://www.w3.org/TR/SVG11/</link>
					<tag>Scalable Vector Graphics (SVG) 1.1 (Second Edition)</tag>
					<comment>Multi-page HTML presentation</comment>
				</fdd:urlReference>
			</fdd:url>
			<fdd:url>
				<fdd:urlReference>
					<link>https://www.w3.org/TR/SVG11/single-page.html</link>
					<tag>Single page view of Scalable Vector Graphics (SVG) 1.1 (Second Edition)</tag>
				</fdd:urlReference>
			</fdd:url>
			<fdd:url>
				<fdd:urlReference>
					<link>https://www.w3.org/Graphics/SVG/1.1/DTD/svg11-flat-20110816.dtd</link>
					<tag>SVG 1.1 DTD</tag>
				</fdd:urlReference>
			</fdd:url>
			<fdd:url>
				<fdd:urlReference>
					<link>http://www.w3.org/TR/SVG/animate</link>
					<tag>W3C SVG animation specifications</tag>
				</fdd:urlReference>
			</fdd:url>
		</fdd:urls>
	</fdd:formatSpecifications>
	<fdd:usefulReferences>
		<fdd:urls>
			<fdd:url>
				<fdd:urlGroup>
					<fdd:intro>Resources from W3C related to SVG.</fdd:intro>
					<fdd:urlList>
						<fdd:urlReference>
							<link>http://www.w3.org/Graphics/SVG/</link>
							<tag>Scalable Vector Graphics (SVG)</tag>
							<comment>Hub page for W3C SVG activities</comment>
						</fdd:urlReference>
						<fdd:urlReference>
							<link>http://www.w3.org/TR/SVG12/</link>
							<tag>2005 working draft of Scalable Vector Graphics (SVG) 1.2 Specification</tag>
							<comment>Work on SVG 1.2 Full appears to have been abandoned soon after this.</comment>
						</fdd:urlReference>
						<fdd:urlReference>
							<link>https://www.w3.org/TR/2003/REC-SVGMobile-20030114/</link>
							<tag>Mobile SVG Profiles: SVG Tiny and SVG Basic.  W3C Recommendation 14 January 2003</tag>
							<comment>Initial profiles of SVG suited to displaying vector graphics on small devices.  Edited in place 15 June 2009</comment>
						</fdd:urlReference>
						<fdd:urlReference>
							<link>http://www.w3.org/TR/SVGMobile12/</link>
							<tag>Scalable Vector Graphics (SVG) Tiny 1.2 Specification, W3C Recommendation 22 December 2008</tag>
							<comment>A profile of SVG suited both to small devices and personal computers.  </comment>
						</fdd:urlReference>
						<fdd:urlReference>
							<link>https://www.w3.org/2002/Talks/www2002-svgtut-ih/hwtut.pdf</link>
							<tag>SVG Tutorial (2002) | by David Duce, Ivan Herman, Bob Hopgood</tag>
						</fdd:urlReference>
						<fdd:urlReference>
							<link>https://www.w3.org/Graphics/SVG/WG/wiki/SVG2_Requirements_Input</link>
							<tag>SVG2 Requirements Input | from W3C</tag>
							<comment>Includes discussion and records working group decisions, with links to minutes as appropriate.  Only one change since July 2012.</comment>
						</fdd:urlReference>
					</fdd:urlList>
				</fdd:urlGroup>
			</fdd:url>
			<fdd:url>
				<fdd:urlReference>
					<link>https://en.wikipedia.org/wiki/Scalable_Vector_Graphics</link>
					<tag>Wikipedia article on Scalable Vector Graphics</tag>
				</fdd:urlReference>
			</fdd:url>
			<fdd:url>
				<fdd:urlReference>
					<link>https://en.wikipedia.org/wiki/SVG_animation</link>
					<tag>Wikipedia article on SVG Animation</tag>
				</fdd:urlReference>
			</fdd:url>
			<fdd:url>
				<fdd:urlGroup>
					<fdd:intro>Svg.org was launched in February 2003 with a news post saying, &quot;This website will aim, across the coming months, at becoming a central place for the SVG community and for you to share your experience and expertise. Here you will find user journals, an SVG news page, SVG tutorials and articles.&quot;  By February 8, 2012, the site was inactive.   Links below are to selected pages archived by the Internet Archive.</fdd:intro>
					<fdd:urlList>
						<fdd:urlReference>
							<link>https://web.archive.org/web/20030319180729/http://www.svg.org/</link>
							<tag>First capture of svg.org home page | as of March 3, 2003</tag>
						</fdd:urlReference>
						<fdd:urlReference>
							<link>http://web.archive.org/web/20030503135139/http://www.svg.org/wiki/</link>
							<tag>svg.org wiki:Front Page | as of May 2003</tag>
						</fdd:urlReference>
						<fdd:urlReference>
							<link>http://web.archive.org/web/20100208221439/http://www.svg.org/</link>
							<tag>Home page of svg.org | as of February 2010</tag>
						</fdd:urlReference>
					</fdd:urlList>
				</fdd:urlGroup>
			</fdd:url>
			<fdd:url>
				<fdd:urlGroup>
					<fdd:intro>LearnSVG (offline as of early 2020) was a site with links to tutorials and other resources related to SVG.  The initial site (first archived by the Internet Archive in 2003) was based on the content of the book &quot;Learn SVG – The Web Graphics Standard&quot; by Jon Frost, Stefan Goessner and Michel Hirtzler.</fdd:intro>
					<fdd:urlList>
						<fdd:urlReference>
							<link>https://web.archive.org/web/20030722112937/http://learnsvg.com/</link>
							<tag>LearnSVG site as of July 2003</tag>
							<comment>Has outline and extracts of chapters from the LearnSVG book.</comment>
						</fdd:urlReference>
						<fdd:urlReference>
							<link>https://web.archive.org/web/20160324001146/http://www.learnsvg.com/</link>
							<tag>LearnSVG site as of March 2016</tag>
							<comment>The front page was now a rich menu of links to resources related to SVG.</comment>
						</fdd:urlReference>
						<fdd:urlReference>
							<link>https://www.codeproject.com/Articles/5485/Learn-SVG-The-Web-Graphics-Standard</link>
							<tag>Learn SVG: The Web Graphics Standard - Chapter 7</tag>
						</fdd:urlReference>
					</fdd:urlList>
				</fdd:urlGroup>
			</fdd:url>
			<fdd:url>
				<fdd:urlGroup>
					<fdd:intro>Selected individual posts or resources with examples of creative uses of SVG.</fdd:intro>
					<fdd:urlList>
						<fdd:urlReference>
							<link>https://www.madebymike.com.au/writing/svg-has-more-potential/</link>
							<tag>SVG has more potential (September 2016) | from MadeByMike</tag>
						</fdd:urlReference>
						<fdd:urlReference>
							<link>http://svg-wow.org/index.html</link>
							<tag>SVG-WOW | gallery of SVG examples</tag>
						</fdd:urlReference>
						<fdd:urlReference>
							<link>https://old.carto.net/</link>
							<tag>OLD.carto.net</tag>
							<comment>Website (with content in English and German) devoted to cartography. This section (no longer maintained) focused on the use of SVG for mapping applications.</comment>
						</fdd:urlReference>
					</fdd:urlList>
				</fdd:urlGroup>
			</fdd:url>
			<fdd:url>
				<fdd:urlGroup>
					<fdd:intro>Security concerns related to SVG images</fdd:intro>
					<fdd:urlList>
						<fdd:urlReference>
							<link>https://madfileformatscience.garymcgath.com/2016/12/02/more-svg-risks/</link>
							<tag>More on SVG risks (December 2016) | from Mad File Format Science</tag>
							<comment>Refers to previous post on SVG risk from cross-scripting and the article listed immediately below</comment>
						</fdd:urlReference>
						<fdd:urlReference>
							<link>https://www.ei.ruhr-uni-bochum.de/media/hgi/veroeffentlichungen/2011/10/19/svgSecurity-ccs11.pdf</link>
							<tag>Crouching Tiger – Hidden Payload:Security Risks of Scalable Vectors Graphics (2011)</tag>
						</fdd:urlReference>
					</fdd:urlList>
				</fdd:urlGroup>
			</fdd:url>
			<fdd:url>
				<fdd:urlReference>
					<link>https://www.w3schools.com/graphics/svg_intro.asp</link>
					<tag>SVG Tutorial | from w3schools.com</tag>
				</fdd:urlReference>
			</fdd:url>
			<fdd:url>
				<fdd:urlGroup>
					<fdd:intro>Adobe Systems has been actively involved in the development of SVG and supports SVG in several products.</fdd:intro>
					<fdd:urlList>
						<fdd:urlReference>
							<link>https://helpx.adobe.com/illustrator/how-to/export-svg.html</link>
							<tag>Export high-quality, optimized SVG | from Help files for Adobe Illustrator</tag>
						</fdd:urlReference>
						<fdd:urlReference>
							<link>https://helpx.adobe.com/illustrator/using/saving-artwork.html#save_in_svg_format</link>
							<tag>Save in SVG format  | from Help files for Adobe Illustrator.</tag>
						</fdd:urlReference>
						<fdd:urlReference>
							<link>https://web.archive.org/web/20121130224658/http://www.adobe.com/devnet/svg.html</link>
							<tag>Adobe SVG Developer Center | as of November 2012</tag>
							<comment>Link via Internet Archive</comment>
						</fdd:urlReference>
					</fdd:urlList>
				</fdd:urlGroup>
			</fdd:url>
			<fdd:url>
				<fdd:urlGroup>
					<fdd:intro>The Apache Batik project has been involved with SVG since the beginning.</fdd:intro>
					<fdd:urlList>
						<fdd:urlReference>
							<link>https://web.archive.org/web/20011022035355/http://xml.apache.org/batik/index.html</link>
						</fdd:urlReference>
						<fdd:urlReference>
							<link>https://web.archive.org/web/20050507104134/http://xml.apache.org/batik/index.html</link>
						</fdd:urlReference>
						<fdd:urlReference>
							<link>https://www.xml.com/pub/a/2002/02/27/batik/index.html</link>
							<tag>Server Side SVG (February 27, 2002) | by J. David Eisenberg</tag>
							<comment>&quot;SVG tools aren&apos;t just for the client side: find out how the Apache Batik toolkit can enable your web server to SVG on the fly, providing fallback to JPEG or PNG images for browsers without SVG support.&quot;</comment>
						</fdd:urlReference>
					</fdd:urlList>
				</fdd:urlGroup>
			</fdd:url>
			<fdd:url>
				<fdd:urlReference>
					<link>http://tavmjong.free.fr/INKSCAPE/MANUAL/html/Web.html</link>
					<tag>SVG and the Web, Chapter 23 of Inkscape: Guide to a Vector Drawing Program</tag>
				</fdd:urlReference>
			</fdd:url>
			<fdd:url>
				<fdd:urlGroup>
					<fdd:intro>Resources related to support for SVG 1.1 in browsers and browser engines.</fdd:intro>
					<fdd:urlList>
						<fdd:urlReference>
							<link>https://caniuse.com/#feat=svg-img</link>
							<tag>Can I Use | Analysis of browser support for SVG in HTML img element</tag>
						</fdd:urlReference>
						<fdd:urlReference>
							<link>https://caniuse.com/#feat=svg-html5</link>
							<tag>Can I Use | Analysis of browser support for Inline SVG in HTML5</tag>
						</fdd:urlReference>
						<fdd:urlReference>
							<link>http://caniuse.com/#cats=SVG</link>
							<tag>Can I Use | Analysis of browser support for a variety of SVG features</tag>
						</fdd:urlReference>
						<fdd:urlReference>
							<link>http://www.hongkiat.com/blog/test-svg-format-browser-engines/</link>
							<tag>Testing SVG Support Across Web Browser Engines [Case Study]</tag>
							<comment>Based on a &quot;testing picture focusing on elements that artists are most likely to use.&quot;  As of March 2020, this was last updated in July 2019.</comment>
						</fdd:urlReference>
						<fdd:urlReference>
							<link>https://psdtowp.net/svg.html</link>
							<tag>Scalable Vector Graphics Infographic (late 2014)</tag>
							<comment>Includes information on support in browsers, on mobile devices, etc.</comment>
						</fdd:urlReference>
					</fdd:urlList>
				</fdd:urlGroup>
			</fdd:url>
			<fdd:url>
				<fdd:urlReference>
					<link>http://www.ietf.org/rfc/rfc3023.txt</link>
					<tag>XML Media Types</tag>
					<comment>Section 8.19 concerns SVG.</comment>
				</fdd:urlReference>
			</fdd:url>
			<fdd:url>
				<fdd:urlReference>
					<link>http://www.color.org/</link>
					<tag>International Color Consortium</tag>
				</fdd:urlReference>
			</fdd:url>
			<fdd:url>
				<fdd:urlReference>
					<link>http://www.color.org/ICC1v42_2006-05.pdf</link>
					<tag>Specification ICC.1:2004-10, File Format for Color Profiles, Profile Version 4.2.0.0</tag>
					<comment>Normative reference for SVG 1.1 (Second edition).  First edition cited the 1998 ICC Spec. with a 1999 amendment.</comment>
				</fdd:urlReference>
			</fdd:url>
			<fdd:url>
				<fdd:urlReference>
					<link>http://www.nationalarchives.gov.uk/pronom/fmt/92</link>
					<tag>PRONOM entry for fmt/92</tag>
					<comment>Information in PRONOM from UK National Archives about SVG (1.1). PUID: fmt/92.</comment>
				</fdd:urlReference>
			</fdd:url>
			<fdd:url>
				<fdd:urlReference>
					<link>https://www.wikidata.org/wiki/Q2078</link>
					<tag>Wikidata entry for Q2078</tag>
					<comment>Information in Wikidata about Scalable Vector Graphics, no version declared. Wikidata Title ID: Q2078.</comment>
				</fdd:urlReference>
			</fdd:url>
			<fdd:url>
				<fdd:urlGroup>
					<fdd:intro>See also <fddLink id="fdd000515">SVG_family</fddLink>.</fdd:intro>
				</fdd:urlGroup>
			</fdd:url>
		</fdd:urls>
	</fdd:usefulReferences>
</fdd:FDD>
