<?xml version="1.0" encoding="UTF-8"?>
<fdd:FDD id="fdd000472" titleName="Mobipocket File Format" shortName="MOBI" xmlns:xsi="http://www.w3.org/2001/XMLSchema-instance" xmlns:fdd="http://www.loc.gov/preservation/digital/formats/schemas/fdd/v1" xsi:schemaLocation="http://www.loc.gov/preservation/digital/formats/schemas/fdd/v1 http://www.loc.gov/preservation/digital/formats/schemas/fdd/v1/fdd-v1-1.xsd">
	<fdd:properties>
		<fdd:gdfrGenreSelection>
			<fdd:gdfrGenre>text</fdd:gdfrGenre>
		</fdd:gdfrGenreSelection>
		<fdd:formatCategories>
			<fdd:category>file-format</fdd:category>
		</fdd:formatCategories>
		<fdd:gdfrComposition>unitary</fdd:gdfrComposition>
		<fdd:gdfrForm>text</fdd:gdfrForm>
		<fdd:gdfrConstraint>structured</fdd:gdfrConstraint>
		<fdd:gdfrBasis>symbolic</fdd:gdfrBasis>
		<fdd:gdfrDomains>
			<fdd:gdfrDomain>
				<fdd:value>other</fdd:value>
				<fdd:comment>ebook</fdd:comment>
			</fdd:gdfrDomain>
		</fdd:gdfrDomains>
		<fdd:updates>
			<fdd:date>2019-02-20</fdd:date>
		</fdd:updates>
		<fdd:draftStatus>Full</fdd:draftStatus>
	</fdd:properties>
	<fdd:identificationAndDescription>
		<fdd:fullName>Mobipocket File Format</fdd:fullName>
		<fdd:keywords>
			<fdd:keyword>document formats</fdd:keyword>
			<fdd:keyword>ebook formats</fdd:keyword>
		</fdd:keywords>
		<fdd:description>
			<p>The Mobipocket file format (originally with extension .prc and later .mobi) is a proprietary, partially documented, binary format for ebooks.  It was introduced by Mobipocket SA in 2000 as a binary format for the distribution of ebooks as reflowable text and thus usable on devices of different sizes, including handheld devices.  Mobipocket SA, which offered a <a href="https://web.archive.org/web/20000818141000/http://www.mobipocket.com/en/HomePage/default.asp">service for distributing ebooks</a> based on the Mobipocket file format, was acquired by Amazon in 2005.  In association with the launch of the Kindle in 2007, Amazon continued to use the format, with the .mobi extension, for use in its digital publishing services and developed tools to support its use in publishing workflows.  The features Amazon added to the format were not documented, but the tools were widely used and other ebook distributors supported it.  Files with the .mobi extension appear to have been the primary means of uploading ebooks for publication through Amazon until 2017.  In 2017, Amazon formally introduced new &quot;Kindle Create&quot; tools to its <a href="https://kdp.amazon.com/en_US/help/topic/G200735480">Kindle Direct Publishing</a> service.  The new tools do not use a file with the .mobi extension.</p>
			<p>The Mobipocket file format, initially referred to as the <a href="https://web.archive.org/web/20001018221924/http://www.mobipocket.com/en/Support/Help_Publisher_xdocprc.asp">XDOC PRC</a> format, is based on a format, known as PRC, in use in 2000 for documents on Palm Personal Digital Assistants (PDAs).  Mobipocket, and later Amazon, essentially used PRC as a binary wrapper for content complying to the Open eBook Publication Structure (<fddLink id="fdd000054">OeBPS</fddLink>) standard and its successor EPUB formats, through <fddLink id="fdd000308">EPUB 3</fddLink>.  A document in one of these source formats comprises a cluster of files: one or more HTML files for the book&apos;s textual content, optional image files, and a mandatory &quot;OPF&quot; document in XML that provides a manifest for all the component files in the package and other data to support presentation of a table of contents and publication metadata.</p>
			<p>Mobipocket and, later, Amazon provided free tools for authors and publishers to compile the source OeBPS (aka OPF) or EPUB into the binary wrapper, with options for compression, encryption, and digital rights management (DRM).  The process also included optimization of the packaged file for faster performance on reading devices and indexing to enable search features.  The companies provided user guides but no documentation on the format of the output .prc or .mobi file.  Although the format continued to be based on the same wrapper, the internal details changed over time and varied according to which tool was used to create the file.  The most significant tools are listed below. The initial link provided for each tool is to a web page as it appeared shortly after release of the tool.</p>
			<ul>
				<li>
					<a href="https://web.archive.org/web/20040912030323/http://www.mobipocket.com:80/en/DownloadSoft/default.asp">Mobipocket Creator</a>, from Mobipocket site:  Mobipocket Creator allowed authors and publishers to compile source documents in the OeBPS/OPF format into the Mobipocket binary format.  The text markup supported in the source OeBPS document corresponded roughly to <fddLink id="fdd000478">HTML 3.2</fddLink>.  Mobipocket documented the <a href="https://web.archive.org/web/20050207020441/http://www.mobipocket.com/dev/article.asp?BaseFolder=prcgen&amp;File=TagRef_OEB.htm">Open eBook HTML tags</a> supported in Mobipocket files.  In October 2000, Mobipocket Publisher (a predecessor to Creator) was available online; see <a href="https://web.archive.org/web/20001018183928/http://www.mobipocket.com/en/Support/Help_Publisher_getstart.asp">Publisher Support: Getting Started</a>.  Starting in 2004, Mobipocket Creator was published in editions for Home use and for Publishers.  In 2004, the <a href="https://web.archive.org/web/20040911033429/http://www.mobipocket.com/en/DownloadSoft/ProductDetailsPublisher.asp">publishers&apos; edition</a> supported import of text from various sources, including Microsoft&apos;s <fddLink id="fdd000473">RTF</fddLink>, which would be converted into a file complying with the OeBPS/OPF package file specification.  Later versions incorporated conversion from additional formats, including PDF, likely based on <fddLink id="fdd000123">PDF 1.5</fddLink> or <fddLink id="fdd000276">PDF 1.6</fddLink>.  <a href="https://web.archive.org/web/20040911033429/http://www.mobipocket.com/en/DownloadSoft/ProductDetailsPublisher.asp">Mobipocket Creator 4.0</a> was available online in September 2004, <a href="https://web.archive.org/web/20061114001620/http://www.mobipocket.com/en/DownloadSoft/ProductDetailsCreator.asp">Mobipocket Creator 4.1</a> in September 2006, and <a href="https://web.archive.org/web/20061208184706/http://www.mobipocket.com:80/en/DownloadSoft/ProductDetailsCreator.asp">Mobipocket Creator 4.2</a> from December 2006 until late 2016.  In February 2019, according to <a href="https://kdp.amazon.com/en_US/help/topic/G200634390">Supported eBook Formats</a> on the Kindle Direct Publishing site, &quot;MOBI (.prc) files created with the legacy program MobiPocket Creator are no longer supported.&quot;</li>
				<li>
					<a href="https://web.archive.org/web/20061114003815/http://www.mobipocket.com/dev/article.asp?BaseFolder=prcgen&amp;File=building.htm#tools">Mobigen</a>, from Mobipocket site: Mobigen and its predecessor, PRCgen, were command line tools that allowed a Mobipocket ebook to be built from an OeBPS/OPF or EPUB file or a single HTML file, with the intent that it be usable by developers or advanced users in publication workflows. PRCgen was available for download as early as late 2005 and supported import of OeBPS publications.  Mobigen was introduced in late 2006.  By April 2008, Mobigen was described as supporting import of &quot;IDPF 1.0 and IDPF 2.0 epub format.&quot;  By March 2010, Mobigen had been replaced by KindleGen.</li>
				<li>
					<a href="https://web.archive.org/web/20100301061303/http://www.amazon.com:80/gp/feature.html?ie=UTF8&amp;docId=1000234621">KindleGen</a>, from Amazon website:  KindleGen was introduced in early 2010.  KindleGen 2 was introduced in late 2011 and still used the .mobi extension for files it created even though the files incorporate both a Mobipocket version, sometimes called KF7, and a new <a href="https://web.archive.org/web/20120114010346/http://www.amazon.com/gp/feature.html?ie=UTF8&amp;docId=1000729511">Kindle Format 8</a> (KF8) format inside the same file. Amazon has not provided full documentation for this updated binary format.  <a href="https://github.com/kevinhendricks/KindleUnpack">KindleUnpack</a>, a tool based on reverse engineering documented at <a href="https://wiki.mobileread.com/wiki/MOBI">MOBI</a> on the MobileRead Wiki, calls these files generated by KindleGen 2.x &quot;combination mobis.&quot;  KF8, introduced with the Kindle Fire reader in 2011, uses an <a href="https://web.archive.org/web/20111029161031/http://www.amazon.com:80/gp/feature.html?ie=UTF8&amp;docId=1000729511">updated source format</a>, taking advantage of <fddLink id="fdd000481">HTML 5</fddLink> and <fddLink id="fdd000308">EPUB 3</fddLink>.  Like Mobipocket, Amazon has documented the <a href="https://web.archive.org/web/20120128190512/http://www.amazon.com/gp/feature.html?ie=UTF8&amp;docId=1000729901">HTML tags it supports</a> as markup in source text.  As of early 2019, Amazon&apos;s <a href="https://www.amazon.com/gp/feature.html/?docId=1000765211">KindleGen page</a> is still online and provides access to KindleGen 2.9, but KindleGen is not mentioned on the revamped <a href="https://kdp.amazon.com/">Kindle Direct Publishing</a> site that was introduced in 2017.  See <a href="https://wiki.mobileread.com/wiki/AZW">AZW entry on MobileRead Wiki</a> for more detail on KF7, KF8, and related Amazon formats used for Kindle publications.</li>
				<li>
					<a href="https://web.archive.org/web/20170919051256/https://www.amazon.com/gp/feature.html?docId=1003018611">Kindle Previewer 3</a>, from Amazon website:  This version of Kindle Previewer was introduced in September 2017 and took over some of KindleGen&apos;s functionality, in particular, offering the ability to export a .mobi file, which would not take advantage of new &quot;enhanced type-setting&quot; features.</li>
			</ul>
			<p>For more on the history of the Mobipocket format, see <a href="#notes">History Notes</a> and a sequence of web page captures by the Internet Archive from Mobipocket and Amazon websites.</p>
			<p>The bottom line is that the exact form of files with the .mobi extension will vary according to the tools used to create them and the options chosen.  Some workflows will have used .mobi as a distribution format for end users.  In other workflows, it will have been an exchange format used by an author or publisher to submit ebooks to Amazon.  Tools based on reverse engineering, such as KindleUnpack and Calibre, are able to identify different variants and extract the component parts from .mobi files without technical protection.  Distributors of free ebooks for public domain, out-of-copyright, or promotional books have adopted the format, perhaps because it is easy to use KindleGen in a workflow that creates a .mobi file automatically from an EPUB file and thus makes content available for a wide variety of readers. For example, the Internet Archive has scanned out-of-copyright books for many libraries and makes them accessible in a number of formats, including EPUB and .mobi (labeled as Kindle).  According to <a href="https://blog.archive.org/2016/04/14/upcoming-changes-in-epub-generation/">Upcoming changes in epub generation</a>, a blog post from April 2015, the EPUBs are now generated on-the-fly from OCR output for the scanned pages and the .mobi (Kindle) files are also generated on the fly.  For an example, see &quot;Bank Robbers&quot; at <a href="https://archive.org/details/bankrobbers00grif/">https://archive.org/details/bankrobbers00grif/</a>; metadata extracted from its Kindle .mobi file indicates that it was produced by KindleGen 1.0.  An example from Project Gutenberg at <a href="http://www.gutenberg.org/ebooks/58853">http://www.gutenberg.org/ebooks/58853</a> is available as a Kindle file that is a combination .mobi file, with metadata indicating that it was generated by KindleGen 2.9.</p>
			<p>Common to all .mobi files is the header structure.  The file starts with a 16-byte header with basic information needed to open the file, such as codes for compression and encryption schemes applied.  Reverse engineering (see <a href="https://wiki.mobileread.com/wiki/MOBI">MOBI</a> on MobileRead Wiki) has revealed that this is followed by what is referred to as Record 0, which comprises a MOBI header, an optional EXTH header, followed by the full title of the ebook.  Record 0 is followed by all the rest of the content, starting with the basic mobipocket data usable by all readers. In the context of combination .mobi files, this basic content is sometimes referred to as KF7 (to distinguish from KF8) or Mobi 6 (because 6 is the version of Mobi declared in the actual combination .mobi file).  If the file is a combination .mobi, the data for KF8 and any other optional content will follow.  Any reader that only understands the older, basic format will simply ignore the later data.</p>
			<p>See the British Library&apos;s <a href="http://wiki.dpconline.org/images/4/4c/Mobipocket_Assessment_v1.pdf">Mobipocket Format Preservation Assessment</a>, released initially in February 2018, for an assessment of the Mobipocket file format with regard to long-term preservation risks and the practicalities of preserving data in the format.</p>
		</fdd:description>
		<fdd:shortDescription>a proprietary, partially documented, widely used, binary format for ebooks.  Introduced by Mobipocket SA in 2000 as a binary format for distribution of ebooks as reflowable text, thus convenient for reading on devices of different sizes.  Mobipocket SA was acquired by Amazon in 2005. Amazon extended and used the format for its Kindle devices.   As of early 2019, all generations of Kindle readers can read .mobi files if not protected by DRM.</fdd:shortDescription>
		<fdd:productionPhase>Originally a final-state format for distribution of ebooks (often with DRM or password protection) to end users.  Later used as a middle-state format for preparing ebooks for Amazon&apos;s Kindle Publishing service.  These files with the .mobi extension would include the same content in more than one version.  End-users downloading from Amazon would receive an ebook in the most appropriate format for their Kindle device.</fdd:productionPhase>
		<fdd:relationships>
			<fdd:relationship>
				<fdd:typeOfRelationship>Modification of</fdd:typeOfRelationship>
				<fdd:comment>DOC file format for <a href="https://en.wikipedia.org/wiki/Palm_(PDA)">Palm Personal Digital Assistant</a>, not described at this website at this time.  See <a href="#specs">Format Specifications</a> below.</fdd:comment>
			</fdd:relationship>
			<fdd:relationship>
				<fdd:typeOfRelationship>May contain</fdd:typeOfRelationship>
				<fdd:relatedTo>
					<fdd:id>fdd000054</fdd:id>
					<fdd:shortName>OeBPS 1.0</fdd:shortName>
					<fdd:titleName>OeBPS (Open Ebook Forum Publication Structure) 1.0</fdd:titleName>
				</fdd:relatedTo>
				<fdd:comment>Content from an Open Ebook Publication may have been compiled into the binary Mobipocket format with either .prc or .mobi extension.</fdd:comment>
			</fdd:relationship>
			<fdd:relationship>
				<fdd:typeOfRelationship>May contain</fdd:typeOfRelationship>
				<fdd:relatedTo>
					<fdd:id>fdd000308</fdd:id>
					<fdd:shortName>EPUB 3</fdd:shortName>
				</fdd:relatedTo>
				<fdd:comment>Content in any chronological version of EPUB through EPUB 3 may have been compiled into a Mobipocket file with .mobi extension.</fdd:comment>
			</fdd:relationship>
		</fdd:relationships>
	</fdd:identificationAndDescription>
	<fdd:localUse>
		<fdd:experience>As of early 2019, the Library of Congress has approximately 23,000 .mobi files created when books (mainly out-of-copyright) were digitized for the Library by the Internet Archive.  These files were generated automatically via EPUB files, themselves generated from OCR of scanned page images.  The Library does not currently provide direct access to these .mobi files; instead its catalog records link to the Internet Archive where a .mobi download (created on the fly from OCR output) is available via the &quot;Kindle&quot; option.  Example: <a href="https://lccn.loc.gov/25003682">https://lccn.loc.gov/25003682</a> with link to <a href="http://hdl.loc.gov/loc.gdc/scd0001.00139838658">http://hdl.loc.gov/loc.gdc/scd0001.00139838658</a>.</fdd:experience>
		<fdd:preference>The Mobipocket format is not included as preferred or acceptable in <a href="https://www.loc.gov/preservation/resources/rfs/textmus.html#digital">Recommended Formats Statement | Textual Works, Digital</a> as of early 2019.  Preferred formats include <fddLink id="fdd000308">EPUB3</fddLink> and <fddLink id="fdd000318">PDF/A</fddLink>.</fdd:preference>
	</fdd:localUse>
	<fdd:sustainabilityFactors>
		<fdd:disclosure>
			<p>The Mobipocket file format was proprietary to Mobipocket SA from 2000 to 2005 and then to Amazon.  The Mobipocket website provided only partial information about the binary format, enough to support publishers of ebooks using its software tools for creating ebooks.  The format was <a href="https://web.archive.org/web/20001018221924/http://www.mobipocket.com/en/Support/Help_Publisher_xdocprc.asp">declared</a> to be based on the PRC format used in the Palm OS.  PRC is a generic container; Mobipocket did not document exactly how its format employed the PRC structure.  Palm provided partial information about its PRC and PDB formats.  Neither Mobipocket nor Palm provided details about the compression or encryption that could be applied, although a <a href="https://web.archive.org/web/20010612062948/http://www.mobipocket.com/en/Support/ppt/MBP_Publisher_US.ppt">2000 presentation for publishers</a> on the Mobipocket site made it clear that these steps were part of the process for creating Mobipocket files.</p>
			<p>Amazon did not provide additional documentation about the binary format after acquiring Mobipocket in 2005 or when it updated the tools to generate combination .mobi files in late 2011.</p>
		</fdd:disclosure>
		<fdd:documentation>
			<p>
				<b>Documentation for binary format:</b>  Minimal public documentation was provided for the binary .mobi file format by either Mobipocket or Amazon.  What documentation existed remained on the Mobipocket site until 2016, including that the binary format was a modified DOC file for the Palm OS used on PALM PDAs.  See <a href="#specs">Format Specifications</a> below for links to very limited documentation from the Mobipocket and Palm OS websites and to information compiled as a result of reverse engineering.</p>
			<p>
				<b>Documentation for source format:</b>  The information provided by Mobipocket in <a href="https://web.archive.org/web/20150906020457/http://www.mobipocket.com/dev/article.asp?BaseFolder=prcgen">Mobipocket file format documentation</a> was mainly about the source content used to derive the binary distribution files and is useful for assessing the functionality that the binary format could support in a reading device.  The source format was based on the <a href="https://web.archive.org/web/20001018211054/http://www.mobipocket.com/en/Support/Help_Publisher_oeb.asp">Open eBook Publication Structure</a>, an open standard (see <fddLink id="fdd000054">OeBPS</fddLink>. Mobipocket documented the <a href="https://web.archive.org/web/20050207020441/http://www.mobipocket.com/dev/article.asp?BaseFolder=prcgen&amp;File=TagRef_OEB.htm">Open eBook HTML tags</a> supported in the format.</p>
			<p>Amazon updated the tools to use various EPUB versions, through <fddLink id="fdd000278">EPUB 3</fddLink>, and provided guidance, including lists of supported HTML tags in, e.g., <a href="https://web.archive.org/web/20071122203627/http://forums.digitaltextplatform.com/dtpforums/entry.jspa?externalID=30&amp;categoryID=11">HTML Tags Supported (from 2007)</a>; <a href="https://web.archive.org/web/20120128190512/http://www.amazon.com/gp/feature.html?ie=UTF8&amp;docId=1000729901">List of supported HTML tags and CSS elements (from 2012)</a>; and <a href="https://web.archive.org/web/20180209183052/https://www.amazon.com/gp/feature.html?ie=UTF8&amp;docId=1000729901">List of supported HTML tags and CSS elements (from 2018)</a>. </p>
		</fdd:documentation>
		<fdd:adoption>
			<p>As of early 2019, all generations of Kindle readers can read .mobi files if not protected by DRM.  However, older Kindles will not necessarily display newer  ebooks as intended by the author/publisher, if recent feature enhancements have been used.  For example, in 2011, Amazon introduced the KF8 format and started including it in combination .mobi files.  KF8 added many new formatting capabilities and allowed embedded fonts.  Kindles from before 2011 may display the book with simpler formatting.</p>
			<p>The Mobipocket file format was a ground-breaking format for ebooks.  As of early 2019, it is typically included in any comparison of ebook formats, along with EPUB and PDF.  See <a href="#useful">Useful References</a> below.</p>
			<p>A widely recommended free tool for opening .mobi files is <a href="https://calibre-ebook.com/">Calibre</a>, an open-source ebook manager with support for viewing, converting, and cataloging ebooks in major ebook formats.  Other free programs that can open .mobi files are listed in <a href="https://www.lifewire.com/what-is-a-mobi-file-2621997">What Is a MOBI File?</a> from LifeWire, including <a href="https://stanza-desktop.en.softonic.com/">Stanza Desktop</a>, <a href="https://www.sumatrapdfreader.org/free-pdf-reader.html">Sumatra PDF</a>, <a href="http://www.mobifilereader.com/">Mobi File Reader</a>, <a href="https://fbreader.org/">FBReader</a>, <a href="https://okular.kde.org/formats.php">Okular</a>, and <a href="https://www.softpedia.com/get/Others/E-Book/Mobipocket-Reader.shtml">Mobipocket Reader</a>.  <a href="https://wiki.mobileread.com/wiki/Mobi_Comparison">MobiComparison</a> from MobileRead Wiki (last updated in 2012) notes that not all readers support all features.  Online converters supporting Mobipocket files include: <a href="https://www.docspal.com/">DocsPal</a>, <a href="https://www.zamzar.com/">Zamzar</a>, and <a href="https://www.aconvert.com/ebook/mobi-to-azw/">AConvert.com</a>.  <a href="https://github.com/kevinhendricks/KindleUnpack">KindleUnpack</a> will unpack most .mobi files created by KindleGen (and without DRM) into its original components, although not with the original filenames, which are lost in the compilation process.</p>
			<p>As of early 2019, Amazon&apos;s <a href="https://www.amazon.com/gp/feature.html/?docId=1000765211">KindleGen page</a> is still online and provides access to KindleGen 2.9.  EPUB editors, such as <a href="https://sigil-ebook.com/">Sigil</a>, which has a <a href="https://www.mobileread.com/forums/showthread.php?t=248629">KindleGen plugin</a>, can be used to prepare .mobi files for submission to Amazon.  Calibre also includes an EPUB editor; see <a href="https://manual.calibre-ebook.com/edit.html">Calibre: Editing e-books</a>.  Some services that offer inexpensive book design support to authors use KindleGen to create combination .mobi files.  For example, see <a href="https://pressbooks.groovehq.com/knowledge_base/topics/testing-your-ebooks">FAQ topic</a> from Pressbooks. </p>
			<p>In its <a href="http://wiki.dpconline.org/images/4/4c/Mobipocket_Assessment_v1.pdf">2018 preservation assessment</a> for the Mobipocket format, the British Library noted, &quot;Few memory institutions appear to be collecting e-books in Mobipocket format at the present time. Most seem to be primarily focused on other formats, such as EPUB or PDF.&quot;  The British Library&apos;s own collection of ebooks received through Non-Print Legal Deposit (NPLD) also consists mainly of <fddLink id="fdd000278">EPUB 2</fddLink> and PDF.</p>
			<p>The Mobipocket format is used as a distribution format by a number of services providing access to ebooks, including the <a href="https://https://archive.org/details/texts">Internet Archive</a>, <a href="https://www.gutenberg.org/">Project Gutenberg</a>, and <a href="https://manybooks.net/">ManyBooks.net</a>.</p>
		</fdd:adoption>
		<fdd:licensingAndPatents>The .mobi file format is proprietary and Amazon has updated its internal details to support new features of Kindle devices.  However, the compilers of this resource have found no evidence that Amazon attempts to impose any form of licensing on the format per se.  Amazon does impose license terms on related software tools it makes available to authors and publishers of ebooks.  <a href="../contact_format.shtml">Comments welcome</a>.</fdd:licensingAndPatents>
		<fdd:transparency>
			<p>The Mobipocket format has supported compression since its introduction in 2000 [see <a href="https://web.archive.org/web/20001018221924/http://www.mobipocket.com/en/Support/Help_Publisher_xdocprc.asp">The XDOC PRC File Format</a>]. Mobipocket Creator for Publishers offered compression options, apparently identical between <a href="https://web.archive.org/web/20050712081343/http://www.mobipocket.com/dev/article.asp?BaseFolder=creatorpublisher&amp;File=security.htm">2005</a> and <a href="https://web.archive.org/web/20150907235354/http://www.mobipocket.com/dev/article.asp?BaseFolder=creatorpublisher&amp;File=security.htm">2015</a>.  KindleGen offered the same options.</p>
		</fdd:transparency>
		<fdd:selfDocumentation>Both OeBPS and EPUB can store metadata elements from the Dublin Core Metadata Element Set (<a href="http://www.dublincore.org/documents/dces/">DCMES</a>).  As described in <a href="#identification">Description</a> above, starting at the 17th byte, the .mobi file contains a record often referred to as Record 0.  Record 0 for an ebook usually consists of a MOBI header section and an EXTH header section followed by the full &quot;name&quot; of the book, i.e. dc:Title.  Reverse engineering has identified types of EXTH entry that correspond to most other DCMES elements: dc:Creator; dc:Description; dc:Identifier (using ISBN); dc:Date; dc:Contributor; dc:Rights; dc:Subject; dc:Type; dc:Language; and dc:Source.  An EXTH header section with some of these elements has been found to exist in all ebooks in .mobi format examined by the compilers of this resource.  <a href="../contact_format.shtml">Comments welcome</a>.</fdd:selfDocumentation>
		<fdd:externalDependencies>None beyond software or device that can read an ebook in this format.  Because the internal content of a .mobi file has varied with new features introduced by Amazon, older viewers may not successfully display all .mobi files as intended by creators/authors.  <a href="../contact_format.shtml">Comments welcome</a>.</fdd:externalDependencies>
		<fdd:techProtection>The Mobipocket format has supported encryption since its introduction in 2000 [see <a href="https://web.archive.org/web/20001018221924/http://www.mobipocket.com/en/Support/Help_Publisher_xdocprc.asp">The XDOC PRC File Format</a>]. Mobipocket Creator for Publishers offered security and encryption options, apparently identical between <a href="https://web.archive.org/web/20050712081343/http://www.mobipocket.com/dev/article.asp?BaseFolder=creatorpublisher&amp;File=security.htm">2005</a> and <a href="https://web.archive.org/web/20150907235354/http://www.mobipocket.com/dev/article.asp?BaseFolder=creatorpublisher&amp;File=security.htm">2015</a>.</fdd:techProtection>
	</fdd:sustainabilityFactors>
	<fdd:qualityAndFunctionalityFactors>
		<fdd:textQF>
			<fdd:normalText>The binary Mobipocket file format is not designed as an editable text format.  The characteristics of the textual content in a Mobipocket file are governed by the underlying OeBPS or EPUB document, both of which typically have text in a declared character encoding (commonly UTF-8) and organized in reading order.  Reader devices and software can support text search and extraction.</fdd:normalText>
			<fdd:structure>Representation of the logical structure of a document is an essential feature of an OeBPS or EPUB document.  This structure is retained in the binary format.  Reader devices and software can take advantage of the structure to support navigation.  Note: .mobi files based on EPUBs derived automatically from OCR will often have little or no structure. The introduction in 2011 of support for EPUB 3 based on HTML5 and CSS, provided a richer navigation structure.  Compare <a href="https://web.archive.org/web/20050207020441/http://www.mobipocket.com/dev/article.asp?BaseFolder=prcgen&amp;File=TagRef_OEB.htm">Open-eBook HTML tags</a> from Mobipocket in 2005 with <a href="https://web.archive.org/web/20120128190512/http://www.amazon.com/gp/feature.html?ie=UTF8&amp;docId=1000729901">List of supported HTML tags and CSS elements | major enhancements in KF8</a> from Amazon in 2012.</fdd:structure>
			<fdd:layout>The Mobipocket format was designed primarily for reflowable text and to allow the user to select font family and size.  Hence the author does not fully control the layout seen by the user.  The basic Mobipocket format (as created prior to the 2011 introduction of KindleGen 2 and the KF8 format, or included as the Mobi 6 format in a combination .mobi generated by KindleGen 2.x) was very limited.  See <a href="https://wiki.mobileread.com/wiki/MOBI#Format_limitations">Mobi | Format limitations</a> from the MobileRead Wiki.  KF8 introduced support for HTML5 and CSS3, adding over 150 new formatting capabilities including embedded fonts, drop caps, and author control over line spacing, alignment, justification, margin, color, etc.  See <a href="https://web.archive.org/web/20120126072813/http://www.amazon.com/gp/feature.html?ie=UTF8&amp;docId=1000729511">Kindle Format 8</a> from early 2012.  KF8 also introduced fixed layout capabilities aimed at graphic novels, comics, and children’s books.</fdd:layout>
			<fdd:mathDiag>The only way to include equations and formulae in Mobipocket files (including KF8) is as images.  In <a href="https://www.amazon.com/Math-Kindle-equations-figures-device-ebook/dp/B00WVZNVJO">Math on Kindle: How to make equations and figures look good on any Kindle device or app</a>, Jack Lewis gives advice on how to prepare bitmaps or SVG for effective display of mathematics in .mobi files.</fdd:mathDiag>
			<fdd:beyondText>
				<p>Early Mobipocket files could support interactivity, for example, to support quizzes.  See <a href="#notes">Notes</a> below.</p>
				<p>The combination .mobi files introduced by Amazon in late 2011 have the capability to incorporate more than one version of the same content: the basic Mobipocket format (identified internally as Mobi version 6); the richer KF8 format (identified internally as Mobi version 8); and the source format processed by KindleGen 2.x, embedded as a ZIP file and identified by &quot;SRCS.&quot;  According to <a href="https://wiki.mobileread.com/wiki/MOBI#Compilation_Records">MOBI: Compilation Records</a> from MobileRead Wiki, KindleGen had an undocumented option to suppress the SRCS record that was removed in 2010.</p>
			</fdd:beyondText>
		</fdd:textQF>
	</fdd:qualityAndFunctionalityFactors>
	<fdd:fileTypeSignifiers>
		<fdd:signifiersGroup>
			<fdd:filenameExtension>
				<fdd:sigValues>
					<fdd:sigValue>mobi</fdd:sigValue>
					<fdd:sigValue>prc</fdd:sigValue>
				</fdd:sigValues>
				<fdd:note>
					<p>Both extensions have been used. Mobipocket originally used the .prc extension.  By November 2006 <a href="https://web.archive.org/web/20061130221720/http://www.mobipocket.com/dev/article.asp?BaseFolder=prcgen&amp;File=mobiformat.htm#source_binary">documentation</a> mentioned the .mobi extension.  The compilers of this resource have been unable to determine exactly when the .mobi extension was introduced.  However, it seems probable that it would be in 2006, when the Mobigen tool replaced PRCgen.  <a href="../contact_format.shtml">Comments welcome</a>.</p>
					<p>The extension .prc is used for a number of different file formats; see <a href="https://www.file-extensions.org/prc-file-extension-mobipocket-ebook">PRC file extension</a> from File-Extensions.org.</p>
				</fdd:note>
			</fdd:filenameExtension>
			<fdd:internetMediaType>
				<fdd:sigValues>
					<fdd:sigValue>application/x-mobipocket-ebook</fdd:sigValue>
					<fdd:sigValue>application/vnd.amazon.ebook</fdd:sigValue>
				</fdd:sigValues>
				<fdd:note>The first value has been widely used, including by Amazon.  See <a href="https://docs.aws.amazon.com/macie/latest/userguide/macie-classify-objects-content-type.html">Amazon Macie: Content Type</a>.  The second value is occasionally mentioned, e.g. in the list <a href="http://formex.publications.europa.eu/schema/mediatypes.html">CELLAR media types</a> as used in the EU Publications Office <a href="https://studylib.net/doc/5546733/common-access-to-eu-information---the-cellar-project-pres...">CELLAR</a> project, but was never officially registered with IANA.  In 2016, Amazon <a href="https://www.iana.org/assignments/media-types/application/vnd.amazon.mobi8-ebook">registered</a> application/vnd.amazon.mobi8-ebook with IANA for the version of MOBI for which it used the .azw3 extension.</fdd:note>
			</fdd:internetMediaType>
			<fdd:magicNumbers>
				<fdd:sigValues>
					<fdd:sigValue>ASCII: BOOKMOBI</fdd:sigValue>
					<fdd:sigValue>Hex: 424F4F4B4D4F4249</fdd:sigValue>
					<fdd:sigValue>ASCII: TEXTREAD</fdd:sigValue>
					<fdd:sigValue>Hex: 5445587452454164</fdd:sigValue>
				</fdd:sigValues>
				<fdd:note>These strings are found at byte 61, according to PRONOM <a href="https://www.nationalarchives.gov.uk/PRONOM/fmt/396">PUID: fmt/396</a>.  According to <a href="https://wiki.mobileread.com/wiki/PDB#Palm_Database_Format">Palm Database Format</a> from MobileRead Wiki, the first 32 bytes of a file are a name for the file and for ebooks are often from the book title, sometimes with author as well.</fdd:note>
			</fdd:magicNumbers>
			<fdd:other>
				<fdd:tag>Pronom PUID</fdd:tag>
				<fdd:values>
					<fdd:sigValues>
						<fdd:sigValue>fmt/396</fdd:sigValue>
					</fdd:sigValues>
					<fdd:note>See <a href="https://www.nationalarchives.gov.uk/PRONOM/fmt/396">https://www.nationalarchives.gov.uk/PRONOM/fmt/396</a>.</fdd:note>
				</fdd:values>
			</fdd:other>
			<fdd:other>
				<fdd:tag>Wikidata Title ID</fdd:tag>
				<fdd:values>
					<fdd:sigValues>
						<fdd:sigValue>Q27996279</fdd:sigValue>
					</fdd:sigValues>
					<fdd:note>See <a href="https://www.wikidata.org/wiki/Q27996279">https://www.wikidata.org/wiki/Q27996279</a>.</fdd:note>
				</fdd:values>
			</fdd:other>
		</fdd:signifiersGroup>
	</fdd:fileTypeSignifiers>
	<fdd:notes>
		<fdd:general>
			<p>Early Mobipocket files could support interactivity, for example, by including <a href="https://web.archive.org/web/20160314094903/http://mobipocket.com/dev/article.asp?BaseFolder=prcgen&amp;File=javascript.xml">Javascript</a>.  This is because the underlying PRC file could contain program code in addition to data, so that a PRC file could be a stand-alone application.  However, the compilers of this description have not determined whether any of the tools supplied by Mobipocket or Amazon facilitated this.  <a href="https://www.mobileread.com/forums/showthread.php?p=1299906#post1299906">Javascript in mobi ebooks?</a> in a 2010 Q&amp;A thread states &quot;Javascript support was dropped when the Java based Mobipocket Reader was developed.&quot;  <a href="https://wiki.mobileread.com/wiki/Mobipocket_Reader">Mobipocket Reader</a> on MobileRead Wiki does not indicate when the Java-based reader was introduced.  Major updates to Mobipocket Reader were made in November 2005 (<a href="https://web.archive.org/web/20051103230237/http://www.mobipocket.com:80/en/DownloadSoft/default.asp">version 5.0</a>) and February 2007 (<a href="https://web.archive.org/web/20070224163824/http://www.mobipocket.com:80/en/DownloadSoft/Default.asp?Language=EN">version 6.0</a>). The last version of Mobipocket Reader was <a href="https://web.archive.org/web/20161120153814/http://www.mobipocket.com:80/en/DownloadSoft/default.asp?Language=EN">version 6.2</a>.  See also <a href="https://the-digital-reader.com/2011/11/02/rip-mobipocket-2000-2011/">RIP: Mobipocket 2000-2011</a>.  <a href="../contact_format.shtml">Comments welcome</a>
			</p>
		</fdd:general>
		<fdd:history>
			<p>Mobipocket SA was incorporated in France in March 2000 and established a server for distributing ebooks in the Mobipocket file format, usually, but not always, protected by Digital Rights Management (DRM). The <a href="https://web.archive.org/web/20000818141000/http://www.mobipocket.com/en/HomePage/default.asp">earliest Mobipocket.com home page</a> captured by the Internet Archive was in August 2000.  The company produced the Mobipocket Reader software for mobile phones, personal digital assistants (PDA) and desktop operating systems, starting with the <a href="https://en.wikipedia.org/wiki/Palm_(PDA)">Palm PDA</a> and <a href="https://en.wikipedia.org/wiki/Windows_Embedded_Compact#history">Windows CE</a>.  The binary distribution format for Mobipocket ebooks was described as the <a href="https://web.archive.org/web/20001018221924/http://www.mobipocket.com/en/Support/Help_Publisher_xdocprc.asp">XDOC PRC</a> format, based on the PalmOS DOC format and using the .prc file extension.</p>
			<p>Mobipocket SA was acquired by Amazon in 2005. Amazon retained the Mobipocket service until late 2011, when the Mobipocket.com site stopped publishing and distributing ebooks (see below).  Meanwhile, in 2007, Amazon brought out the first Kindle and launched its <a href="https://web.archive.org/web/20071121161355/http:/forums.digitaltextplatform.com:80/dtpforums/entry.jspa?externalID=21&amp;categoryID=9">Digital Text Platform (DTP)</a> for submitting content for conversion into Kindle-compatible form.  DTP accepted .mobi or .prc files; see <a href="https://web.archive.org/web/20090206033230/http://g-ecx.images-amazon.com:80/images/G/01/digital/otp/help/Amazon_DTP_Quickstart_Guide.pdf">Amazon DTP Quickstart Guide</a>.  By July 2009, Amazon had launched a service, initially called <a href="https://web.archive.org/web/20090701025624/http://www.amazon.com:80/gp/feature.html?ie=UTF8&amp;docId=1000234621">Amazon&apos;s eBook Program</a>, renamed by August 2009 as <a href="https://web.archive.org/web/20090830231631/http://www.amazon.com:80/gp/feature.html?ie=UTF8&amp;docId=1000234621">Amazon Kindle&apos;s Publishing Program</a>.  The technology originating with Mobipocket was adopted and extended by Amazon for its Kindle reader in a sequence of formats with names beginning <i>AZW</i> and <i>KF</i>.  Files with the .mobi extension appear to have been the primary means of uploading ebooks for publication until 2017.</p>
			<p>In late 2011, Amazon closed the Mobipocket.com service, informing publishers that submissions to the Mobipocket service would cease and that in January 2012, Mobipocket ebooks would be removed.  See <a href="https://the-digital-reader.com/2011/11/02/rip-mobipocket-2000-2011/">RIP: Mobipocket 2000-2011</a>.  Existing documentation for the format and some free ebooks remained online (apparently unchanged) on the Mobipocket website through 2016.  See <a href="https://web.archive.org/web/20161119150108/http://www.mobipocket.com/en/HomePage/default.asp?Language=EN">Mobipocket.com in November 2016</a> around time of closure.</p>
			<p>Amazon has supported reading of .mobi and .prc files without DRM protection on Kindles through early 2019.  See <a href="https://en.wikipedia.org/wiki/Amazon_Kindle">Wikipedia entry on Amazon_Kindle</a> for a chronology of Kindle devices.  However, since 2017, the primary mechanisms for submitting content through Kindle Direct Publishing use  different proprietary formats.  KPF is intended as format that authors and publishers can modify using Amazon tools. It is a Zip-based format that incorporates a descriptive KCB file in JSON format and a KDF file containing the main book content in an SQLITE database.  KFX books delivered by Amazon are a bundle of files composed of an encrypted main container, a metadata container, auxiliary containers (optional), and protected by DRM.  See <a href="https://www.mobileread.com/forums/showthread.php?t=272407">KFX Conversion Output Plugin</a> and <a href="https://wiki.mobileread.com/wiki/KFX">entry for KFX</a> from MobileRead Wiki.</p>
		</fdd:history>
	</fdd:notes>
	<fdd:formatSpecifications>
		<fdd:urls>
			<fdd:url>
				<fdd:urlGroup>
					<fdd:intro>There is no detailed specification for the Mobipocket binary file format.  Documentation from the Mobipocket website provides partial information.</fdd:intro>
					<fdd:urlList>
						<fdd:urlReference>
							<link>https://web.archive.org/web/20001018183928/http://www.mobipocket.com/en/Support/Help_Publisher_getstart.asp</link>
							<tag>Mobipocket Publisher 2.0: Getting Started (October 2000)</tag>
							<comment>Indicates that the process is to create a source document complying with the Open eBook Publication standard and then use Mobipocket Publisher to generate a &quot;cross-platform XDOC PRC format that can be read on Palm OS and Windows CE platforms with the Mobipocket Reader.with </comment>
						</fdd:urlReference>
						<fdd:urlReference>
							<link>https://web.archive.org/web/20001018221924/http://www.mobipocket.com/en/Support/Help_Publisher_xdocprc.asp</link>
							<tag>The XDOC PRC File Format | From Mobipocket support in October 2000</tag>
							<comment>States that the Mobipocket binary file is based on the Palm OS PRC format</comment>
						</fdd:urlReference>
						<fdd:urlReference>
							<link>https://web.archive.org/web/20150907234727/http://www.mobipocket.com/dev/article.asp?BaseFolder=prcgen&amp;File=mobiformat.htm</link>
							<tag>Mobipocket Developer Center: What is the Mobipocket file format?   (September 2015)</tag>
							<comment>Describes Open eBook Publication format as &quot;source format&quot; and use of Mobipocket Creator to compile the source into a binary file with extension .mobi.  This page had been essentially identical in November 2006. Link via Internet Archive.</comment>
						</fdd:urlReference>
					</fdd:urlList>
				</fdd:urlGroup>
			</fdd:url>
			<fdd:url>
				<fdd:urlGroup>
					<fdd:intro>Documentation from the Palm OS website on its file formats</fdd:intro>
					<fdd:urlList>
						<fdd:urlReference>
							<link>https://web.archive.org/web/20030408013251/http://www.palmos.com/dev/support/docs/fileformats/Intro.html</link>
							<tag>Palm File Format Specification: Introduction (retrieved 2003, copyright date 2001)</tag>
							<comment>Describes the structure of Palm OS file formats, including PRC and PDB formats.  Link via Internet Archive.</comment>
						</fdd:urlReference>
						<fdd:urlReference>
							<link>https://web.archive.org/web/20030408013933/http://www.palmos.com/dev/support/docs/fileformats/PDB_PRCFormat.html</link>
							<tag>Palm File Format Specification: PDB and PRC Database Formats (retrieved 2003, copyright date 2001)</tag>
							<comment>Supplementary information on PDB and PRC &quot;database formats.&quot;  The structure is very similar. The distinction is that a PRC file contains code resources in addition to data, so that the file is a stand-alone application.</comment>
						</fdd:urlReference>
					</fdd:urlList>
				</fdd:urlGroup>
			</fdd:url>
			<fdd:url>
				<fdd:urlGroup>
					<fdd:intro>Efforts at reverse engineering have been publicly documented in order to support conversion or forensic analysis.  Such tools can only be applied fully to Mobipocket files without encryption or DRM. </fdd:intro>
					<fdd:urlList>
						<fdd:urlReference>
							<link>https://wiki.mobileread.com/wiki/MOBI</link>
							<tag>Entry for MOBI in MobileRead Wiki</tag>
						</fdd:urlReference>
						<fdd:urlReference>
							<link>https://raw.githubusercontent.com/synalysis/Grammars/master/mobi.grammar</link>
							<tag>&quot;Grammar&quot; that supports analysis of Mobipocket files by Synalyze It! or Hexinator</tag>
							<comment>For links to Synalysis and Hexinator websites, see Useful References below.</comment>
						</fdd:urlReference>
					</fdd:urlList>
				</fdd:urlGroup>
			</fdd:url>
		</fdd:urls>
	</fdd:formatSpecifications>
	<fdd:usefulReferences>
		<fdd:urls>
			<fdd:url>
				<fdd:urlReference>
					<link>https://en.wikipedia.org/wiki/Mobipocket</link>
					<tag>Wikipedia entry for Mobipocket</tag>
				</fdd:urlReference>
			</fdd:url>
			<fdd:url>
				<fdd:urlReference>
					<link>http://wiki.dpconline.org/images/4/4c/Mobipocket_Assessment_v1.pdf</link>
					<tag>British Library | MobipocketFormat Preservation Assessment (2018)</tag>
					<comment>By the British Library Digital Preservation Team.</comment>
				</fdd:urlReference>
			</fdd:url>
			<fdd:url>
				<fdd:urlGroup>
					<fdd:intro>Various Wikipedia entries related to Kindle devices and publishing services, including format support.</fdd:intro>
					<fdd:urlList>
						<fdd:urlReference>
							<link>https://en.wikipedia.org/wiki/Kindle_File_Format</link>
							<tag>Wikipedia entry for Kindle File Format</tag>
							<comment>Discusses relationship of Mobipocket format to later formats supported on Kindle devices.</comment>
						</fdd:urlReference>
						<fdd:urlReference>
							<link>https://en.wikipedia.org/wiki/Amazon_Kindle</link>
							<tag>Wikipedia entry for Amazon Kindle</tag>
							<comment>Provides chronology for Kindle devices</comment>
						</fdd:urlReference>
						<fdd:urlReference>
							<link>https://en.wikipedia.org/wiki/Kindle_Direct_Publishing</link>
							<tag>Wikipedia entry for Kindle Direct Publishing</tag>
							<comment>Discusses Amazon&apos;s services for authors and publishers</comment>
						</fdd:urlReference>
					</fdd:urlList>
				</fdd:urlGroup>
			</fdd:url>
			<fdd:url>
				<fdd:urlGroup>
					<fdd:intro>Resources on Mobipocket from initial release in late 2000</fdd:intro>
					<fdd:urlList>
						<fdd:urlReference>
							<link>https://web.archive.org/web/20041019133733/http://www.mobipocket.com/en/Support/ppt/MBP_Reader_US.ppt</link>
							<tag>Slideshow | Technology for Mobipocket Reader</tag>
							<comment>From September 2000</comment>
						</fdd:urlReference>
						<fdd:urlReference>
							<link>https://web.archive.org/web/20001209014700/http://www.mobipocket.com/en/Support/ppt/MBP_Publisher_US.ppt</link>
							<tag>Slideshow for publishers on how to create ebooks for Mobipocket readers. From September 2000</tag>
						</fdd:urlReference>
					</fdd:urlList>
				</fdd:urlGroup>
			</fdd:url>
			<fdd:url>
				<fdd:urlReference>
					<link>http://web.archive.org/web/20101212183312/http://idpf.org/oebps/oebps1.0.1/download/oeb101.pdf</link>
					<tag>Open eBook Publication Structure 1.0.1 Recommended Specification July 2, 2001</tag>
					<comment>The &quot;source&quot; format used in the original Mobipocket file format. Link via Internet Archive.</comment>
				</fdd:urlReference>
			</fdd:url>
			<fdd:url>
				<fdd:urlReference>
					<link>https://web.archive.org/web/20150906020457/http://www.mobipocket.com/dev/article.asp?BaseFolder=prcgen</link>
					<tag>Mobipocket Developer Center: Creating Content (September 2015)</tag>
					<comment>Link via Internet Archive.</comment>
				</fdd:urlReference>
			</fdd:url>
			<fdd:url>
				<fdd:urlReference>
					<link>https://the-digital-reader.com/2011/11/02/rip-mobipocket-2000-2011/</link>
					<tag>RIP: Mobipocket 2000-2011 | blog post (November 2011)</tag>
				</fdd:urlReference>
			</fdd:url>
			<fdd:url>
				<fdd:urlReference>
					<link>https://ebookreadersoftware.wordpress.com/2012/01/12/mobipocket-ebook-format-gone/</link>
					<tag>Mobipocket eBook Format Is Gone | blog post (January 2012)</tag>
				</fdd:urlReference>
			</fdd:url>
			<fdd:url>
				<fdd:urlGroup>
					<fdd:intro>Resources related to software for reading, writing, editing, and rendering ebooks in .mobi format.</fdd:intro>
					<fdd:urlList>
						<fdd:urlReference>
							<link>https://www.lifewire.com/what-is-a-mobi-file-2621997</link>
							<tag>What Is a MOBI File?</tag>
							<comment>Lists programs for opening, editing, and converting MOBI Files </comment>
						</fdd:urlReference>
						<fdd:urlReference>
							<link>https://calibre-ebook.com/help</link>
							<tag>Help from Calibre </tag>
							<comment>Links to many useful resources on ebook formats and conversion</comment>
						</fdd:urlReference>
						<fdd:urlReference>
							<link>https://manual.calibre-ebook.com/faq.html#what-formats-does-calibre-support-conversion-to-from</link>
							<tag>What formats does Calibre support conversion to/from?</tag>
							<comment>Calibre describes itself as an e-book library manager, with support for viewing, converting, and cataloging e-books in major ebook formats.</comment>
						</fdd:urlReference>
						<fdd:urlReference>
							<link>https://www.howtogeek.com/360419/what-is-a-mobi-file/</link>
							<tag>What Is a MOBI File (and How Do I Open One)? | post from July 2018</tag>
						</fdd:urlReference>
						<fdd:urlReference>
							<link>https://okular.kde.org/</link>
							<tag>Okular | document viewer from KDE</tag>
						</fdd:urlReference>
						<fdd:urlReference>
							<link>https://www.softpedia.com/get/Others/E-Book/Mobipocket-Reader.shtml</link>
							<tag>Mobipocket Reader</tag>
						</fdd:urlReference>
						<fdd:urlReference>
							<link>https://press.rebus.community/otnmodify/chapter/format-guide-epub-mobi/</link>
							<tag>Format Guide: EPUB | MOBI</tag>
							<comment>Recommends Sigil as ebook editor</comment>
						</fdd:urlReference>
						<fdd:urlReference>
							<link>https://sigil-ebook.com/</link>
							<tag> Sigil Ebook
| Multi-platform EPUB ebook Editor
</tag>
						</fdd:urlReference>
						<fdd:urlReference>
							<link>https://github.com/Sigil-Ebook/Sigil</link>
							<tag>Sigil | Open source EPUB editor</tag>
							<comment>A Sigil plug-in exists for generating a .mobi file using the KindleGen command.</comment>
						</fdd:urlReference>
						<fdd:urlReference>
							<link>https://www.epubor.com/best-mobi-readers-for-windows.html</link>
							<tag>Best MOBI Readers for Windows | blog post (December 2018)</tag>
						</fdd:urlReference>
						<fdd:urlReference>
							<link>https://www.epubor.com/</link>
							<tag>Epubor | eBook converter</tag>
						</fdd:urlReference>
						<fdd:urlReference>
							<link>https://wiki.mobileread.com/wiki/KindleUnpack</link>
							<tag>MobileRead Wiki | KindleUnpack (formerly known as MobiUnpack and Mobi Decode)</tag>
							<comment>Python script that extracts source files from files without DRM created by KindleGen.</comment>
						</fdd:urlReference>
						<fdd:urlReference>
							<link>https://github.com/kevinhendricks/KindleUnpack</link>
							<tag>KindleUnpack | github repository</tag>
							<comment>Python code for unpacking Amazon/Kindlegen generated ebooks without DRM. Unpacks into component source parts, which vary with exact type of Kindle/Mobi ebook.</comment>
						</fdd:urlReference>
					</fdd:urlList>
				</fdd:urlGroup>
			</fdd:url>
			<fdd:url>
				<fdd:urlReference>
					<link>http://dx.doi.org/10.7207/twr14-01
</link>
					<tag>Preserving eBooks | DPC Technology Watch Report 14-01 (June 2014)</tag>
					<comment>By Amy Kirchhoff and Sheila Morrissey</comment>
				</fdd:urlReference>
			</fdd:url>
			<fdd:url>
				<fdd:urlGroup>
					<fdd:intro>Additional resources for analysis and forensics of Mobipocket files</fdd:intro>
					<fdd:urlList>
						<fdd:urlReference>
							<link>http://www.synalysis.net/formats.xml</link>
							<tag>Synalyze It! Grammar page | from Synalysis.net</tag>
							<comment>Synalyze It! is a tool for analysis and reverse engineering of binary formats.  For Mac OS</comment>
						</fdd:urlReference>
						<fdd:urlReference>
							<link>https://hexinator.com/faq/</link>
							<tag>Hexinator </tag>
							<comment>Tool for analysis and reverse engineering of binary formats for Windows.  Uses same parsing grammars as Synalyze It!</comment>
						</fdd:urlReference>
						<fdd:urlReference>
							<link>https://www.sweetscape.com/010editor/repository/templates/file_info.php?file=MOBI.bt</link>
							<tag>Binary template for MOBI format</tag>
							<comment> Reverse engineering, from Sweetscape.com</comment>
						</fdd:urlReference>
					</fdd:urlList>
				</fdd:urlGroup>
			</fdd:url>
			<fdd:url>
				<fdd:urlGroup>
					<fdd:intro>Comparisons of ebook formats.</fdd:intro>
					<fdd:urlList>
						<fdd:urlReference>
							<link>https://www.guidingtech.com/9661/difference-between-epub-mobi-azw-pdf-ebook-formats/</link>
							<tag>GT Explains: What is the Difference Between EPUB, MOBI, AZW and PDF eBook Formats? (2012)</tag>
						</fdd:urlReference>
						<fdd:urlReference>
							<link>https://www.makeuseof.com/tag/ebook-formats-explained/</link>
							<tag>The Different Ebook Formats Explained: EPUB, MOBI, AZW, IBA, and More (July 2018)</tag>
						</fdd:urlReference>
						<fdd:urlReference>
							<link>https://learn.g2crowd.com/ebook-formats</link>
							<tag>Five eBook Formats and How to Find the Best Style for You | blog post (August 2018)</tag>
						</fdd:urlReference>
						<fdd:urlReference>
							<link>https://blog.reedsy.com/epub-vs-mobi-vs-pdf/</link>
							<tag>EPUB vs mobi: Which eBook Format Should You Use? | blog post (November 2017)</tag>
						</fdd:urlReference>
						<fdd:urlReference>
							<link>https://en.wikipedia.org/wiki/Comparison_of_e-book_formats</link>
							<tag>Wikipedia comparison of e-book formats</tag>
						</fdd:urlReference>
					</fdd:urlList>
				</fdd:urlGroup>
			</fdd:url>
			<fdd:url>
				<fdd:urlGroup>
					<fdd:intro>Resources related to Palm PDAs, Palm OS, and Palm file formats on which the Mobipocket file format was based.</fdd:intro>
					<fdd:urlList>
						<fdd:urlReference>
							<link>https://en.wikipedia.org/wiki/Palm_(PDA)</link>
							<tag>Wikipedia entry for Palm (PDA)</tag>
						</fdd:urlReference>
						<fdd:urlReference>
							<link>https://en.wikipedia.org/wiki/Palm_OS</link>
							<tag>Wikipedia entry for Palm OS</tag>
						</fdd:urlReference>
						<fdd:urlReference>
							<link>http://citeseerx.ist.psu.edu/viewdoc/summary?doi=10.1.1.16.3084</link>
							<tag>pdd: Memory Imaging and Forensic Analysis of Palm OS Devices | by Joseph Grand (2002)</tag>
							<comment>Introduces pdd or &apos;Palm dd&apos;, a Windows-based tool for memory-imaging and forensic acquisition of data from the Palm operating system.  Discusses PDB and PRC file formats</comment>
						</fdd:urlReference>
					</fdd:urlList>
				</fdd:urlGroup>
			</fdd:url>
			<fdd:url>
				<fdd:urlGroup>
					<fdd:intro>The following Amazon links related to support for the Mobipocket file format were live in February 2019.  The main service for submitting content for publication by Amazon as an ebook is now Kindle Direct Publishing (KDP). </fdd:intro>
					<fdd:urlList>
						<fdd:urlReference>
							<link>https://kdp.amazon.com/en_US/help/topic/G200634390</link>
							<tag>Kindle Direct Publishing (KDP) | Supported eBook Formats</tag>
							<comment>Does not support fixed layout MOBI files or .prc files created with the legacy program Mobipocket Creator</comment>
						</fdd:urlReference>
						<fdd:urlReference>
							<link>https://www.amazon.com/gp/feature.html?docId=1000765211</link>
							<tag>KindleGen | Amazon tool for creating Kindle-compatible ebooks</tag>
							<comment>Still online as of February 2019, but not referred to from KDP website. Converts source content to a single &quot;combination&quot; .mobi file incorporating both KF8 and Mobi formats.</comment>
						</fdd:urlReference>
						<fdd:urlReference>
							<link>http://kindlegen.s3.amazonaws.com/AmazonKindlePublishingGuidelines.pdf
</link>
							<tag>Amazon Kindle Publishing Guidelines</tag>
							<comment>Appears to get updated in place.</comment>
						</fdd:urlReference>
						<fdd:urlReference>
							<link>https://www.amazon.com/gp/feature.html?docId=1000765261&amp;ie=UTF8</link>
							<tag>Kindle Previewer</tag>
							<comment>As of February 2019, Kindle Previewer supports import of .mobi, .prc, .epub, .opf (and more) and export to .mobi and .azk format files.</comment>
						</fdd:urlReference>
						<fdd:urlReference>
							<link>http://kindlepreviewer3.s3.amazonaws.com/UserGuide320_EN.pdf</link>
							<tag>Kindle Previewer | User Guide</tag>
						</fdd:urlReference>
					</fdd:urlList>
				</fdd:urlGroup>
			</fdd:url>
			<fdd:url>
				<fdd:urlGroup>
					<fdd:intro>Pages from the Amazon and Mobipocket websites as archived by the Internet Archive illustrate the migration of tools and branding from Mobipocket to Amazon.  For context: Mobipocket was acquired by Amazon in 2005; the first Kindle was brought out in 2007; the Mobipocket site&apos;s ebook publication service was shut down in late 2011; all content, including technical documentation and software for creating ebooks was removed from the Mobipocket site in 2016.</fdd:intro>
					<fdd:urlList>
						<fdd:urlReference>
							<link>https://web.archive.org/web/20001018132427/http://www.mobipocket.com:80/en/DownloadSoft/default.asp</link>
							<tag>(October 18, 2000) Mobipocket Software Download page</tag>
							<comment>Offers download of Mobipocket Publisher.</comment>
						</fdd:urlReference>
						<fdd:urlReference>
							<link>https://web.archive.org/web/20040912030323/http://www.mobipocket.com:80/en/DownloadSoft/default.asp</link>
							<tag>(September 12, 2004) Mobipocket Software Download page</tag>
							<comment>Offers download of Mobipocket Creator 4.0 Home Edition and Mobipocket Publisher 3.0</comment>
						</fdd:urlReference>
						<fdd:urlReference>
							<link>https://web.archive.org/web/20051106015518/http://www.mobipocket.com/dev/</link>
							<tag>(November 6, 2005) Mobipocket Developer Center home page</tag>
							<comment>Documentation for Mobipocket Creator 4.0.  Offers download of PRCgen.</comment>
						</fdd:urlReference>
						<fdd:urlReference>
							<link>https://web.archive.org/web/20061114003815/http://www.mobipocket.com/dev/article.asp?BaseFolder=prcgen&amp;File=building.htm#tools</link>
							<tag>(November 14, 2006) Mobipocket Development Center: Creating Content | Tools</tag>
							<comment>Offers download of Mobipocket Creator 4.1 and Mobigen (formerly known as PRCgen)</comment>
						</fdd:urlReference>
						<fdd:urlReference>
							<link>https://web.archive.org/web/20070329030214/http://www.mobipocket.com/en/DownloadSoft/Default.asp?Language=EN</link>
							<tag>(March 29, 2007) Mobipocket Software Download page</tag>
							<comment>Offers download of Mobipocket Creator 4.2 Home Edition and Publisher Edition.</comment>
						</fdd:urlReference>
						<fdd:urlReference>
							<link>https://web.archive.org/web/20071121161355/http:/forums.digitaltextplatform.com:80/dtpforums/entry.jspa?externalID=21&amp;categoryID=9</link>
							<tag>(November 21, 2007) Amazon Digital Text Platform (DTP) Community Support | Supported formats</tag>
							<comment>Unencrypted .mobi and .prc files can be uploaded to DTP to publish content in the Amazon Kindle Store</comment>
						</fdd:urlReference>
						<fdd:urlReference>
							<link>https://web.archive.org/web/20080408071000/http://www.mobipocket.com:80/dev/</link>
							<tag>(April 8, 2008) Mobipocket Developer Center home page</tag>
							<comment>Offers download of Mobipocket Creator and Mobigen 6.2 (described as supporting IDPF 1.0 and IDPF 2.0 epub format</comment>
						</fdd:urlReference>
						<fdd:urlReference>
							<link>https://web.archive.org/web/20080503054547/http://forums.digitaltextplatform.com/dtpforums/index.jspa</link>
							<tag>(May 3, 2008) Amazon Digital Text Platform (DTP) Community Support | Knowledgebase, FAQs, etc. </tag>
						</fdd:urlReference>
						<fdd:urlReference>
							<link>https://web.archive.org/web/20090308010517/http://www.mobipocket.com:80/dev/</link>
							<tag>(March 8, 2009) Mobipocket Developer Center home page</tag>
							<comment>Last version of this page captured by Internet Archive that mentioned Mobigen before it was replaced by KindleGen (apparently between December 2009 and March 2010).</comment>
						</fdd:urlReference>
						<fdd:urlReference>
							<link>https://web.archive.org/web/20090701025624/http://www.amazon.com:80/gp/feature.html?ie=UTF8&amp;docId=1000234621</link>
							<tag>(July 1, 2009) Amazon&apos;s eBook Program </tag>
							<comment>Via Internet Archive.  Mentions Mobigen, linking to Mobipocket site.</comment>
						</fdd:urlReference>
						<fdd:urlReference>
							<link>https://web.archive.org/web/20090830231631/http://www.amazon.com:80/gp/feature.html?ie=UTF8&amp;docId=1000234621</link>
							<tag>(August 30, 2009) Amazon Kindle&apos;s Publishing Program (successor to Digital Text Platform)</tag>
							<comment>via Internet Archive.  The URL and much of the page content is the same as for the DTP page immediately above.  But the heading had been changed.</comment>
						</fdd:urlReference>
						<fdd:urlReference>
							<link>https://web.archive.org/web/20091213050546/http://www.amazon.com:80/gp/feature.html?ie=UTF8&amp;docId=1000234621</link>
							<tag>(December 13, 2009) Amazon Kindle&apos;s Publishing Program</tag>
							<comment>Has link to &quot;Mobigen&quot; software with link to Mobipocket Developer Center home page at http://www.mobipocket.com/dev/</comment>
						</fdd:urlReference>
						<fdd:urlReference>
							<link>https://web.archive.org/web/20100301061303/http://www.amazon.com:80/gp/feature.html?ie=UTF8&amp;docId=1000234621</link>
							<tag>(March 1, 2010) Amazon Kindle&apos;s Publishing Program</tag>
							<comment>No mention of Mobigen.  Offers download of KindleGen (without specifying version).</comment>
						</fdd:urlReference>
						<fdd:urlReference>
							<link>https://web.archive.org/web/20100306012817/http://www.mobipocket.com:80/dev</link>
							<tag>(March 6, 2010) Mobipocket Developer Center home page</tag>
							<comment>Link to Mobigen replaced by link to KindleGen 1.0. at Amazon Kindle&apos;s Publishing Program.</comment>
						</fdd:urlReference>
						<fdd:urlReference>
							<link>https://web.archive.org/web/20100308031916/http://www.mobipocket.com:80/dev/article.asp?basefolder=prcgen&amp;file=building.htm#tools</link>
							<tag>(March 8, 2010) Mobipocket Development Center: Creating Content | Tools</tag>
							<comment>Offers download of Mobipocket Creator 4.2 and KindleGen (from Amazon site)</comment>
						</fdd:urlReference>
						<fdd:urlReference>
							<link>https://web.archive.org/web/20100612113044/http://www.amazon.com:80/gp/feature.html?ie=UTF8&amp;docId=1000234621</link>
							<tag>(June 12, 2010) Amazon Kindle&apos;s Publishing Program</tag>
							<comment>Offers download of KindleGen 1.0.</comment>
						</fdd:urlReference>
						<fdd:urlReference>
							<link>https://web.archive.org/web/20101008060708/http://www.amazon.com/gp/feature.html?ie=UTF8&amp;docId=1000234621</link>
							<tag>(October 8, 2010) Amazon Kindle&apos;s Publishing Program</tag>
							<comment>Offers download of KindleGen 1.1.</comment>
						</fdd:urlReference>
						<fdd:urlReference>
							<link>https://web.archive.org/web/20111130111107/http://www.amazon.com/gp/feature.html?ie=UTF8&amp;docId=1000234621</link>
							<tag>(November 30, 2011)  Amazon | Kindle Publishing Programs</tag>
							<comment>Offers download of KindleGen 1.2.</comment>
						</fdd:urlReference>
						<fdd:urlReference>
							<link>https://web.archive.org/web/20111029161031/http://www.amazon.com:80/gp/feature.html?ie=UTF8&amp;docId=1000729511</link>
							<tag>(October 29, 2011) Amazon&apos;s Kindle Format 8 page</tag>
							<comment>Earliest capture of this page by the Internet Archive.</comment>
						</fdd:urlReference>
						<fdd:urlReference>
							<link>https://web.archive.org/web/20120113232842/https:/www.amazon.com/gp/feature.html?ie=UTF8&amp;docId=1000765211</link>
							<tag>(January 13, 2012) Amazon&apos;s KindleGen page</tag>
							<comment>Earliest capture of this page by the Internet Archive.  Offers download of KindleGen 2.</comment>
						</fdd:urlReference>
						<fdd:urlReference>
							<link>https://web.archive.org/web/20161030132456/http://www.mobipocket.com/en/downloadsoft/Default.asp?Language=EN</link>
							<tag>(October 30, 2016) Mobipocket Software Download page</tag>
							<comment>Last Internet Archive capture of this page</comment>
						</fdd:urlReference>
						<fdd:urlReference>
							<link>https://web.archive.org/web/20171026160614/https://www.amazon.com/gp/feature.html?ie=UTF8&amp;docId=1000234621</link>
							<tag>(October 26, 2017) Amazon | Kindle Publishing Programs</tag>
							<comment>Last Internet Archive capture of this page.</comment>
						</fdd:urlReference>
						<fdd:urlReference>
							<link>https://web.archive.org/web/20180209183054/https://www.amazon.com/gp/feature.html?ie=UTF8&amp;docId=1000765211</link>
							<tag>(February 9, 2019) Amazon&apos;s KindleGen page</tag>
							<comment>Offers download of KindleGen 2.9</comment>
						</fdd:urlReference>
						<fdd:urlReference>
							<link>https://kdp.amazon.com/en_US/help/topic/G200735480</link>
							<tag>Kindle Direct Publishing | KDP Tools and Resources</tag>
							<comment>From late 2017, Amazon has a new interface for its Kindle publishing service.  As of February 2019,  the only mention of .mobi on this page is in association with Kindle Comic Creator (v 1.1)  </comment>
						</fdd:urlReference>
					</fdd:urlList>
				</fdd:urlGroup>
			</fdd:url>
			<fdd:url>
				<fdd:urlReference>
					<link>https://www.iana.org/assignments/media-types/application/vnd.amazon.mobi8-ebook</link>
					<tag>Registration from 2016 at IANA for application/vnd.amazon.mobi8-ebook as Internet Media Type</tag>
					<comment>Deprecates use of &apos;application/x-mobi8-ebook&apos; and associates the new version with the extension .azw3</comment>
				</fdd:urlReference>
			</fdd:url>
			<fdd:url>
				<fdd:urlReference>
					<link>https://www.nationalarchives.gov.uk/PRONOM/fmt/396</link>
					<tag>PRONOM entry for fmt/396 -- PocketMobi (Palm Resource) File</tag>
					<comment>Information in PRONOM from UK National Archives about PocketMobi (Palm Resource) File format. PUID: fmt/396</comment>
				</fdd:urlReference>
			</fdd:url>
			<fdd:url>
				<fdd:urlReference>
					<link>https://www.wikidata.org/wiki/Q27996279</link>
					<tag>Wikidata entry for Q27996279</tag>
					<comment>Information in Wikidata about MOBI.    Wikidata Title ID: Q27996279</comment>
				</fdd:urlReference>
			</fdd:url>
		</fdd:urls>
	</fdd:usefulReferences>
</fdd:FDD>
