<?xml version="1.0" encoding="UTF-8"?>
<fdd:FDD id="fdd000280" titleName="ESRI Shapefile" shortName="ESRI_shape" xmlns:xsi="http://www.w3.org/2001/XMLSchema-instance" xmlns:fdd="http://www.loc.gov/preservation/digital/formats/schemas/fdd/v1" xsi:schemaLocation="http://www.loc.gov/preservation/digital/formats/schemas/fdd/v1 http://www.loc.gov/preservation/digital/formats/schemas/fdd/v1/fdd-v1-1.xsd">
	<fdd:properties>
		<fdd:gdfrGenreSelection>
			<fdd:gdfrGenre>dataset</fdd:gdfrGenre>
		</fdd:gdfrGenreSelection>
		<fdd:formatCategories>
			<fdd:category>file-group</fdd:category>
		</fdd:formatCategories>
		<fdd:gdfrConstraint>structured</fdd:gdfrConstraint>
		<fdd:gdfrBasis>symbolic</fdd:gdfrBasis>
		<fdd:gdfrDomains>
			<fdd:gdfrDomain>
				<fdd:value>gis</fdd:value>
			</fdd:gdfrDomain>
		</fdd:gdfrDomains>
		<fdd:updates>
			<fdd:date>2020-05-29</fdd:date>
		</fdd:updates>
		<fdd:draftStatus>Full</fdd:draftStatus>
	</fdd:properties>
	<fdd:identificationAndDescription>
		<fdd:fullName>ESRI Shapefile </fdd:fullName>
		<fdd:keywords>
			<fdd:keyword>geospatial data formats</fdd:keyword>
			<fdd:keyword>georeferenced image formats</fdd:keyword>
			<fdd:keyword>vector graphic formats</fdd:keyword>
		</fdd:keywords>
		<fdd:description>
			<p>The ESRI Shapefile format was developed by Esri, formerly the Environmental Systems Research Institute, Inc. and abbreviated as &quot;ESRI,&quot; and published in 1998.  Although proprietary, the intention behind publishing the format was to encourage its use for interopability among geographic information system (GIS) applications. The Shapefile format stores nontopological geometry and attribute information for spatial features in a data set.  A Shapefile consists minimally of a main file, an index file, and a dBASE  table.</p>
			<p>In the main file, the geometry for a feature is stored as a shape comprising a set of vector coordinates.  This main file is a direct access, variable-record-length file in which each record describes a shape with a list of its vertices.  In the index file, each record contains the offset of the corresponding main file record from the beginning of the main file.  Attributes are held in a dBASE format file.  The dBASE table contains feature attributes with one record per feature.  Attribute records in the dBASE file must be in the same order as records in the main file.    Each attribute record has a one-to-one relationship with the associated shape record. </p>
			<p>The shapefile format can support point, line, and area features.  Area features are represented as closed loop, double-digitized polygons.</p>
			<p>Instances of the Shapefile format have often been used as a data exchange format from Esri formats to non-Esri applications.  The format is most useful for writing simple features and attributes quickly as there are limitations inherent in the Shapefile format related to both geometry and attributes.  As outlined elsewhere in this description, these limitations may cause loss of data when using shapefiles to contain or exchange complex geometry or attributes.  The Shapefile format may be used as an intermediary between data creation applications and more functionally capable GIS formats and applications, albeit with the limitations noted in the Dataset/Normal Dataset section.</p>
			<p>The cluster of files is typically stored in the same file directory or project workspace, with all component files having the same filename (prefix) and identified by individual file extension (suffixes).  Three components are mandatory: a main file that contains the feature geometry (.shp), an index file that stores the index of the feature geometry (.shx), and a dBASE table (.dbf) that stores the attribute information of features.  A comprehensive list of component files follows: </p>
			<ul>
				<li>
					<i>shp</i> -- Main file (mandatory); a direct access, variable-record-length file in which each record describes a shape
with a list of its vertices. </li>
				<li>
					<i>shx</i> -- Index file (mandatory).  In the index file, each record contains the offset of the
corresponding main file record from the beginning of the main file. The index file (.shx) contains a 100-byte header followed by 8-byte, fixed-length records.</li>
				<li>
					<i>dbf</i> -- dBASE Table file (mandatory); a constrained form of <fddLink id="fdd000325">DBF</fddLink> that contains feature attributes with one record per feature. The one-to-one relationship
between geometry and attributes is based on record number. Attribute records in the
dBASE file must be in the same order as records in the main file.</li>
				<li>
					<i>sbn</i> -- Part 1 of spatial index for read-write instances of the Shapefile format.  If present, essential for correct processing.</li>
				<li>
					<i>sbx</i> -- Part 2 of spatial index for read-write instances of the Shapefile format.  If present, essential for correct processing.</li>
				<li>
					<i>atx</i> -- Created by ArcView 3.x for each instance of the Shapefile format or dBASE attribute index created in ArcCatalog.  ArcView GIS 3.x attribute indexes for shapefiles and dBASE files are not used by later versions of ArcGIS as a new attribute indexing model has been developed for shapefiles and dBASE files.  </li>
				<li>
					<i>fbn</i> -- One of the files that store the spatial index of the features for instances of the Shapefile format that are read-only.</li>
				<li>
					<i>fbx</i> -- The other file (besides .fbn) that stores the spatial index of the features for instances of the Shapefile format that are read-only. </li>
				<li>
					<i>ain</i> -- One of the files that stores the attribute index of the active fields in a table or a theme&apos;s attribute table.</li>
				<li>
					<i>aih</i> -- The other file (besides .ain) that stores the attribute index of the active fields in a table or a theme&apos;s attribute table</li>
				<li>
					<i>ixs</i> -- Geocoding index for read/write shapefiles.   If present, essential for correct processing. </li>
				<li>
					<i>mxs</i> --Geocoding index for read-write shapefiles (ODB format).</li>
				<li>
					<i>prj</i> -- Projections Definition file; stores coordinate system information.</li>
				<li>
					<i>xml</i> -- contains metadata, as used by ArcGIS.</li>
				<li>
					<i>cpg</i> -- An optional file that can be used to specify the codepage for identifying the character set to be used.  </li>
			</ul>
			<p>See <a href="#notes">Notes</a> for more information about filenames and contents.</p>
		</fdd:description>
		<fdd:shortDescription>The Shapefile format stores non-topological geometry and attribute information for the spatial features in a data set. The geometry for a feature is stored as a shape comprising a set of vector coordinates. Shapefiles can support point, line, and area features.</fdd:shortDescription>
		<fdd:productionPhase>The Shapefile format is open and popular for data transfer.  An initial state format during map and shape digitization output, employed as a middle state format by many programs and publishers, and used for data transfer between GIS applications.  
Shapefiles can be created by exporting any data source to a shapefile, digitizing shapes directly, using programming software, or writing directly to the shapefile specifications by creating a program.</fdd:productionPhase>
		<fdd:relationships>
			<fdd:relationship>
				<fdd:typeOfRelationship>Must have component</fdd:typeOfRelationship>
				<fdd:comment>Main file (.shp) and index file (.shx), not described separately on this website.</fdd:comment>
			</fdd:relationship>
			<fdd:relationship>
				<fdd:typeOfRelationship>Must have component</fdd:typeOfRelationship>
				<fdd:relatedTo>
					<fdd:id>fdd000326</fdd:id>
					<fdd:shortName>Shape_DBF</fdd:shortName>
					<fdd:titleName>dBASE Table for ESRI Shapefile (DBF)</fdd:titleName>
				</fdd:relatedTo>
			</fdd:relationship>
			<fdd:relationship>
				<fdd:typeOfRelationship>May have component</fdd:typeOfRelationship>
				<fdd:comment>Optional component files include files with the following extensions: .sbn; .sbx; .atx; .fbn; .fbx; .ain; .aih; .ixs; .mxs; prj; xml; cpg.  None of the formats for these files are described separately on this website.</fdd:comment>
			</fdd:relationship>
		</fdd:relationships>
	</fdd:identificationAndDescription>
	<fdd:localUse>
		<fdd:experience>The Library of Congress has acquired geospatial data in Shapefile format for its collections and to produce maps to support service to the U.S. Congress and to illustrate the scope of collections.  Where the Library once acquired ongoing map sets on paper, many are now acquired digitally.  For example, a map acquisition may include both a <fddLink id="fdd000279">GeoTIFF</fddLink> created by scanning a paper map and vectorizations of the original as ESRI_shape or <fddLink id="fdd000294">GeoDB_file</fddLink> format.  From various sources, including archived web pages, over 130,000 files with .shp extension were found in its digital collection storage in May 2020.</fdd:experience>
		<fdd:preference>For works acquired for its collections, the list of <a href="https://www.loc.gov/preservation/resources/rfs/stillimg.html#ogdigital">Library of Congress Recommended Format Specifications for Still Image works</a>, indicates that the Shapefile format, ESRI_Shape, is a preferred format for GIS vector images.  Since ESRI_Shape is supported by widely adopted geospatial information systems and by well supported open source software libraries it is also a preferred format for geospatial datasets.  See the <a href="https://www.loc.gov/preservation/resources/rfs/data.html#geospatial">Library of Congress Recommended Formats Statement for Datasets</a>.</fdd:preference>
	</fdd:localUse>
	<fdd:sustainabilityFactors>
		<fdd:disclosure>Fully documented. Developed and regulated by Esri, formerly the Environmental Systems Research Institute, Inc. and abbreviated as &quot;ESRI&quot;, as an open specification for data interoperability among Esri and other software products.</fdd:disclosure>
		<fdd:documentation>
			<a href="https://www.esri.com/library/whitepapers/pdfs/shapefile.pdf">ESRI Shapefile Technical Description:
An ESRI White Paper—July 1998</a>
		</fdd:documentation>
		<fdd:adoption>
			<p>During the 1990s, Esri introduced the Shapefile format and it soon became a de facto standard. The format is still widely deployed today, although the limitations outlined in the <a href="#factors">Quality and functionality factors</a> and <a href="#notes">Notes</a> within this description have led many users to move to geospatial database formats.  See <fddLink id="fdd000293">GeoDB</fddLink> and <fddLink id="fdd000520">GeoPackage</fddLink>.</p>
			<p>According to <a href="https://andrewmaclachlan.github.io/CASA0005repo/geographic-information.html#shapefiles">Shapefiles</a> in the online course &quot;CASA0005 Geographic Information Systems and Science&quot; from University College, London, &quot;Perhaps the most commonly used GIS data format is the shapefile. Shapefiles were developed by ESRI, one of the first and now certainly the largest commercial GIS company in the world. Despite being developed by a commercial company, they are mostly an open format and can be used (read and written) by a host of GIS Software applications.&quot;</p>
			<p>Essentially all GIS applications can view, use, or manipulate data in the Shapefile format.  In early 2020, examples of mainstream geospatial software applications supporting the Shapefile format, with links to lists of supported formats, include: <a href="https://pro.arcgis.com/en/pro-app/help/data/shapefiles/working-with-shapefiles-in-arcgis-pro.htm">Esri ArcGIS</a> and other Esri products, such as <a href="https://doc.arcgis.com/en/cityengine/latest/help/help-import-shapefile.htm">CityEngine</a>; <a href="https://www.bluemarblegeo.com/knowledgebase/global-mapper-21-1/Formats/Shapefile.htm">Global Mapper</a>; <a href="https://support.pitneybowes.com/SearchArticles/VFP06_KnowledgeWithSidebarTroubleshoot?id=kA280000000CjuyCAC&amp;popup=false&amp;lang=en_US">MapInfo Professional</a> (now from Pitney Bowes); <a href="https://bynder.hexagon.com/m/19643d4143db49a5/original/Hexagon_GSP_LuciadFusion_Brochure.pdf">LuciadFusion (from Hexagon Geospatial)</a>.  The open-source GIS application <a href="https://docs.qgis.org/3.10/en/docs/user_manual/managing_data_source/supported_data.html?highlight=shapefile#esri-shapefile-format">QGIS</a> can import and export Shapefiles. Data streams, such as those from global positioning system (GPS) receivers, can also be stored in the Shapefile format. Shapefiles can be imported into <a href="https://www.google.com/earth/outreach/learn/importing-geographic-information-systems-gis-data-in-google-earth/#import-a-gis-shapefile-or-other-vector-dataset-1">Google Earth Pro</a>, <a href="https://wiki.openstreetmap.org/wiki/Software_comparison/Import_a_shapefile">Open Street Map</a>, and <a href="https://knowledge.autodesk.com/support/autocad-map-3d/learn-explore/caas/CloudHelp/cloudhelp/2019/ENU/MAP3D-Use/files/GUID-B7686DD2-2F5D-4984-B023-14B13AA7E516-htm.html">AutoCAD Map 3D</a>.  There are also several software libraries, in a variety of programming languages that support its use.  In particular, the Open Source Geospatial Foundation&apos;s <a href="https://gdal.org/drivers/vector/shapefile.html">Geospatial Data Abstraction Library (GDAL)</a> supports the Shapefile format, and Safe Software&apos;s <a href="https://www.safe.com/integrate/arcgis-shp/">FME Desktop for integrating and transforming spatial data</a> supports read and write of the Shapefile format on Windows, Linux, and MacOS operating systems.  See <a href="https://www.safe.com/fme/tech-specs/">FME Technical Specifications</a> for FME Desktop and FME Server.</p>
			<p>A number of U.S. government agencies have distributed data in Shapefile format, including the U.S. Geological Survey (USGS), the U.S. Census Bureau, the National Oceanic and Atmospheric Administration, the Environmental Protection Agency, and the interagency National Atlas of the United States project led by USGS.  See <a href="#notes">Notes</a> for more detail on the Shapefile format data available from these agencies.</p>
			<p>Among the archival institutions that list the Shapefile format as a preferred or acceptable format are: the <a href="https://www.archives.gov/records-mgmt/policy/transfer-guidance-tables.html#geospatialformats">U.S. National Archives</a>; the <a href="https://www.ukdataservice.ac.uk/manage-data/format/recommended-formats"> UK Data Service</a>; and the <a href="https://dans.knaw.nl/en/about/services/easy/information-about-depositing-data/before-depositing/file-formats">Data Archiving and Networked Services</a> for the Netherlands.</p>
			<p>Selected examples of research datasets made available for re-use in the Shapefile format are: <a href="https://www.openicpsr.org/openicpsr/project/100069/version/V1/view">United States District Court Boundary Shapefiles (1900-2000)</a> from Open ICPSR; <a href="">GIS files</a> from the National Historical Geographic Information System; and <a href="https://www.tpl.org/parkserve/downloads">ParkServe data</a> from The Trust for Public Land.</p>
		</fdd:adoption>
		<fdd:licensingAndPatents>The original specification, <a href="https://www.esri.com/library/whitepapers/pdfs/shapefile.pdf">ESRI Shapefile Technical Description:
An ESRI White Paper—July 1998</a>, states, &quot;This document also provides all the technical information necessary for writing a computer program to create shapefiles without the use of ESRI® software for organizations that want to write their own data translators.&quot; Esri clearly encouraged others to write software to use the format and not only to use Esri applications.  <a href="https://www.esri.com/en-us/legal/terms/full-master-agreement">Esri | Master Agreements; Products and Services Terms of Use</a> detail the terms of use for Esri GIS software.</fdd:licensingAndPatents>
		<fdd:transparency>Computer programs can be created to read or write the Shapefile format using the technical
specification in <a href="https://www.esri.com/library/whitepapers/pdfs/shapefile.pdf">ESRI Shapefile Technical Description:
An ESRI White Paper—July 1998.</a>
		</fdd:transparency>
		<fdd:selfDocumentation>GIS metadata documenting important characteristics of the resource found in the Shapefile format such as bounding coordinates, datum, etc. may be included as a .xml file within the file group.</fdd:selfDocumentation>
		<fdd:externalDependencies>No concerns</fdd:externalDependencies>
		<fdd:techProtection>No concerns</fdd:techProtection>
	</fdd:sustainabilityFactors>
	<fdd:qualityAndFunctionalityFactors>
		<fdd:datasetQF>
			<fdd:normalDataset>
				<p>The ESRI Shapefile format is a special-purpose dataset for storing nontopological geometry and attribute information for the spatial
features in a data set. Its component <fddLink id="fdd000326">Shape_DBF</fddLink> file uses a constrained form of the dBASE File Format (<fddLink id="fdd000325">DBF</fddLink>) to store feature attributes using a limited set of data types.</p>
				<p>Some relevant considerations were outlined in the Esri Help explanation <a href="http://webhelp.esri.com/arcgisdesktop/9.3/index.cfm?TopicName=Geoprocessing_considerations_for_shapefile_output">&quot;Geoprocessing Considerations for Shapefile Output,&quot;</a> (as of 2009 and ArcGIS 9.3), including the idea that the relative simplicity of the Shapefile format's structure means that data may be lost if the format is used to transfer complex geometry and attributes.  The document also notes that the format's attributes cannot contain null values, and stores numeric values as characters rather than binary, thus leading to rounding errors for numbers containing decimal places, i.e., real numbers.  The format also lacks good support for Unicode character strings, thus limiting the use of non-English languages, and does not allow field names longer than ten characters. The format cannot store both a date and a time in the same date field, and cannot support spatial domains or subtypes.  In terms of geometry limitations, instances of the Shapefile format have a 2 GB size limitation for any of the component file, but any given instance may take up to three to five times as much space as file GIS databases. The Shapefile format does not contain an XY tolerance (the minimum distance between coordinates before they are considered equal), thus impacting the precision with which comparison between features can be calculated.  Since circular arc curves are not supported in the format, existing circular arc curves will be transformed to simple line features with closely spaced vertices rather than as true arcs.</p>
				<p>As of 2020, with increasing size of datasets and more GIS use and analysis by beginners and non-specialists, the shortcomings of the Shapefile format are increasingly significant.  Alternatives include the openly specified <fddLink id="fdd000520">OGC GeoPackage</fddLink> and the proprietary <fddLink id="fdd000294">ESRI File Geodatabase</fddLink>.  Examples of advocacy for stopping use of Shapefile, with lists of problems, include <a href="http://switchfromshapefile.org/">Switch from Shapefile</a> and <a href="https://www.gis-blog.com/geopackage-vs-shapefile/">Why you should use GeoPackage instead of Shapefile</a>.</p>
			</fdd:normalDataset>
			<fdd:accessSoftware>There are many non-Esri applications that can view, use and output instances of the Shapefile format, although the instances that are output can easily be corrupted, and may not be properly formatted.  Information about how to create data in the Shapefile format can be found within the <a href="http://www.esri.com/library/whitepapers/pdfs/shapefile.pdf">ESRI Shapefile Technical Description:
An ESRI White Paper—July 1998.</a>  Links to a free C library for reading and/or writing the Shapefile format, and an Open Source (MIT License) Python library for reading/writing in the format can be found in the <a href="#useful">Useful References</a> section.</fdd:accessSoftware>
			<fdd:dataDocumentation>The minimal requirements for an instance of the Shapefile format do not specify a place for the documentation of data quality or provenance.</fdd:dataDocumentation>
		</fdd:datasetQF>
		<fdd:gisQF>
			<fdd:normalGIS>
				<p>The minimal structure for the Shapefile format (i.e., the required .shp, .shx, .dbf files in the cluster)  facilitates georeferencing to the extent that &quot;auxiliary&quot; files are also clustered in the same directory structure, including a .prj file for projection information, and a .txt or .xml file for metadata.  If the metadata record for a given Shapefile format instance includes coordinates, datum, and scale, the location for the features represented by the instance of the format can be accurately and precisely determined.</p>
				<p>The Shapefile format handles single features that overlap or that are noncontiguous. The format can support point, line, and area features. Area features are represented as closed loop, double-digitized polygons.</p>
				<p>Because the format does not have the processing overhead of a topological data structure, it typically requires less disk space and is easier to read and write.   It has advantages over some more complex geospatial data formats such as faster drawing speed and editability. However, Shapefiles do not have a spatial domain, which defines the geographic extent that all coordinates must fall within. This spatial extent is useful when editing geometry since it prevents you from entering coordinates outside the extent.  See Normal Dataset and Notes for further limitations.</p>
			</fdd:normalGIS>
			<fdd:metadataGIS>When .txt or .xml files are included within the Shapefile cluster's directory, they are usually intended as metadata for the data contained within the other files that comprise the shapefile.  No assumptions are made about the completeness or accuracy of the metadata, nor is any particular content standard presumed.</fdd:metadataGIS>
			<fdd:grids>Instances of the Shapefile format are ready for grid analysis by virtue of the component <fddLink id="fdd000326">Shape_DBF</fddLink> file, essentially a relational database table.  This table contains the characteristics describing geographic features that are available for viewing and/or for simple grid analysis.  The extent to which mathematical and statistical calculations can be performed against the data in the table is dependent upon the data structure built into the dataset layers comprising the shapefile.   Often, the tabular data found in an instance of a Shapefile format are joined or related to other tabular data to support more complex analysis. </fdd:grids>
		</fdd:gisQF>
	</fdd:qualityAndFunctionalityFactors>
	<fdd:fileTypeSignifiers>
		<fdd:signifiersGroup>
			<fdd:filenameExtension>
				<fdd:sigValues>
					<fdd:sigValue>shp</fdd:sigValue>
				</fdd:sigValues>
				<fdd:note>Known as the main file. One of three mandatory files in a Shapefile format cluster, stored in the same project workspace, typically a file folder.  The .shp file stores the feature geometry and shares a base filename (prefix) with the index and the
<fddLink id="fdd000326">Shape_DBF</fddLink> file. See <a href="#notes">Notes</a> for more information on filenaming.</fdd:note>
			</fdd:filenameExtension>
			<fdd:magicNumbers>
				<fdd:sigValues>
					<fdd:sigValue> Hex: 00 00 27 0A 00 00 00 00 00 00 00 00 00 00 00 00 00 00 00 00 00 00 00 00</fdd:sigValue>
					<fdd:sigValue>ASCII: &amp;apos; </fdd:sigValue>
				</fdd:sigValues>
				<fdd:note>From the <a href="https://filext.com/">FileExtension Source</a>
				</fdd:note>
			</fdd:magicNumbers>
		</fdd:signifiersGroup>
		<fdd:signifiersGroup>
			<fdd:filenameExtension>
				<fdd:sigValues>
					<fdd:sigValue>shx</fdd:sigValue>
				</fdd:sigValues>
				<fdd:note>The index file stores the index of the feature geometry.   One of the three mandatory files included in a Shapefile format cluster.  In the index file, each record contains the offset of the corresponding main file record from the beginning of the main file (with extension .shp).  The index file (.shx) contains a 100-byte header followed by 8-byte, fixed-length records.  The shx file must have the same base filename as all other files included in the Shapefile format cluster.</fdd:note>
			</fdd:filenameExtension>
			<fdd:filenameExtension>
				<fdd:sigValues>
					<fdd:sigValue>dbf</fdd:sigValue>
				</fdd:sigValues>
				<fdd:note>For dBASE Table file.  One of the three mandatory files included in a Shapefile format cluster.  The dBASE table contains feature attributes with one record per feature. The one-to-one relationship between geometry and attributes is based on record number. Attribute records in the dBASE file must be in the same order as records in the main file.  The dBASE file must have the same base filename (prefix) as all other files included in the Shapefile format cluster.</fdd:note>
			</fdd:filenameExtension>
			<fdd:filenameExtension>
				<fdd:sigValues>
					<fdd:sigValue>sbn</fdd:sigValue>
				</fdd:sigValues>
				<fdd:note>One of two files that stores the spatial index of the features, i.e., Part 1 of the spatial index for read-write instances of the Shapefile format.<ul>
						<li>If present, essential for correct processing.</li>
						<li>Must have the same base filename as all other files included in the Shapefile format cluster.</li>
					</ul>
				</fdd:note>
			</fdd:filenameExtension>
			<fdd:filenameExtension>
				<fdd:sigValues>
					<fdd:sigValue>sbx</fdd:sigValue>
				</fdd:sigValues>
				<fdd:note>One of two files that stores the spatial index of the features, i.e., Part 2 of the spatial index for read-write instances of the Shapefile format.  <ul>
						<li>If present, essential for correct processing.</li>
						<li>Must have the same base filename as all other files included in the Shapefile format cluster.</li>
					</ul>
				</fdd:note>
			</fdd:filenameExtension>
			<fdd:filenameExtension>
				<fdd:sigValues>
					<fdd:sigValue>atx</fdd:sigValue>
				</fdd:sigValues>
				<fdd:note>Created by ArcView 3.x for each shapefile or dBASE attribute index created in ArcCatalog.  Not used by later versions of ArcGIS.<ul>
						<li>Associated file; if present, essential for correct processing.</li>
						<li>Must have the same base filename as all other files included in the Shapefile format cluster.</li>
					</ul>
				</fdd:note>
			</fdd:filenameExtension>
			<fdd:filenameExtension>
				<fdd:sigValues>
					<fdd:sigValue>fbn</fdd:sigValue>
				</fdd:sigValues>
				<fdd:note>One of two files that stores the spatial index of the features for shapefiles that are read-only along with .fbx files.  <ul>
						<li>Must have the same base filename as all other files included in the Shapefile format cluster.</li>
					</ul>
				</fdd:note>
			</fdd:filenameExtension>
			<fdd:filenameExtension>
				<fdd:sigValues>
					<fdd:sigValue>fbx</fdd:sigValue>
				</fdd:sigValues>
				<fdd:note>One of two files that stores the spatial index of the features for instances of the Shapefile format that are read-only along with .fbn files.  <ul>
						<li>Must have the same base filename as all other files included in the Shapefile format cluster.</li>
					</ul>
				</fdd:note>
			</fdd:filenameExtension>
			<fdd:filenameExtension>
				<fdd:sigValues>
					<fdd:sigValue>ain</fdd:sigValue>
				</fdd:sigValues>
				<fdd:note>One of two files that stores the attribute index of the active fields in a table or a theme's attribute table along with .aih files.  <ul>
						<li>Must have the same base filename as all other files included in the Shapefile format cluster.</li>
					</ul>
				</fdd:note>
			</fdd:filenameExtension>
			<fdd:filenameExtension>
				<fdd:sigValues>
					<fdd:sigValue>aih</fdd:sigValue>
				</fdd:sigValues>
				<fdd:note>One of two files that stores the attribute index of the active fields in a table or a theme's attribute table along with .ain files.  <ul>
						<li>Must have the same base filename as all other files included in the Shapefile format cluster.</li>
					</ul>
				</fdd:note>
			</fdd:filenameExtension>
			<fdd:filenameExtension>
				<fdd:sigValues>
					<fdd:sigValue>ixs</fdd:sigValue>
				</fdd:sigValues>
				<fdd:note>Geocoding index for read-write shapefiles.  <ul>
						<li>Associated file; if present, essential for correct processing.</li>
						<li>Must have the same base filename (prefix) as all other files included in the Shapefile format cluster.</li>
					</ul>
				</fdd:note>
			</fdd:filenameExtension>
			<fdd:filenameExtension>
				<fdd:sigValues>
					<fdd:sigValue>mxs</fdd:sigValue>
				</fdd:sigValues>
				<fdd:note>Geocoding index for read-write shapefiles (ODB format).  <ul>
						<li>Must have the same base filename (prefix) as all other files included in the Shapefile format cluster.</li>
					</ul>
				</fdd:note>
			</fdd:filenameExtension>
			<fdd:filenameExtension>
				<fdd:sigValues>
					<fdd:sigValue>prj</fdd:sigValue>
				</fdd:sigValues>
				<fdd:note>For Projections Definitions file.  <ul>
						<li>Must have the same base filename (prefix) as all other files included in the Shapefile format cluster.</li>
					</ul>
				</fdd:note>
			</fdd:filenameExtension>
			<fdd:filenameExtension>
				<fdd:sigValues>
					<fdd:sigValue>xml</fdd:sigValue>
				</fdd:sigValues>
				<fdd:note>Stores information (metadata) about the shapefile.   In ArcGIS, the metadata file is often called metadata.xml and must be stored in the same file directory or project workspace as the rest of the component files in the Shapefile format cluster in order to be used by ArcGIS applications.  </fdd:note>
			</fdd:filenameExtension>
			<fdd:filenameExtension>
				<fdd:sigValues>
					<fdd:sigValue>cpg</fdd:sigValue>
				</fdd:sigValues>
				<fdd:note>Specifies the codepage for identifying the character set to be used.  <ul>
						<li>Must have the same base filename (prefix) as all other files included in the Shapefile format cluster.</li>
					</ul>
				</fdd:note>
			</fdd:filenameExtension>
			<fdd:other>
				<fdd:tag>Pronom PUID</fdd:tag>
				<fdd:values>
					<fdd:sigValues>
						<fdd:sigValue>x-fmt/235</fdd:sigValue>
					</fdd:sigValues>
					<fdd:note>See <a href="http://www.nationalarchives.gov.uk/PRONOM/x-fmt/235">http://www.nationalarchives.gov.uk/PRONOM/x-fmt/235</a>.</fdd:note>
				</fdd:values>
			</fdd:other>
			<fdd:other>
				<fdd:tag>Wikidata Title ID</fdd:tag>
				<fdd:values>
					<fdd:sigValues>
						<fdd:sigValue>Q278934</fdd:sigValue>
					</fdd:sigValues>
					<fdd:note>See <a href="https://www.wikidata.org/wiki/Q278934">https://www.wikidata.org/wiki/Q278934</a>.
					</fdd:note>
				</fdd:values>
			</fdd:other>
		</fdd:signifiersGroup>
	</fdd:fileTypeSignifiers>
	<fdd:notes>
		<fdd:general>
			<p>All file names in a Shapefile format cluster adhere to the 8.3 naming convention. The main file, the index file, and the
dBASE file have the same base filename (prefix), which must start with an alphanumeric character
(a–Z, 0–9), followed by zero or up to seven characters (a–Z, 0–9, _, -).  All letters in a file name are in lower case on operating systems with case
sensitive file names.  </p>
			<p>The Shapefile format stores integer and double-precision numbers.  The <a href="https://www.esri.com/library/whitepapers/pdfs/shapefile.pdf">ESRI Shapefile Technical Description</a> refers to the following types:</p>
			<ul>
				<li>Integer: Signed 32-bit integer (4 bytes)</li>
				<li>Double: Signed 64-bit IEEE double-precision floating point number (8 bytes)</li>
				<li>Floating point numbers must be numeric values.</li>
			</ul>
			<p>Positive infinity, negative infinity, and Not-a-Number (NaN) values are not allowed in the format. Nevertheless, the format supports the concept of &quot;no data&quot; values, but they are currently used only for measures.
Any floating point number smaller than –1038 is considered by a Shapefile reader to
represent a &quot;no data&quot; value.</p>
			<p>The functionality associated with the Shapefile format is constrained by the rules associated with the building and display of points, polylines, and polygons.  Limitations are also imposed by the use of the dBASE component file with its field types and character width restrictions, its restriction to support only for ANSI characters in field names and values. The number of fields within an attribute table are limited to 255, and there is little support for SQL functions other than that provided by use of WHERE clauses.  Feature class subtyping, assignment of attribute domains, geometric networks, topologies and annotations are not supported by shapefiles, thus more or less limiting functionality to that of normal GIS functionality. </p>
			<p>The Shapefile format can be useful as a middle state when exporting data for use in a non-Esri software application, or for exporting data to use in ArcView 3 or ArcInfo Workstation. The Shapefile format can be used to write simple features and attributes quickly, such as for ArcGIS Server geoprocessing services. But as is outlined in the Esri Help explanation <a href="http://webhelp.esri.com/arcgisdesktop/9.3/index.cfm?TopicName=Geoprocessing_considerations_for_shapefile_output">Geoprocessing Considerations for Shapefile Output (from 2009, ArcGIS 9.3)</a>, the format does not handle the full life cycle of data creation, editing, versioning, and archiving, thus inhibiting its use in modern life-cycle, active database management.</p>
			<p>Listed here are examples of the adoption of the Shapefile format by U.S. government agencies.  Since government websites are reorganized and redesigned and use of formats changes over time, many of the links are via the Internet Archive:</p>
			<ul>
				<li>The <a href="https://web.archive.org/web/20140305131924/http://www.nationalatlas.gov/pros.html">National Atlas of the United States of America</a> vector file map layers were available in Shapefile format during the 1997-2014 period the Atlas was online.  These layers were formerly also available in the <fddLink id="fdd000301">SDTS-TVP</fddLink> format, but SDTS-TVP support was dropped in mid-2012, because of lack of demand.</li>
				<li>In 2014, <a href="https://web.archive.org/web/20140413075909/http://ned.usgs.gov/downloads.html">National Elevation Dataset (NED) Spatial Metadata</a> was available in Shapefile format. (Link via Internet Archive)</li>
				<li>The United States Census Bureau has made datasets of legal boundaries available in Shapefile format for many years.  See, for example, <a href="https://web.archive.org/web/20120321221432/http://www.census.gov/geo/www/cob/prev_cartbndry_names.html">Pre-2010 Cartographic Boundary File Naming Conventions</a> (as of 2012) and <a href="https://web.archive.org/web/20170829042711/https://www.census.gov/geo/maps-data/data/tiger-line.html">TIGER/Line Shapefiles</a> (as of 2017). In May 2020, legal boundary data is still available in Shapefile format; see <a href="https://www.census.gov/programs-surveys/geography/technical-documentation/complete-technical-documentation.html">Census Geography Program: Combined Documentation</a>.</li>
				<li>Several datasets available as layers in The National Map (<a href="https://viewer.nationalmap.gov/basic/">TNM</a>) can be downloaded in Shapefile and <fddLink id="fdd000294">GeoDB_file</fddLink> formats.  This includes the <a href="https://catalog.data.gov/dataset/usgs-national-boundary-dataset-nbd-downloadable-data-collectionbc141">USGS National Boundary Dataset</a>, the <a href="https://catalog.data.gov/dataset/usgs-national-transportation-dataset-ntd-downloadable-data-collectionde7d2">USGS National Transportation Dataset</a>, and the <a href="https://catalog.data.gov/dataset/usgs-national-structures-dataset-nsd-downloadable-data-collection-national-geospatial-data-ass">USGS National Structures Dataset</a>.</li>
				<li>
					<a href="https://www.nauticalcharts.noaa.gov/data/us-maritime-limits-and-boundaries.html#access-digital-data">U.S. Maritime Limits &amp; Boundaries</a>, from Office of Coast Survey are distributed in Shapefile format.</li>
				<li>The United States Environmental Protection Agency distributed geospatial information from the <a href="https://web.archive.org/web/20151011044005/http://www2.epa.gov/enviro/geospatial-data-download-service">Facility Registry Service (FRS)</a> as Shapefiles until 2015 (Link via Internet Archive).  More recently, the same data is made available instead in <fddLink id="fdd000294">GeoDB_file</fddLink> format.  See <a href="https://www.epa.gov/frs/geospatial-data-download-service">FRS | Geospatial Data Download Service</a>.</li>
				<li>The United States Department of Agriculture (USDA) distributes <a href="https://data.fs.usda.gov/geodata/edw/datasets.php">Forest Service National Datasets</a> in Shapefile format.</li>
				<li>
					<a href="https://shoreline.noaa.gov/data/datasheets/usgs.html">Vector Shoreline data</a> originating from the U.S. Geological Survey (USGS) are available from NOAA in Shapefile format.</li>
				<li>Data from the <a href="https://web.archive.org/web/20180719025826/http://www.broadbandmap.gov/data-download">National Broadband Map</a> (as of 2014) was available in Shapefile and <fddLink id="fdd000323">CSV</fddLink> formats. (Link via Internet Archive)</li>
			</ul>
			<p>Shapefiles are often distributed as compressed packages that combine the related files and reduce download time.  The <a href="http://www.bluemarblegeo.com/products/global-mapper-dlvg32.php">USGS Digital Data Viewer: dlgv32 Pro</a> a limited-feature version of commercial software <a href="http://www.bluemarblegeo.com/products/global-mapper.php/">Global Mapper</a>, can load directly Shapefiles distributed as compressed .tar.gz files.</p>
		</fdd:general>
		<fdd:history>
			<p>Esri introduced the Shapefile format as a part of ArcView GIS version 2 during the 1990s. The format was welcome because interest in simple geometric structures had grown during the 1990s as disk storage and hardware costs decreased and computational speed increased. At the same time, existing geographic information system (GIS) datasets were more readily available, and the work of GIS users was evolving from primarily data compilation activities to include data use, analysis, and data sharing. Shapefiles could be easily created from many GIS systems and, over time, shapefiles were widely adopted as a de facto standard.</p>
		</fdd:history>
	</fdd:notes>
	<fdd:formatSpecifications>
		<fdd:urls>
			<fdd:url>
				<fdd:urlReference>
					<link>https://www.esri.com/library/whitepapers/pdfs/shapefile.pdf</link>
					<tag>ESRI Shapefile Technical Description: An ESRI White Paper—July 1998</tag>
					<comment>This paper defines the Shapefile data format. It claims to provide all the technical information necessary for writing a computer program to create shapefiles without the use of ArcView GIS or other ESRI software for organizations that want to write their own data translators.

</comment>
				</fdd:urlReference>
			</fdd:url>
		</fdd:urls>
	</fdd:formatSpecifications>
	<fdd:usefulReferences>
		<fdd:urls>
			<fdd:url>
				<fdd:urlGroup>
					<fdd:intro>Help files from Esri about the Shapefile format.</fdd:intro>
					<fdd:urlList>
						<fdd:urlReference>
							<link>http://webhelp.esri.com/arcgisdesktop/9.3/index.cfm?TopicName=Geoprocessing_considerations_for_shapefile_output</link>
							<tag>Geoprocessing considerations for shapefile output (2009) | from ArcGIS Desktop 9.3 Help</tag>
						</fdd:urlReference>
						<fdd:urlReference>
							<link>https://desktop.arcgis.com/en/arcmap/latest/manage-data/shapefiles/geoprocessing-considerations-for-shapefile-output.htm</link>
							<tag>Geoprocessing considerations for shapefile output (latest version) | from ArcGIS Desktop Help</tag>
						</fdd:urlReference>
						<fdd:urlReference>
							<link>http://webhelp.esri.com/arcgiSDEsktop/9.2/index.cfm?TopicName=Shapefile_file_extensions</link>
							<tag>Shapefile file extensions (2008) | from ArcGIS Desktop 9.2 Help</tag>
						</fdd:urlReference>
						<fdd:urlReference>
							<link>http://help.arcgis.com/en/arcgisdesktop/10.0/help/</link>
							<tag>ArcGIS Help Library, Desktop 10</tag>
							<comment>Application help resource that includes numerous general, illustrative explanatory notes and historical information.</comment>
						</fdd:urlReference>
						<fdd:urlReference>
							<link>https://www.esri.com/en-us/legal/terms/full-master-agreement</link>
							<tag>Licensing information for Esri software</tag>
						</fdd:urlReference>
					</fdd:urlList>
				</fdd:urlGroup>
			</fdd:url>
			<fdd:url>
				<fdd:urlReference>
					<link>https://en.wikipedia.org/wiki/Shapefile</link>
					<tag>Wikipedia entry for Shapefile</tag>
				</fdd:urlReference>
			</fdd:url>
			<fdd:url>
				<fdd:urlReference>
					<link>http://shapelib.maptools.org</link>
					<tag>Free C Library for reading and/or writing data in the Shapefile format</tag>
				</fdd:urlReference>
			</fdd:url>
			<fdd:url>
				<fdd:urlReference>
					<link>https://github.com/GeospatialPython/pyshp</link>
					<tag>Python Shapefile software repository at Github</tag>
				</fdd:urlReference>
			</fdd:url>
			<fdd:url>
				<fdd:urlReference>
					<link>http://geospatialpython.com/2011/10/your-chance-to-make-gis-history.html</link>
					<tag>Blog post: Your Chance to Make GIS History</tag>
					<comment>Programmer is asking for help reverse-engineering a small detail of the .sbn file structure.</comment>
				</fdd:urlReference>
			</fdd:url>
			<fdd:url>
				<fdd:urlReference>
					<link>https://andrewmaclachlan.github.io/CASA0005repo/geographic-information.html#shapefiles</link>
					<tag>The Basics of Geographic Information: Shapefiles | in online course from University College, London</tag>
					<comment>From Geographic Information Systems and Science (CASA0005) by Andy MacLachlan and Adam Dennett</comment>
				</fdd:urlReference>
			</fdd:url>
			<fdd:url>
				<fdd:urlGroup>
					<fdd:intro>Resources listing shortcomings the Shapefile format and arguing that the format should no longer be used.</fdd:intro>
					<fdd:urlList>
						<fdd:urlReference>
							<link>https://www.gis-blog.com/geopackage-vs-shapefile/</link>
							<tag>Why you should use GeoPackage instead of Shapefile (2018) | blog post from GIS-blog</tag>
							<comment>The comments are also illuminating.</comment>
						</fdd:urlReference>
						<fdd:urlReference>
							<link>http://switchfromshapefile.org/</link>
							<tag>Switch from Shapefile</tag>
							<comment>Includes discussion of alternatives</comment>
						</fdd:urlReference>
					</fdd:urlList>
				</fdd:urlGroup>
			</fdd:url>
			<fdd:url>
				<fdd:urlReference>
					<link>https://web.archive.org/web/20140930111704/http://www.nationalatlas.gov/pros.html</link>
					<tag>National Atlas of the United States of America (1997-2014) -- for professionals</tag>
					<comment>Vector file map layers in the atlas were distributed as Shapefiles.  The National Atlas was taken offline on October 1, 2014.  Link via Internet Archive.</comment>
				</fdd:urlReference>
			</fdd:url>
			<fdd:url>
				<fdd:urlReference>
					<link>https://web.archive.org/web/20140413075909/http://ned.usgs.gov/downloads.html</link>
					<tag>National Elevation Dataset (NED) Spatial Metadata (as of 2014)</tag>
					<comment>Link via Internet Archive</comment>
				</fdd:urlReference>
			</fdd:url>
			<fdd:url>
				<fdd:urlReference>
					<link>https://web.archive.org/web/20160123235440/http://www.census.gov/geo/maps-data/data/tiger-cart-boundary.html</link>
					<tag>United States Census Bureau cartographic boundary shapefiles (as of 2016)</tag>
					<comment>Link via Internet Archive</comment>
				</fdd:urlReference>
			</fdd:url>
			<fdd:url>
				<fdd:urlReference>
					<link>https://www.nauticalcharts.noaa.gov/data/us-maritime-limits-and-boundaries.html</link>
					<tag>U.S. Maritime Limits &amp; Boundaries | NOAA Office of Coast Survey</tag>
				</fdd:urlReference>
			</fdd:url>
			<fdd:url>
				<fdd:urlGroup>
					<fdd:intro>The Facility Registry Service provides facility data to support EPA&apos;s mission of protecting human health and the environment. </fdd:intro>
					<fdd:urlList>
						<fdd:urlReference>
							<link>https://web.archive.org/web/20151011044005/http://www2.epa.gov/enviro/geospatial-data-download-service</link>
							<tag>U.S. Environmental Protection Agency's regulated facility (FRS) data (as of 2015)</tag>
							<comment>Link via Internet Archive</comment>
						</fdd:urlReference>
						<fdd:urlReference>
							<link>https://www.epa.gov/frs/geospatial-data-download-service</link>
							<tag>Facility Registry Service (FRS) | Geospatial Data Download Service</tag>
						</fdd:urlReference>
					</fdd:urlList>
				</fdd:urlGroup>
			</fdd:url>
			<fdd:url>
				<fdd:urlReference>
					<link>https://shoreline.noaa.gov/data/datasheets/usgs.html</link>
					<tag>Vector shoreline data from NOAA Shoreline Website</tag>
					<comment>Data compiled by U.S. Geological Survey (USGS)</comment>
				</fdd:urlReference>
			</fdd:url>
			<fdd:url>
				<fdd:urlReference>
					<link>https://web.archive.org/web/20180719025826/http://www.broadbandmap.gov/data-download</link>
					<tag>National Broadband Map (as of 2018)</tag>
					<comment>Shapefile was one of the formats in which data was available.  Link via Internet Archive.</comment>
				</fdd:urlReference>
			</fdd:url>
			<fdd:url>
				<fdd:urlReference>
					<link>https://www.bluemarblegeo.com/products/global-mapper-dlgv32.php</link>
					<tag>USGS Digital Data Viewer: dlgv32 Pro</tag>
					<comment>A limited version of the Global Mapper software from Blue Marble Geographics.</comment>
				</fdd:urlReference>
			</fdd:url>
			<fdd:url>
				<fdd:urlReference>
					<link>https://www.nationalarchives.gov.uk/pronom/x-fmt/235</link>
					<tag>PRONOM entry for x-fmt/235</tag>
					<comment>Information in PRONOM from UK National Archives about Shapefile. PUID: x-fmt/235.</comment>
				</fdd:urlReference>
			</fdd:url>
			<fdd:url>
				<fdd:urlReference>
					<link>https://www.wikidata.org/wiki/Q278934</link>
					<tag>WikiData entry for Q278934</tag>
					<comment>Information in WikiData about Shapefile. WikiData Title ID: Q278934.</comment>
				</fdd:urlReference>
			</fdd:url>
		</fdd:urls>
	</fdd:usefulReferences>
</fdd:FDD>
