<?xml version="1.0" encoding="UTF-8"?>
<fdd:FDD id="fdd000145" titleName="TIFF Uncompressed File with Exif Metadata" shortName="TIFF_UNC_EXIF" xmlns:xsi="http://www.w3.org/2001/XMLSchema-instance" xmlns:fdd="http://www.loc.gov/preservation/digital/formats/schemas/fdd/v1" xsi:schemaLocation="http://www.loc.gov/preservation/digital/formats/schemas/fdd/v1 http://www.loc.gov/preservation/digital/formats/schemas/fdd/v1/fdd-v1-1.xsd">
	<fdd:properties>
		<fdd:gdfrGenreSelection>
			<fdd:gdfrGenreAndSubgenres>
				<fdd:gdfrGenre>still-image</fdd:gdfrGenre>
				<fdd:gdfrSubgenres>
					<fdd:gdfrSubgenre>sound</fdd:gdfrSubgenre>
				</fdd:gdfrSubgenres>
			</fdd:gdfrGenreAndSubgenres>
		</fdd:gdfrGenreSelection>
		<fdd:formatCategories>
			<fdd:category>file-format</fdd:category>
			<fdd:category>encoding</fdd:category>
		</fdd:formatCategories>
		<fdd:gdfrComposition>unitary</fdd:gdfrComposition>
		<fdd:gdfrForm>binary</fdd:gdfrForm>
		<fdd:gdfrConstraint>unstructured</fdd:gdfrConstraint>
		<fdd:gdfrBasis>sampled</fdd:gdfrBasis>
		<fdd:updates>
			<fdd:date>2004-10-12</fdd:date>
		</fdd:updates>
		<fdd:draftStatus>Full</fdd:draftStatus>
	</fdd:properties>
	<fdd:identificationAndDescription>
		<fdd:fullName>Exchangeable image file format for digital still cameras: Exif Version 2.2 </fdd:fullName>
		<fdd:keywords>
			<fdd:keyword>raster image formats</fdd:keyword>
		</fdd:keywords>
		<fdd:description>
			<p>Usually referred to as &quot;TIFF file with Exif metadata.&quot;</p>
			<p>Exif specifications define files mainly intended for digital photography and TIFF_UNC_EXIF is one of two file types defined in the specification. Based on TIFF_6 (TIFF version 6, with extensions), TIFF_UNC_EXIF files can be read by many image software applications.  Exif's special contribution is metadata beyond that typically provided in TIFF files. </p>
			<p>The Exif specification also provides a method for recording thumbnails and allows for the inclusion of audio in the <fddLink id="fdd000001">WAVE</fddLink> format, to support such things as a photographer's spoken annotations.</p>
		</fdd:description>
		<fdd:shortDescription>Exif specifications define files mainly intended for digital photography, including attached sound. TIFF_UNC_EXIF is one of two file types defined in the specification. </fdd:shortDescription>
		<fdd:productionPhase>Generally applied by cameras in initial-state picture creation; may also be used for middle- and final-state archiving or end-user delivery. </fdd:productionPhase>
		<fdd:relationships>
			<fdd:relationship>
				<fdd:typeOfRelationship>Subtype of</fdd:typeOfRelationship>
				<fdd:relatedTo>
					<fdd:id>fdd000023</fdd:id>
					<fdd:shortName>TIFF_UNC</fdd:shortName>
					<fdd:titleName>TIFF, Uncompressed Bitmap</fdd:titleName>
				</fdd:relatedTo>
			</fdd:relationship>
			<fdd:relationship>
				<fdd:typeOfRelationship>Affinity to</fdd:typeOfRelationship>
				<fdd:relatedTo>
					<fdd:id>fdd000146</fdd:id>
					<fdd:shortName>EXIF_2_2</fdd:shortName>
					<fdd:titleName>Exif Exchangeable Image File Format</fdd:titleName>
				</fdd:relatedTo>
				<fdd:comment>Version 2.2 specifies the metadata elements and syntax.</fdd:comment>
			</fdd:relationship>
		</fdd:relationships>
	</fdd:identificationAndDescription>
	<fdd:localUse>
		<fdd:experience>None.</fdd:experience>
		<fdd:preference>General preference for bitmapped still images is for uncompressed; rich metadata always welcome.  Thus, for digital-camera photographs, TIFF_UNC_EXIF would be preferred and <fddLink id="fdd000023">TIFF_UNC</fddLink> very acceptable; <fddLink id="fdd000148">JPEG_DCF</fddLink> and <fddLink id="fdd000147">JPEG_EXIF</fddLink> are acceptable and preferred to <fddLink id="fdd000018">JFIF</fddLink> (also acceptable).  Emerging formats under consideration include two variants of JPEG 2000: <fddLink id="fdd000139">J2K_LL</fddLink> (core lossless) and <fddLink id="fdd000140">J2K_LSY</fddLink> (core lossy).</fdd:preference>
	</fdd:localUse>
	<fdd:sustainabilityFactors>
		<fdd:disclosure>Fully disclosed; see <fddLink id="fdd000022">TIFF_6</fddLink> and <fddLink id="fdd000146">EXIF_2_2.</fddLink>
		</fdd:disclosure>
		<fdd:documentation>See <fddLink id="fdd000022">TIFF_6</fddLink> and <fddLink id="fdd000146">EXIF_2_2.</fddLink>
		</fdd:documentation>
		<fdd:adoption>Adoption level not known to the compilers of this document; <fddLink id="fdd000147">JPEG_EXIF</fddLink> appears to be more widely adopted than TIFF_UNC_EXIF.
</fdd:adoption>
		<fdd:licensingAndPatents>See <fddLink id="fdd000022">TIFF_6</fddLink> and <fddLink id="fdd000146">EXIF_2_2</fddLink>.
		</fdd:licensingAndPatents>
		<fdd:transparency>See <fddLink id="fdd000023">TIFF_UNC</fddLink>.
		</fdd:transparency>
		<fdd:selfDocumentation>Includes the tag sets or IFDs (Image File Directory) specified in both <fddLink id="fdd000022">TIFF_6</fddLink> and <fddLink id="fdd000146">EXIF_2_2</fddLink>.
		</fdd:selfDocumentation>
		<fdd:externalDependencies>None.
		</fdd:externalDependencies>
		<fdd:techProtection>None.
		</fdd:techProtection>
	</fdd:sustainabilityFactors>
	<fdd:qualityAndFunctionalityFactors>
		<fdd:stillImageQF>
			<fdd:normalImage>Good support.</fdd:normalImage>
			<fdd:clarity>Excellent.  See also <a href="#notes">Notes</a>.</fdd:clarity>
			<fdd:colorMaint>Excellent.  The Exif tag set permits the identification of files that use sRGB.<footNote id="1"/> but does not include a tag for the ICC profile<footNote id="2"/> for a capture device. See also <a href="#notes">Notes</a>.</fdd:colorMaint>
			<fdd:graphics>No support for vector graphics.</fdd:graphics>
			<fdd:beyondImage>Supports thumbnails and audio content.</fdd:beyondImage>
		</fdd:stillImageQF>
		<fdd:soundQF>
			<fdd:normalSound>Good support.</fdd:normalSound>
			<fdd:fidelity>Good, depending on encoding, sampling frequency, and word length.  Exif supports the following encodings: <fddLink id="fdd000011">LPCM</fddLink> and <fddLink id="fdd000039">μ-Law</fddLink> PCM (conforming to ITU-T G.711) for uncompressed audio data; IMA <fddLink id="fdd000041">ADPCM</fddLink> (Adaptive Differential PCM) for compressed audio data.  Highest fidelity from LPCM is limited in this standard to CD quality (44.1 kHz sampling and 16 bit words).</fdd:fidelity>
			<fdd:channels>Not applicable (stereo only).</fdd:channels>
			<fdd:samples>Not applicable</fdd:samples>
			<fdd:beyondSound>None.</fdd:beyondSound>
		</fdd:soundQF>
	</fdd:qualityAndFunctionalityFactors>
	<fdd:fileTypeSignifiers>
		<fdd:signifiersGroup>
			<fdd:filenameExtension>
				<fdd:sigValues>
					<fdd:sigValue>TIF</fdd:sigValue>
				</fdd:sigValues>
				<fdd:note>From EXIF version 2.2 standard.  For comparison see <fddLink id="fdd000022">TIFF_6</fddLink>
				</fdd:note>
			</fdd:filenameExtension>
			<fdd:internetMediaType>
				<fdd:sigValues>
					<fdd:sigValue>image/tiff</fdd:sigValue>
				</fdd:sigValues>
				<fdd:note>From IANA.  Other MIME types may be in use.  For comparison see <fddLink id="fdd000022">TIFF_6</fddLink>
				</fdd:note>
			</fdd:internetMediaType>
			<fdd:magicNumbers>
				<fdd:sigValues>
					<fdd:sigValue>Hex: 49 20 49</fdd:sigValue>
					<fdd:sigValue>ASCII: I&lt;space&gt;I</fdd:sigValue>
				</fdd:sigValues>
				<fdd:note>For <fddLink id="fdd000022">TIFF_6</fddLink>, from Gary Kessler's <a href="http://www.garykessler.net/library/file_sigs.html">File Signatures</a>.  The compiler of this document does not know if TIFF_UNC_EXIF has different or additional magic numbers.</fdd:note>
			</fdd:magicNumbers>
		</fdd:signifiersGroup>
	</fdd:fileTypeSignifiers>
	<fdd:notes>
		<fdd:general>
			<p>From the specification:"Image data employs following existing image formats, depending on the image data type: </p>
			<ul>
				<li>RGB uncompressed data: Baseline TIFF Rev. 6.0 RGB Full Color Images,</li>
				<li>YCbCr uncompressed data: TIFF Rev. 6.0 Extensions YCbCr Images,</li>
				<li>JPEG compressed data: JPEG Baseline ADCT." (page 8)</li>
			</ul>
			<p>"The combination of pixel composition and pixel sampling for image data shall be RGB 4:4:4 and either Y:Cb:Cr =4:2:2 or Y:Cb:Cr = 4:2:0. The pixel composition of image data shall also be 8 bits each. This specification is appliedsimilarly to thumbnails. As sampling points on the elements making up pixels, the Y and Cb,Cr sampling points may be either co-sited or centered. . . . In the case of Y:Cb:Cr = 4:2:2, spatial co-siting is recommended for the sake of improved image quality on TV systems. For Y:Cb:Cr = 4:2:0, spatial centering is recommended as per the TIFF default and is most common format of the personal computer applications." (page 5)</p>
			<p>The extended metadata defined by Exif is subsumed within the <fddLink id="fdd000073">TIFF/EP</fddLink> specification; thus TIFF/EP can be seen as a successor-replacement to <fddLink id="fdd000145">TIFF_UNC_EXIF</fddLink>
			</p>
		</fdd:general>
		<fdd:history>See <fddLink id="fdd000146">EXIF_2_2</fddLink>.</fdd:history>
	</fdd:notes>
	<fdd:formatSpecifications>
		<fdd:urls>
			<fdd:url>
				<fdd:urlReference>
					<link>http://web.archive.org/web/20131230103425/http://exif.org/specifications.html</link>
					<tag>Specifications for EXIF 2.1 and 2.2 from former EXIF.org site</tag>
				</fdd:urlReference>
			</fdd:url>
			<fdd:url>
				<fdd:urlReference>
					<link>http://partners.adobe.com/public/developer/en/tiff/TIFF6.pdf</link>
					<tag>TIFF, Revision 6.0, Final — June 3, 1992</tag>
				</fdd:urlReference>
			</fdd:url>
		</fdd:urls>
	</fdd:formatSpecifications>
	<fdd:usefulReferences>
		<fdd:urls>
			<fdd:url>
				<fdd:urlGroup>
					<fdd:intro>See <fddLink id="fdd000146">EXIF_2_2</fddLink> and <fddLink id="fdd000022">TIFF_6</fddLink>.</fdd:intro>
				</fdd:urlGroup>
			</fdd:url>
		</fdd:urls>
	</fdd:usefulReferences>
	<fdd:footNotes>
		<fdd:footNote id="1">
			<fdd:text>The color space sRGB, standardized as IEC 61966-2-1, establishes an image viewing environment with a known color temperature (6500 degrees Kelvin) and gamma (2.2), thus increasing the user's ability to maintain color.</fdd:text>
		</fdd:footNote>
		<fdd:footNote id="2">
			<fdd:text>The most effective color maintenance systems rely on the existence of an ICC (International Color Consortium) profile of the capture device, which can then be compared to profiles for output devices, permitting appropriate adjustments of image color.</fdd:text>
		</fdd:footNote>
	</fdd:footNotes>
</fdd:FDD>
