<?xml version="1.0" encoding="UTF-8"?>
<fdd:FDD id="fdd000177" titleName="Digital Cinema Initiative Distribution Master (DCDM), Version 1.0" shortName="DCDM_1_0" xmlns:xsi="http://www.w3.org/2001/XMLSchema-instance" xmlns:fdd="http://www.loc.gov/preservation/digital/formats/schemas/fdd/v1" xsi:schemaLocation="http://www.loc.gov/preservation/digital/formats/schemas/fdd/v1 http://www.loc.gov/preservation/digital/formats/schemas/fdd/v1/fdd-v1-2.xsd">
	<fdd:properties>
		<fdd:gdfrGenreSelection>
			<fdd:gdfrGenre>moving-image</fdd:gdfrGenre>
		</fdd:gdfrGenreSelection>
		<fdd:formatCategories>
			<fdd:category>file-format</fdd:category>
		</fdd:formatCategories>
		<fdd:updates>
			<fdd:date>2024-05-09</fdd:date>
		</fdd:updates>
		<fdd:draftStatus>Full</fdd:draftStatus>
	</fdd:properties>
	<fdd:identificationAndDescription>
		<fdd:fullName>Digital Cinema Initiative Distribution Master (DCDM).  Described in the Digital Cinema System Specification v1.0, July 20, 2005</fdd:fullName>
		<fdd:keywords>
			<fdd:keyword>Digital cinema formats</fdd:keyword>
			<fdd:keyword>digital motion picture formats</fdd:keyword>
		</fdd:keywords>
		<fdd:description>
			<p>The Digital Cinema Initiative Distribution Master (DCDM) is a set of uncompressed and unencrypted files that represent moving image content optimized for the electronic playback in theaters.  The specification defined by the <a href="https://www.dcimovies.com/">Digital Cinema Initiatives</a> embraces not only theatrical feature films but is also intended for content like trailers and advertisements; the full range of works are called <i>compositions</i> in the specification.  The DCDM's files or <i>tracks</i> contain images (high resolution representations of motion picture frames, often produced by scanning film), audio, subpictures and/or timed text (mainly subtitles and/or captions), and auxiliary data (which includes such things as data to control room lights and curtains in a theater).  A <i>Composition Playlist</i> synchronizes the playback of these files.</p>
			<p>The overall Digital Cinema Initiative (DCI) <a href="#specs">system specification</a> defines a life cycle in which content exists in a succession of states:</p>
			<ul>
				<li>DSM.  Content originates as a <i>Digital Source Master</i>; format selected by producer, not specified.</li>
				<li>DCDM_1_0.  Content is shaped into a <i>Digital Cinema Distribution Master</i>, covered by the specification</li>
				<li>
					<fddLink id="fdd000200">DCP</fddLink>.  Content is compressed and encrypted for transport to the theater as a <i>Digital Cinema Package</i>, covered by the specification</li>
				<li>DCDM (again).  Content is unpackaged, decrypted, and decompressed at the theater for exhibition.</li>
			</ul>
			<p>As detailed in the specification, DCDM has three fundamental requirements:</p>
			<ul>
				<li>&quot;DCDM is required to use a common standardized file format for each element (image, audio, subtitles, etc.). The DCDM image file format is required to be an uncompressed <fddLink id="fdd000203">MXF</fddLink>-conformant file, based on existing SMPTE standards. The DCDM audio file format is required to be based on <fddLink id="fdd000003">Broadcast Wave version 1 (PCM WAVE coding)</fddLink>.</li>
				<li>The DCDM image structure is required to support a frame rate of 24.000 Hz. The DCDM image structure can also support a frame rate of 48.000 Hz for 2K image content only. The frame rate of any individual DCDM master is required to remain constant. Metadata is carried in the image data file format to indicate the frame rate.</li>
				<li>Files within the DCDM set are required to carry information to provide for frame-based synchronization between each file. At a minimum, they are required to include a &apos;start of file&apos; and a continuous frame count."</li>
			</ul>
			<p>Content is divided into <i>reels</i>, segments of picture and sound analogous to the film reels (typically 22 minutes in duration) that are distributed to theaters.</p>
			<p>DCDM employs a hierarchical structure that provides imagery at both <i>2K</i> (2048x1080 pixels) and <i>4K</i> (4096x2160 pixels) resolution, in order to serve projectors with different capabilities.</p>
			<p>The overall system specification devotes considerable space to the required capabilities for playback and projection systems in theaters, and regarding security and content protection.</p>
		</fdd:description>
		<fdd:shortDescription>The DCDM is a set of uncompressed and unencrypted files that represent moving image content optimized for electronic playback in theaters.  The specification embraces not only theatrical feature films but is also intended for content like trailers and advertisements; the full range of works are called compositions in the specification.  The DCDM's files or tracks contain images (high resolution representations of motion picture frames, often produced by scanning film), audio, subpictures and/or timed text (mainly subtitles and/or captions), and auxiliary data (which includes such things as data to control room lights and curtains in a theater).  A Composition Playlist synchronizes the playback of these files.</fdd:shortDescription>
		<fdd:productionPhase>Final-state for use in a distribution chain; may also serve as a middle-state format for archiving.</fdd:productionPhase>
		<fdd:relationships>
			<fdd:relationship>
				<fdd:typeOfRelationship>May contain</fdd:typeOfRelationship>
				<fdd:relatedTo>
					<fdd:id>fdd000203</fdd:id>
					<fdd:shortName>MXF_UNC</fdd:shortName>
					<fdd:titleName>MXF File with Uncompressed Images in Generic Container</fdd:titleName>
				</fdd:relatedTo>
			</fdd:relationship>
			<fdd:relationship>
				<fdd:typeOfRelationship>May contain</fdd:typeOfRelationship>
				<fdd:relatedTo>
					<fdd:id>fdd000356</fdd:id>
					<fdd:shortName>WAVE_BWF_LPCM_1</fdd:shortName>
					<fdd:titleName>Broadcast WAVE Audio File Format, Version 1</fdd:titleName>
				</fdd:relatedTo>
			</fdd:relationship>
			<fdd:relationship>
				<fdd:typeOfRelationship>May contain</fdd:typeOfRelationship>
				<fdd:relatedTo>
					<fdd:id>fdd000352</fdd:id>
					<fdd:shortName>WAVE_BWF_LPCM_2</fdd:shortName>
					<fdd:titleName>Broadcast WAVE Audio File Format, Version 2</fdd:titleName>
				</fdd:relatedTo>
			</fdd:relationship>
			<fdd:relationship>
				<fdd:typeOfRelationship>May contain</fdd:typeOfRelationship>
				<fdd:relatedTo>
					<fdd:id>fdd000153</fdd:id>
					<fdd:shortName>PNG</fdd:shortName>
					<fdd:titleName>Portable Network Graphics Format (PNG)</fdd:titleName>
				</fdd:relatedTo>
				<fdd:comment>
					<i>DCDM's subpicture track(s)</i>
				</fdd:comment>
			</fdd:relationship>
			<fdd:relationship>
				<fdd:typeOfRelationship>May contain</fdd:typeOfRelationship>
				<fdd:relatedTo>
					<fdd:id>fdd000075</fdd:id>
					<fdd:shortName>XML</fdd:shortName>
					<fdd:titleName>XML (eXtensible Markup Language)</fdd:titleName>
				</fdd:relatedTo>
				<fdd:comment>
					<i>DCDM's subpicture navigation file(s) and timed text track(s)</i>
				</fdd:comment>
			</fdd:relationship>
			<fdd:relationship>
				<fdd:typeOfRelationship>May contain</fdd:typeOfRelationship>
				<fdd:comment>Auxiliary data file(s) conforming to SMPTE specification 12M, not documented at this time</fdd:comment>
			</fdd:relationship>
			<fdd:relationship>
				<fdd:typeOfRelationship>Used by</fdd:typeOfRelationship>
				<fdd:relatedTo>
					<fdd:id>fdd000200</fdd:id>
					<fdd:shortName>DCP_1_0</fdd:shortName>
					<fdd:titleName>Digital Cinema Initiative Package (DCP), Version 1.0</fdd:titleName>
				</fdd:relatedTo>
			</fdd:relationship>
			<fdd:relationship>
				<fdd:typeOfRelationship>Has earlier version</fdd:typeOfRelationship>
				<fdd:comment>Draft versions of overall specification; see <a href="#specs">Format specifications</a> below; not documented at this Web site.</fdd:comment>
			</fdd:relationship>
		</fdd:relationships>
	</fdd:identificationAndDescription>
	<fdd:localUse>
		<fdd:experience>None</fdd:experience>
		<fdd:preference>
			<p>The Library of Congress Recommended Formats Statement (RFS) lists a <a href="http://www.loc.gov/preservation/resources/rfs/moving.html">Preferred format</a> for master materials for Motion Pictures - Digital And Physical Media but that users should first contact the Library for guidance. </p>
		</fdd:preference>
	</fdd:localUse>
	<fdd:sustainabilityFactors>
		<fdd:disclosure>Fully disclosed. Developed by the <a href="https://www.dcimovies.com/">Digital Cinema Initiatives</a>. [See <a href="#notes">Notes</a> below for information on the relationship of the DCI to the SMPTE DC28 standards-development process.]
		</fdd:disclosure>
		<fdd:documentation>The DCDM is one element defined in the Digital Cinema System Specification v1.0, June 2005.  The specification is accessible at the <a href="https://www.dcimovies.com/specification/index.html">Digital Cinema Initiatives</a> Web site. As of April 2022, the most recent version is 1.4.1.
		</fdd:documentation>
		<fdd:adoption>This format and the overall system was introduced in July 2005, and adoption will begin during the following years.
		</fdd:adoption>
		<fdd:licensingAndPatents>None identified.  The specification includes a disclaimer: "Compliance with this document may require use of one or more features covered by proprietary rights . . . no position is taken by DCI with respect to the validity of any patent of other proprietary right." (p. vii)
		</fdd:licensingAndPatents>
		<fdd:transparency>The bundling structure and some other elements will be encoded in XML, which is very transparent.  The essence wrappers, e.g., <fddLink id="fdd000013">MXF</fddLink>, are generally transparent.  The DCDM essences will be as transparent as their underlying encodings.
		</fdd:transparency>
		<fdd:selfDocumentation>
			<p>Metadata to describe the content and to manage the playback process and security protections is a part of the specification.</p>
			<p>
				<b>Accessibility Features</b>
			</p>
			<p>See <fddLink id="fdd000177">DCDM_1_0</fddLink> for information about web accessibility information</p>
			<p>See <a href="https://www.w3.org/WAI/media/av/">W3C's Making Audio and Video Media Accessible</a> for more general information about accessible sound and moving image media.</p>
		</fdd:selfDocumentation>
		<fdd:externalDependencies>Depends upon specialized projectors and other playback systems in theaters, including the use of a surround sound infrastructure and systems for curtains and lighting that respond to data in the DCDM, etc.
		</fdd:externalDependencies>
		<fdd:techProtection>Not fully investigated at this time.  In the 161-page draft specification, 78 pages are devoted to security.  A public-private key, signature based system is specified.
		</fdd:techProtection>
	</fdd:sustainabilityFactors>
	<fdd:qualityAndFunctionalityFactors>
		<fdd:movingImageQF>
			<fdd:normalVideo>DCDM files will play in special authoring or theater systems.</fdd:normalVideo>
			<fdd:clarity>Although the DCDM is uncompressed by definition, image files are compressed for movement to theaters in the DCP, using lossy JPEG 2000 with a maximum data rate of 250 Mb/s, which will yield excellent quality when decompressed.  Quality when projected will vary depending upon picture size (2K vs. 4K; see Description above).</fdd:clarity>
			<fdd:beyondVideo>Extensive; not documented at this time.</fdd:beyondVideo>
		</fdd:movingImageQF>
		<fdd:soundQF>
			<fdd:normalSound>DCDM files will play in special authoring or theater systems.</fdd:normalSound>
			<fdd:fidelity>Excellent; sound track files can have sampling rates as high as 96 kHz; bit depth is specified as 24 bits per sample.</fdd:fidelity>
			<fdd:channels>Intended for use in surround-type environments; 16 channels are possible and specified mappings for 8- and 6-channel systems are specified.  Each channel will be represented by a separate sound file or track.</fdd:channels>
			<fdd:samples>Not investigated at this time.</fdd:samples>
			<fdd:beyondSound>Not investigated at this time.</fdd:beyondSound>
		</fdd:soundQF>
	</fdd:qualityAndFunctionalityFactors>
	<fdd:fileTypeSignifiers>
		<fdd:signifiersGroup>
			<fdd:filenameExtension>
				<fdd:sigValueNA>Not applicable.</fdd:sigValueNA>
			</fdd:filenameExtension>
			<fdd:internetMediaType>
				<fdd:sigValueNA>Not applicable.</fdd:sigValueNA>
			</fdd:internetMediaType>
			<fdd:magicNumbers>
				<fdd:sigValueNA>Not applicable.</fdd:sigValueNA>
			</fdd:magicNumbers>
			<fdd:other>
				<fdd:tag>Pronom PUID</fdd:tag>
				<fdd:values>
					<fdd:sigValueNA>Not applicable.</fdd:sigValueNA>
				</fdd:values>
			</fdd:other>
			<fdd:other>
				<fdd:tag>Wikidata Title ID</fdd:tag>
				<fdd:values>
					<fdd:sigValueNA>See note.</fdd:sigValueNA>
					<fdd:note>Wikidata has no corresponding entry as of May 2024.</fdd:note>
				</fdd:values>
			</fdd:other>
		</fdd:signifiersGroup>
	</fdd:fileTypeSignifiers>
	<fdd:notes>
		<fdd:general>In the DCDM, the image track consists of uncompressed data mapped to the MXF Generic Container in accord with SMPTE standard 384M, using the frame wrapping method.  In the <fddLink id="fdd000200">DCP_1_0</fddLink>, the image track consists of lossy JPEG 2000 data mapped to the MXF Generic Container in accord with SMPTE standard 422M, and using JPEG 2000 codestreams conforming to <fddLink id="fdd000211">J2K_C_Profile_3</fddLink> (for 2K) and <fddLink id="fdd000213">J2K_C_Profile_4</fddLink> (for 4K).</fdd:general>
		<fdd:history>
			<p>From the <a href="https://www.dcimovies.com/">Digital Cinema Initiatives Web site</a>: "Digital Cinema Initiatives, LLC (DCI) was created in March, 2002, and is a joint venture of Disney, Paramount, Sony Pictures Entertainment, Universal and Warner Bros. Studios. DCI&apos;s primary purpose is to establish and document voluntary specifications for an open architecture for digital cinema that ensures a uniform and high level of technical performance, reliability and quality control."  During 2004, DCI and others applied considerable effort to image quality testing, examining image-creation methodology, encoding, and projection systems.  The testing used <i>Standardised Evaluation Material</i> (StEM) created through a collaborative effort of the American Society of Cinematographers (ASC) and DCI.</p>
			<p>The first version of the Digital Cinema System Specification (v1.0) was published on July 20, 2005 with many erratas (1-148) to v1.0 published afterwards. Subsequent versions followed:</p>
			<ul>
				<li>Archived Specification 1.1 (Approved April 12, 2007) plus errata 1-100 from April 2007 to March 8 2008</li>
				<li>Archived Specification 1.2 (Approved March 7 2008 ) plus errata 1-45 from March 8 2008 through August 30 2012</li>
				<li>Archived Specification 1.2 (Approved March 7 2008) with errata as of 30 August 2012 Incorporated</li>
				<li>Archived DCI Specification, Version 1.3 (Approved 27 June 2018) plus errata 1-29</li>
				<li>Archived DCI Specification, Version 1.4 (Approved 20 July 2020) plus errata 1-23</li>
			</ul>
			<p>Archived version of the specifications and erratas are available on the <a href="https://dcimovies.com/archives/">Digital Cinema Initiatives Archives</a> site.</p>
			<p>Digital Cinema Initiatives published Version 1.4.1 of its Digital Cinema System Specification (DCSS) as of 13 October 2021. DCSS Version 1.4.1 incorporates the 23 errata issued to DCSS, Version 1.4. The specification includes addenda as supplements which are integral to the DCSS (links available from the main <a href="https://dcimovies.com/specification/index.html">specification</a> page: </p>
			<ul>
				<li>DCI Direct View Display D-Cinema Addendum, Version 1.0, dated 30 March 2022</li>
				<li>Digital Cinema Object-Based Audio Addendum, dated October 1, 2018</li>
				<li>DCI Stereoscopic Digital Cinema Addendum, Version 1.0, dated July 11, 2007 </li>
			</ul>
			<p>According to the <a href="https://www.smptedcp.com/resources/what-is-the-smpte-dcp">SMPTE DCP Migration Project</a>, "The DCP, its assets and their corresponding video/audio/text based data sources are governed by a suite of SMPTE standards which regulate the constrained application specific implementation of said assets which compose the package.  In simpler terms, the SMPTE DCP is built upon the Interop DCP but with further enhancements and explicitly defined constraints. The specification is published as a formal suite of standards by SMPTE under the 21DC Technology Committee. The SMPTE DCP can be categorised based on the level of features used that are offered within the standard. This categorisation is denoted by an increasing letter. A, B, C etc. Given the nature of Industry adoption, the current baseline for when someone infers SMPTE DCP is 'SMPTE DCP Bv2.1 Application Profile' or Bv2.1 for short. The feature set of this profile is summarised in RDD 52 SMPTE DCP Bv2.1 Application Profile", which can be obtained from <a href="https://ieeexplore.ieee.org/document/9161348">IEEE</a> (no cost to access). </p>
		</fdd:history>
	</fdd:notes>
	<fdd:formatSpecifications>
		<fdd:urls>
			<fdd:url>
				<fdd:urlReference>
					<link>https://www.dcimovies.com/specification/index.html</link>
					<tag>Specification (Version 1.4.1 is current as of April 2022)</tag>
				</fdd:urlReference>
			</fdd:url>
			<fdd:url>
				<fdd:urlReference>
					<link>https://www.dcimovies.com/specification/DCI-DCSS-v141_2021-1013.pdf</link>
					<tag>Direct link to PDF version of 1.4.1</tag>
				</fdd:urlReference>
			</fdd:url>
			<fdd:url>
				<fdd:urlReference>
					<link>https://dcimovies.com/archives/</link>
					<tag>Archives of earlier specification versions, including drafts.</tag>
				</fdd:urlReference>
			</fdd:url>
		</fdd:urls>
	</fdd:formatSpecifications>
	<fdd:usefulReferences>
		<fdd:urls>
			<fdd:url>
				<fdd:urlReference>
					<link>https://www.dcimovies.com/</link>
					<tag>Digital Cinema Initiatives Web site</tag>
				</fdd:urlReference>
			</fdd:url>
			<fdd:url>
				<fdd:urlReference>
					<link>https://imago.org/</link>
					<tag>European Federation of Cinematographers</tag>
				</fdd:urlReference>
			</fdd:url>
			<fdd:url>
				<fdd:urlReference>
					<link>https://ieeexplore.ieee.org/document/9161348</link>
					<tag>SMPTE RDD 52:2020 - D-Cinema Packaging —
SMPTE DCP Bv2.1 Application Profile</tag>
				</fdd:urlReference>
			</fdd:url>
			<fdd:url>
				<fdd:urlReference>
					<link>http://www.fiafnet.org/commissions/TC%20docs/D-Cinema%20deposit%20specifications%20v1%200%202010-09-02%20final%201.pdf</link>
					<tag>FIAF Technical Commission Recommendation
on
the Deposit and Acquisition of D-Cinema
Elements
for Long Term Preservation and Access. v. 1.0, 2010-09-02</tag>
					<comment>Includes discussions about digital cinema elements appropriate for long-term preservation </comment>
				</fdd:urlReference>
			</fdd:url>
		</fdd:urls>
		<fdd:citations>
			<fdd:citation>
				<fdd:bookReference>Swartz, Charles S., editor.  <i>Understanding Digital Cinema: A Professional Handbook</i>.  Amsterdam; Boston: Focal Press, 2005.  LCCN: 2004021603; ISBN: 0240806174.</fdd:bookReference>
			</fdd:citation>
		</fdd:citations>
	</fdd:usefulReferences>
</fdd:FDD>
