<?xml version="1.0" encoding="UTF-8"?>
<fdd:FDD id="fdd000060" titleName="AVI OpenDML with Motion JPEG Video" shortName="AVI_MJPEG" xmlns:xsi="http://www.w3.org/2001/XMLSchema-instance" xmlns:fdd="http://www.loc.gov/preservation/digital/formats/schemas/fdd/v1" xsi:schemaLocation="http://www.loc.gov/preservation/digital/formats/schemas/fdd/v1 http://www.loc.gov/preservation/digital/formats/schemas/fdd/v1/fdd-v1-2.xsd">
	<fdd:properties>
		<fdd:gdfrGenreSelection>
			<fdd:gdfrGenre>moving-image</fdd:gdfrGenre>
		</fdd:gdfrGenreSelection>
		<fdd:formatCategories>
			<fdd:category>file-format</fdd:category>
			<fdd:category>encoding</fdd:category>
		</fdd:formatCategories>
		<fdd:gdfrComposition>unitary</fdd:gdfrComposition>
		<fdd:gdfrForm>binary</fdd:gdfrForm>
		<fdd:gdfrBasis>sampled</fdd:gdfrBasis>
		<fdd:updates>
			<fdd:date>2016-03-08</fdd:date>
		</fdd:updates>
		<fdd:draftStatus>Partial</fdd:draftStatus>
	</fdd:properties>
	<fdd:identificationAndDescription>
		<fdd:fullName>AVI OpenDML with Motion JPEG Video </fdd:fullName>
		<fdd:keywords>
			<fdd:keyword>video formats</fdd:keyword>
			<fdd:keyword>AVI</fdd:keyword>
			<fdd:keyword>Motion JPEG</fdd:keyword>
			<fdd:keyword>OpenDML</fdd:keyword>
		</fdd:keywords>
		<fdd:description>File format that wraps a series of JPEG images with other data chunks, e.g., audio, in <fddLink id="fdd000442">AVI_OpenDML_1_02</fddLink>, to produce a moving image sequence, referred to as <i>Motion JPEG</i> (MJPEG). The images represent individual frames (or fields? <a href="../contact_format.shtml">Comments welcome</a>) from a pre-existing video recording, generally analog.  The images employ a form of the <fddLink id="fdd000017">JPEG</fddLink> still image compression algorithm, as specified by <fddLink id="fdd000442">AVI_OpenDML_1_02</fddLink>.  Microsoft refers to this encoding as <i>JPEG DIB</i> (Device Independent Bitmap).  See <a href="#notes">Notes</a> for more information.</fdd:description>
		<fdd:shortDescription>File format that wraps a series of JPEG images with other data chunks, e.g., audio, in AVI_OpenDML_1_02, to produce a moving image sequence, referred to as Motion JPEG (MJPEG).</fdd:shortDescription>
		<fdd:productionPhase>Generally a middle-state or final-state format.</fdd:productionPhase>
		<fdd:relationships>
			<fdd:relationship>
				<fdd:typeOfRelationship>Subtype of</fdd:typeOfRelationship>
				<fdd:relatedTo>
					<fdd:id>fdd000442</fdd:id>
					<fdd:shortName>AVI_OpenDML_1_02</fdd:shortName>
					<fdd:titleName>AVI File Format with OpenDML Extensions</fdd:titleName>
				</fdd:relatedTo>
			</fdd:relationship>
			<fdd:relationship>
				<fdd:typeOfRelationship>Contains</fdd:typeOfRelationship>
				<fdd:relatedTo>
					<fdd:id>fdd000063</fdd:id>
					<fdd:shortName>MJPEG</fdd:shortName>
					<fdd:titleName>MJPEG (Motion JPEG) Video Codec</fdd:titleName>
				</fdd:relatedTo>
			</fdd:relationship>
			<fdd:relationship>
				<fdd:typeOfRelationship>May contain</fdd:typeOfRelationship>
				<fdd:relatedTo>
					<fdd:id>fdd000001</fdd:id>
					<fdd:shortName>WAVE</fdd:shortName>
					<fdd:titleName>WAVE Audio File Format</fdd:titleName>
				</fdd:relatedTo>
				<fdd:comment>For audio interleaved with video.</fdd:comment>
			</fdd:relationship>
			<fdd:relationship>
				<fdd:typeOfRelationship>May contain</fdd:typeOfRelationship>
				<fdd:relatedTo>
					<fdd:id>fdd000070</fdd:id>
					<fdd:shortName>MP3_CBR</fdd:shortName>
					<fdd:titleName>MP3, Constant Bit Rate</fdd:titleName>
				</fdd:relatedTo>
				<fdd:comment>For audio interleaved with video</fdd:comment>
			</fdd:relationship>
		</fdd:relationships>
	</fdd:identificationAndDescription>
	<fdd:localUse>
		<fdd:preference>See <fddLink id="fdd000059">AVI</fddLink>.</fdd:preference>
	</fdd:localUse>
	<fdd:sustainabilityFactors>
		<fdd:disclosure>See <fddLink id="fdd000059">AVI</fddLink>, <fddLink id="fdd000442">AVI_OpenDML_1_02</fddLink>, and <fddLink id="fdd000017">JPEG</fddLink>.</fdd:disclosure>
		<fdd:documentation>See <fddLink id="fdd000059">AVI</fddLink>, <fddLink id="fdd000442">AVI_OpenDML_1_02</fddLink>, and <fddLink id="fdd000017">JPEG</fddLink>.</fdd:documentation>
		<fdd:adoption>AVI and AVI_OpenDML_1_2 are widely adopted for video production and filemaking; in 2000, the expert commentator <a href="http://www.jmcgowan.com/avicodecs.html">John McGowan</a> wrote, "Most PC video capture and editing systems capture video to AVI files using Motion JPEG video compression."</fdd:adoption>
		<fdd:licensingAndPatents>See <fddLink id="fdd000059">AVI</fddLink> and <fddLink id="fdd000442">AVI_OpenDML_1_02</fddLink>
		</fdd:licensingAndPatents>
		<fdd:transparency>See <fddLink id="fdd000059">AVI</fddLink>, <fddLink id="fdd000442">AVI_OpenDML_1_02</fddLink>, and <fddLink id="fdd000063">MJPEG</fddLink>.</fdd:transparency>
		<fdd:selfDocumentation>See <fddLink id="fdd000059">AVI</fddLink> and <fddLink id="fdd000442">AVI_OpenDML_1_02</fddLink>
		</fdd:selfDocumentation>
		<fdd:externalDependencies>See <fddLink id="fdd000059">AVI</fddLink> and <fddLink id="fdd000442">AVI_OpenDML_1_02</fddLink>
		</fdd:externalDependencies>
		<fdd:techProtection>See <fddLink id="fdd000059">AVI</fddLink> and <fddLink id="fdd000442">AVI_OpenDML_1_02</fddLink>
		</fdd:techProtection>
	</fdd:sustainabilityFactors>
	<fdd:qualityAndFunctionalityFactors>
		<fdd:movingImageQF>
			<fdd:normalVideo>Good support.</fdd:normalVideo>
			<fdd:clarity>Moderate to very good, depending on the compression quality level applied.</fdd:clarity>
			<fdd:beyondVideo>See <fddLink id="fdd000059">AVI</fddLink> and <fddLink id="fdd000442">AVI_OpenDML_1_02</fddLink>
			</fdd:beyondVideo>
		</fdd:movingImageQF>
	</fdd:qualityAndFunctionalityFactors>
	<fdd:fileTypeSignifiers>
		<fdd:signifiersGroup>
			<fdd:filenameExtension>
				<fdd:sigValues>
					<fdd:sigValue>avi</fdd:sigValue>
				</fdd:sigValues>
			</fdd:filenameExtension>
			<fdd:internetMediaType>
				<fdd:sigValueNA>See related format.</fdd:sigValueNA>
				<fdd:note>See <fddLink id="fdd000059">AVI</fddLink> and <fddLink id="fdd000442">AVI_OpenDML_1_02</fddLink>
				</fdd:note>
			</fdd:internetMediaType>
			<fdd:magicNumbers>
				<fdd:sigValueNA>See related format.</fdd:sigValueNA>
				<fdd:note>See <fddLink id="fdd000059">AVI</fddLink> and <fddLink id="fdd000442">AVI_OpenDML_1_02</fddLink>
				</fdd:note>
			</fdd:magicNumbers>
			<fdd:other>
				<fdd:tag>Microsoft FOURCC</fdd:tag>
				<fdd:values>
					<fdd:sigValues>
						<fdd:sigValue>MJPG</fdd:sigValue>
					</fdd:sigValues>
					<fdd:note>See the <a href="http://www.iana.org/assignments/wave-avi-codec-registry/wave-avi-codec-registry.xml">archived version of the Microsoft registry of FOURCC and WAVE codes </a> mounted by IANA.</fdd:note>
				</fdd:values>
			</fdd:other>
		</fdd:signifiersGroup>
	</fdd:fileTypeSignifiers>
	<fdd:notes>
		<fdd:general>
			<p>Avery Lee, writing in the rec.video.desktop newsgroup in 2001, commented that "MJPEG, or at least the MJPEG in AVIs having the MJPG fourcc, is restricted JPEG with a fixed -- and *omitted* -- Huffman table. The JPEG must be YCbCr colorspace, it must be 4:2:2, and it must use basic Huffman encoding, not arithmetic or progressive. . . . You can indeed extract the MJPEG frames and decode them with a regular JPEG decoder, but you have to prepend the DHT segment to them, or else the decoder won't have any idea how to decompress the data. The exact table necessary is given in the OpenDML spec.&quot;</p>
		</fdd:general>
		<fdd:history>
			<p>OpenDML was initially developed in 1996-97 to support the carriage of <fddLink id="fdd000063">MJPEG</fddLink> (Motion JPEG), with frames are encoded as JPEG-DIB (Device-Independent Bit compression).  Subsequently, the &quot;OpenDML extensions,&quot; as they are called, have come into wide use for video codecs, in large part because they permit the creation of the large files needed to carry video data at medium or high resolution.</p>
		</fdd:history>
	</fdd:notes>
	<fdd:usefulReferences>
		<fdd:urls>
			<fdd:url>
				<fdd:urlReference>
					<link>http://sites.utoronto.ca/ski/water/software/vj/avi.html</link>
					<tag>John McGowan's AVI Overview</tag>
				</fdd:urlReference>
			</fdd:url>
			<fdd:url>
				<fdd:urlReference>
					<link>http://sites.utoronto.ca/ski/water/software/vj/avi.html#Codec</link>
					<tag>John McGowan's AVI Audio and Video Codecs</tag>
				</fdd:urlReference>
			</fdd:url>
			<fdd:url>
				<fdd:urlGroup>
					<fdd:intro>Archived snapshots of &quot;Microsoft registry&quot; at Internet Archive.</fdd:intro>
					<fdd:urlList>
						<fdd:urlReference>
							<link>http://web.archive.org/web/20100922105522/http://www.microsoft.com/whdc/archive/fourcc.mspx</link>
							<tag>Microsoft registry, as of December 2001</tag>
						</fdd:urlReference>
						<fdd:urlReference>
							<link>http://web.archive.org/web/20100620230818/http://msdn.microsoft.com/en-us/library/ms867195.aspx</link>
							<tag>Microsoft registry, as of June 2003</tag>
						</fdd:urlReference>
					</fdd:urlList>
				</fdd:urlGroup>
			</fdd:url>
			<fdd:url>
				<fdd:urlReference>
					<link>http://www.iana.org/assignments/wave-avi-codec-registry/wave-avi-codec-registry.xml</link>
					<tag>WAVE and AVI Codec Registries (Historic Registry)
</tag>
					<comment>Former &quot;Microsoft registry&quot; as archived by IANA in 2008.</comment>
				</fdd:urlReference>
			</fdd:url>
			<fdd:url>
				<fdd:urlReference>
					<link>https://web.archive.org/web/20221112073316/https://www.garykessler.net/library/file_sigs.html</link>
					<tag>Gary Kessler's File Signatures Table</tag>
				</fdd:urlReference>
			</fdd:url>
		</fdd:urls>
	</fdd:usefulReferences>
</fdd:FDD>
