<?xml version="1.0" encoding="UTF-8"?>
<fdd:FDD id="fdd000449" titleName="EXPRESS data modeling language,  ISO 10303-11" shortName="EXPRESS" xmlns:xsi="http://www.w3.org/2001/XMLSchema-instance" xmlns:fdd="http://www.loc.gov/preservation/digital/formats/schemas/fdd/v1" xsi:schemaLocation="http://www.loc.gov/preservation/digital/formats/schemas/fdd/v1 http://www.loc.gov/preservation/digital/formats/schemas/fdd/v1/fdd-v1-1.xsd">
	<fdd:properties>
		<fdd:gdfrGenreSelection>
			<fdd:gdfrGenreAndSubgenres>
				<fdd:gdfrGenre>text</fdd:gdfrGenre>
				<fdd:gdfrSubgenres>
					<fdd:gdfrSubgenre>model</fdd:gdfrSubgenre>
				</fdd:gdfrSubgenres>
			</fdd:gdfrGenreAndSubgenres>
		</fdd:gdfrGenreSelection>
		<fdd:formatCategories>
			<fdd:category>encoding</fdd:category>
			<fdd:category>file-format</fdd:category>
		</fdd:formatCategories>
		<fdd:gdfrComposition>unitary</fdd:gdfrComposition>
		<fdd:gdfrForm>text</fdd:gdfrForm>
		<fdd:gdfrBasis>symbolic</fdd:gdfrBasis>
		<fdd:gdfrDomains>
			<fdd:gdfrDomain>
				<fdd:value>cad/cam</fdd:value>
			</fdd:gdfrDomain>
		</fdd:gdfrDomains>
		<fdd:updates>
			<fdd:date>2016-12-21</fdd:date>
		</fdd:updates>
		<fdd:draftStatus>Preliminary</fdd:draftStatus>
	</fdd:properties>
	<fdd:identificationAndDescription>
		<fdd:fullName>EXPRESS data modeling language.  ISO 10303-11 -- Industrial automation systems and integration -- Product data representation and exchange -- Part 11: Description methods: The EXPRESS language reference manual</fdd:fullName>
		<fdd:keywords>
			<fdd:keyword>markup languages</fdd:keyword>
		</fdd:keywords>
		<fdd:description>
			<p>The EXPRESS data modeling language is specified in <a href="http://www.iso.org/iso/home/store/catalogue_tc/catalogue_detail.htm?csnumber=38047">Part 11</a> of the multi-part standard <a href="http://www.iso.org/iso/catalogue_detail.htm?csnumber=20579">ISO 10303</a>, a standard for the computer-interpretable representation and exchange of product manufacturing information. The official title of ISO 10303 is: Automation systems and integration -- Product data representation and exchange. It is known informally as &quot;STEP&quot;, which stands for &quot;Standard for the Exchange of Product model data&quot;.  STEP is developed and maintained by the ISO technical committee TC 184, <i>Automation systems and integration</i>, sub-committee SC 4, <i>Industrial data</i>.   EXPRESS is a language designed specifically to represent aspects of product data through schemas and constraints; it is not a programming language, although it was influenced by several programming languages, including Ada, Algol, C, C++,
Euler, Modula-2, Pascal, PL/I, and SQL. ISO 10303-11 states, "A schema written in EXPRESS describes a set of conditions which establishes a <i>domain</i>. Instances can be evaluated to determine if they are in the domain."  This concept is similar to the concept of <i>validation</i> of an XML document (instance) against the XML Schema it claims to conform to.  However, the set of constraints expressible in EXPRESS is much richer than those checked during XML validation because the language allows comparisons incorporating many of the mathematical and logical operations included in programming languages and also supports the use of procedures and programmed functions as part of the constraint expression and hence in the evaluation process.  See <a href="#notes">Notes</a> below for more discussion of the richness of the EXPRESS language for data modeling and comparison with XML.</p>
			<p>As of late 2016, the current version is ISO 10303-11:2004, which is described as a minor revision of ISO 10303-11:1994.  On this site, a single description covers both versions.</p>
			<p>Design goals for EXPRESS were:</p>
			<ul>
				<li>that the language be parsable by humans and by computers for the purpose of formal validation;</li>
				<li>that the language should facilitate the partitioning &quot;the diverse material addressed by ISO 10303;&quot;</li>
				<li>that the focus be on the definition of entities (objects of interest), which have properties and are subject to constraints;</li>
				<li>that the language be neutral as to implementation view or context, but able to support specification of models for particular views.</li>
			</ul>
			<p>The syntax of EXPRESS is defined in a derivative of <a href="https://en.wikipedia.org/wiki/Wirth_syntax_notation">Wirth Syntax Notation</a> (WSN).  Within a schema, various datatypes can be defined together with structural constraints and algorithmic rules.</p>
			<p>The physical form of an EXPRESS model schema is a plain text file. The language elements are formed into a stream of text, typically broken into physical
lines. A physical line is any number (including zero) of characters ended by a newline.  The character set permitted in EXPRESS schemas is limited to the following
characters from ISO/IEC 10646 (<a href="https://en.wikipedia.org/wiki/Unicode">Unicode</a>): the graphic characters lying in the range 20 to 7E
(<a href="https://en.wikipedia.org/wiki/Basic_Latin_(Unicode_block)">Basic Latin or ASCII</a>), 09 (Tab), 0A (Linefeed), 0D (Carriage Return), and the special character \n signifying the newline.</p>
			<p>ISO 10303-11 also specifies a graphical representation for a subset of the constructs in the EXPRESS language. This graphical representation is called <a href="https://en.wikipedia.org/wiki/EXPRESS_(data_modeling_language)#EXPRESS-G">EXPRESS-G</a>.  EXPRESS-G is not described separately on this site at this time.</p>
		</fdd:description>
		<fdd:shortDescription>a data modeling language defined in ISO 10303-11.  Designed as a language for representation of product specifications.  Part 11 of the STEP (Standard for the Exchange of Product model data) specification in ISO 10303.</fdd:shortDescription>
		<fdd:relationships>
			<fdd:relationship>
				<fdd:typeOfRelationship>Used by</fdd:typeOfRelationship>
				<fdd:relatedTo>
					<fdd:id>fdd000447</fdd:id>
					<fdd:shortName>IFC-SPF</fdd:shortName>
					<fdd:titleName>Industry Foundation Classes (IFC), Clear Text Family</fdd:titleName>
				</fdd:relatedTo>
			</fdd:relationship>
			<fdd:relationship>
				<fdd:typeOfRelationship>Used by</fdd:typeOfRelationship>
				<fdd:relatedTo>
					<fdd:id>fdd000448</fdd:id>
					<fdd:shortName>STEP-file</fdd:shortName>
					<fdd:titleName>STEP-file, ISO 10303-21</fdd:titleName>
				</fdd:relatedTo>
			</fdd:relationship>
		</fdd:relationships>
	</fdd:identificationAndDescription>
	<fdd:localUse/>
	<fdd:sustainabilityFactors>
		<fdd:disclosure>International standard, developed and maintained by the ISO technical committee TC 184, <i>Automation systems and integration</i>, sub-committee <a href="http://www.iso.org/iso/home/store/catalogue_tc/catalogue_tc_browse.htm?commid=54158&amp;published=on&amp;development=on">SC 4</a>, <i>Industrial data</i>.  </fdd:disclosure>
		<fdd:documentation>
			<p>
				<a href="http://www.iso.org/iso/catalogue_detail.htm?csnumber=38047">ISO 10303-11:2004</a>. Industrial automation systems and integration -- Product data representation and exchange -- Part 11: Description methods: The EXPRESS language reference manual.</p>
		</fdd:documentation>
		<fdd:adoption>
			<p>The most important use of EXPRESS (ISO 10303-11) is as the underlying modeling language for other parts of ISO 10303, including a clear text document for an instance of an EXPRESS model (as specified in <fddLink id="fdd000448">ISO 10303-21</fddLink>) and a corresponding XML structure (as specified in ISO 10303-28). Used by many other parts of the ISO 10303 standard.</p>
			<p>Used by various other ISO standards, including: <a href="http://www.iso.org/iso/catalogue_detail.htm?csnumber=34070">ISO 13584-24:</a> Industrial automation systems and integration - Parts Library - Logical resource: Logical model of supplier library (known as PLIB); <a href="https://en.wikipedia.org/wiki/ISO_13399">ISO 13399:</a> Cutting tool data representation and exchange; <a href="http://www.iso.org/iso/catalogue_detail.htm?csnumber=29557">ISO 15926-2:</a> Industrial automation systems and integration -- Integration of life-cycle data for process plants including oil and gas production facilities - Part 2: Data model; and <a href="http://www.iso.org/iso/catalogue_detail.htm?csnumber=51622">ISO 16739:2013</a>
-- Industry Foundation Classes (IFC) for data sharing in the construction and facility management industries.</p>
		</fdd:adoption>
		<fdd:licensingAndPatents>
			<p>No licensing or patent issues.</p>
		</fdd:licensingAndPatents>
		<fdd:transparency>
			<p>EXPRESS is a plain text format.  EXPRESS model documents are easily viewed with basic text editing tools. The EXPRESS language is designed to be human-readable.</p>
		</fdd:transparency>
		<fdd:selfDocumentation>An EXPRESS schema may contain comments, termed &quot;remarks&quot; in the standard. Any text enclosed between &quot;(*&quot; and &quot;*)&quot; or between &quot;--&quot; and the following newline is considered a remark.</fdd:selfDocumentation>
		<fdd:externalDependencies>None.</fdd:externalDependencies>
		<fdd:techProtection>No issues.</fdd:techProtection>
	</fdd:sustainabilityFactors>
	<fdd:qualityAndFunctionalityFactors>
		<fdd:textQF>
			<fdd:normalText>A &quot;document&quot; in the EXPRESS language is not a general text document.  It is a plain text file using a limited character set and defined special-purpose syntax.</fdd:normalText>
			<fdd:beyondText>The function of a document in the EXPRESS language is to be a formal specification (aka &quot;schema&quot;) for a set of information requirements (aka &quot;data model&quot;) against which another information structure can be evaluated for conformance. The intended area of application is the representation of product manufacturing information for the purpose of exchange among computer systems.</fdd:beyondText>
		</fdd:textQF>
		<fdd:otherQF>
			<fdd:factor>
				<fdd:tag>Support for CAD/CAM/CAE</fdd:tag>
				<fdd:note>This format has been specifically developed as an exchange format for structured data applicable to design, manufacturing, and engineering of products, where &quot;product&quot; is very broadly interpreted.  The EXPRESS data modeling language, which is used to define the schemas of which STEP-file documents are instances, is rich in data types and structures that can be used to support CAD/CAM/CAE.</fdd:note>
			</fdd:factor>
		</fdd:otherQF>
	</fdd:qualityAndFunctionalityFactors>
	<fdd:fileTypeSignifiers>
		<fdd:signifiersGroup>
			<fdd:filenameExtension>
				<fdd:sigValues>
					<fdd:sigValue>exp</fdd:sigValue>
				</fdd:sigValues>
				<fdd:note>The EXPRESS standard does not suggest a particular file extension.  However, the EXPRESS compiler from STEP Tools. Inc. uses <i>.exp</i> as the default extension.  <a href="http://www.steptools.com/stds/archive/APs/">Files for EXPRESS schemas for STEP</a> also have the .exp extension.</fdd:note>
			</fdd:filenameExtension>
			<fdd:other>
				<fdd:tag>Pronom PUID</fdd:tag>
				<fdd:values>
					<fdd:sigValueNA>See note.</fdd:sigValueNA>
					<fdd:note>PRONOM has no corresponding entry as of early 2017.</fdd:note>
				</fdd:values>
			</fdd:other>
		</fdd:signifiersGroup>
	</fdd:fileTypeSignifiers>
	<fdd:notes>
		<fdd:general>
			<p>The powerful capabilities of the EXPRESS modeling language were summarized by <a href="http://deslab.mit.edu/DesignLab/dicpm/step.html">Peter R. Wilson in 1998</a>: &quot;There are basically two aspects to EXPRESS: (1) it provides for the modeling of data and data relationships with a very general and powerful inheritance mechanism (much more than is provided in OO [object-oriented] programming languages), and (2) it includes a full procedural programming language which is used to specify constraints on data instances. ... EXPRESS models may be written in the style of Entity-Relationship, CODASYL, Relational, Object Oriented, or other kinds of data modeling.&quot;</p>
			<p>
				<a href="http://xml.coverpages.org/rivers-moore-k0603.html">XML and EXPRESS as schema definition languages</a> is a 1998 discussion of strengths and weaknesses of the two languages.  It states, &quot;EXPRESS is a rich and powerful language for the definition of the structure to which a set of data should conform. The mechanisms it provides for defining the types of object and their properties, that will be used in a given data set, and the constraints to which those objects should conform, are far richer than those provided by the DTD syntax of SGML and XML. On the other had, XML instance syntax is far richer than the corresponding syntax used to transmit instance data conforming to an EXPRESS schema.

The so-called &apos;Part 21 physical file&apos; [<fddLink id="fdd000448">STEP-file</fddLink>] used to exchange sets of data conforming to an EXPRESS schema has severe limitations, and is not easily interpretable by humans, or by machines that do not have prior knowledge of the schema itself. A Part 21 file without the schema is useless. In contrast, as we well know, an XML file without a DTD can be extremely useful in its own right.  Yet, despite the inherent readability of an XML instance, it remains true that to understand its meaning, some kind of explicit or implicit data schema is required. The very human-readability of XML files can mask this fact. A human reader who understands English (or whatever language has been used for the names of the element types and attributes used in the document) can guess at an implicit data schema that was in the mind of the information designer who chose those element type or attribute names. To make such an XML document usable by an automated system, and interoperable with XML files using other element type or attribute names with equivalent or related meanings, an explicit formal specification of the data schema is required.&quot;</p>
		</fdd:general>
		<fdd:history>ISO 10303-11 was part of the initial 1994 release of the STEP standard. In 1999, a corrigendum was issued and a new edition was published in 2004. The changes in the 2004 edition addressed requirements of multi-schema specifications for models.</fdd:history>
	</fdd:notes>
	<fdd:formatSpecifications>
		<fdd:urls>
			<fdd:url>
				<fdd:urlReference>
					<link>http://www.iso.org/iso/catalogue_detail.htm?csnumber=38047</link>
					<tag>ISO 10303-11:2004  Industrial automation systems and integration -- Product data representation and exchange -- Part 11: Description methods: The EXPRESS language reference manual</tag>
				</fdd:urlReference>
			</fdd:url>
		</fdd:urls>
	</fdd:formatSpecifications>
	<fdd:usefulReferences>
		<fdd:urls>
			<fdd:url>
				<fdd:urlReference>
					<link>https://en.wikipedia.org/wiki/EXPRESS_(data_modeling_language)</link>
					<tag>Wikipedia entry for ISO 10303-11, EXPRESS data modeling language</tag>
				</fdd:urlReference>
			</fdd:url>
			<fdd:url>
				<fdd:urlReference>
					<link>https://en.wikipedia.org/wiki/ISO_10303</link>
					<tag>Wikipedia article for ISO 10303 (commonly known as STEP)</tag>
					<comment>STEP stands for &quot;Standard for the Exchange of Product model data.&quot;</comment>
				</fdd:urlReference>
			</fdd:url>
			<fdd:url>
				<fdd:urlReference>
					<link>http://deslab.mit.edu/DesignLab/dicpm/step.html</link>
					<tag>STEP and EXPRESS, by Peter R. Wilson (May 1998)</tag>
					<comment>Most of the links in this document are now bad.</comment>
				</fdd:urlReference>
			</fdd:url>
			<fdd:url>
				<fdd:urlReference>
					<link>http://xml.coverpages.org/rivers-moore-k0603.html</link>
					<tag>XML and EXPRESS as schema definition languages</tag>
					<comment>By Daniel Rivers-Moore.  Undated, but probably from 1998.</comment>
				</fdd:urlReference>
			</fdd:url>
			<fdd:url>
				<fdd:urlReference>
					<link>http://www.slideshare.net/metalalp/data-exchange-standards-step-express-expressg-presentation-886142</link>
					<tag>Data Exchange Standards &amp; STEP, EXPRESS, &amp; EXPRESS-G.</tag>
					<comment>2008 slide presentation by Alper Dinçer</comment>
				</fdd:urlReference>
			</fdd:url>
			<fdd:url>
				<fdd:urlGroup>
					<fdd:intro>An &quot;extended&quot; lecture entitled &quot;Using Standards-based Approaches for
Electronics Product Design and Life Cycle Support&quot; serves as a useful introduction to STEP as applicable to electronics.</fdd:intro>
					<fdd:urlList>
						<fdd:urlReference>
							<link>http://eislab.gatech.edu/pubs/seminars-etc/2002-04-shinshu-peak/1.1.1_ISO_STEP_Express_Intro.ppt</link>
							<tag>Overview of Information Modeling Using STEP EXPRESS, EXPRESS-G, and Part 21 Models</tag>
							<comment>Presentation on EXPRESS.</comment>
						</fdd:urlReference>
						<fdd:urlReference>
							<link>http://eislab.gatech.edu/pubs/seminars-etc/2002-04-shinshu-peak/</link>
							<tag>Using Standards-based Approaches for
Electronics Product Design and Life Cycle Support</tag>
							<comment>Extended lecture given in Japan in 2002, based in part on course materials from Georgia Tech.</comment>
						</fdd:urlReference>
					</fdd:urlList>
				</fdd:urlGroup>
			</fdd:url>
			<fdd:url>
				<fdd:urlReference>
					<link>http://www.epmtech.jotne.com/images/pdf/EXPRESS_White_Paper.pdf</link>
					<tag>EXPRESS, ISO 10303-11: A White Paper on Enabling Open Information Systems</tag>
					<comment>April 2010.  From LSC Group, UK.  Relates EXPRESS to other ISO standards, including those that use EXPRESS as a basis.</comment>
				</fdd:urlReference>
			</fdd:url>
			<fdd:url>
				<fdd:urlReference>
					<link>http://www.steptools.com/stds/archive/</link>
					<tag>Archive of EXPRESS schemas from STEP Tools, Inc.</tag>
				</fdd:urlReference>
			</fdd:url>
			<fdd:url>
				<fdd:urlReference>
					<link>http://stepmod.sourceforge.net/express_model_spec/</link>
					<tag>STEP Modules Repository EXPRESS Model (STEPmod) Specification</tag>
					<comment>XML representation for EXPRESS models.</comment>
				</fdd:urlReference>
			</fdd:url>
			<fdd:url>
				<fdd:urlReference>
					<link>https://en.wikipedia.org/wiki/Wirth_syntax_notation</link>
					<tag>Wikipedia article for Wirth Syntax Notation</tag>
				</fdd:urlReference>
			</fdd:url>
			<fdd:url>
				<fdd:urlReference>
					<link>https://en.wikipedia.org/wiki/Unicode</link>
					<tag>Wikipedia article for Unicode</tag>
				</fdd:urlReference>
			</fdd:url>
			<fdd:url>
				<fdd:urlReference>
					<link>https://en.wikipedia.org/wiki/Basic_Latin_(Unicode_block)</link>
					<tag>Wikipedia article for Basic Latin (Unicode block)</tag>
				</fdd:urlReference>
			</fdd:url>
			<fdd:url>
				<fdd:urlReference>
					<link>http://www.iso.org/iso/catalogue_detail.htm?csnumber=34070</link>
					<tag>ISO 13584-24:2003 Industrial automation systems and integration -- Parts library -- Part 24: Logical resource: Logical model of supplier library</tag>
				</fdd:urlReference>
			</fdd:url>
			<fdd:url>
				<fdd:urlReference>
					<link>http://citeseerx.ist.psu.edu/viewdoc/download?doi=10.1.1.477.4784&amp;rep=rep1&amp;type=pdf</link>
					<tag>Exchange of Component Data:
The PLIB (ISO 13584) Model, Standard and Tools</tag>
					<comment>By Guy Pierra, et al. 1998</comment>
				</fdd:urlReference>
			</fdd:url>
			<fdd:url>
				<fdd:urlReference>
					<link>http://web.stanford.edu/group/narratives/classes/08-09/CEE215/ReferenceLibrary/FIATECH%20ISO%2015926/ISO/pack/ISO%2015926%20part2%20pack/C029557e(ISO15926-2%20-%20IS%20-%202003).pdf</link>
					<tag>ISO 15926-2:2003 - Industrial automation systems and
integration — Integration of life-cycle
data for process plants including oil and
gas production facilities -
Part 2:
Data model</tag>
				</fdd:urlReference>
			</fdd:url>
		</fdd:urls>
	</fdd:usefulReferences>
</fdd:FDD>
