<?xml version="1.0" encoding="UTF-8"?>
<fdd:FDD id="fdd000565" titleName="JPEG 2000 Part 15, High Throughput (HTJ2K)" shortName="HTJ2K" xmlns:xsi="http://www.w3.org/2001/XMLSchema-instance" xmlns:fdd="http://www.loc.gov/preservation/digital/formats/schemas/fdd/v1" xsi:schemaLocation="http://www.loc.gov/preservation/digital/formats/schemas/fdd/v1 http://www.loc.gov/preservation/digital/formats/schemas/fdd/v1/fdd-v1-2.xsd">
	<fdd:properties>
		<fdd:gdfrGenreSelection>
			<fdd:gdfrGenres>
				<fdd:gdfrGenre>still-image</fdd:gdfrGenre>
				<fdd:gdfrGenre>moving-image</fdd:gdfrGenre>
			</fdd:gdfrGenres>
		</fdd:gdfrGenreSelection>
		<fdd:formatCategories>
			<fdd:category>encoding</fdd:category>
		</fdd:formatCategories>
		<fdd:gdfrComposition>unitary</fdd:gdfrComposition>
		<fdd:gdfrForm>binary</fdd:gdfrForm>
		<fdd:gdfrBasis>sampled</fdd:gdfrBasis>
		<fdd:updates>
			<fdd:date>2022-11-22</fdd:date>
		</fdd:updates>
		<fdd:draftStatus>Partial</fdd:draftStatus>
	</fdd:properties>
	<fdd:identificationAndDescription>
		<fdd:fullName>HTJ2K Encoding [From ISO/IEC 15444-15:2019
Information technology — JPEG 2000 image coding system — Part 15: High-Throughput JPEG 2000]</fdd:fullName>
		<fdd:keywords>
			<fdd:keyword>JPEG</fdd:keyword>
			<fdd:keyword>raster image formats</fdd:keyword>
			<fdd:keyword>moving image formats</fdd:keyword>
		</fdd:keywords>
		<fdd:description>
			<p>The High-Throughput JPEG 2000 (HTJ2K) encoding provides a modification to the <a href="https://www.iso.org/standard/78321.html">JPEG 2000 Part 1 encoding</a> by introducing a new HT block coder, which serves as a drop-in replacement for the original JPEG 2000 block coder, known as <fddLink id="fdd000138">J2K_C</fddLink> and is standardized in <a href="https://www.iso.org/standard/76621.html">ISO/IEC 15444-15:2019</a>.</p>
			<p>Per HTJ2K's <a href="https://www.htj2k.com/wp-content/uploads/white-paper.pdf">&quot;High Throughput JPEG 2000 (HTJ2K): Algorithm, Performance and Potential&quot; white paper</a>, this new encoding provides an order of magnitude increase in throughput to JPEG 2000, &quot;approximately 10x for moderate to high compressed bit rates and more than 30x for lossless coding.&quot; Because HTJ2K serves as a drop in replacement for the J2K-1 algorithm, the HT block coder can be used with all technologies described in the JPEG 2000 family of standards. In that case, HTJ2K preserves all features of <a href="https://www.iso.org/standard/78321.html">JPEG 2000 Part 1 encoding</a> besides quality scalability but includes support for resolution scalability, multi-spectral and hyper-spectral content, and non-iterative rate control among others. See <fddLink id="fdd000138">J2K_C</fddLink> and <fddLink id="fdd000143">JP2_FF</fddLink> for a review of the features associated with JPEG 2000 Part 1. HTJ2K also provides for reversible transcoding to and from J2K-1.</p>
			<p>Because of HTJ2K’s efficiency and high throughput, it supports needs of professional video capture, mobile and satellite imaging applications, efficiency image capture, preview, and browsing. See <fddLink id="fdd000566">JPH_FF</fddLink> for more details on the usage scenarios for HTJ2K and the JPH file format.</p>
			<p>See <a href="#notes">Notes</a> for more information about the encoding and testing. </p>
			<p>
				<a href="https://www.loc.gov/preservation/digital/formats/contact_format.shtml">Comments welcome</a>.</p>
		</fdd:description>
		<fdd:shortDescription>The JPEG HTJ2K encoding introduces the High Throughput block coder which serves as a replacement for the JPEG 2000 Part 1 algorithm, offering increase throughputs while also maintaining many of the quality features of the JPEG 2000 coding system. </fdd:shortDescription>
		<fdd:productionPhase>May be applied in initial-state picture creation but often used most often for middle- and final-state archiving or end-user delivery. <a href="https://www.loc.gov/preservation/digital/formats/contact_format.shtml">Comments welcome</a>.</fdd:productionPhase>
		<fdd:relationships>
			<fdd:relationship>
				<fdd:typeOfRelationship>Modification of</fdd:typeOfRelationship>
				<fdd:relatedTo>
					<fdd:id>fdd000138</fdd:id>
					<fdd:shortName>J2K_C</fdd:shortName>
					<fdd:titleName>JPEG 2000 Part 1, Core Coding System</fdd:titleName>
				</fdd:relatedTo>
			</fdd:relationship>
			<fdd:relationship>
				<fdd:typeOfRelationship>Used by</fdd:typeOfRelationship>
				<fdd:relatedTo>
					<fdd:id>fdd000566</fdd:id>
					<fdd:shortName>JPH_FF</fdd:shortName>
					<fdd:titleName>JPH (HTJ2K) File Format</fdd:titleName>
				</fdd:relatedTo>
			</fdd:relationship>
			<fdd:relationship>
				<fdd:typeOfRelationship>Used by</fdd:typeOfRelationship>
				<fdd:relatedTo>
					<fdd:id>fdd000013</fdd:id>
					<fdd:shortName>MXF</fdd:shortName>
					<fdd:titleName>Material Exchange Format (MXF)</fdd:titleName>
				</fdd:relatedTo>
			</fdd:relationship>
			<fdd:relationship>
				<fdd:typeOfRelationship>Used by</fdd:typeOfRelationship>
				<fdd:relatedTo>
					<fdd:id>fdd000129</fdd:id>
					<fdd:shortName>MXF_GC_UNC</fdd:shortName>
					<fdd:titleName>MXF Generic Container Mapped to Uncompressed Images</fdd:titleName>
				</fdd:relatedTo>
			</fdd:relationship>
		</fdd:relationships>
	</fdd:identificationAndDescription>
	<fdd:localUse>
		<fdd:experience>The Library of Congress does not have any JPH files inventoried in its collections.</fdd:experience>
		<fdd:preference>Neither JPH or the associated HTJ2K encoding are listed in the Library of Congress Recommended Formats Statement (RFS) See the RFS for the Library of Congress format preferences for <a href="https://www.loc.gov/preservation/resources/rfs/stillimg.html">Still Image</a>) or <a href="https://www.loc.gov/preservation/resources/rfs/moving.html">Moving Image</a> in its collections.</fdd:preference>
	</fdd:localUse>
	<fdd:sustainabilityFactors>
		<fdd:disclosure>
			<p>Fully disclosed. This is an ISO published standard, specified in <a href="https://www.iso.org/standard/76621.html">ISO/IEC 15444-15: Information technology — JPEG 2000 image coding system — Part 15: High-Throughput JPEG 2000</a> and co-published as <a href="https://www.itu.int/rec/T-REC-T.814-201906-I/en">ITU-T T.814</a>.</p>
			<p>As of June 2019, the International Telecommunications Union’s (ITU) prepared the above-mentioned ISO standard as the ITU-T T.814 standard. This standard is specified in the ITU-T T. 814 Information technology – JPEG 2000 image coding system: High-throughput JPEG 2000.</p>
			<p>As stated in the ISO/IEC 15444-15 standard, &quot;Recommendation ITU-T T.814 (2019) is a common text with ISO/IEC 15444-15:2019, both in their first edition.&quot;</p>
		</fdd:disclosure>
		<fdd:documentation>
			<p>As of October 10, 2022 this ISO standard is in published status. Per the defined scope language in ISO/IE 15444:15, &quot;specifies an alternate block-coding algorithm that can be used in place of the block-coding algorithm specified in <a href="https://www.iso.org/standard/37674.html">ISO/IEC 15444-1</a>. This alternate block-coding algorithm offers a significant increase in throughput at the expense of slightly reduced coding efficiency, while a) allowing mathematically lossless transcoding to and from codestreams that use the block-coding algorithm in ISO/IEC 15444-1, and b) preserving codestream syntax and features specified in the JPEG 2000 Part 1 Codec.&quot;</p>
		</fdd:documentation>
		<fdd:adoption>
			<p>Per the JPEG HTJ2K primer white paper, SMPTE has added support for the new High Throughput JPEG 2000 encoding in <fddLink id="fdd000013">MXF</fddLink> files in the <a href="https://ieeexplore.ieee.org/document/8984770">SMPTE 422 standard</a>.</p>
			<p>The Kakadu SDK supports HTJ2K and the <fddLink id="fdd000566">JPH_FF</fddLink> file format in conjunction with supported features from the following JPEG 2000 standards; Part 1, Part 2, Part 3, and Part 9. See <a href="#notes">Notes</a> for links to related ISO specifications.</p>
			<p>There are also a variety of open source implementations of HTJ2K including but limited to:</p>
			<ul>
				<li>
					<a href="https://github.com/aous72/OpenJPH">OPENJPH</a>
				</li>
				<li>
					<a href="https://www.npmjs.com/package/openht">OPENHTJS</a>
				</li>
				<li>
					<a href="https://github.com/osamu620/OpenHTJ2K">OpenHTJ2K</a>
				</li>
				<li>
					<a href="https://github.com/osamu620/MatHTJ2K">MatHTJ2K</a>
				</li>
				<li>
					<a href="https://github.com/GrokImageCompression/grok">Grok</a>
				</li>
				<li>
					<a href="https://github.com/uclouvain/openjpeg">OPENJPEG</a>
				</li>
				<li>
					<a href="https://gitlab.com/wg1/htj2k-rs">HTJ2K Reference Software</a>
				</li>
			</ul>
			<p>
				<a href="https://www.loc.gov/preservation/digital/formats/contact_format.shtml">Comments welcome</a>.</p>
		</fdd:adoption>
		<fdd:licensingAndPatents>
			<p>Per HTJ2K's <a href="https://www.htj2k.com/wp-content/uploads/white-paper.pdf">&quot;High Throughput JPEG 2000 (HTJ2K): Algorithm, Performance and Potential&quot; white paper</a>, the HTJ2K encoding on the JPEG 2000 is a royalty free standard. <a href="https://kakadusoftware.com/">Kakadu LTD</a>, as owner of the intellectual property behind the technologies of the HT block coding algorithm and the FBCOT framework, has made royalty free declarations to the ITU and ISO. Kakadu’s objective is to maintain the royalty free status for the entirety of JPEG 2000 standards.</p>
		</fdd:licensingAndPatents>
		<fdd:transparency>
			<p>Depends upon algorithms and tools to read; will require sophistication to build tools.</p>
		</fdd:transparency>
		<fdd:selfDocumentation>
			<p>See <fddLink id="fdd000566">JPH_FF</fddLink>.</p>
		</fdd:selfDocumentation>
		<fdd:externalDependencies>None.
		</fdd:externalDependencies>
		<fdd:techProtection>
			<p>See <fddLink id="fdd000566">JPH_FF</fddLink>.</p>
		</fdd:techProtection>
	</fdd:sustainabilityFactors>
	<fdd:qualityAndFunctionalityFactors>
		<fdd:stillImageQF>
			<fdd:normalImage>Good support.</fdd:normalImage>
			<fdd:clarity>Excellent support. See <fddLink id="fdd000138">J2K_C</fddLink>.</fdd:clarity>
			<fdd:colorMaint>
				<p>See <fddLink id="fdd000566">JPH_FF</fddLink>.</p>
			</fdd:colorMaint>
			<fdd:graphics>No support for vector graphics.</fdd:graphics>
			<fdd:multispectral>None.</fdd:multispectral>
			<fdd:beyondImage>Includes features for error resiliency. Also see <fddLink id="fdd000138">J2K_C</fddLink>.</fdd:beyondImage>
		</fdd:stillImageQF>
	</fdd:qualityAndFunctionalityFactors>
	<fdd:fileTypeSignifiers>
		<fdd:signifiersGroup>
			<fdd:filenameExtension>
				<fdd:sigValueNA>Not applicable.</fdd:sigValueNA>
				<fdd:note>This description is for the HTJ2K codestream encoding. See related file format <fddLink id="fdd000566">JPH_FF</fddLink>for filename extension.</fdd:note>
			</fdd:filenameExtension>
			<fdd:internetMediaType>
				<fdd:sigValueNA>See related format.</fdd:sigValueNA>
				<fdd:note>
					<p>See <fddLink id="fdd000566">JPH_FF</fddLink>.</p>
				</fdd:note>
			</fdd:internetMediaType>
			<fdd:other>
				<fdd:tag>Wikidata Title ID</fdd:tag>
				<fdd:values>
					<fdd:sigValueNA>See note.</fdd:sigValueNA>
					<fdd:note>No Wikidata Title ID for the JPEG HTJ2K encoding at this time.</fdd:note>
				</fdd:values>
			</fdd:other>
			<fdd:other>
				<fdd:tag>Pronom PUID</fdd:tag>
				<fdd:values>
					<fdd:sigValueNA>See note.</fdd:sigValueNA>
					<fdd:note>There is no PRONOM PUID for the JPEG HTJ2K encoding at this time.</fdd:note>
				</fdd:values>
			</fdd:other>
		</fdd:signifiersGroup>
	</fdd:fileTypeSignifiers>
	<fdd:notes>
		<fdd:general>
			<p>
				<b>Joint publication of HTJ2K specifications by ITU and ISO/IEC</b>. The JPEG High-Throughput encoding is published as ISO/IEC 15444 Part 15 and as ITU T.814. Per the defined scope language in ISO/IE 15444:15, &quot;this alternate block-coding algorithm offers a significant increase in throughput at the expense of slightly reduced coding efficiency, while a) allowing mathematically lossless transcoding to and from codestreams that use the block-coding algorithm specified in Rec. ITU-T T.800 | ISO/IEC 15444-1, and b) preserving codestream syntax and features specified in Rec. ITU-T T.800 | ISO/IEC 15444-1.&quot;</p>
			<p>ITU published an equivalent technical report as T.814 Information technology – JPEG 2000 image coding system: High-throughput JPEG 2000. The summary of T.814 includes, &quot;Rec. ITU-T T.814 | ISO/IEC 15444-15 specifies a high-throughput (HT) block-coding algorithm that can be used in place of the block-coding algorithm specified in Rec. ITU-T T.800 | ISO/IEC 15444-1. The HT block-coding algorithm increases decoding and encoding throughput and allows mathematically lossless transcoding to and from the block-coding algorithm specified in Rec. ITU-T T.800 | ISO/IEC 15444-1. This is achieved at the expense of some loss in coding efficiency and substantial elimination of quality scalability.&quot;</p>
			<p>Additional related specifications:</p>
			<ul>
				<li>
					<a href="https://www.iso.org/standard/78321.html">ISO/IEC 15444-1:2019 Information technology — JPEG 2000 image coding system — Part 1: Core coding system</a>.</li>
				<li>
					<a href="https://www.iso.org/standard/81547.html">ISO/IEC 15444-2:2021 Information technology — JPEG 2000 image coding system — Part 2: Extensions</a>.</li>
				<li>
					<a href="https://www.iso.org/standard/41570.html">ISO/IEC 15444-3:2007 Information technology — JPEG 2000 image coding system: Motion JPEG 2000 — Part 3</a>.</li>
				<li>
					<a href="https://www.iso.org/standard/81574.html">ISO/IEC 15444-4:2021 Information technology — JPEG 2000 image coding system — Part 4: Conformance Testing</a>. Per the <a href="https://www.htj2k.com/wp-content/uploads/white-paper.pdf">HTJ2K white paper page 5</a>, this standard is the subject of an active amendment to augment Part 1 codestreams and conformance testing with Part-15.</li>
				<li>
					<a href="https://www.iso.org/standard/39413.html">ISO/IEC 15444-9:2005 Information technology -- JPEG 2000 image coding system: Interactivity tools, APIs and protocols - Part 9.</a>A newer version of this specification is under development. See next specification.</li>
				<li>
					<a href="https://www.iso.org/standard/80620.html">ISO/IEC 15444-16:2021 Information technology — JPEG 2000 image coding system — Part 16: Encapsulation of JPEG 2000 images into ISO/IEC 23008-12</a>. A revision is currently underway to support more flexible warping of all JPEG 2000 code-streams including HTJ2K.</li>
				<li>
					<a href="https://www.itu.int/rec/T-REC-T.800">o	T.800 : Information technology - JPEG 2000 image coding system: Core coding system</a>.</li>
			</ul>
			<p>
				<b>Regarding </b>
				<a href="https://htj2k.com/jph-file-format/">HTJ2K.com</a>. The HTJ2K site provides a high level overview of the encoding and related file format while also consolidating resources for interested researchers and users. The site is owned and maintained by Kakadu Software Pty, who own the property rights over the HT block coding algorithm that is the key component of the new encoding.</p>
			<p>
				<b>Regarding encoding</b>. As stated in the "High Throughput JPEG 2000 (HTJ2K): Algorithm, Performance and Potential" white paper, the HT block coding algorithm is faster than traditional J2K-1 implementations. The J2K-1 algorithm is based upon the Embedded Block Coding with Optimized Truncation (EBCOT) algorithm used in conjunction with the Discrete Wavelength Transform (DWT). The HTJ2K encoder uses the Fast Block Coding with Optimized Truncation (FBCOT) algorithm to achieve targeted compression size but also works in conjunction with DWT to produce sub-bands and LL sub-band. The HT algorithm, like J2K-1, adopts a coding pass structure (see page 12 and 13 of the white paper), with Cleanup, SigProp, and MagRef coding passes. Based on the end to end encoding and decoding system, the new HTJ2K code-stream can be almost 10 times faster than the J2K-1 algorithm with much larger speedups, "on the order of 30x for lossless compression and decompression." (see page 4 of the white paper). The new HT block coding algorithm can be used with many of technologies described in the JPEG 2000 standards family while retaining most existing features, while also supporting completely lossless transcoding to and from code-streams that have been generated using the original J2K-1 algorithm.</p>
			<p>For a diagram of the overall architecture, see Figure 2 on page 4 of the <a href="https://ds.jpeg.org/whitepapers/jpeg-htj2k-whitepaper.pdf">JPEG primer white paper</a> or Figure 2 on page 12 of the <a href="https://www.htj2k.com/wp-content/uploads/white-paper.pdf">May 2020 High Throughput JPEG 2000 white paper</a>. The HTJ2K compression and decompression system preserves the existing architecture and syntax of JPEG 2000. The white papers describe in more detail the components of the HTJ2K architecture and the process of input images to the decompressed images.</p>
			<p>
				<b>Regarding testing</b>. The following summarizes <a href="https://ds.jpeg.org/documents/jpeg2000/wg1n100269-096-COM-JPEG_Case_Study_HTJ2K_performance_on_laptop_desktop_PCs.pdf">JPEG’s 2022 published case study</a> on High-Throughput JPEG 2000’s performance on laptops and desktops. A 2018 15-inch MacBook Pro with 16GB RAM and Intel i9 processor was used for speed testing with four primary software applications.</p>
			<ul>
				<li>
					<a href="https://www.blackmagicdesign.com/products/davinciresolve">BlackMagic DaVinci Resolve Studio 17.4.4</a>, a video editing application for macOS, Windows, and Linux.</li>
				<li>
					<a href="https://www.apple.com/final-cut-pro/compressor/">Apple Compressor</a>, Apple’s proprietary software application that integrates with Final Cut Pro</li>
				<li>
					<a href="https://kakadusoftware.com/">Kakadu v8.2.1 applications</a>, the case study used kdu_vcom_fast and kdu_vex_fast applications that are included in the Kakadu software developer toolkit for JPEG 2000 encoding and decoding.</li>
			</ul>
			<p>As indicated in Figure 1 and Figure 2 from the JPEG 2022 case study, HTJ2K performed comparably to Apple ProRes, which surpassing ProRes in distortion efficiency. This summary won’t dive into the mathematical specifics of the rate-distortion performance, but further details can be found in the case study on page 4.</p>
		</fdd:general>
		<fdd:history>
			<p>The following list summarizes the development work of the ISO/IEC 15444-15 standard from the initial Call for Proposal (CfP) in 2017 to its submission to ISO in early 2019. This list summarizes the ISO/IEC JPEG meetings that occur four times a year to discuss and develop related standards.</p>
			<ul>
				<li>75th ISO/IEC JTC1/SC29/WG1 (JPEG) Meeting – March 2017. JPEG committee begins work on Part 15 of JPEG 2000 standard, with the stated of project to, &quot;identify and standardize an alternate block coding algorithm that can be used as a drop-in replacement for algorithm defined in JPEG 2000-Part 1,&quot; per the Association of Computing Machinery’s (ACM) <a href="https://records.sigmm.org/2017/05/16/jpeg-column-75th-jpeg-meeting-in-sydney-australia/">JPEG meeting overview</a>. A draft Call for Proposals was issued for public comment and made available on the JPEG website.</li>
				<li>78th ISO/IEC JTC1/SC29/WG1 (JPEG) Meeting – February 2018. The <a href="https://jpeg.org/downloads/ahgs/wg1-78-ahgs.pdf">JPEG’s publicly distributed list of Ad hoc groups</a> present for the 78th ISO/IEC/WG1 meeting includes the Ad Hoc Group on High Throughput JPEG 2000 (HTJ2K). The stated mandates and objectives from that meeting were identified as follows: Process submissions to the CfP, organize independent performance of the evaluation procedure on submitted Block Coder Libraries, and process comments to ISO/IEC 15444-1:2016 PDAM ballot.</li>
				<li>80th ISO/IEC JTC1/SC29/WG1 (JPEG) Meeting – July 2018. The JPEG committee announces that ISO/IEC 15444-15 High-Throughput JPEG 2000 (HTJ2K) is in &quot;Draft&quot; status.</li>
				<li>81st ISO/IEC JTC1/SC29/WG1 (JPEG) Meeting – October 2018. The JPEG committee announces that ISO/IEC 15444-15 High-Throughput JPEG 2000 (HTJ2K) has reached Draft International Status. The JPEG committee also announces that they have begun development on conformance codestreams and reference software.</li>
				<li>83rd ISO/IEC JTC1/SC29/WG1 (JPEG) Meeting – March 2019. The JPEG committee announces that ISO/IEC 15444-15 High-Throughput JPEG 2000 (HTJ2K) has been submitted to ISO for immediate publication as an International Standard.</li>
			</ul>
		</fdd:history>
	</fdd:notes>
	<fdd:formatSpecifications>
		<fdd:urls>
			<fdd:url>
				<fdd:urlReference>
					<link>https://www.iso.org/standard/76621.html</link>
					<tag>ISO/IEC 15444-15:2019 Information technology — JPEG 2000 image coding system — Part 15: High-Throughput JPEG 2000</tag>
					<comment>Status: Published October 2019.</comment>
				</fdd:urlReference>
			</fdd:url>
			<fdd:url>
				<fdd:urlReference>
					<link>https://www.itu.int/rec/T-REC-T.814-201906-I/en</link>
					<tag>T.814 : Information technology - JPEG 2000 image coding system: High-throughput JPEG 2000</tag>
					<comment>Status: Published August 2019.</comment>
				</fdd:urlReference>
			</fdd:url>
		</fdd:urls>
	</fdd:formatSpecifications>
	<fdd:usefulReferences>
		<fdd:urls>
			<fdd:url>
				<fdd:urlGroup>
					<fdd:intro>JPEG Sources</fdd:intro>
					<fdd:urlList>
						<fdd:urlReference>
							<link>https://jpeg.org/jpeg2000/htj2k.html</link>
							<tag>High Throughput JPEG 2000 (HTJ2K).</tag>
						</fdd:urlReference>
						<fdd:urlReference>
							<link>https://ds.jpeg.org/whitepapers/jpeg-htj2k-whitepaper.pdf</link>
							<tag>High Throughput JPEG 2000 (HTJ2K) and the JPH file format: a primer.</tag>
						</fdd:urlReference>
						<fdd:urlReference>
							<link>https://ds.jpeg.org/documents/jpeg2000/wg1n100269-096-COM-JPEG_Case_Study_HTJ2K_performance_on_laptop_desktop_PCs.pdf</link>
							<tag>High Throughput JPEG 2000 (HTJ2K) Performance on Laptop and Desktop PCs, 2022.</tag>
						</fdd:urlReference>
						<fdd:urlReference>
							<link>https://jpeg.org/downloads/ahgs/wg1-78-ahgs.pdf</link>
							<tag>List of Ad hoc Groups established at the 78th ISO/IEC JTC 1/SC29/WG1 Meeting, 2018-01-27 to 2018-02-02, Rio de Janeiro, Brazil.</tag>
						</fdd:urlReference>
					</fdd:urlList>
				</fdd:urlGroup>
			</fdd:url>
			<fdd:url>
				<fdd:urlGroup>
					<fdd:intro>Open Source HTJ2K Implementations</fdd:intro>
					<fdd:urlList>
						<fdd:urlReference>
							<link>https://github.com/aous72/OpenJPH</link>
							<comment>OPENJPH.</comment>
						</fdd:urlReference>
						<fdd:urlReference>
							<link>https://www.npmjs.com/package/openht</link>
							<comment>OPENHTJS.</comment>
						</fdd:urlReference>
						<fdd:urlReference>
							<link>https://github.com/osamu620/OpenHTJ2K</link>
							<comment>OpenHTJ2K.</comment>
						</fdd:urlReference>
						<fdd:urlReference>
							<link>https://github.com/osamu620/MatHTJ2K</link>
							<comment>MatHTJ2K.</comment>
						</fdd:urlReference>
						<fdd:urlReference>
							<link>https://github.com/GrokImageCompression/grok</link>
							<comment>Grok.</comment>
						</fdd:urlReference>
						<fdd:urlReference>
							<link>https://github.com/uclouvain/openjpeg</link>
							<comment>OPENJPEG.</comment>
						</fdd:urlReference>
						<fdd:urlReference>
							<link>https://gitlab.com/wg1/htj2k-rs</link>
							<comment>HTJ2K Reference Software.</comment>
						</fdd:urlReference>
					</fdd:urlList>
				</fdd:urlGroup>
			</fdd:url>
			<fdd:url>
				<fdd:urlGroup>
					<fdd:intro>General References</fdd:intro>
					<fdd:urlList>
						<fdd:urlReference>
							<link>https://htj2k.com/</link>
							<tag>A blazing-fast JPEG 2000:
what is HTJ2K?</tag>
						</fdd:urlReference>
						<fdd:urlReference>
							<link>https://www.htj2k.com/wp-content/uploads/white-paper.pdf</link>
							<tag>High Throughput JPEG 2000 (HTJK): Algorithm, Performance, and Potential.</tag>
						</fdd:urlReference>
						<fdd:urlReference>
							<link>https://htj2k.com/specifications/</link>
							<tag>Overview of an HTJ2K Encoding System.</tag>
						</fdd:urlReference>
						<fdd:urlReference>
							<link>https://sigport.org/sites/all/modules/pubdlcnt/pubdlcnt.php?fid=6977</link>
							<tag>Encoding High-Throughput JPEG2000 (HTJ2K) Images on a GPU.</tag>
						</fdd:urlReference>
						<fdd:urlReference>
							<link>https://ieeexplore.ieee.org/document/8803729</link>
							<tag>Decoding High-Throughput Jpeg2000 (HTJ2K) On A G.</tag>
						</fdd:urlReference>
						<fdd:urlReference>
							<link>https://www.frontiersin.org/articles/10.3389/frsip.2022.885644/full</link>
							<tag>High Throughput JPEG 2000 for Video Content Production and Delivery Over IP Networks.</tag>
						</fdd:urlReference>
						<fdd:urlReference>
							<link>https://www.phoronix.com/news/OpenJPEG-2.5-Brings-HTJ2K</link>
							<tag>OpenJPEG 2.5 Released With High Throughput JPEG 2000 Decoding (HTJ2K).</tag>
						</fdd:urlReference>
						<fdd:urlReference>
							<link>https://records.sigmm.org/2018/09/14/jpeg-column-80th-jpeg-meeting-in-berlin-germany/</link>
							<tag>JPEG Column: 80th JPEG Meeting in Berlin, Germany.</tag>
						</fdd:urlReference>
						<fdd:urlReference>
							<link>https://records.sigmm.org/2018/12/15/jpeg-column-81st-jpeg-meeting-in-vancouver-canada/</link>
							<tag>JPEG Column: 81st JPEG Meeting in Vancouver, Canada.</tag>
						</fdd:urlReference>
						<fdd:urlReference>
							<link>https://records.sigmm.org/2019/05/31/jpeg-column-83rd-jpeg-meeting-in-geneva-switzerland/</link>
							<tag>JPEG Column: 83rd JPEG Meeting in Geneva, Switzerland.</tag>
						</fdd:urlReference>
						<fdd:urlReference>
							<link>https://openjph.org/javascript/demo.html</link>
							<tag>HTJ2K decoding in the browser using WASM.</tag>
						</fdd:urlReference>
						<fdd:urlReference>
							<link>https://chafey.github.io/openjphjs/test/browser/index.html</link>
							<tag>HTJ2K/JPH Decoding with WebAssembly (v0.9.0 SIMD 1)</tag>
						</fdd:urlReference>
						<fdd:urlReference>
							<link>https://ieeexplore.ieee.org/document/8984770</link>
							<tag>ST 422:2019 - SMPTE Standard - Material Exchange Format — Mapping JPEG 2000 Codestreams into the MXF Generic Container.</tag>
						</fdd:urlReference>
					</fdd:urlList>
				</fdd:urlGroup>
			</fdd:url>
		</fdd:urls>
	</fdd:usefulReferences>
</fdd:FDD>
