<?xml version="1.0" encoding="UTF-8"?>
<fdd:FDD id="fdd000392" titleName="Microsoft Compound File Binary File Format, Version 4" shortName="CFB_4" xmlns:xsi="http://www.w3.org/2001/XMLSchema-instance" xmlns:fdd="http://www.loc.gov/preservation/digital/formats/schemas/fdd/v1" xsi:schemaLocation="http://www.loc.gov/preservation/digital/formats/schemas/fdd/v1 http://www.loc.gov/preservation/digital/formats/schemas/fdd/v1/fdd-v1-1.xsd">
	<fdd:properties>
		<fdd:gdfrGenreSelection>
			<fdd:gdfrGenres>
				<fdd:gdfrGenre>text</fdd:gdfrGenre>
				<fdd:gdfrGenre>moving-image</fdd:gdfrGenre>
				<fdd:gdfrGenre>spreadsheet</fdd:gdfrGenre>
			</fdd:gdfrGenres>
		</fdd:gdfrGenreSelection>
		<fdd:formatCategories>
			<fdd:category>file-format</fdd:category>
		</fdd:formatCategories>
		<fdd:gdfrComposition>unitary</fdd:gdfrComposition>
		<fdd:gdfrForm>binary</fdd:gdfrForm>
		<fdd:gdfrConstraint>structured</fdd:gdfrConstraint>
		<fdd:gdfrBasis>symbolic</fdd:gdfrBasis>
		<fdd:updates>
			<fdd:date>2020-01-28</fdd:date>
		</fdd:updates>
		<fdd:draftStatus>Full</fdd:draftStatus>
	</fdd:properties>
	<fdd:identificationAndDescription>
		<fdd:fullName>Microsoft Compound File Binary File Format, Version 4</fdd:fullName>
		<fdd:description>
			<p>The Microsoft Compound File Binary (CFB) file format is used for storing storage objects and stream objects in a hierarchical structure within a single file.  See <fddLink id="fdd000380">CFB_3</fddLink> for a full description of the file system structure.</p>
			<p>There are two active versions of CFB, <fddLink id="fdd000380">version 3</fddLink> and version 4. One major distinction between the versions is that the sector size for version 3 is of 512 bytes and the sector size for version 4 is 4096 bytes.</p>
			<p>The minimum size of a compound file is three sectors: one header, one FAT sector and one directory sector.</p>
			<ul>
				<li>4096-byte sector compound files can have 64-bit file and user-defined datastream sizes, up to slightly less than 16 terabytes.</li>
				<li>The maximum number of directory entries (storage objects and stream objects) is roughly 4 billion. This corresponds to a maximum directory sector chain length of slightly less than 512 GB for a 4096-byte sector compound file.</li>
			</ul>
			<p>A file in the CFB format begins with a 512-byte header.  The first sector of a compound file with 4096-byte sectors is padded with zeroes.  Values given below are as they occur in the physical file, for example when viewed using a Hex dump utility.</p>
			<ul>
				<li>Header Signature for the CFB format with 8-byte Hex value D0CF11E0A1B11AE1.  <a href="https://www.garykessler.net/library/file_sigs.html">Gary Kessler</a> notes that the beginning of this string looks like &quot;DOCFILE&quot;</li>
				<li>16 bytes of zeroes</li>
				<li>2-byte Hex value 3E00 indicating CFB minor version 3E. The specification states that the minor version <i>should</i> always be indicated as 3e.</li>
				<li>2-byte Hex value 0400 indicating CFB major version 4.</li>
				<li>2-byte Hex value FEFF indicating little-endian byte order for all integer values.  This byte order applies to all CFB files.</li>
				<li>2-byte Hex value 0C00 (indicating the sector size of 4096 bytes used for major version 4)</li>
				<li>480 bytes for remainder of the 512-byte header</li>
			</ul>
		</fdd:description>
		<fdd:shortDescription>The Microsoft Compound File Binary File Format (CFB) file format is used for storing storage objects and stream objects in a hierarchical structure within a single file. </fdd:shortDescription>
		<fdd:relationships>
			<fdd:relationship>
				<fdd:typeOfRelationship>Has earlier version</fdd:typeOfRelationship>
				<fdd:relatedTo>
					<fdd:id>fdd000380</fdd:id>
					<fdd:shortName>CFB_3</fdd:shortName>
					<fdd:titleName>Microsoft Compound File Binary File Format, Version 3</fdd:titleName>
				</fdd:relatedTo>
			</fdd:relationship>
			<fdd:relationship>
				<fdd:typeOfRelationship>Affinity to</fdd:typeOfRelationship>
				<fdd:relatedTo>
					<fdd:id>fdd000004</fdd:id>
					<fdd:shortName>AAF_1_1</fdd:shortName>
					<fdd:titleName>Advanced Authoring Format (AAF) Object, Version 1.1</fdd:titleName>
				</fdd:relatedTo>
				<fdd:comment>
					<p>Early versions of the AAF format detailed use of the structured storage systems outlined in CFB to store the objects on disk.</p>
				</fdd:comment>
			</fdd:relationship>
		</fdd:relationships>
	</fdd:identificationAndDescription>
	<fdd:localUse/>
	<fdd:sustainabilityFactors>
		<fdd:disclosure>See <fddLink id="fdd000380">CFB_3</fddLink>
		</fdd:disclosure>
		<fdd:documentation>See <fddLink id="fdd000380">CFB_3</fddLink>
		</fdd:documentation>
		<fdd:adoption>See <fddLink id="fdd000380">CFB_3</fddLink>
		</fdd:adoption>
		<fdd:licensingAndPatents>See <fddLink id="fdd000380">CFB_3</fddLink>
		</fdd:licensingAndPatents>
		<fdd:transparency>See <fddLink id="fdd000380">CFB_3</fddLink>
		</fdd:transparency>
		<fdd:selfDocumentation>See <fddLink id="fdd000380">CFB_3</fddLink>
		</fdd:selfDocumentation>
		<fdd:externalDependencies>See <fddLink id="fdd000380">CFB_3</fddLink>
		</fdd:externalDependencies>
		<fdd:techProtection>See <fddLink id="fdd000380">CFB_3</fddLink>
		</fdd:techProtection>
	</fdd:sustainabilityFactors>
	<fdd:qualityAndFunctionalityFactors/>
	<fdd:fileTypeSignifiers>
		<fdd:signifiersGroup>
			<fdd:filenameExtension>
				<fdd:sigValueNA>See related format.</fdd:sigValueNA>
				<fdd:note>See <fddLink id="fdd000380">CFB_3</fddLink>
				</fdd:note>
			</fdd:filenameExtension>
			<fdd:magicNumbers>
				<fdd:sigValues>
					<fdd:sigValue>Hex: D0 CF 11 E0 A1 B1 1A E1</fdd:sigValue>
				</fdd:sigValues>
				<fdd:note>Documented in the CFB specification, in <a href="https://docs.microsoft.com/en-us/openspecs/windows_protocols/ms-cfb/05060311-bfce-4b12-874d-71fd4ce63aea">2.2 Compound File Header</a>.  Applies to all files in CFB format; see <a href="https://www.garykessler.net/library/file_sigs.html">GCK&apos;S File Signatures Table</a> entry for Compound Binary File format (aka OLECF).</fdd:note>
			</fdd:magicNumbers>
			<fdd:other>
				<fdd:tag>File signature</fdd:tag>
				<fdd:values>
					<fdd:sigValues>
						<fdd:sigValue>Hex: 3E 00 04 00 FE FF 0C 00 </fdd:sigValue>
					</fdd:sigValues>
					<fdd:note>At byte offset 24 from beginning of file.  Documented in specification at  <a href="https://docs.microsoft.com/en-us/openspecs/windows_protocols/ms-cfb/05060311-bfce-4b12-874d-71fd4ce63aea">2.2 Compound File Header</a>.  This sequence indicates CFB (Compound File Binary format) major version 4, minor version 3e.  The specification states that the minor version <i>should</i> always be indicated as 3e.</fdd:note>
				</fdd:values>
			</fdd:other>
		</fdd:signifiersGroup>
	</fdd:fileTypeSignifiers>
	<fdd:notes>
		<fdd:general>
			<p>In addition to the Major Version field value declaration of the version number in the header, the Sector Shift field specifies the sector size depending on the version declaration.  If Major Version is 4, then the Sector Shift must be 0x000C, specifying a sector size of 4096 bytes.</p>
		</fdd:general>
	</fdd:notes>
	<fdd:formatSpecifications>
		<fdd:urls>
			<fdd:url>
				<fdd:urlGroup>
					<fdd:intro>See <fddLink id="fdd000380">CFB_3</fddLink>
					</fdd:intro>
				</fdd:urlGroup>
			</fdd:url>
		</fdd:urls>
	</fdd:formatSpecifications>
</fdd:FDD>
