<?xml version="1.0" encoding="UTF-8"?>
<fdd:FDD id="fdd000504" titleName="STL (STereoLithography) File Format Family" shortName="STL_family" xmlns:xsi="http://www.w3.org/2001/XMLSchema-instance" xmlns:fdd="http://www.loc.gov/preservation/digital/formats/schemas/fdd/v1" xsi:schemaLocation="http://www.loc.gov/preservation/digital/formats/schemas/fdd/v1 http://www.loc.gov/preservation/digital/formats/schemas/fdd/v1/fdd-v1-1.xsd">
	<fdd:properties>
		<fdd:gdfrGenreSelection>
			<fdd:gdfrGenre>model</fdd:gdfrGenre>
		</fdd:gdfrGenreSelection>
		<fdd:formatCategories>
			<fdd:category>family</fdd:category>
		</fdd:formatCategories>
		<fdd:gdfrComposition>unitary</fdd:gdfrComposition>
		<fdd:gdfrConstraint>structured</fdd:gdfrConstraint>
		<fdd:gdfrBasis>symbolic</fdd:gdfrBasis>
		<fdd:updates>
			<fdd:date>2019-09-12</fdd:date>
		</fdd:updates>
		<fdd:draftStatus>Preliminary</fdd:draftStatus>
	</fdd:properties>
	<fdd:identificationAndDescription>
		<fdd:fullName>STL (STereoLithography) File Format Family.  Also referred to as &quot;Standard Triangle Language&quot; and &quot;Standard Tessellation Language.&quot;</fdd:fullName>
		<fdd:keywords>
			<fdd:keyword>3D model formats</fdd:keyword>
		</fdd:keywords>
		<fdd:description>
			<p>The STL (STereoLithography) file format is an openly documented format for describing the surface of an object as a triangular mesh, that is, as a representation of a 3-dimensional surface in triangular facets.  STL is sometimes referred to as &quot;Standard Tessellation Language&quot; or &quot;Standard Triangle Language.&quot;  The term used for breaking the geometry of a surface into a series of small triangles, or other polygons, is &quot;tessellation.&quot;  The format was developed initially for <a href="https://en.wikipedia.org/wiki/Stereolithography">stereolithography</a>, a form of 3D printing used in the late 1980s for <a href="https://en.wikipedia.org/wiki/Rapid_prototyping">rapid prototyping</a>.  STL was first documented in <i>StereoLithography Interface Specification</i> in 1988 by <a href="https://www.3dsystems.com/">3D Systems, Inc</a>.  The STL format was widely adopted in the 1990s and referred to as a de facto standard for rapid prototyping, for example in <a href="https://link.springer.com/content/pdf/10.1007%2FBF01176300.pdf">Interface Between CAD and Rapid Prototyping Systems. Part 1: A Study of Existing Interfaces</a> from 1997.  It is still widely used and supported.  See Adoption in <a href="#sustainability">Sustainability Factors</a>, below. Like other early digital formats, STL is a proprietary format; however, its extremely simple structure has been openly documented since the 1990s, although not necessarily by copying the original text.  Examples of fairly full descriptions of STL are in the <a href="https://en.wikipedia.org/wiki/STL_(file_format)#ASCII_STL">Wikipedia entry for the STL file format</a> and <a href="https://www.fabbers.com/tech/STL_Format">The StL Format: Standard Data Format for Fabbers</a>.  <a href="https://all3dp.com/what-is-stl-file-format-extension-3d-printing/">STL File Format (3D Printing) – Simply Explained</a> provides a useful introduction to the format in the context of 3D printing.</p>
			<p>The STL format has two subtypes, an ASCII format and a binary format.  This description document focuses on information that applies to both variants.  See <fddLink id="fdd000506">STL_ASCII</fddLink> and <fddLink id="fdd000505">STL_binary</fddLink> for information appying only to one of the subtypes.  In practice, binary STL files are more common, since they are more compact.  However, most software tools that support STL support both variants.</p>
			<p>In both formats, the following information is stored for each triangular facet: coordinates for the triangle&apos;s vertices (corners) and components of the vector perpendicular (normal) to the triangle and pointing outwards with respect to the surface of the model.
 The vector should be a &quot;unit normal&quot;, i. e., of length 1.0.  See <a href="https://www.fabbers.com/tech/STL_Format#Sct_specs">The STL Format: Specifications</a> from <a href="https://www.fabbers.com/">fabbers.com</a> for useful diagrams that demonstrate additional rules that must be satisfied for an STL file to be valid.  The vertices of a triangle must be listed in the order that is counterclockwise when looking at the object from the outside; this is known as the <i>right-hand rule</i>.  Also, each triangle must share two vertices (i.e., an edge) with each of the triangles adjacent to it in the object&apos;s surface; this is known as the <i>vertex-to-vertex rule</i>.</p>
			<p>The STL format is still often described as the de facto standard for 3D printing and rapid prototyping.  Its two major strengths are simplicity and independence of particular 3D software or rapid prototyping methodology.  For many shapes, it can provide an effective and accurate model. However, the format is very limited in the functionality it supports.  For example, there is no standard support within STL for colors or textures. <a href="https://all3dp.com/what-is-stl-file-format-extension-3d-printing/">STL File Format (3D Printing) – Simply Explained</a> starts with, &quot;This format describes only the surface geometry of a three-dimensional object without any representation of color, texture or other common model attributes.&quot;  See also <a href="#factors">Quality and Functionality Factors</a> below. In <a href="https://3dinsider.com/stl-vs-obj/">STL vs. OBJ: Which Should You Use? (Feb 2019)</a>, Joseph Flint argues, in the context of 3D printing, &quot;For those who are interested in modifying or creating their own 3D models, the OBJ file format is the only way to go.&quot;  <a href="https://all3dp.com/3d-file-format-3d-files-3d-printer-3d-cad-vrml-stl-obj/">2019 Most Common 3D File Formats</a> from All3DP suggests, &quot;the reign of STL over the 3D printing world may not last long and formats like OBJ, 3MF, or AMF might replace it.&quot;  Instructions for setting <a href="https://help.autodesk.com/view/MSHMXR/2019/ENU/?guid=GUID-A2B92145-066E-473B-ADE3-2226E547EF8E">Import/Export Preferences</a> for Meshmixer from Autodesk advise strongly against using STL, stating, &quot;STL is the worst mesh format, ever.&quot;</p>
			<p>Disadvantages of the STL format have been recognized for many years. In a 1997 article, <a href="https://link.springer.com/content/pdf/10.1007%2FBF01176300.pdf">Interface Between CAD and Rapid Prototyping Systems. Part 1: A Study of Existing Interfaces</a>, Chua Chee Kai et al. pointed out that STL files carry a high degree of redundancy because of duplicate vertices and edges.  They also noted that for some shapes (e.g., ones with smooth curves), an STL file may require thousands of triangles to represent a model with sufficient accuracy, compared to a few splines or NURBS (<a href="https://en.wikipedia.org/wiki/Non-uniform_rational_B-spline">Non-uniform rational B-spline</a>) curves able to represent the same surface in a mathematically precise format.  See <a href="https://www.wirebiters.com/curves-splines-cad/">Curves and Splines in CAD</a>.  They also stated that, in practice, complex shapes with holes and hollows often led to defective STL files that were time-consuming to fix.  Similarly, <a href="https://doi.org/10.1016/S0895-7177(03)90079-3">Analysis of STL files</a> by M. Szilvśi-Nagy and Gy. Mátyási in 2003, indicates that the surface tessellation performed in CAD modelling software &quot;frequently ends with errors in the [STL] data structure as gaps and holes leading to open loops in the cross-sections that cannot be manufactured as layers.&quot;  There are many tools that offer to repair STL files; see <a href="https://all3dp.com/1/stl-repair-stl-file-online-checker-fix-3d-model/">18 Best STL Repair Software Tools in 2019</a>.  Despite disadvantages, some of which have been mitigated by general advances in software and hardware over 20 years, there are still situations for which the simplicity of STL and its ubiquitous support make it an appropriate choice, in particular for 3D printing in a single color.  See, for example, <a href="https://guides.auraria.edu/c.php?g=567257&amp;p=3907431">Working in 3D: Designing and Saving for 3D Printing</a>, a guide from Auraria Library.</p>
		</fdd:description>
		<fdd:shortDescription>an openly documented plain text format for describing an object as a triangular mesh, i.e., as a representation of a 3-dimensional surface geometry in triangular facets.  Each facet is described by a perpendicular (normal) direction and three points representing the vertices (corners) of the , triangle.  The STL format was developed for stereolithography, a form of 3D printing, in the late 1980s.</fdd:shortDescription>
		<fdd:productionPhase>The STL format can be used as an initial-state format as output from a 3D scanner or other process used to generate a triangular mesh model of the surface of a physical artifact. The STL model will often be input to 3D modeling software to add features not supported in the STL format.  For simple objects, STL can be a middle-state format, e.g., as input to a 3D printing process. Models are often shared for re-use in the STL format.</fdd:productionPhase>
		<fdd:relationships>
			<fdd:relationship>
				<fdd:typeOfRelationship>Has subtype</fdd:typeOfRelationship>
				<fdd:relatedTo>
					<fdd:id>fdd000506</fdd:id>
					<fdd:shortName>STL_ASCII</fdd:shortName>
					<fdd:titleName>STL (STereoLithography) File Format, ASCII</fdd:titleName>
				</fdd:relatedTo>
			</fdd:relationship>
			<fdd:relationship>
				<fdd:typeOfRelationship>Has subtype</fdd:typeOfRelationship>
				<fdd:relatedTo>
					<fdd:id>fdd000505</fdd:id>
					<fdd:shortName>STL_binary</fdd:shortName>
					<fdd:titleName>STL (STereoLithography) File Format, Binary</fdd:titleName>
				</fdd:relatedTo>
			</fdd:relationship>
		</fdd:relationships>
	</fdd:identificationAndDescription>
	<fdd:localUse>
		<fdd:experience>The STL format has been used in a pilot workflow for 3D capture of artifacts from the Kislak Collection.</fdd:experience>
		<fdd:preference>The Library of Congress has not yet expressed any format preference for digital models used as designs or surrogates for 3-dimensional objects.</fdd:preference>
	</fdd:localUse>
	<fdd:sustainabilityFactors>
		<fdd:disclosure>
			<p>The STL file format was openly documented by its originator, Charles Hull of 3D Systems, Inc.  Although STL can be considered proprietary, 3D Systems has encouraged its use.  The format has not been maintained through a formal governance structure.</p>
		</fdd:disclosure>
		<fdd:documentation>
			<p> Originally documented in <i>StereoLithography Interface Specification</i> in 1988 by 3D Systems, Inc.  A second edition was published in 1989.  The compilers of this resource have been unable to locate a copy of either of these specifications and have relied on other descriptions of the format.  Listed below (see <a href="#useful">Useful References</a>) are a number of sources with information about the ASCII variant of the STL format.  No single resource appears to the compilers of this resource to be a full specification.  <a href="../contact_format.shtml">Comments welcome</a>. </p>
		</fdd:documentation>
		<fdd:adoption>
			<p>Because many STL files would be unmanageably large in the ASCII variant of the format, most use of STL is in <fddLink id="fdd000505">STL_binary</fddLink>.  However most software that can handle STL files can import or render models in both STL variants.</p>
			<p>STL is widely used for 3D scanning, 3D printing, rapid prototyping, and computer-aided manufacturing.  Most 3D scanning hardware or software can output STL files.  3D scanners that can generate STL files include: <a href="http://www.nextengine.com/products/scanner/specs">NextEngine</a>; and <a href="https://www.3dsystems.com/shop/sense/techspecs">Sense</a>.  See also <a href="https://www.allthat3d.com/best-3d-scanners/">10 Best 3D Scanners in 2019</a>. <a href="https://www.protocam.com/learningcenter/how-to/how-to-prep-and-send-cad-files-for-production/">How to Prepare a CAD File for Additive Manufacturing</a> from Protocam, describes STL as the standard for the rapid prototyping industry and provides instructions for exporting STL files from over a dozen popular computer-aided design (CAD) software applications.</p>
			<p>As of 2019, with 3D models in wide use for video games, online product information, 3D printing, and in archaeology, medicine, and other professional disciplines, the simple, openly documented formats developed over 20 years ago, such as STL, OBJ, and <fddLink id="fdd000501">PLY</fddLink> are supported in new contexts.  For example, recent versions of the Windows and Mac operating systems come with basic tools that can render 3D files in a small number of formats, including the STL format.  Windows 10 includes Paint 3D, which can open files in PLY, STL, OBJ, 3MF, FBX, and GLB (the binary variant of <fddLink id="fdd000500">glTF_2_0</fddLink>) formats.  The version of Preview shipped with versions of Mac OS since 10.11 (El Capitan) has also been able to render 3D models in a number of formats.  For example, Preview in Mac OS 10.14 (Mojave) supports PLY, OBJ, STL, USD (Universal Scene Description), ABC (Alembic), and possibly more.</p>
			<p>Cultural heritage institutions and archaeologists have used the STL format when scanning 3D artifacts from their sites or collections.  However, many museums also use 3D formats that offer more functionality for surface rendering.  For example, the British Museum offers <a href="https://sketchfab.com/3d-models/a-queen-from-the-lewis-chessmen-af096aa7ca934f84b6d64c89a8e312d4">a queen from the Lewis chessmen</a> for download from SketchFab in STL, but also in OBJ and glTF.  <a href="https://sketchfab.com/museums">SketchFab</a> is used by many museums for making 3D models available.  STL is supported for uploading models to SketchFab; however, it is not one of the preferred formats listed at <a href="https://help.sketchfab.com/hc/en-us/articles/202508396-Supported-3D-File-Formats">Supported 3D File Formats</a>.  The <a href="http://guides.archaeologydataservice.ac.uk/g2gp/3d_2-3">UK Archaeology Data Service</a> lists the STL format in a table of &quot;common&quot; formats, and describes the ASCII variant as &quot;suitable for preservation.&quot;</p>
			<p>3D modeling applications and conversion tools that can import, export, or convert STL files include: <a href="https://en.wikipedia.org/wiki/MeshLab">MeshLab</a>, a widely used open-source software system for manipulating 3D mesh models, maintained by the Visual Computing Lab of ISTI-CNR; <a href="https://docs.blender.org/manual/en/latest/files/import_export.html">Blender</a>, another popular free and open-source 3D creation suite, supported by the <a href="https://www.blender.org/foundation/">Blender Foundation</a>, an independent non-profit public benefit corporation, established in the Netherlands; <a href="https://reference.wolfram.com/language/ref/format/STL.html">Mathematica</a>; <a href="https://www.mathworks.com/help/pde/ug/stl-file-import.html">MathWorks</a>; <a href="https://www.rhino3d.com/">Rhinoceros</a>; <a href="https://products.aspose.com/3d/java">Aspose.3D for Java</a>; <a href="http://www.assimp.org/">Assimp (Open Asset Import Library)</a>; and <a href="http://www.quick3d.com/features.html">quick3D</a>.  Examples of software libraries and tools that have been developed specifically to read and write files in the STL formats are available from: <a href="http://people.math.sc.edu/Burkardt/data/stla/stla.html">STLA Files: ASCII stereolithography files</a> from John Burkardt; and <a href="https://pypi.org/project/numpy-stl/">numpy-stl</a>, a python library from Rick van Hattem for reading and writing STL in binary or ASCII variants.</p>
			<p>The STL format is often mentioned in association with 3D printing and rapid prototyping.  For example, <a href="https://blog.medit.com/medit/the-battle-of-file-formats-stl-vs-obj-vs-ply">The Battle of File Formats: STL vs OBJ vs PLY</a>, a blog post from a site dealing with applications in dentistry, identifies PLY as one of three formats commonly used for 3D printing in that domain.   Also in the medical field, <a href="https://www.3dsystems.com/anatomical-models/on-demand">On-Demand Anatomical Models</a> describes a service from 3DSystems for 3D printing based on uploading an STL, OBJ, or PLY file.  <a href="https://www.goprint3d.co.uk/blog/file-formats-used-3d-printing/">What File Formats are used in 3D Printing?</a>, a blog post from 2016 states, &quot;STL is the most common file format when 3D printing.&quot;  The post <a href="https://all3dp.com/3d-printing-file-formats/">4 Most Common 3D Printer File Formats in 2019</a> from All3DP states that STL is the de-facto standard.  Some 3D printers are packaged with software that directly accepts models in the STL format, e.g., the <a href="https://www.tiertime.com/x5/">X5</a> and other 3D printers from Tiertime.  In addition to applications listed above, free applications from mainstream software companies that can be used to prepare models for a 3D printer and that support the STL format include: <a href="https://developer.microsoft.com/en-us/windows/hardware/3d-print/3d-builder-users-guide">3D Builder</a> from Microsoft; and <a href="https://help.autodesk.com/view/MSHMXR/2019/ENU/?guid=GUID-D11FDE6E-0279-4909-9B9C-1E115506ED9B">Meshmixer</a> from AutoDesk.</p>
			<p>A recent development is the publication in 2018 by WG 17 of Digital Imaging and Communications in Medicine (<a href="https://www.dicomstandard.org/wgs/wg-17/">DICOM</a>) of <a href="ftp://medical.nema.org/medical/dicom/final/sup205_ft_DICOM_Encapsulation_of_STL_Models_for_3D_Manufacturing.pdf">Supplement 205, DICOM Encapsulation of STL Models for 3D Manufacturing</a>.  Only the binary form of STL is supported for DICOM encapsulation. A survey conducted in April 2017, had indicated that STL was the file format most frequently used for 3D models in medical applications, followed by <fddLink id="fdd000490">X3D/VRML</fddLink>, OBJ, and 3MF.</p>
		</fdd:adoption>
		<fdd:licensingAndPatents>There are no concerns about patents or licensing associated with the STL format.</fdd:licensingAndPatents>
		<fdd:transparency>Varies for subtypes.  See <fddLink id="fdd000505">STL_binary</fddLink> and <fddLink id="fdd000506">STL_ASCII</fddLink>.</fdd:transparency>
		<fdd:selfDocumentation>Varies for subtypes.  See <fddLink id="fdd000505">STL_binary</fddLink> and <fddLink id="fdd000506">STL_ASCII</fddLink>.</fdd:selfDocumentation>
		<fdd:externalDependencies>None</fdd:externalDependencies>
		<fdd:techProtection>None</fdd:techProtection>
	</fdd:sustainabilityFactors>
	<fdd:qualityAndFunctionalityFactors>
		<fdd:otherQF>
			<fdd:factor>
				<fdd:tag>3D Model Geometry</fdd:tag>
				<fdd:note>An STL ASCII file represents a surface using a triangular mesh, without support for other geometric models.  Each triangle is defined by the positional coordinates for each of its three vertices, with the option of providing explicit coordinates for the normal (perpendicular) direction outward from the triangular facet.   Normal components can facilitate the representation of smoothed surfaces for polygonal meshes.  See <a href="https://en.wikipedia.org/wiki/Normal_(geometry)">Wikipedia entry for Normal(geometry)</a>.  However, as noted in <a href="https://www.sculpteo.com/en/glossary/stl-definition/">STL (STereoLithography): Format for Printable 3D Files</a> from Sculpteo and <a href="http://paulbourke.net/dataformats/stl/">STL format</a> by Paul Bourke, the direction of the normal to a triangle can be computed from its vertices and there is often no need to record it in the STL file.</fdd:note>
			</fdd:factor>
			<fdd:factor>
				<fdd:tag>3D Model Appearance</fdd:tag>
				<fdd:note>The STL format does not have a standard way to support multiple colors for an object or any other appearance characteristics.  Two incompatible conventions have been used for supporting color in <fddLink id="fdd000505">STL_binary</fddLink> files.  See <a href="https://en.wikipedia.org/wiki/STL_(file_format)#Color_in_binary_STL">Color in binary STL</a> in Wikipedia entry for the STL file format.  STL is useful primarily for objects to be displayed or printed in a single color. <a href="../contact_format.shtml">Comments welcome</a>.</fdd:note>
			</fdd:factor>
			<fdd:factor>
				<fdd:tag>3D Model Scene</fdd:tag>
				<fdd:note>An STL file can define only a single object, not a scene with several objects.  The STL format cannot incorporate control of lighting or pre-determined viewing positions.</fdd:note>
			</fdd:factor>
			<fdd:factor>
				<fdd:tag>3D Model Animation</fdd:tag>
				<fdd:note>The STL format does not support pre-determined animation sequences or skeleton structures (assemblies of bones and joints).  A 3D viewer that can render models in the STL format will allow rotation and zooming.</fdd:note>
			</fdd:factor>
		</fdd:otherQF>
	</fdd:qualityAndFunctionalityFactors>
	<fdd:fileTypeSignifiers>
		<fdd:signifiersGroup>
			<fdd:filenameExtension>
				<fdd:sigValues>
					<fdd:sigValue>stl</fdd:sigValue>
				</fdd:sigValues>
				<fdd:note>This file extension is found in practice, and listed in many file format resources. Used for both ASCII and binary versions of STL.  According to <a href="https://fileinfo.com/extension/stl">https://fileinfo.com/extension/stl</a>, this extension is also used by some completely different formats.</fdd:note>
			</fdd:filenameExtension>
			<fdd:internetMediaType>
				<fdd:sigValues>
					<fdd:sigValue>model/stl</fdd:sigValue>
					<fdd:sigValue>application/sla</fdd:sigValue>
				</fdd:sigValues>
				<fdd:note>model/stl was registered as an Internet media type in March 2018 with IANA on behalf of the <a href="https://www.dicomstandard.org/current/">Digital Imaging and Communications in Medicine (DICOM) Standards Committee</a> in preparation of <a href="https://www.dicomstandard.org/News/ftsup/docs/sups/sup205.pdf">Supplement 205: DICOM Encapsulation of STL Models for 3D Manufacturing</a>.  See <a href="https://www.iana.org/assignments/media-types/model/stl">https://www.iana.org/assignments/media-types/model/stl</a>. Prior to that, application/sla had been used by <a href="https://reference.wolfram.com/language/ref/format/STL.html">Wolfram</a> for Mathematica and other products.  Both media types apply to both ASCII and binary versions of STL.</fdd:note>
			</fdd:internetMediaType>
			<fdd:other>
				<fdd:tag>Pronom PUID</fdd:tag>
				<fdd:values>
					<fdd:sigValueNA>See note.</fdd:sigValueNA>
					<fdd:note>Pronom has separate PUIDs for the ASCII and binary variants of STL.</fdd:note>
				</fdd:values>
			</fdd:other>
			<fdd:other>
				<fdd:tag>Wikidata Title ID</fdd:tag>
				<fdd:values>
					<fdd:sigValues>
						<fdd:sigValue>Q1238229</fdd:sigValue>
					</fdd:sigValues>
					<fdd:note>See <a href="https://www.wikidata.org/wiki/Q1238229">https://www.wikidata.org/wiki/Q1238229</a>.  Covers ASCII and binary variants of STL.</fdd:note>
				</fdd:values>
			</fdd:other>
		</fdd:signifiersGroup>
	</fdd:fileTypeSignifiers>
	<fdd:notes>
		<fdd:general>
			<p>
				<b>3D Model Characteristics</b>:  The quality and functionality factors used above are based on an analysis from 2008 in <a href="https://www.archives.gov/files/applied-research/ncsa/8-an-overview-of-3d-data-content-file-formats-and-viewers.pdf">An Overview of 3D Data Content, File Formats and Viewers</a>, a technical report (ISDA08-002) from the National Center for Supercomputing Applications (NCSA).  According to this analysis, the key aspects of a 3D model are: geometry, appearance, scene, and animation. For brief descriptions of these factors, see the table for 3D model formats under <a href="./fdd_explanation.shtml#factors">Quality and functionality factors</a>.  The descriptions there are drawn from the 2008 report and from <a href="https://all3dp.com/3d-file-format-3d-files-3d-printer-3d-cad-vrml-stl-obj/">2019 Most Common 3D File Formats</a> (an article from All3DP), which uses the same factors to distinguish formats and includes the STL format.</p>
			<p>All 3D formats support some method for representing the geometry (the shape) of an object; support for other aspects is optional depending on the primary use of the format.  Table 3 in the 2008 report, <a href="https://www.archives.gov/files/applied-research/ncsa/8-an-overview-of-3d-data-content-file-formats-and-viewers.pdf">An Overview of 3D Data Content, File Formats and Viewers</a>, compares nine popular 3D formats in use in 2008 based on these four aspects of 3D models.  The report mentions STL as a 3D format, but the tabular comparison does not include STL, probably because of the format&apos;s lack of support for advanced model characteristics.</p>
		</fdd:general>
		<fdd:history>
			<p>In 1986, <a href="https://www.invent.org/inductees/charles-hull">Charles Hull</a> co-founded 3D Systems to commercialize his patented technology for stereolithography.  He developed and published the STL file format to allow data from CAD software to be translated for 3D printers. </p>
		</fdd:history>
	</fdd:notes>
	<fdd:formatSpecifications>
		<fdd:citations>
			<fdd:citation>
				<fdd:specReference>StereoLithography Interface Specification, 3D Systems, Inc., October 1989</fdd:specReference>
			</fdd:citation>
			<fdd:citation>
				<fdd:docGroup>
					<fdd:intro>The compilers of this resource have not been able to locate a copy of the original specification from 3D Systems, Inc.  See <a href="#useful">Useful References</a>, immediately below, for sources with documentation for the format, often by example. </fdd:intro>
				</fdd:docGroup>
			</fdd:citation>
		</fdd:citations>
	</fdd:formatSpecifications>
	<fdd:usefulReferences>
		<fdd:urls>
			<fdd:url>
				<fdd:urlGroup>
					<fdd:intro>The STL format is described by example in a number of resources.  Most use the ASCII variant to support the explanation, using an example or straightforward expression of the syntax.  The binary variant incorporates the same information and is subject to the same rules for ordering vertices.</fdd:intro>
					<fdd:urlList>
						<fdd:urlReference>
							<link>https://www.fabbers.com/tech/STL_Format</link>
							<tag>
The StL Format: Standard Data Format for Fabbers | by Marshall Burns</tag>
							<comment>Reprinted from Section 6.5 of
Automated Fabrication by Marshall Burns, Ph.D.
Used with permission.  Describes rules that data in STL files must follow to be valid.</comment>
						</fdd:urlReference>
						<fdd:urlReference>
							<link>https://en.wikipedia.org/wiki/STL_(file_format)</link>
							<tag>Wikipedia entry for STL (file format)</tag>
						</fdd:urlReference>
						<fdd:urlReference>
							<link>http://people.math.sc.edu/Burkardt/data/stla/stla.html</link>
							<tag>STLA Files:
ASCII stereolithography files </tag>
							<comment>Brief description, sample files, and software utilities for processing STL files</comment>
						</fdd:urlReference>
						<fdd:urlReference>
							<link>http://paulbourke.net/dataformats/stl/</link>
							<tag>STL format
| By Paul Bourke, 
October 1999 </tag>
							<comment>from Paul Bourke&apos;s dataformats site</comment>
						</fdd:urlReference>
						<fdd:urlReference>
							<link>https://www.sculpteo.com/en/glossary/stl-definition/</link>
							<tag>STL (STereoLithography): Format for Printable 3D Files | from Sculpteo</tag>
						</fdd:urlReference>
						<fdd:urlReference>
							<link>https://www.lifewire.com/stl-files-2255</link>
							<tag>STL Files: What They Are and How to Use Them | from LifeWire</tag>
							<comment>Indicates rules that data in STL files must follow to be valid.</comment>
						</fdd:urlReference>
					</fdd:urlList>
				</fdd:urlGroup>
			</fdd:url>
			<fdd:url>
				<fdd:urlReference>
					<link>https://en.wikipedia.org/wiki/Stereolithography</link>
					<tag>Wikipedia entry for Stereolithography</tag>
					<comment>The STL format was developed to support this method for rapid prototyping.</comment>
				</fdd:urlReference>
			</fdd:url>
			<fdd:url>
				<fdd:urlReference>
					<link>https://en.wikipedia.org/wiki/Rapid_prototyping</link>
					<tag>Wikipedia entry for Rapid Prototyping</tag>
				</fdd:urlReference>
			</fdd:url>
			<fdd:url>
				<fdd:urlGroup>
					<fdd:intro>Resources that list software applications that can read or write STL files.  In 2019, almost all CAD systems are capable of producing an STL file.</fdd:intro>
					<fdd:urlList>
						<fdd:urlReference>
							<link>https://www.stratasysdirect.com/resources/tutorials/how-to-prepare-stl-files</link>
							<tag>Tutorial: How To Prepare STL Files | Stratasys Direct Manufacturing</tag>
							<comment>Includes instructions for exporting a model in STL format from a number of CAD software packages</comment>
						</fdd:urlReference>
						<fdd:urlReference>
							<link>https://www.protocam.com/learningcenter/how-to/how-to-prep-and-send-cad-files-for-production/</link>
							<tag>How to Prepare a CAD File for Additive Manufacturing | ProtoCAM</tag>
							<comment>Includes instructions for exporting a model in STL format from a number of CAD software packages</comment>
						</fdd:urlReference>
						<fdd:urlReference>
							<link>https://fileinfo.com/extension/stl</link>
							<tag>FileInfo.com page for .stl file extension</tag>
						</fdd:urlReference>
						<fdd:urlReference>
							<link>https://www.3dsystems.com/quickparts/learning-center/what-is-stl-file</link>
							<tag>What Is An STL File? | 3D Systems</tag>
						</fdd:urlReference>
						<fdd:urlReference>
							<link>https://en.wikipedia.org/wiki/STL_(file_format)#Software_that_can_handle_STL_data</link>
							<tag>Wikipedia entry for STL file format.</tag>
						</fdd:urlReference>
						<fdd:urlReference>
							<link>https://www.sculpteo.com/blog/2017/06/21/the-7-best-free-stl-editors-to-edit-and-repair-your-stl-files/</link>
							<tag>The 7 Best Free STL Editors to Edit and Repair your STL Files | from Sculpteo</tag>
						</fdd:urlReference>
						<fdd:urlReference>
							<link>https://3dinsider.com/free-stl-editors/</link>
							<tag>5 Best Free STL Editors Available in 2019</tag>
						</fdd:urlReference>
						<fdd:urlReference>
							<link>https://www.3ders.org/3d-software/3d-software-list.html</link>
							<tag>List of Best 3D Printing Software | from www.3ders.org</tag>
						</fdd:urlReference>
						<fdd:urlReference>
							<link>https://all3dp.com/1/stl-repair-stl-file-online-checker-fix-3d-model/</link>
							<tag>18 Best STL Repair Software Tools in 2019</tag>
						</fdd:urlReference>
					</fdd:urlList>
				</fdd:urlGroup>
			</fdd:url>
			<fdd:url>
				<fdd:urlGroup>
					<fdd:intro>Selected tools designed to support conversion or manipulation of 3D models and which can import STL files</fdd:intro>
					<fdd:urlList>
						<fdd:urlReference>
							<link>https://www.blender.org/features/pipeline/</link>
							<tag>Blender</tag>
							<comment>A free open-source 3D creation suite</comment>
						</fdd:urlReference>
						<fdd:urlReference>
							<link>http://www.meshlab.net/</link>
							<tag>MeshLab | from Visual Computing Lab of ISTI-CNR</tag>
						</fdd:urlReference>
						<fdd:urlReference>
							<link>https://assimp-docs.readthedocs.io/en/latest/about/intoduction.html</link>
							<tag>Open Asset Import Library (assimp)</tag>
							<comment>A library to load and process geometric scenes from various data formats.</comment>
						</fdd:urlReference>
						<fdd:urlReference>
							<link>https://products.aspose.com/3d/java</link>
							<tag>Aspose.3D for Java</tag>
							<comment>Standalone gameware and CAD API to manipulate 3D files.</comment>
						</fdd:urlReference>
					</fdd:urlList>
				</fdd:urlGroup>
			</fdd:url>
			<fdd:url>
				<fdd:urlGroup>
					<fdd:intro>Other sources for tools for reading and writing STL files</fdd:intro>
					<fdd:urlList>
						<fdd:urlReference>
							<link>https://www.okino.com/conv/imp_stl.htm</link>
							<tag>STL File Importer | by Okino Computer Graphics</tag>
						</fdd:urlReference>
						<fdd:urlReference>
							<link>https://github.com/johannesgerer/jburkardt-m/tree/master/stla_display</link>
							<tag>STLA_DISPLAY - Display an ASCII STL 3D Graphics File</tag>
							<comment>From github site described as &quot;An official Git Mirror of John Burkardt&apos;s great collection of MATLAB Software&quot;</comment>
						</fdd:urlReference>
						<fdd:urlReference>
							<link>https://github.com/johannesgerer/jburkardt-m/tree/master/stla_io</link>
							<tag>STLA_IO - Read and Write Routines for ASCII STL 3D Graphics Files</tag>
							<comment>From github site described as &quot;An official Git Mirror of John Burkardt&apos;s great collection of MATLAB Software&quot;</comment>
						</fdd:urlReference>
						<fdd:urlReference>
							<link>https://www.mathworks.com/matlabcentral/fileexchange/22409-stl-file-reader</link>
							<tag>MathWorks | STL File Reader</tag>
						</fdd:urlReference>
						<fdd:urlReference>
							<link>https://www.mathworks.com/matlabcentral/fileexchange/20922-stlwrite-write-ascii-or-binary-stl-files</link>
							<tag>MathWorks | stlwrite - write ASCII or Binary STL files</tag>
						</fdd:urlReference>
					</fdd:urlList>
				</fdd:urlGroup>
			</fdd:url>
			<fdd:url>
				<fdd:urlGroup>
					<fdd:intro>Selected articles that acknowledge that STL is a de facto standard for rapid prototyping and 3D printing, but highlight shortcomings of the STL format, even for those applications.</fdd:intro>
					<fdd:urlList>
						<fdd:urlReference>
							<link>https://link.springer.com/content/pdf/10.1007%2FBF01176300.pdf</link>
							<tag>Interface Between CAD and Rapid Prototyping Systems. Part 1: A Study of Existing Interfaces (1997) | by Chua Chee Kai, Gan G.  K. Jacob, and  Tong  Mei </tag>
						</fdd:urlReference>
						<fdd:urlReference>
							<link>https://doi.org/10.1016/S0895-7177(03)90079-3</link>
							<tag>Analysis of STL files (2003) | by M. Szilvśi-Nagy and Gy. Mátyási</tag>
						</fdd:urlReference>
					</fdd:urlList>
				</fdd:urlGroup>
			</fdd:url>
			<fdd:url>
				<fdd:urlReference>
					<link>https://blog.medit.com/medit/the-battle-of-file-formats-stl-vs-obj-vs-ply</link>
					<tag>The Battle of File Formats: STL vs OBJ vs PLY</tag>
				</fdd:urlReference>
			</fdd:url>
			<fdd:url>
				<fdd:urlReference>
					<link>https://3dinsider.com/stl-vs-obj/</link>
					<tag>STL vs. OBJ: Which Should You Use? | by Joseph Flynt (Feb 2019)</tag>
				</fdd:urlReference>
			</fdd:url>
			<fdd:url>
				<fdd:urlReference>
					<link>https://all3dp.com/3d-file-format-3d-files-3d-printer-3d-cad-vrml-stl-obj/</link>
					<tag>2019 Most Common 3D File Formats | from All3DP</tag>
					<comment>Describes and compares eight 3D Formats, including STL.</comment>
				</fdd:urlReference>
			</fdd:url>
			<fdd:url>
				<fdd:urlReference>
					<link>https://help.autodesk.com/view/MSHMXR/2019/ENU/?guid=GUID-A2B92145-066E-473B-ADE3-2226E547EF8E</link>
					<tag>Meshmixer Import/Export Preferences | from Autodesk</tag>
					<comment>States, &quot;only export an STL if your 3D printing software is so terrible that it doesn&apos;t support anything else.&quot;</comment>
				</fdd:urlReference>
			</fdd:url>
			<fdd:url>
				<fdd:urlReference>
					<link>https://guides.auraria.edu/c.php?g=567257&amp;p=3907431</link>
					<tag>Working in 3D: Designing and Saving for 3D Printing | Auraria Library Guide</tag>
					<comment>Discusses difference between designing for 3D printing and for rendering and animation.</comment>
				</fdd:urlReference>
			</fdd:url>
			<fdd:url>
				<fdd:urlReference>
					<link>http://guides.archaeologydataservice.ac.uk/g2gp/3d_2-3</link>
					<tag>Archaeology Data Service: Guides to Good Practice, section 2.3 Creating 3D Data | File formats </tag>
				</fdd:urlReference>
			</fdd:url>
			<fdd:url>
				<fdd:urlReference>
					<link>https://www.invent.org/inductees/charles-hull</link>
					<tag>Charles Hull | National Inventors Hall of Fame</tag>
				</fdd:urlReference>
			</fdd:url>
			<fdd:url>
				<fdd:urlReference>
					<link>http://www.nationalarchives.gov.uk/PRONOM/x-fmt/108</link>
					<tag>PRONOM entry for x-fmt/108</tag>
					<comment>Information in PRONOM on STL ASCII  format.   PUID: x-fmt/108.</comment>
				</fdd:urlReference>
			</fdd:url>
			<fdd:url>
				<fdd:urlReference>
					<link>http://www.nationalarchives.gov.uk/PRONOM/fmt/865</link>
					<tag>PRONOM entry for fmt/865</tag>
					<comment>Information in PRONOM on STL binary format.   PUID: fmt/865.</comment>
				</fdd:urlReference>
			</fdd:url>
			<fdd:url>
				<fdd:urlReference>
					<link>https://www.wikidata.org/wiki/Q1238229</link>
					<tag>Wikidata entry for Q1238229</tag>
					<comment>Information in WikiData about STL format. Covers ASCII and binary variants. WikiData Title ID: Q1238229</comment>
				</fdd:urlReference>
			</fdd:url>
		</fdd:urls>
	</fdd:usefulReferences>
</fdd:FDD>
