<?xml version="1.0" encoding="UTF-8"?>
<fdd:FDD id="fdd000314" titleName="PDF, Version 1.7, ExtensionLevel 5" shortName="PDF_1_7_ext05" xmlns:xsi="http://www.w3.org/2001/XMLSchema-instance" xmlns:fdd="http://www.loc.gov/preservation/digital/formats/schemas/fdd/v1" xsi:schemaLocation="http://www.loc.gov/preservation/digital/formats/schemas/fdd/v1 http://www.loc.gov/preservation/digital/formats/schemas/fdd/v1/fdd-v1-1.xsd">
	<fdd:properties>
		<fdd:gdfrGenreSelection>
			<fdd:gdfrGenreAndSubgenres>
				<fdd:gdfrGenre>text</fdd:gdfrGenre>
				<fdd:gdfrSubgenres>
					<fdd:gdfrSubgenre>still-image</fdd:gdfrSubgenre>
				</fdd:gdfrSubgenres>
			</fdd:gdfrGenreAndSubgenres>
		</fdd:gdfrGenreSelection>
		<fdd:formatCategories>
			<fdd:category>file-format</fdd:category>
		</fdd:formatCategories>
		<fdd:gdfrComposition>unitary</fdd:gdfrComposition>
		<fdd:gdfrForm>binary</fdd:gdfrForm>
		<fdd:gdfrConstraint>structured</fdd:gdfrConstraint>
		<fdd:updates>
			<fdd:date>2019-03-01</fdd:date>
		</fdd:updates>
		<fdd:draftStatus>Partial</fdd:draftStatus>
	</fdd:properties>
	<fdd:identificationAndDescription>
		<fdd:fullName>PDF (Portable Document Format), version 1.7, ExtensionLevel 5</fdd:fullName>
		<fdd:keywords>
			<fdd:keyword>Portable Document Format (PDF)</fdd:keyword>
			<fdd:keyword>document formats</fdd:keyword>
		</fdd:keywords>
		<fdd:description>
			<p>PDF (Portable Document Format), developed by Adobe Systems Incorporated, is described by Adobe as a general document representation language. PDF represents formatted, page-oriented documents.  These documents may be structured or simple. They may contain text, images, graphics, and other multimedia content, such as video and audio. There is support for annotations, metadata, hypertext links, and bookmarks.</p>
			<p>The original version 1.7 of the PDF format was released November 2006 and associated with Acrobat and Adobe Reader 8.0.  Version 1.7 was published as ISO 32000-1 in July 2008.</p>
			<p>ISO 32000-1:2008 introduced an extension mechanism, to allow vendors or other organizations to establish extensions to the standard without causing difficulties to software.  Adobe is using this mechanism to add support for new functionality in its PDF tools.  Adobe has indicated that its extensions will cumulate; extensions with higher numbers will incorporate the specifications for extensions with earlier numbers.  Thus software that can interpret ExtensionLevel 5 files fully is expected to interpret content compliant with ExtensionLevel 3 too.</p>
			<p>ExtensionLevel 3 was published in June 2008, in association with the release of Acrobat 9.0.  ExtensionLevel 3 supported substantial additional functionality in the specification.  ExtensionLevel 5 was published by Adobe in June 2009, in conjunction with the release of Acrobat 9.1.  ExtensionLevel 5 provided very little additional functionality over ExtensionLevel 3; the most significant change is support for a newer version of Adobe&apos;s XML Forms Architecture (XFA 3.0)</p>
		</fdd:description>
		<fdd:shortDescription>Extension to ISO 32000-1:2008, published by Adobe Systems Incorporated in June 2009 in association with release of Acrobat 9.1.  A general document representation language. PDF represents formatted, page-oriented documents.</fdd:shortDescription>
		<fdd:productionPhase>In general, a final-state format for delivery to end users.</fdd:productionPhase>
		<fdd:relationships>
			<fdd:relationship>
				<fdd:typeOfRelationship>Subtype of</fdd:typeOfRelationship>
				<fdd:relatedTo>
					<fdd:id>fdd000030</fdd:id>
					<fdd:shortName>PDF</fdd:shortName>
					<fdd:titleName>Portable Document Format</fdd:titleName>
				</fdd:relatedTo>
			</fdd:relationship>
			<fdd:relationship>
				<fdd:typeOfRelationship>Extension of</fdd:typeOfRelationship>
				<fdd:relatedTo>
					<fdd:id>fdd000313</fdd:id>
					<fdd:shortName>PDF_1_7_ext03</fdd:shortName>
					<fdd:titleName>PDF, Version 1.7, ExtensionLevel 3</fdd:titleName>
				</fdd:relatedTo>
			</fdd:relationship>
		</fdd:relationships>
	</fdd:identificationAndDescription>
	<fdd:localUse>
		<fdd:experience>See <fddLink id="fdd000030">PDF</fddLink>.</fdd:experience>
		<fdd:preference>See <fddLink id="fdd000030">PDF</fddLink>.</fdd:preference>
	</fdd:localUse>
	<fdd:sustainabilityFactors>
		<fdd:disclosure>Published extension by Adobe Systems Incorporated to international standard, ISO 32000-1:2008.</fdd:disclosure>
		<fdd:documentation>
			<p>Adobe Supplement to the ISO 32000, BaseVersion:1.7, ExtensionLevel:5, available at <a href="http://www.adobe.com/content/dam/Adobe/en/devnet/acrobat/pdfs/adobe_supplement_iso32000_1.pdf">http://www.adobe.com/content/dam/Adobe/en/devnet/acrobat/pdfs/adobe_supplement_iso32000_1.pdf</a>.</p>
			<p>ExtensionLevel 5 incorporates extensions in Adobe Supplement to the ISO 32000, BaseVersion:1.7, ExtensionLevel:3, available at <a href="https://www.adobe.com/content/dam/acom/en/devnet/acrobat/pdfs/adobe_supplement_iso32000.pdf">https://www.adobe.com/content/dam/acom/en/devnet/acrobat/pdfs/adobe_supplement_iso32000.pdf</a>
			</p>
			<p>
				<a href="http://www.adobe.com/content/dam/Adobe/en/devnet/acrobat/pdfs/PDF32000_2008.pdf">ISO 32000-1:2008</a>. Document management -- Portable document format -- Part 1: PDF 1.7.  An equivalent document is PDF Reference, Sixth Edition, Version 1.7. November 2006.  At <a href="http://www.adobe.com/content/dam/Adobe/en/devnet/acrobat/pdfs/pdf_reference_1-7.pdf">http://www.adobe.com/content/dam/Adobe/en/devnet/acrobat/pdfs/pdf_reference_1-7.pdf</a>
			</p>
		</fdd:documentation>
		<fdd:adoption>The compilers of this resource have not been able to determine whether this extension to PDF 1.7 (ISO 32000-1) has been used extensively in practice.  The single feature added was support for XFA Version 3.x.  XFA was deprecated in PDF 2.0 (ISO 32000-2: 2017).  <a href="../contact_format.shtml">Comments welcome</a>.</fdd:adoption>
		<fdd:licensingAndPatents>See <fddLink id="fdd000277">PDF_1_7</fddLink>.</fdd:licensingAndPatents>
		<fdd:transparency>See <fddLink id="fdd000030">PDF</fddLink>.</fdd:transparency>
		<fdd:selfDocumentation>Version 1.4 and later of PDF can include XMP metadata packages.  XMP is Adobe's framework for including arbitrary blocks of metadata, using a representation in RDF.</fdd:selfDocumentation>
		<fdd:externalDependencies>See <fddLink id="fdd000277">PDF_1_7</fddLink>.</fdd:externalDependencies>
		<fdd:techProtection>See <fddLink id="fdd000030">PDF</fddLink>.</fdd:techProtection>
	</fdd:sustainabilityFactors>
	<fdd:qualityAndFunctionalityFactors>
		<fdd:textQF>
			<fdd:normalText>See <fddLink id="fdd000030">PDF</fddLink>.</fdd:normalText>
			<fdd:structure>See <fddLink id="fdd000030">PDF</fddLink>.</fdd:structure>
			<fdd:layout>See <fddLink id="fdd000030">PDF</fddLink>.</fdd:layout>
			<fdd:mathDiag>See <fddLink id="fdd000030">PDF</fddLink>.</fdd:mathDiag>
			<fdd:beyondText>See <fddLink id="fdd000313">PDF_1_7_ext03</fddLink>
			</fdd:beyondText>
		</fdd:textQF>
	</fdd:qualityAndFunctionalityFactors>
	<fdd:fileTypeSignifiers>
		<fdd:signifiersGroup>
			<fdd:filenameExtension>
				<fdd:sigValues>
					<fdd:sigValue>pdf</fdd:sigValue>
				</fdd:sigValues>
				<fdd:note>See <fddLink id="fdd000030">PDF</fddLink>.</fdd:note>
			</fdd:filenameExtension>
			<fdd:other>
				<fdd:tag>Indicator for profile, level, version, etc.</fdd:tag>
				<fdd:values>
					<fdd:sigValueNA>See note.</fdd:sigValueNA>
					<fdd:note>
						<p>Extensions to the PDF format used in a document are identified in the <i>catalog dictionary</i>, located by means of the Root entry in the trailer of the PDF file.  The use of ExtensionLevel 5 to PDF 1.7 would be indicated by a catalog dictionary containing the following segment:</p>
						<p>%PDF 1.7<br/>&lt;&lt;/Type /Catalog<br/>
    /Extensions<br/>
&lt;&lt;/ADBE<br/>
               &lt;&lt;/BaseVersion /1.7/ExtensionLevel 5&gt;&gt;<br/>
           &gt;&gt;<br/>
&gt;&gt;
</p>
					</fdd:note>
				</fdd:values>
			</fdd:other>
			<fdd:other>
				<fdd:tag>Pronom PUID</fdd:tag>
				<fdd:values>
					<fdd:sigValueNA>See related format.</fdd:sigValueNA>
					<fdd:note>PRONOM does not have separate PUIDs for Adobe&apos;s published extensions to <fddLink id="fdd000277">PDF 1.7</fddLink>.</fdd:note>
				</fdd:values>
			</fdd:other>
			<fdd:other>
				<fdd:tag>Wikidata Title ID</fdd:tag>
				<fdd:values>
					<fdd:sigValueNA>See related format.</fdd:sigValueNA>
					<fdd:note>Wikidata does not have separate Title IDs for Adobe&apos;s published extensions to <fddLink id="fdd000277">PDF 1.7</fddLink>.</fdd:note>
				</fdd:values>
			</fdd:other>
		</fdd:signifiersGroup>
	</fdd:fileTypeSignifiers>
	<fdd:notes>
		<fdd:general>For information about the mechanism for extending the PDF standard, see 7.12.2 Developer Extensions Dictionary and Annex E in <a href="http://www.adobe.com/content/dam/Adobe/en/devnet/acrobat/pdfs/PDF32000_2008.pdf">ISO 32000-1:2018</a>.</fdd:general>
		<fdd:history>
			<p>PDF, Version 1.7, ExtensionLevel 5 provides for very little additional functionality over ExtensionLevel 3.  The most significant extension is support for a new version of Adobe&apos;s XML Forms Architecture (XFA 3.0).</p>
			<p>PDF 1.7 was released in November 2006 in association with version 8 of Acrobat and Adobe Reader.  In January 2007, Adobe announced the intention to pursue standardization through TC 171/SC 2 of ISO.  This process led to publication as ISO 32000-1 in July 2008.  ExtensionLevel 3 was published with the release of Acrobat 9.0 in June 2008.  With the release of Acrobat 9.1 in June 2009, Adobe published the specification of ExtensionLevel 5.</p>
		</fdd:history>
	</fdd:notes>
	<fdd:formatSpecifications>
		<fdd:urls>
			<fdd:url>
				<fdd:urlReference>
					<link>http://www.adobe.com/content/dam/Adobe/en/devnet/acrobat/pdfs/adobe_supplement_iso32000_1.pdf</link>
					<tag>Adobe Supplement to the ISO 32000, BaseVersion:1.7, ExtensionLevel:5.  June 2009</tag>
					<comment>Adobe Systems Incorporated.</comment>
				</fdd:urlReference>
			</fdd:url>
			<fdd:url>
				<fdd:urlReference>
					<link>http://www.adobe.com/content/dam/Adobe/en/devnet/acrobat/pdfs/adobe_supplement_iso32000.pdf</link>
					<tag>Adobe Supplement to the ISO 32000, BaseVersion:1.7, ExtensionLevel:3.  June 2008</tag>
					<comment>ExtensionLevel 5 incorporates the extensions in ExtensionLevel 3.</comment>
				</fdd:urlReference>
			</fdd:url>
			<fdd:url>
				<fdd:urlGroup>
					<fdd:intro>Adobe Systems Incorporated provides access both to its original PDF Reference for Version 1.7 and the variant document that was approved as ISO 32000-1:2008.  The latter was re-organized and re-formatted in line with ISO guidelines.  The number of functional differences are assumed to be small, since Adobe describes the specifications as &quot;matching.&quot;</fdd:intro>
					<fdd:urlList>
						<fdd:urlReference>
							<link>http://www.adobe.com/content/dam/Adobe/en/devnet/acrobat/pdfs/PDF32000_2008.pdf</link>
							<tag>Document management — Portable document format — Part 1: PDF 1.7</tag>
							<comment>As distributed by Adobe after adoption as ISO 32000-1:2008, with permission of ISO.</comment>
						</fdd:urlReference>
						<fdd:urlReference>
							<link>http://www.adobe.com/content/dam/Adobe/en/devnet/acrobat/pdfs/pdf_reference_1-7.pdf</link>
							<tag>PDF Reference, Sixth Edition, Version 1.7. November 2006</tag>
							<comment>Published by Adobe Systems Incorporated before ISO standardization.</comment>
						</fdd:urlReference>
					</fdd:urlList>
				</fdd:urlGroup>
			</fdd:url>
			<fdd:url>
				<fdd:urlReference>
					<link>http://www.adobe.com/devnet/pdf/pdf_reference_archive.html</link>
					<tag>Adobe PDF Reference Archive of specifications prior to current version of PDF.</tag>
				</fdd:urlReference>
			</fdd:url>
		</fdd:urls>
		<fdd:citations>
			<fdd:citation>
				<fdd:specReference>
					<specRefDetail rel="snum">ISO 32000-1</specRefDetail>:<specRefDetail rel="date">2008</specRefDetail>. <specRefDetail rel="stitle">Document management -- Portable document format -- Part 1: PDF 1.7</specRefDetail>.  <a href="http://www.iso.org/iso/iso_catalogue/catalogue_tc/catalogue_detail.htm?csnumber=51502">Available for purchase from ISO</a>
				</fdd:specReference>
			</fdd:citation>
		</fdd:citations>
	</fdd:formatSpecifications>
	<fdd:usefulReferences>
		<fdd:urls>
			<fdd:url>
				<fdd:urlReference>
					<link>https://en.wikipedia.org/wiki/PDF</link>
					<tag>Wikipedia entry for PDF</tag>
				</fdd:urlReference>
			</fdd:url>
			<fdd:url>
				<fdd:urlReference>
					<link>https://en.wikipedia.org/wiki/History_of_the_Portable_Document_Format_(PDF)</link>
					<tag>Wikipedia entry for History of the Portable Document Format</tag>
				</fdd:urlReference>
			</fdd:url>
			<fdd:url>
				<fdd:urlReference>
					<link>https://en.wikipedia.org/wiki/XFA</link>
					<tag>Wikipedia entry for XFA (XML Forms Architecture)</tag>
					<comment>States that XFA has been deprecated in PDF 2.0.</comment>
				</fdd:urlReference>
			</fdd:url>
			<fdd:url>
				<fdd:urlReference>
					<link>https://web.archive.org/web/20121015001637/http://partners.adobe.com/public/developer/xml/index_arch.html</link>
					<tag>Adobe XML Forms Architecture (XFA) via Internet Archive as of October 2012</tag>
					<comment>Provided links to specifications for versions 2.x and 3.x of this XML-based forms architecture.</comment>
				</fdd:urlReference>
			</fdd:url>
			<fdd:url>
				<fdd:urlReference>
					<link>https://reference.pdfa.org/iso/32000/wp-content/uploads/2017/04/XFA-3_3.pdf</link>
					<tag>Adobe XML Forms Architecture (XFA) Version 3.3 (January 2012)</tag>
					<comment>Copy archived at reference.pdfa.org.</comment>
				</fdd:urlReference>
			</fdd:url>
			<fdd:url>
				<fdd:urlGroup>
					<fdd:intro>See also <fddLink id="fdd000277">PDF_1_7</fddLink>.</fdd:intro>
				</fdd:urlGroup>
			</fdd:url>
		</fdd:urls>
	</fdd:usefulReferences>
</fdd:FDD>
