<?xml version="1.0" encoding="UTF-8"?>
<fdd:FDD id="fdd000533" titleName="TSV, Tab-Separated Values " shortName="TSV " xmlns:xsi="http://www.w3.org/2001/XMLSchema-instance" xmlns:fdd="http://www.loc.gov/preservation/digital/formats/schemas/fdd/v1" xsi:schemaLocation="http://www.loc.gov/preservation/digital/formats/schemas/fdd/v1 http://www.loc.gov/preservation/digital/formats/schemas/fdd/v1/fdd-v1-1.xsd">
	<fdd:properties>
		<fdd:gdfrGenreSelection>
			<fdd:gdfrGenre>dataset</fdd:gdfrGenre>
		</fdd:gdfrGenreSelection>
		<fdd:formatCategories>
			<fdd:category>file-format</fdd:category>
			<fdd:category>encoding</fdd:category>
		</fdd:formatCategories>
		<fdd:gdfrComposition>unitary</fdd:gdfrComposition>
		<fdd:gdfrForm>text</fdd:gdfrForm>
		<fdd:gdfrConstraint>structured</fdd:gdfrConstraint>
		<fdd:gdfrBasis>symbolic</fdd:gdfrBasis>
		<fdd:updates>
			<fdd:date>2021-02-11</fdd:date>
		</fdd:updates>
		<fdd:draftStatus>Full</fdd:draftStatus>
	</fdd:properties>
	<fdd:identificationAndDescription>
		<fdd:fullName>TSV, Tab-Separated Values</fdd:fullName>
		<fdd:keywords>
			<fdd:keyword>numeric data formats</fdd:keyword>
			<fdd:keyword>scientific data formats</fdd:keyword>
		</fdd:keywords>
		<fdd:description>
			<p>A tab-separated values (TSV) file is a text format whose primary function is to store data in a table structure where each record in the table is recorded as one line of the text file. The field’s values in the record are separated by tab characters. Header rows may provide information about the semantics of table columns. TSV files function well as a data exchange format between programs that use structured tables or spreadsheets. These tab-separated value fields may contain a variety of data including text, mathematical, statistical, or scientific data.  The TSV file format is widely supported and is very similar to <fddLink id="fdd000323">CSV</fddLink> file formats, though data fields stored in CSV files are separated by commas rather than tabular spaces. Both are a type of delimiter-separated value format. For more information on delimiter-separated value formats and the differences between TSV and CSV, see <a href="#notes">Notes</a> below.</p>
			<p>As documented in <a href="https://www.iana.org/assignments/media-types/text/tab-separated-values">IANA's description</a>, a TSV file encodes a number of records that may contain multiple fields. Fields that contain tabs are not allowed. The following represents the table structure in plain text.<a href="https://www.iana.org/assignments/media-types/text/tab-separated-values">IANA's example</a> of a TSV file is structured as follows:</p>
			<p>Name[TAB]Age[TAB]Address</p>
			<p>Paul[TAB]23[TAB]1115 W Franklin</p>
			<p>Bessy the Cow[TAB]5[TAB]Big Farm Way</p>
			<p>Zeke[TAB]45[TAB]W Main St</p>
			<p>As mentioned above, field values cannot contain tabs or new line characters so conversion of plain text to TSV requires the following escapes (with parenthetical corresponding ASCII codes):</p>
			<p>\n for newline (ascii 0x0a)</p>
			<p>\t for tab (ascii 0x09)</p>
			<p>\r for carriage return (ASCII 0x0d)</p>
			<p>\\ for backslash (ASCII 0x5c)</p>
			<p>TSV files can easily be exported into other formats like <fddLink id="fdd000323">CSV</fddLink>, <fddLink id="fdd000510">XLS</fddLink>, <fddLink id="fdd000398">XLSX</fddLink> using common spreadsheet programs.</p>
		</fdd:description>
		<fdd:shortDescription>Simple, delimited data format for storing data in a table structure. Each record in the table is displayed as one line of the text file while field values of a record are separated by tab characters. </fdd:shortDescription>
		<fdd:productionPhase>May be used at any stage in the lifecycle of a dataset.</fdd:productionPhase>
		<fdd:relationships>
			<fdd:relationship>
				<fdd:typeOfRelationship>Affinity to</fdd:typeOfRelationship>
				<fdd:relatedTo>
					<fdd:id>fdd000323</fdd:id>
					<fdd:shortName>CSV_strict</fdd:shortName>
					<fdd:titleName>CSV, Comma Separated Values (RFC 4180)</fdd:titleName>
				</fdd:relatedTo>
			</fdd:relationship>
		</fdd:relationships>
	</fdd:identificationAndDescription>
	<fdd:localUse>
		<fdd:experience>As of February 2021, The Library of Congress has about 15,000 files in the TSV format inventoried in its digital storage system. These could be from collections material as well as Library created content.</fdd:experience>
		<fdd:preference>The Library of Congress Recommended Formats Statement (RFS) includes TSV as a preferred format for <a href="https://www.loc.gov/preservation/resources/rfs/data.html">datasets</a>.</fdd:preference>
	</fdd:localUse>
	<fdd:sustainabilityFactors>
		<fdd:disclosure>
			<p>
				<a href="https://www.iana.org/assignments/media-types/text/tab-separated-values">IANA's registration</a> of the TSV file format MIME type clarifies the specification as; “Doesn’t really need any.” No official specification exists. </p>
		</fdd:disclosure>
		<fdd:documentation>
			<a href="https://www.iana.org/assignments/media-types/text/tab-separated-values">IANA's registration</a> serves as the de facto specification although there is nothing more formalized.</fdd:documentation>
		<fdd:adoption>
			<p>Widely supported and used format for data exchange. The TSV file format is used as an alternative to <fddLink id="fdd000323">CSV</fddLink> files since tab stops are unlikely in text as opposed to commas.</p>
			<p>
				<a href="https://fileinfo.com/extension/tsv">fileinfo.com's TSV entry</a> lists numerous software programs across Windows, Mac, and Linux platforms that allows users to open and manipulate TSV files. The Windows software programs include; File Viewer Plus, Microsoft Excel 365, LibreOffice, OpenOffice Calc, Microsoft Notepad, and other generic text editors. Mac software applications to open TSV files include Microsoft Excel 365, LibreOffice, OpenOffice Calc, MacroMates Textmate, as well as generic text editors. The Linux platform applications including LibreOffice, OpenOffice Calc, and text editors allow users to open TSV files. </p>
			<p>TSV is a recommended and supported file format in <a href="http://libguides.mit.edu/c.php?g=176372&amp;p=1158986">MIT’s DSpace implementation</a> as well as the <a href="https://www.ed.ac.uk/information-services/research-support/research-data-service/after/data-repository/choosing-file-formats">Edinburgh DataShare and Edinburgh DataVault</a> at the University of Edinburgh.</p>
		</fdd:adoption>
		<fdd:licensingAndPatents>None.</fdd:licensingAndPatents>
		<fdd:transparency>
			<p>A simple text-based format that is both human-readable and easily machine-processable, therefore very transparent.</p>
		</fdd:transparency>
		<fdd:selfDocumentation>Poor. Header rows may provide information to the semantics of columns. </fdd:selfDocumentation>
		<fdd:externalDependencies>None.</fdd:externalDependencies>
		<fdd:techProtection>None.</fdd:techProtection>
	</fdd:sustainabilityFactors>
	<fdd:qualityAndFunctionalityFactors>
		<fdd:datasetQF>
			<fdd:normalDataset>A simple format with limited capabilities. The format does not allow tab spaces within fields.</fdd:normalDataset>
			<fdd:accessSoftware>The simple nature of the TSV format allows programming for parsing and using the data.</fdd:accessSoftware>
			<fdd:dataDocumentation>No support. </fdd:dataDocumentation>
			<fdd:beyondDataset>None.</fdd:beyondDataset>
		</fdd:datasetQF>
	</fdd:qualityAndFunctionalityFactors>
	<fdd:fileTypeSignifiers>
		<fdd:signifiersGroup>
			<fdd:filenameExtension>
				<fdd:sigValues>
					<fdd:sigValue>tsv</fdd:sigValue>
				</fdd:sigValues>
				<fdd:note>TSV (Tab-Separated Values)</fdd:note>
			</fdd:filenameExtension>
			<fdd:filenameExtension>
				<fdd:sigValues>
					<fdd:sigValue>tab</fdd:sigValue>
				</fdd:sigValues>
				<fdd:note>See <a href="https://www.wikidata.org/wiki/Q3513566">https://www.wikidata.org/wiki/Q3513566</a>.</fdd:note>
			</fdd:filenameExtension>
			<fdd:internetMediaType>
				<fdd:sigValues>
					<fdd:sigValue>text/tab-separated-values</fdd:sigValue>
				</fdd:sigValues>
				<fdd:note>See Internet Media type description at <a href="https://www.iana.org/assignments/media-types/text/tab-separated-values">IANA</a>.</fdd:note>
			</fdd:internetMediaType>
			<fdd:other>
				<fdd:tag>Pronom PUID</fdd:tag>
				<fdd:values>
					<fdd:sigValues>
						<fdd:sigValue>x-fmt/13</fdd:sigValue>
					</fdd:sigValues>
					<fdd:note>See <a href="http://www.nationalarchives.gov.uk/PRONOM/x-fmt/13">http://www.nationalarchives.gov.uk/PRONOM/x-fmt/13</a>.</fdd:note>
				</fdd:values>
			</fdd:other>
			<fdd:other>
				<fdd:tag>Wikidata Title ID</fdd:tag>
				<fdd:values>
					<fdd:sigValues>
						<fdd:sigValue>Q3513566</fdd:sigValue>
					</fdd:sigValues>
					<fdd:note>See <a href="https://www.wikidata.org/wiki/Q3513566">https://www.wikidata.org/wiki/Q3513566</a>.
					</fdd:note>
				</fdd:values>
			</fdd:other>
		</fdd:signifiersGroup>
	</fdd:fileTypeSignifiers>
	<fdd:notes>
		<fdd:general>
			<p>Both TSV and CSV file formats are examples of <a href="https://en.wikipedia.org/wiki/Delimiter-separated_values">delimiter-separated-values formats</a> that "store two-dimensional arrays of data by separating the values within each row with specific delimiter characters."</p>
			<p>The difference in delimiters for the respective formats (tabs for TSV files and commas for CSV files) affects how the data within each file is read and parsed by other software tools as explained in <a href="https://github.com/eBay/tsv-utils/blob/master/docs/comparing-tsv-and-csv.md">this github post</a>. CSV files use the escape syntax which allows CSVs to better represent common written text. This poses a problem for some software programs as it may be easy parse the escape syntax incorrectly. Processing TSV files is simpler because of built in Unix tools that can parse TSV data including sort, awk, and diff. These Unix utilities do not process the CSV escape syntax. Additional programming tools such as Python easily parse CSV or TSV files with appropriately installed modules, such as panda. The <a href="https://subscription.packtpub.com/book/big_data_and_business_intelligence/9781783551668/1/ch01lvl1sec10/reading-and-writing-csv-tsv-files-with-python">panda module</a> is able to read CSV or TSV input files and parse the data for desired output. As mentioned in <a href="#identification">Identification and Description</a> above, TSV files can be exported as additional spreadsheet formats.</p>
		</fdd:general>
	</fdd:notes>
	<fdd:formatSpecifications>
		<fdd:urls>
			<fdd:url>
				<fdd:urlReference>
					<link>https://www.iana.org/assignments/media-types/text/tab-separated-values</link>
					<tag>IANA registration for TSV.</tag>
					<comment>IANA&apos;s registration serves as the de facto specification. </comment>
				</fdd:urlReference>
			</fdd:url>
		</fdd:urls>
	</fdd:formatSpecifications>
	<fdd:usefulReferences>
		<fdd:urls>
			<fdd:url>
				<fdd:urlReference>
					<link>https://en.wikipedia.org/wiki/Tab-separated_values</link>
					<tag>Wikipedia entry for TSV.</tag>
				</fdd:urlReference>
			</fdd:url>
			<fdd:url>
				<fdd:urlReference>
					<link>https://en.wikipedia.org/wiki/Delimiter-separated_values</link>
					<tag>Wikipedia entry for Delimiter-separated values.</tag>
				</fdd:urlReference>
			</fdd:url>
			<fdd:url>
				<fdd:urlReference>
					<link>https://fileinfo.com/extension/tsv</link>
					<tag>.TSV File Extension.</tag>
					<comment/>
				</fdd:urlReference>
			</fdd:url>
			<fdd:url>
				<fdd:urlReference>
					<link>https://www.reviversoft.com/file-extensions/tsv</link>
					<tag>.TSV File Extension.</tag>
					<comment/>
				</fdd:urlReference>
			</fdd:url>
			<fdd:url>
				<fdd:urlReference>
					<link>https://docs.fileformat.com/spreadsheet/tsv/</link>
					<tag>What is a TSV File?</tag>
					<comment/>
				</fdd:urlReference>
			</fdd:url>
			<fdd:url>
				<fdd:urlReference>
					<link>https://www.imf.org/external/help/tsv.htm</link>
					<tag>How to Use Tab-Separated Value (TSV) Files.</tag>
					<comment/>
				</fdd:urlReference>
			</fdd:url>
			<fdd:url>
				<fdd:urlReference>
					<link>https://filext.com/file-extension/TSV</link>
					<tag>Opening a TSV File.</tag>
					<comment/>
				</fdd:urlReference>
			</fdd:url>
			<fdd:url>
				<fdd:urlReference>
					<link>http://jkorpela.fi/TSV.html#html</link>
					<tag>Tab-Separated Values (TSV): a format for tabular data exchange.</tag>
				</fdd:urlReference>
			</fdd:url>
			<fdd:url>
				<fdd:urlReference>
					<link>https://subscription.packtpub.com/book/big_data_and_business_intelligence/9781783551668/1/ch01lvl1sec10/reading-and-writing-csv-tsv-files-with-python</link>
					<tag>Reading and writing CSV/TSV files with Python.</tag>
					<comment>Packt publishes content about programming, data analysis, and tech hardware.</comment>
				</fdd:urlReference>
			</fdd:url>
			<fdd:url>
				<fdd:urlReference>
					<link>https://www.it4nextgen.com/tsv-vs-csv-file/</link>
					<tag>TSV vs CSV file. Which is Better and When to Use Them?.</tag>
				</fdd:urlReference>
			</fdd:url>
			<fdd:url>
				<fdd:urlReference>
					<link>https://www.ed.ac.uk/information-services/research-support/research-data-service/after/data-repository/choosing-file-formats</link>
					<tag>Choose the best file formats.</tag>
					<comment>University of Edinburgh Digital Library's guidance on selecting file formats for long-term accessibility and interoperability.</comment>
				</fdd:urlReference>
			</fdd:url>
			<fdd:url>
				<fdd:urlReference>
					<link>https://libguides.mit.edu/c.php?g=176372&amp;p=1158986</link>
					<tag>Community and Collection Policies.</tag>
					<comment>MIT Library&apos;s DSpace repository format support policies.</comment>
				</fdd:urlReference>
			</fdd:url>
			<fdd:url>
				<fdd:urlReference>
					<link>https://github.com/eBay/tsv-utils/blob/master/docs/comparing-tsv-and-csv.md</link>
					<tag>Comparing TSV and CSV formats.</tag>
					<comment>Compares the file structures and nuances of parsing both file formats.</comment>
				</fdd:urlReference>
			</fdd:url>
			<fdd:url>
				<fdd:urlReference>
					<link>http://www.nationalarchives.gov.uk/PRONOM/x-fmt/13</link>
					<tag>PRONOM entry for x-fmt/13</tag>
					<comment>Information in PRONOM from UK National Archives about TSV. PUID: x-fmt/13.</comment>
				</fdd:urlReference>
			</fdd:url>
			<fdd:url>
				<fdd:urlReference>
					<link>https://www.wikidata.org/wiki/Q3513566</link>
					<tag>WikiData entry for Q3513566</tag>
					<comment>Information in WikiData about TSV WikiData Title ID: Q3513566.</comment>
				</fdd:urlReference>
			</fdd:url>
		</fdd:urls>
	</fdd:usefulReferences>
</fdd:FDD>
