<?xml version="1.0" encoding="UTF-8"?>
<fdd:FDD id="fdd000266" titleName="MXF Operational Pattern 1a (OP1a)" shortName="MXF_OP1a" xmlns:xsi="http://www.w3.org/2001/XMLSchema-instance" xmlns:fdd="http://www.loc.gov/preservation/digital/formats/schemas/fdd/v1" xsi:schemaLocation="http://www.loc.gov/preservation/digital/formats/schemas/fdd/v1 http://www.loc.gov/preservation/digital/formats/schemas/fdd/v1/fdd-v1-1.xsd">
	<fdd:properties>
		<fdd:gdfrGenreSelection>
			<fdd:gdfrGenreAndSubgenres>
				<fdd:gdfrGenre>moving-image</fdd:gdfrGenre>
				<fdd:gdfrSubgenres>
					<fdd:gdfrSubgenre>sound</fdd:gdfrSubgenre>
				</fdd:gdfrSubgenres>
			</fdd:gdfrGenreAndSubgenres>
		</fdd:gdfrGenreSelection>
		<fdd:formatCategories>
			<fdd:category>file-format</fdd:category>
		</fdd:formatCategories>
		<fdd:gdfrComposition>container-wrapper</fdd:gdfrComposition>
		<fdd:gdfrForm>binary</fdd:gdfrForm>
		<fdd:updates>
			<fdd:date>2015-12-03</fdd:date>
		</fdd:updates>
		<fdd:draftStatus>Partial</fdd:draftStatus>
	</fdd:properties>
	<fdd:identificationAndDescription>
		<fdd:fullName>MXF Operational Pattern 1a (OP1a)</fdd:fullName>
		<fdd:keywords>
			<fdd:keyword>wrapper formats</fdd:keyword>
			<fdd:keyword>container formats</fdd:keyword>
		</fdd:keywords>
		<fdd:description>
			<p>Operational Pattern (OP) for a file with a single playable essence comprising a single essence element or interleaved essence elements, i.e., the content may consist of multiple, interleaved tracks of picture and sound.  According to an Avid <a href="http://www.avid.com/static/resources/common/documents/mxf.pdf">promotional booklet</a>, OP1a files are &quot;nicely self-contained and can work well in applications where each file represents a complete program or take . . . [but] may be less applicable to content authoring steps such as non-linear editing, where programs are created by slicing and dicing different sections of source material.&quot;  The latter application is better served by <fddLink id="fdd000265">MXF_OP-Atom</fddLink>.</p>
		</fdd:description>
		<fdd:shortDescription>Operational pattern for a file with a single playable essence comprising a single essence element or interleaved essence elements, i.e., the content may consist of multiple, interleaved tracks of picture and sound.</fdd:shortDescription>
		<fdd:productionPhase>Middle state</fdd:productionPhase>
		<fdd:relationships>
			<fdd:relationship>
				<fdd:typeOfRelationship>Subtype of</fdd:typeOfRelationship>
				<fdd:relatedTo>
					<fdd:id>fdd000013</fdd:id>
					<fdd:shortName>MXF</fdd:shortName>
					<fdd:titleName>Material Exchange Format (MXF)</fdd:titleName>
				</fdd:relatedTo>
			</fdd:relationship>
			<fdd:relationship>
				<fdd:typeOfRelationship>Has subtype</fdd:typeOfRelationship>
				<fdd:relatedTo>
					<fdd:id>fdd000203</fdd:id>
					<fdd:shortName>MXF_OP1a_UNC</fdd:shortName>
					<fdd:titleName>MXF File, OP1a, Uncompressed Images in Generic Container</fdd:titleName>
				</fdd:relatedTo>
			</fdd:relationship>
			<fdd:relationship>
				<fdd:typeOfRelationship>Has subtype</fdd:typeOfRelationship>
				<fdd:relatedTo>
					<fdd:id>fdd000204</fdd:id>
					<fdd:shortName>MXF_OP1a_MPEG-2</fdd:shortName>
					<fdd:titleName>MXF File, OP1a, MPEG-2 in Generic Container</fdd:titleName>
				</fdd:relatedTo>
			</fdd:relationship>
			<fdd:relationship>
				<fdd:typeOfRelationship>Has subtype</fdd:typeOfRelationship>
				<fdd:relatedTo>
					<fdd:id>fdd000210</fdd:id>
					<fdd:shortName>MXF_OP1a_SDTI-CP</fdd:shortName>
					<fdd:titleName>MXF File, OP1a, SDTI-CP in Generic Container</fdd:titleName>
				</fdd:relatedTo>
			</fdd:relationship>
			<fdd:relationship>
				<fdd:typeOfRelationship>Has subtype</fdd:typeOfRelationship>
				<fdd:relatedTo>
					<fdd:id>fdd000205</fdd:id>
					<fdd:shortName>MXF_OP1a_DV-DIF</fdd:shortName>
					<fdd:titleName>MXF File, OP1a, DV-DIF in Generic Container</fdd:titleName>
				</fdd:relatedTo>
			</fdd:relationship>
			<fdd:relationship>
				<fdd:typeOfRelationship>Has subtype</fdd:typeOfRelationship>
				<fdd:relatedTo>
					<fdd:id>fdd000206</fdd:id>
					<fdd:shortName>MXF_OP1a_JP2_LL</fdd:shortName>
					<fdd:titleName>MXF File, OP1a, Lossless JPEG 2000 in Generic Container</fdd:titleName>
				</fdd:relatedTo>
			</fdd:relationship>
			<fdd:relationship>
				<fdd:typeOfRelationship>Has subtype</fdd:typeOfRelationship>
				<fdd:relatedTo>
					<fdd:id>fdd000273</fdd:id>
					<fdd:shortName>MXF_OP1a_JP2_LSY</fdd:shortName>
					<fdd:titleName>MXF File, OP1a, Lossy JPEG 2000 in Generic Container</fdd:titleName>
				</fdd:relatedTo>
			</fdd:relationship>
			<fdd:relationship>
				<fdd:typeOfRelationship>Has subtype</fdd:typeOfRelationship>
				<fdd:relatedTo>
					<fdd:id>fdd000258</fdd:id>
					<fdd:shortName>MXF_OP1a_D-10</fdd:shortName>
					<fdd:titleName>MXF File, OP1a, D-10 in Generic Container</fdd:titleName>
				</fdd:relatedTo>
			</fdd:relationship>
			<fdd:relationship>
				<fdd:typeOfRelationship>Has subtype</fdd:typeOfRelationship>
				<fdd:relatedTo>
					<fdd:id>fdd000207</fdd:id>
					<fdd:shortName>MXF_OP1a_AES3</fdd:shortName>
					<fdd:titleName>MXF File, OP1a, AES3 Audio in Generic Container</fdd:titleName>
				</fdd:relatedTo>
			</fdd:relationship>
			<fdd:relationship>
				<fdd:typeOfRelationship>Has subtype</fdd:typeOfRelationship>
				<fdd:comment>MXF File, OP1a, with other essence types in Generic Container, not described at this time.</fdd:comment>
			</fdd:relationship>
		</fdd:relationships>
	</fdd:identificationAndDescription>
	<fdd:localUse>
		<fdd:experience>See <fddLink id="fdd000013">MXF</fddLink>
		</fdd:experience>
		<fdd:preference>See <fddLink id="fdd000013">MXF</fddLink>
		</fdd:preference>
	</fdd:localUse>
	<fdd:sustainabilityFactors>
		<fdd:disclosure>Open standard. Developed by the Society of Motion Picture and Television Engineers (SMPTE), a member of the American National Standards Institute (ANSI).</fdd:disclosure>
		<fdd:documentation>SMPTE 378M-2004, Material Exchange Format (MXF) -- Operational pattern 1A (Single Item, Single Package)</fdd:documentation>
		<fdd:adoption>
			<p>OP1a is supported in many commercial devices and systems.  It is central to various MXF Application Specifications (profiles from user communities), including the Public Broadcasting System, the initial developer of <a href="http://www.amwa.tv/projects/AS-03.shtml">AS-03</a>, for use in the non-real-time distribution of programs to member stations.  The <a href="https://web.archive.org/web/20040216125228/http:/www.media-matters.net/products-samma.php">SAMMA</a> device used to reformat videotapes outputs OP1a files.</p>
		</fdd:adoption>
		<fdd:licensingAndPatents>See <fddLink id="fdd000013">MXF</fddLink>
		</fdd:licensingAndPatents>
		<fdd:transparency>See <fddLink id="fdd000013">MXF</fddLink>
		</fdd:transparency>
		<fdd:selfDocumentation>See <fddLink id="fdd000013">MXF</fddLink>
		</fdd:selfDocumentation>
		<fdd:externalDependencies>See <fddLink id="fdd000013">MXF</fddLink>
		</fdd:externalDependencies>
		<fdd:techProtection>See <fddLink id="fdd000013">MXF</fddLink>
		</fdd:techProtection>
	</fdd:sustainabilityFactors>
	<fdd:fileTypeSignifiers>
		<fdd:signifiersGroup>
			<fdd:other>
				<fdd:tag>Header partition pack key (MXF)</fdd:tag>
				<fdd:values>
					<fdd:sigValues>
						<fdd:sigValue>06 0E 2B 34 04 01 01 01 0D 01 02 01 01 01 09</fdd:sigValue>
					</fdd:sigValues>
					<fdd:note>UL for OP1a Operational Pattern declaration in Header Partition Pack</fdd:note>
				</fdd:values>
			</fdd:other>
		</fdd:signifiersGroup>
	</fdd:fileTypeSignifiers>
	<fdd:formatSpecifications>
		<fdd:citations>
			<fdd:citation>
				<fdd:specReference>SMPTE 378M-2004. Television &#8212; Material Exchange Format (MXF) &#8212; Operational Pattern 1a (Single Item, Single Package)</fdd:specReference>
			</fdd:citation>
		</fdd:citations>
	</fdd:formatSpecifications>
	<fdd:usefulReferences>
		<fdd:urls>
			<fdd:url>
				<fdd:urlReference>
					<link>http://www.avid.com/static/resources/common/documents/mxf.pdf</link>
					<tag>MXF Unwrapped.</tag>
					<comment>From Avid.</comment>
				</fdd:urlReference>
			</fdd:url>
			<fdd:url>
				<fdd:urlReference>
					<link>http://web.archive.org/web/20120524143601/http://www.mog-solutions.com/img_upload/PDF/MOG_SOLUTIONS_operational_patterns_NAB2007.pdf</link>
					<tag>Operational Patterns . . . the MXF Flavors?</tag>
					<comment>By Ernesto Santos, MOG Solutions.</comment>
				</fdd:urlReference>
			</fdd:url>
			<fdd:url>
				<fdd:urlReference>
					<link>https://web.archive.org/web/20040216125228/http:/www.media-matters.net/products-samma.php</link>
					<tag>SAMMA information page</tag>
					<comment>Web harvest of 2004 version of page at Media Matters site.</comment>
				</fdd:urlReference>
			</fdd:url>
			<fdd:url>
				<fdd:urlReference>
					<link>http://www.amwa.tv/projects/AS-03.shtml</link>
					<tag>AS-03: MXF Program Delivery </tag>
					<comment>About AS-03, link to the specification.</comment>
				</fdd:urlReference>
			</fdd:url>
		</fdd:urls>
	</fdd:usefulReferences>
</fdd:FDD>
