<?xml version="1.0" encoding="UTF-8"?>
<fdd:FDD id="fdd000000" titleName="Testing" shortName="Testing" xmlns:xsi="http://www.w3.org/2001/XMLSchema-instance" xmlns:fdd="http://www.digitalpreservation.gov/formats/schemas/fdd/v1" xsi:schemaLocation="http://www.digitalpreservation.gov/formats/schemas/fdd/v1 http://www.digitalpreservation.gov/formats/schemas/fdd/v1/fdd-v1-1.xsd">
	<fdd:properties>
		<fdd:gdfrGenreSelection>
			<fdd:gdfrGenre>model</fdd:gdfrGenre>
		</fdd:gdfrGenreSelection>
		<fdd:gdfrDomains>
			<fdd:gdfrDomain>
				<fdd:value>astronomy</fdd:value>
			</fdd:gdfrDomain>
			<fdd:gdfrDomain>
				<fdd:value>other</fdd:value>
				<fdd:comment>testing</fdd:comment>
			</fdd:gdfrDomain>
		</fdd:gdfrDomains>
		<fdd:updates>
			<fdd:date>2016-11-11</fdd:date>
		</fdd:updates>
		<fdd:draftStatus>Partial (low priority for LC)</fdd:draftStatus>
	</fdd:properties>
	<fdd:identificationAndDescription>
		<fdd:fullName>Testing</fdd:fullName>
		<fdd:keywords>
			<fdd:keyword>weird formats</fdd:keyword>
		</fdd:keywords>
		<fdd:description>Test</fdd:description>
		<fdd:shortDescription>Test</fdd:shortDescription>
		<fdd:relationships/>
	</fdd:identificationAndDescription>
	<fdd:localUse>
		<fdd:experience>None</fdd:experience>
		<fdd:preference>None expressed</fdd:preference>
	</fdd:localUse>
	<fdd:fileTypeSignifiers>
		<fdd:signifiersGroup>
			<fdd:other>
				<fdd:tag>FOURCC</fdd:tag>
				<fdd:values>
					<fdd:sigValues>
						<fdd:sigValue>abcd</fdd:sigValue>
					</fdd:sigValues>
					<fdd:note>invented</fdd:note>
				</fdd:values>
			</fdd:other>
			<fdd:other>
				<fdd:tag>SMPTE Universal Label</fdd:tag>
				<fdd:values>
					<fdd:sigValues>
						<fdd:sigValue>urn:smpte:ul:060e2b34.0401010a.04010201.01020101</fdd:sigValue>
					</fdd:sigValues>
					<fdd:note>This is the form of the UL found in <a href="https://smpte-ra.org/sites/default/files/Labels.xml">https://smpte-ra.org/sites/default/files/Labels.xml</a>.</fdd:note>
				</fdd:values>
			</fdd:other>
			<fdd:other>
				<fdd:tag>SMPTE Universal Label</fdd:tag>
				<fdd:values>
					<fdd:sigValues>
						<fdd:sigValue>Registry: 06.0E.2B.34.04.01.01.0A</fdd:sigValue>
						<fdd:sigValue>Item: 04.01.02.01.01.02.01.01</fdd:sigValue>
					</fdd:sigValues>
					<fdd:note>This is the form of the UL that Carl used in <fddLink id="fdd000373">FDD 373</fddLink>.  What actually might appear in a file, if anything?</fdd:note>
				</fdd:values>
			</fdd:other>
		</fdd:signifiersGroup>
	</fdd:fileTypeSignifiers>
</fdd:FDD>
