<?xml version="1.0" encoding="UTF-8"?>
<fdd:FDD id="fdd000343" titleName="Matroska File Format with FFV1 video encoding" shortName="Matroska_FFV1" xmlns:xsi="http://www.w3.org/2001/XMLSchema-instance" xmlns:fdd="http://www.loc.gov/preservation/digital/formats/schemas/fdd/v1" xsi:schemaLocation="http://www.loc.gov/preservation/digital/formats/schemas/fdd/v1 http://www.loc.gov/preservation/digital/formats/schemas/fdd/v1/fdd-v1-1.xsd">
	<fdd:properties>
		<fdd:gdfrGenreSelection>
			<fdd:gdfrGenre>moving-image</fdd:gdfrGenre>
		</fdd:gdfrGenreSelection>
		<fdd:formatCategories>
			<fdd:category>file-format</fdd:category>
			<fdd:category>encoding</fdd:category>
		</fdd:formatCategories>
		<fdd:gdfrComposition>container-wrapper</fdd:gdfrComposition>
		<fdd:gdfrForm>binary</fdd:gdfrForm>
		<fdd:updates>
			<fdd:date>2012-05-29</fdd:date>
		</fdd:updates>
		<fdd:draftStatus>Partial</fdd:draftStatus>
	</fdd:properties>
	<fdd:identificationAndDescription>
		<fdd:fullName>Matroska File Format with FFV1 video encoding </fdd:fullName>
		<fdd:keywords>
			<fdd:keyword>video formats</fdd:keyword>
		</fdd:keywords>
		<fdd:description>Matroska file containing video essence encoded as FFV1.</fdd:description>
		<fdd:shortDescription>Matroska file containing video essence encoded as FFV1.</fdd:shortDescription>
		<fdd:productionPhase>	Middle state, used for storage or archiving</fdd:productionPhase>
		<fdd:relationships>
			<fdd:relationship>
				<fdd:typeOfRelationship>Subtype of</fdd:typeOfRelationship>
				<fdd:relatedTo>
					<fdd:id>fdd000342</fdd:id>
					<fdd:shortName>Matroska</fdd:shortName>
					<fdd:titleName>Matroska Multimedia Container</fdd:titleName>
				</fdd:relatedTo>
			</fdd:relationship>
			<fdd:relationship>
				<fdd:typeOfRelationship>Contains</fdd:typeOfRelationship>
				<fdd:relatedTo>
					<fdd:id>fdd000341</fdd:id>
					<fdd:shortName>FFV1</fdd:shortName>
					<fdd:titleName>FF Video Codec 1</fdd:titleName>
				</fdd:relatedTo>
			</fdd:relationship>
			<fdd:relationship>
				<fdd:typeOfRelationship>May contain</fdd:typeOfRelationship>
				<fdd:comment>Sound essences and other elements, not described at this time.</fdd:comment>
			</fdd:relationship>
		</fdd:relationships>
	</fdd:identificationAndDescription>
	<fdd:localUse>
		<fdd:experience>None</fdd:experience>
	</fdd:localUse>
	<fdd:sustainabilityFactors>
		<fdd:disclosure>Both Mastroska and FFV1 are open-source specifications. Matroska is an offshoot of the <a href="http://en.wikipedia.org/wiki/Multimedia_Container_Format">Multimedia Container Format</a> project. FFV1 comes from the <a href="http://ffmpeg.org/">FFmpeg</a> project.</fdd:disclosure>
		<fdd:documentation>The Matroska specification is published online at <a href="http://www.matroska.org/technical/specs/index.html">http://www.matroska.org/technical/specs/index.html</a>. The FFV1 <a href="http://www.ffmpeg.org/~michael/ffv1.html">specification</a> is maintained by the FFmpeg project&apos;s current leader Michael Niedermayer. </fdd:documentation>
		<fdd:adoption>Modest adoption of <fddLink id="fdd000342">Matroska</fddLink> and <fddLink id="fdd000341">FFV1</fddLink> in heritage repositories.</fdd:adoption>
		<fdd:licensingAndPatents>See <fddLink id="fdd000342">Matroska</fddLink> and <fddLink id="fdd000341">FFV1</fddLink>.</fdd:licensingAndPatents>
		<fdd:transparency>See <fddLink id="fdd000342">Matroska</fddLink> and <fddLink id="fdd000341">FFV1</fddLink>.</fdd:transparency>
		<fdd:selfDocumentation>See <fddLink id="fdd000342">Matroska</fddLink> and <fddLink id="fdd000341">FFV1</fddLink>.</fdd:selfDocumentation>
		<fdd:externalDependencies>See <fddLink id="fdd000342">Matroska</fddLink> and <fddLink id="fdd000341">FFV1</fddLink>.</fdd:externalDependencies>
		<fdd:techProtection>See <fddLink id="fdd000342">Matroska</fddLink> and <fddLink id="fdd000341">FFV1</fddLink>.</fdd:techProtection>
	</fdd:sustainabilityFactors>
	<fdd:qualityAndFunctionalityFactors/>
	<fdd:fileTypeSignifiers>
		<fdd:signifiersGroup>
		</fdd:signifiersGroup>
	</fdd:fileTypeSignifiers>
	<fdd:formatSpecifications>
		<fdd:urls>
			<fdd:url>
				<fdd:urlReference>
					<link>http://matroska.org/technical/specs/index.html </link>
					<tag>Matroska Specification </tag>
				</fdd:urlReference>
			</fdd:url>
			<fdd:url>
				<fdd:urlReference>
					<link>http://www1.mplayerhq.hu/~michael/ffv1.html</link>
					<tag>FFV1 Video Codec Specification</tag>
				</fdd:urlReference>
			</fdd:url>
		</fdd:urls>
	</fdd:formatSpecifications>
	<fdd:usefulReferences>
		<fdd:urls>
			<fdd:url>
				<fdd:urlGroup>
					<fdd:intro>See <fddLink id="fdd000342">Matroska</fddLink> and <fddLink id="fdd000341">FFV1</fddLink>.</fdd:intro>
				</fdd:urlGroup>
			</fdd:url>
		</fdd:urls>
	</fdd:usefulReferences>
</fdd:FDD>
