<?xml version="1.0" encoding="UTF-8"?>
<fdd:FDD id="fdd000548" titleName="Well-known Text" shortName="WKT" xmlns:xsi="http://www.w3.org/2001/XMLSchema-instance" xmlns:fdd="http://www.loc.gov/preservation/digital/formats/schemas/fdd/v1" xsi:schemaLocation="http://www.loc.gov/preservation/digital/formats/schemas/fdd/v1 http://www.loc.gov/preservation/digital/formats/schemas/fdd/v1/fdd-v1-2.xsd">
	<fdd:properties>
		<fdd:gdfrGenreSelection>
			<fdd:gdfrGenre>dataset</fdd:gdfrGenre>
		</fdd:gdfrGenreSelection>
		<fdd:formatCategories>
			<fdd:category>encoding</fdd:category>
		</fdd:formatCategories>
		<fdd:gdfrComposition>unitary</fdd:gdfrComposition>
		<fdd:gdfrForm>text</fdd:gdfrForm>
		<fdd:gdfrConstraint>structured</fdd:gdfrConstraint>
		<fdd:gdfrBasis>symbolic</fdd:gdfrBasis>
		<fdd:gdfrDomains>
			<fdd:gdfrDomain>
				<fdd:value>gis</fdd:value>
			</fdd:gdfrDomain>
		</fdd:gdfrDomains>
		<fdd:updates>
			<fdd:date>2022-08-05</fdd:date>
		</fdd:updates>
		<fdd:draftStatus>Full</fdd:draftStatus>
	</fdd:properties>
	<fdd:identificationAndDescription>
		<fdd:fullName>Well-known Text</fdd:fullName>
		<fdd:keywords>
			<fdd:keyword>geospatial data formats</fdd:keyword>
		</fdd:keywords>
		<fdd:description>
			<p>The well-known text (WKT) representation of coordinate systems is a text markup language standard for representing vector geometry objects, spatial reference systems of spatial objects and transformations between spatial reference systems (SRS). WKT is defined by the <a href="https://www.ogc.org/">Open Geospatial Consortium</a> (OGC) and the standard is published jointly by the International Organization for Standardization (ISO). The equivalent standards documents are <a href="https://www.ogc.org/standards/wkt-crs">OGC 18-010r7</a> and <a href="https://www.iso.org/standard/76496.html">ISO 19162:2019</a>. Note that this site uses the hyphen and lower case for the title <i>well-known text</i> because this is documented in OGC 18-010r7, although other resources may use other variations. WKT offers a compact human-readable representation of geometric objects, such as lines, polygons, <a href="https://en.wikipedia.org/wiki/Triangulated_irregular_network">triangulated irregular network (TINs)</a>, polyhedrons, and/or enclosed areas on a map, but also can be used for succinctly describing the critical elements of coordinate reference system (CRS) definitions.</p>
			<p>
				<b>Uses of WKT</b>
			</p>
			<p>WKT can describe <a href="https://en.wikipedia.org/wiki/Spatial_reference_system">spatial or coordinate reference systems</a>, a framework used to precisely measure location on the surface of the Earth as coordinates but also geocentric, projected, vertical, temporal, and non-georeferenced engineering coordinates (for example, a coordinate reference system attached to a boat).  The <a href="https://www.skylinesoft.com/KB_Resources/TED/Web%20Help/Programmers%20Guide/Well-Known_Text_and_Well-Known_Binary_WKT_and_WKB.htm">Well Known Text and Well Known Binary (WKT and WKB)</a> from TerraExplorer states that &quot;a standard textual representation for spatial reference system information. A spatial reference system, also referred to as a coordinate system, is a projected (X, Y), geographic (latitude-longitude), or geocentric (X, Y, Z) coordinate system with each object has a keyword in uppercase (for example, DATUM or UNIT) followed by the comma-delimited defining parameters of the object in brackets.&quot; As defined in <a href="https://www.ibm.com/docs/en/db2/11.5?topic=systems-coordinate-syntax">Coordinate systems syntax</a> from IBM, a data set's coordinate system is identified by the PROJCS keyword if the data are in projected coordinates, by GEOGCS if in geographic coordinates, or by GEOCCS if in geocentric coordinates (a geocentric coordinate system has its origin at the center of the Earth). The WKT standard describes how to combine the coordinate reference systems. A WKT format is defined to describe the operation methods and parameters used to convert or transform coordinates between two different coordinate reference systems</p>
			<p>
				<b>Structure of WKT</b>
			</p>
			<p>Structurally, the WKT string is a representation of the definition of a CRS or coordinate operation. A string describes one CRS or coordinate operation object. Each object is represented by a token comprised of a keyword followed by a set of attributes of the object. The set enclosed by delimiters. Some objects are composed of other objects so the result may be a nested structure. Nesting may continue to any depth. <a href="http://docs.opengeospatial.org/is/18-010r7/18-010r7.html">OGC 18-010r7</a> includes an example of the nested structure in section 6.1: KEYWORD1[attribute1,KEYWORD2[attribute2,attribute3]]. "Keywords are case-insensitive. Where human readability of the string is important, as in this document, keywords are normally in upper case. The delimiters are normally left angle bracket and right angle bracket. Implementations are free to substitute parentheses for brackets. Attributes may be from an enumeration, may be numbers or may be text. Text is enclosed in double quotes. Two forms of text are defined, one restricted to the Latin1 character set and the other permitting any Unicode character set. Attributes are separated by a comma. A WKT string contains no white space outside of double quotes. However padding with white space to improve human readability is permitted; the examples of WKT that are included in this document have spaces and line feeds inserted to improve clarity. Any padding is stripped out or ignored by parsers."</p>
			<p>WKT can also be used to express individual geometry objects within a spatial reference system. For example, LINESTRING(12 20,30 44) demonstrates the code line for how WKT is used to define a LineString between the points at coordinates (12,20) and (30,44).</p>
			<p>The WKT description is made up of three components: geometry type, coordinate type, and coordinate list. The <a href="https://www.ibm.com/docs/en/db2-warehouse?topic=formats-well-known-text-wkt-format">geometry type</a> include points, lines/linestrings, polygons, multipoints, multilinestrings, multipolygons and geometrycollection. As explained in <a href="https://www.skylinesoft.com/KB_Resources/TED/Web%20Help/Programmers%20Guide/Well-Known_Text_and_Well-Known_Binary_WKT_and_WKB.htm">Well Known Text and Well Known Binary (WKT and WKB)</a> from TerraExplorer, "the coordinate type specifies whether or not the geometry has Z coordinates and/or a linear referencing system. If the geometry has neither, this argument is left blank. If the geometry has Z coordinates, the coordinate type is set to Z, if the geometry has a linear referencing system, it is set to M, and if it has both, then to ZM. The coordinate list defines the double-precision vertices of the geometry. Coordinate lists are separated by commas and enclosed by parentheses. If a geometry has multiple components, parentheses must enclose each component part (e.g. MultiPoint ((10 10), (20 20))) If the geometry is empty, the keyword EMPTY follows the geometry type."</p>
			<p>Defined in the <a href="http://docs.opengeospatial.org/is/18-010r7/18-010r7.html">OGC 18-010r7</a> Version: 2.0.6, the WKT representation of coordinate reference systems and coordinate operations use the extended version of <a href="https://en.wikipedia.org/wiki/Backus%E2%80%93Naur_form">Backus-Naur form (BNF) notation</a> that is defined in <a href="https://www.iso.org/standard/63555.html">ISO/IEC 9075-1:2016</a>, 6.2. The BNF provides the mechanism for generating a WKT string. The production rules in ISO/IEC 9075-1:2016, 6.2 apply. WKT geometry data is represented in ASCII character encoding. Although it is largely out of practice now, the <a href="https://web.archive.org/web/20130211101051/https:/www.nceas.ucsb.edu/scicomp/recipes/projections">National Center for Ecological Analysis and Synthesis (NCEAS)</a> (link via Internet Archive) noted in 2013 that "it is the least desirable representation to write down by hand or copy and paste because of it is verbose compared to other text representations of spatial reference systems."</p>
			<p>While widely used (see <a href="#sustainability">Adoption</a> for more details), WKT has some disadvantages as described <a href="http://downloads.gvsig.org/download/people/jjdelcerro/docs/SQL%20Server/Beginning%20Spatial%20with%20SQL%20Server%202008.pdf">Expert SQL Server 2008 Development</a> (p. 79): "As with any text-based representation, it is not possible to precisely state the value of certain floating-point coordinate values obtained from binary methods. The inevitable rounding errors introduced when attempting to do so will lead to a loss of precision." Since software must parse the text in a WKT representation to create the relevant spatial object, creating objects from WKT can be slower than when using other methods. <a href="../contact_format.shtml">Comments welcome.</a>
			</p>
		</fdd:description>
		<fdd:shortDescription>The well-known text (WKT) representation of coordinate systems is a text markup language standard for representing vector geometry objects, spatial reference systems of spatial objects and transformations between spatial reference systems.</fdd:shortDescription>
		<fdd:productionPhase>Middle State. WKT is used to represent vector geometry objects on a map, spatial reference system, and transformations between spatial reference systems.
</fdd:productionPhase>
		<fdd:relationships>
			<fdd:relationship>
				<fdd:typeOfRelationship>Equivalent to</fdd:typeOfRelationship>
				<fdd:relatedTo>
					<fdd:id>fdd000549</fdd:id>
					<fdd:shortName>WKB</fdd:shortName>
					<fdd:titleName>Well-known Binary</fdd:titleName>
				</fdd:relatedTo>
				<fdd:comment>Used to transfer and store the same information in a more compact form convenient for computer processing but that is not human-readable. </fdd:comment>
			</fdd:relationship>
			<fdd:relationship>
				<fdd:typeOfRelationship>Used by</fdd:typeOfRelationship>
				<fdd:relatedTo>
					<fdd:id>fdd000418</fdd:id>
					<fdd:shortName>LAS_1_4</fdd:shortName>
					<fdd:titleName>LAS (LASer) File Format, Version 1.4</fdd:titleName>
				</fdd:relatedTo>
			</fdd:relationship>
			<fdd:relationship>
				<fdd:typeOfRelationship>Used by</fdd:typeOfRelationship>
				<fdd:relatedTo>
					<fdd:id>fdd000287</fdd:id>
					<fdd:shortName>ESRI_world</fdd:shortName>
					<fdd:titleName>ESRI World File</fdd:titleName>
				</fdd:relatedTo>
			</fdd:relationship>
			<fdd:relationship>
				<fdd:typeOfRelationship>Used by</fdd:typeOfRelationship>
				<fdd:relatedTo>
					<fdd:id>fdd000520</fdd:id>
					<fdd:shortName>GeoPackage_family</fdd:shortName>
					<fdd:titleName>GeoPackage Encoding Standard (OGC) Format Family</fdd:titleName>
				</fdd:relatedTo>
			</fdd:relationship>
			<fdd:relationship>
				<fdd:typeOfRelationship>Used by</fdd:typeOfRelationship>
				<fdd:relatedTo>
					<fdd:id>fdd000315</fdd:id>
					<fdd:shortName>PDF_1_7_geospatial</fdd:shortName>
					<fdd:titleName>PDF, Version 1.7, ExtensionLevel 3, Geospatial Encoding (Adobe)
</fdd:titleName>
				</fdd:relatedTo>
			</fdd:relationship>
			<fdd:relationship>
				<fdd:typeOfRelationship>Has modified version</fdd:typeOfRelationship>
				<fdd:comment>EWKT (Extended Well-known Text). Not described separately at this time. </fdd:comment>
			</fdd:relationship>
			<fdd:relationship>
				<fdd:typeOfRelationship>Has modified version</fdd:typeOfRelationship>
				<fdd:comment>EWKB (Extended Well-known Binary). Not described separately at this time. </fdd:comment>
			</fdd:relationship>
		</fdd:relationships>
	</fdd:identificationAndDescription>
	<fdd:localUse>
		<fdd:experience>The Library of Congress has a small number of WKT files in its collections.</fdd:experience>
		<fdd:preference>See the Recommended Formats Statement for the Library of Congress format preferences for  <a href="https://www.loc.gov/preservation/resources/rfs/geo-carto.html">Geographic Information System (GIS) - Vector images</a>.</fdd:preference>
	</fdd:localUse>
	<fdd:sustainabilityFactors>
		<fdd:disclosure>
			<p>An open standard developed by the Open Geospatial Consortium (OGC), an international voluntary consensus standards organization whose members maintain the Geography Markup Language standard. The updated "Geographic information: Well-known text representation of coordinate reference systems" standard, was adopted by the Open Geospatial Consortium in 2015. This standard is published conjointly by the International Organization for Standardization as ISO 19162:2015. A newer revision called WKT-CRS 2 was published in 2018, with the ISO version being ISO 19162:2019.
</p>
		</fdd:disclosure>
		<fdd:documentation>
			<p>
				<a href="https://www.iso.org/standard/76496.html">ISO 19162:2019 Geographic information — Well-known text representation of coordinate reference systems</a> is available for purchase. The earlier version, ISO 19162:2015,  was withdrawn with the publication of the 2019 version. The equivalent standard from OGC, <a href="http://docs.opengeospatial.org/is/18-010r7/18-010r7.html">OGC 18-010r7</a>, is freely available online. As of 2019, the current Standard provides an updated version of WKT representation of coordinate reference systems that follows the provisions of ISO 19162:2019.</p>
			<p>WKT representation of geometry was originally defined by the Open Geospatial Consortium (OGC), described in their <a href="https://www.ogc.org/standards/sfa">Simple Feature Access</a>. The current standard definition is in the <a href="https://www.iso.org/standard/60343.html">ISO-IEC 13249-3:2016</a>.</p>
		</fdd:documentation>
		<fdd:adoption>
			<p>Originally defined and approved by the Open Geospatial Consortium (OGC) and later adopted as an ISO standard, WKT is the industry-standard format for expressing spatial information and individual geometry objects within a spatial reference system. </p>
			<p>The WKT standard is supported by most major GIS applications and widely used with spatially enabled DBMS, due to its compactness and standardization. These include <fddLink id="fdd000287">ESRI</fddLink> which uses WKT in the <i>shapefile Name.prj</i> file. WKT is supported by most triple stores (or <a href="https://opengeospatial.github.io/ogc-geosparql/geosparql11/spec.html#_wkt_serialization">RDF stores</a>) as well as supported by Web Libraries, including for example, <a href="https://github.com/arthur-e/Wicket">Wicket</a> which translates WKT into into <fddLink id="fdd000382">GeoJSON</fddLink>. </p>
			<p>WKT geometries are used throughout OGC specifications and are present in applications that implement these specifications. WKT is used in some form in the following software packages: <a href="https://www.oracle.com/database/spatial/">Oracle Spatial Database</a> (see also <a href="https://support.esri.com/en/technical-article/000005670">ESRI FAQ: What is Oracle Spatial geodetic data?</a>), <a href="https://www.cadcorp.com/support/data-format-support/">Cadcorp</a>, <a href="https://gdal.org/">OGR/GDAL</a>, <a href="https://docs.safe.com/fme/html/FME_Desktop_Documentation/FME_ReadersWriters/wkt/quick_facts_wkt.htm">FME</a>, <a href="http://mapguide.osgeo.org/features.html">MapGuide</a>, and <a href="https://postgis.net/docs/using_postgis_dbmanagement.html#OpenGISWKBWKT">PostGIS</a>.</p>
		</fdd:adoption>
		<fdd:licensingAndPatents>No known license or patent concerns for generation and use of the format.  <a href="../contact_format.shtml">Comments welcome.</a>
		</fdd:licensingAndPatents>
		<fdd:transparency>
			<p>WKT is ASCII text-based and hence readable with a basic text viewer or editor. It uses human-readable tags and a simple structure that makes a WKT document understandable. </p>
			<p>All <a href="https://docs.opengeospatial.org/is/18-010r7/18-010r7.html#10">WKT strings</a> are realized as a sequence of characters or a character string. A WKT string shall use one encoding throughout the entire string. UTF-8 shall be used if no encoding is specified in the carrier. The characters used in a WKT string shall be wholly contained within the domain of a specific character set. This character set shall exist as a subset of the repertoire of the Universal Character Set specified by ISO/IEC 10646.</p>
		</fdd:transparency>
		<fdd:selfDocumentation>WKT is based on text using UNICODE and uses a standardized structure defined in the <a href="http://docs.opengeospatial.org/is/18-010r7/18-010r7.html">OGC 18-010r7</a>. The documentation provides notation, descriptions for how geometric objects are represented, encoding, and formatting.</fdd:selfDocumentation>
		<fdd:externalDependencies>None beyond availability of supporting software.</fdd:externalDependencies>
		<fdd:techProtection>None.</fdd:techProtection>
	</fdd:sustainabilityFactors>
	<fdd:qualityAndFunctionalityFactors>
		<fdd:gisQF>
			<fdd:normalGIS>
				<p>WKT format is an industry-standard format for expressing spatial information defined by the OGC. It can describe geographic coordinate reference systems, as well as describe the operation methods and parameters used to convert or transform coordinates between two different coordinate reference systems. </p>
			</fdd:normalGIS>
			<fdd:metadataGIS>WKT has very limited support for metadata as recommended by <a href="https://www.iso.org/standard/53798.html">ISO 19115</a> or <a href="https://www.fgdc.gov/metadata/iso-standards">FGDC</a>. Within the <a href="http://downloads.gvsig.org/download/people/jjdelcerro/docs/SQL%20Server/Beginning%20Spatial%20with%20SQL%20Server%202008.pdf">sys.spatial reference systems table</a>, SQL Server stores the relevant details of each spatial reference using the WKT format. The WKT description of the spatial reference is stored as a text string in the well-known text column. The first line of WKT spatial reference is a keyword for what sort of coordinate system is used. Immediately following the declaration of the type of coordinate system is the name of this spatial reference. The values following the DATUM keyword provide the parameters of the datum. The first parameter gives us the name of the datum used, followed by the parameters of the reference ellipsoid.</fdd:metadataGIS>
			<fdd:grids>Not designed to support grid-based analysis.</fdd:grids>
			<fdd:beyondGIS>None.</fdd:beyondGIS>
		</fdd:gisQF>
	</fdd:qualityAndFunctionalityFactors>
	<fdd:fileTypeSignifiers>
		<fdd:signifiersGroup>
			<fdd:filenameExtension>
				<fdd:sigValues>
					<fdd:sigValue>wkt</fdd:sigValue>
				</fdd:sigValues>
				<fdd:note>The &apos;wkt&apos; file extension is not defined in the OGC or ISO specification documents but is commonly used. See <a href="https://datatypes.net/open-wkt-files">DataTypes.net: WKT file format description</a>. <a href="../contact_format.shtml">Comments welcome.</a>
				</fdd:note>
			</fdd:filenameExtension>
			<fdd:internetMediaType>
				<fdd:sigValues>
					<fdd:sigValue>text/plain</fdd:sigValue>
				</fdd:sigValues>
				<fdd:note>The generic mediatype for text based content as per WC3&apos;s <a href="https://www.w3.org/TR/sdw-bp/#applicability-formatVbp">Spatial Data on the Web Best Practices</a>.</fdd:note>
			</fdd:internetMediaType>
			<fdd:other>
				<fdd:tag>Pronom PUID</fdd:tag>
				<fdd:values>
					<fdd:sigValueNA>See note.</fdd:sigValueNA>
					<fdd:note>No PRONOM entry as of August 2022</fdd:note>
				</fdd:values>
			</fdd:other>
			<fdd:other>
				<fdd:tag>Wikidata Title ID</fdd:tag>
				<fdd:values>
					<fdd:sigValues>
						<fdd:sigValue>Q61714670</fdd:sigValue>
					</fdd:sigValues>
					<fdd:note>See <a href="https://www.wikidata.org/wiki/Q61714670">https://www.wikidata.org/wiki/Q61714670</a>.
</fdd:note>
				</fdd:values>
			</fdd:other>
		</fdd:signifiersGroup>
	</fdd:fileTypeSignifiers>
	<fdd:notes>
		<fdd:history>
			<p>WKT was initially defined by the Open Geospatial Consortium (OGC) in 1999, extended in 2001, and was defined by the International Organization of Standardization (ISO) in 2004, ISO 19125-1:2004, sometimes referred to as “WKT 1”. Evolution of the Coordinate Reference System conceptual model required revisions to this format and in 2015 the updated “Well-known text representation of coordinate reference systems” standard, referred to as “WKT 2” was adopted by the Open Geospatial Consortium, and published conjointly by the ISO as ISO 19162:2015. </p>
			<p>OGC 18-010r7 Geographical information – Well-known text representation of coordinate reference systems Standard was submitted in 2018 and published in 2019. This Standard defines the structure and content of well-known text strings describing coordinate reference systems (CRSs) and coordinate operations between coordinate reference systems. This Standard provides an updated version of the WKT representation of coordinate reference systems following provisions of ISO 19111:2019, extending the WKT in OGC document 12-063r5 (ISO 19162) which was based on ISO 1911:2007 and ISO 1911-2:2009.  </p>
			<p>There is some backward compatibility between WKT 2 and WKT 1, though some caveats exist. Software capable of reading coordinate reference systems in WKT 2 format can also read many (but not all) equivalent systems in WKT 1 format. Another caveat is that some units of measurement were unspecified in the oldest WKT 1 specification, which has led to different interpretations by different software. Those units of measurement have been clarified in the 2001 update and the WKT 2 specification is consistent with that clarification. But not all software has followed the 2001 clarification.</p>
			<p>ESRI participated in writing the WKT 2 specification, adding a few variations on the OGC’s WKT 1 specification, making it stricter and containing fewer ambiguities. As a result, some databases differentiate between "OGC WKT" and "ESRI WKT" representations. The problem is largely resolved in WKT 2, as it is better defined.</p>
		</fdd:history>
	</fdd:notes>
	<fdd:formatSpecifications>
		<fdd:urls>
			<fdd:url>
				<fdd:urlReference>
					<link>http://docs.opengeospatial.org/is/18-010r7/18-010r7.html</link>
					<tag>Open Geospatial Consortium: Geographic information — Well-known text representation of coordinate reference systems. Version: 2.0.6</tag>
				</fdd:urlReference>
			</fdd:url>
			<fdd:url>
				<fdd:urlReference>
					<link>https://www.ogc.org/standards/wkt-crs</link>
					<tag>Open Geospatial Consortium: Well-known text representation of coordinate reference systems</tag>
					<comment>Project page with Overview, Downloads and Related News

 </comment>
				</fdd:urlReference>
			</fdd:url>
			<fdd:url>
				<fdd:urlReference>
					<link>https://www.iso.org/standard/76496.html</link>
					<tag>ISO 19162:2019
Geographic information — Well-known text representation of coordinate reference systems</tag>
					<comment>For fee. Equivalent standard to OGC 18-010r7</comment>
				</fdd:urlReference>
			</fdd:url>
		</fdd:urls>
	</fdd:formatSpecifications>
	<fdd:usefulReferences>
		<fdd:urls>
			<fdd:url>
				<fdd:urlGroup>
					<fdd:intro>Open Geospatial Consortium</fdd:intro>
					<fdd:urlList>
						<fdd:urlReference>
							<link>https://www.ogc.org/</link>
							<tag>Open Geospatial Consortium homepage</tag>
						</fdd:urlReference>
						<fdd:urlReference>
							<link>https://www.ogc.org/standards/sfa</link>
							<tag>Open Geospatial Consortium: Simple Feature Access - Part 1: Common Architecture</tag>
						</fdd:urlReference>
						<fdd:urlReference>
							<link>https://opengeospatial.github.io/ogc-geosparql/geosparql11/spec.html</link>
							<tag>Open Geospatial Consortium: OGC GeoSPARQL - A Geographic Query Language for RDF Data. V.1.1</tag>
						</fdd:urlReference>
					</fdd:urlList>
				</fdd:urlGroup>
			</fdd:url>
			<fdd:url>
				<fdd:urlGroup>
					<fdd:intro>Wikipedia </fdd:intro>
					<fdd:urlList>
						<fdd:urlReference>
							<link>https://en.wikipedia.org/wiki/Triangulated_irregular_network</link>
							<tag>Wikipedia entry for triangulated irregular network (TIN)</tag>
						</fdd:urlReference>
						<fdd:urlReference>
							<link>https://en.wikipedia.org/wiki/Spatial_reference_system</link>
							<tag>Wikipedia entry for spatial reference system (SRS)</tag>
						</fdd:urlReference>
						<fdd:urlReference>
							<link>https://en.wikipedia.org/wiki/Backus%E2%80%93Naur_form</link>
							<tag>Wikipedia entry for Backus–Naur form</tag>
						</fdd:urlReference>
					</fdd:urlList>
				</fdd:urlGroup>
			</fdd:url>
			<fdd:url>
				<fdd:urlReference>
					<link>https://www.skylinesoft.com/KB_Resources/TED/Web%20Help/Programmers%20Guide/Well-Known_Text_and_Well-Known_Binary_WKT_and_WKB.htm</link>
					<tag>TerraExplorer: Well-Known Text and Well-Known Binary (WKT and WKB)</tag>
				</fdd:urlReference>
			</fdd:url>
			<fdd:url>
				<fdd:urlReference>
					<link>https://www.ibm.com/docs/en/db2/11.5?topic=systems-coordinate-syntax</link>
					<tag>IBM Documentation Db2 Warehouse: Coordinate systems syntax</tag>
				</fdd:urlReference>
			</fdd:url>
			<fdd:url>
				<fdd:urlReference>
					<link>https://www.ibm.com/docs/en/db2-warehouse?topic=formats-well-known-text-wkt-format</link>
					<tag>IBM Documentation Db2 Warehouse: Well-known text (WKT) format</tag>
				</fdd:urlReference>
			</fdd:url>
			<fdd:url>
				<fdd:urlReference>
					<link>https://www.iso.org/standard/63555.html</link>
					<tag>ISO/IEC 9075-1:2016
Information technology — Database languages — SQL — Part 1: Framework (SQL/Framework)</tag>
				</fdd:urlReference>
			</fdd:url>
			<fdd:url>
				<fdd:urlReference>
					<link>https://www.iso.org/standard/53798.html</link>
					<tag>ISO 19115-1:2014
Geographic information — Metadata — Part 1: Fundamentals</tag>
				</fdd:urlReference>
			</fdd:url>
			<fdd:url>
				<fdd:urlReference>
					<link>https://www.fgdc.gov/metadata/iso-standards</link>
					<tag>FDGC ISO Geospatial Metadata Standard</tag>
				</fdd:urlReference>
			</fdd:url>
			<fdd:url>
				<fdd:urlReference>
					<link>https://web.archive.org/web/20130211101051/https:/www.nceas.ucsb.edu/scicomp/recipes/projections</link>
					<tag>NCEAS Look up map projections in various standard formats. Link via Internet Archive</tag>
				</fdd:urlReference>
			</fdd:url>
			<fdd:url>
				<fdd:urlReference>
					<link>http://downloads.gvsig.org/download/people/jjdelcerro/docs/SQL%20Server/Beginning%20Spatial%20with%20SQL%20Server%202008.pdf</link>
					<tag>Beginning Spatial with SQL Server 2008. Non-searchable PDF download.</tag>
				</fdd:urlReference>
			</fdd:url>
			<fdd:url>
				<fdd:urlReference>
					<link>https://www.w3.org/TR/sdw-bp/#applicability-formatVbp</link>
					<tag>Applicability of common formats to implementation of best practices from WC3 Spatial Data on the Web Best Practices. W3C Working Group Note 28 September 2017</tag>
				</fdd:urlReference>
			</fdd:url>
			<fdd:url>
				<fdd:urlReference>
					<link>https://github.com/MicrosoftDocs/sql-docs/blob/live/docs/sql-server/index.yml</link>
					<tag>Microsoft SQL Server Online documentation</tag>
				</fdd:urlReference>
			</fdd:url>
			<fdd:url>
				<fdd:urlReference>
					<link>https://www.oracle.com/database/spatial/</link>
					<tag>Oracle Spatial Database</tag>
				</fdd:urlReference>
			</fdd:url>
			<fdd:url>
				<fdd:urlReference>
					<link>https://www.cadcorp.com/support/data-format-support/</link>
					<tag>Cadcorp file format support</tag>
				</fdd:urlReference>
			</fdd:url>
			<fdd:url>
				<fdd:urlReference>
					<link>https://gdal.org/</link>
					<tag>OGR/GDAL</tag>
				</fdd:urlReference>
			</fdd:url>
			<fdd:url>
				<fdd:urlReference>
					<link>https://docs.safe.com/fme/html/FME_Desktop_Documentation/FME_ReadersWriters/wkt/quick_facts_wkt.htm</link>
					<tag>FME format support</tag>
				</fdd:urlReference>
			</fdd:url>
			<fdd:url>
				<fdd:urlReference>
					<link>http://mapguide.osgeo.org/features.html</link>
					<tag>MapGuide</tag>
				</fdd:urlReference>
			</fdd:url>
			<fdd:url>
				<fdd:urlReference>
					<link>https://postgis.net/docs/using_postgis_dbmanagement.html#OpenGISWKBWKT</link>
					<tag>PostGIS format support</tag>
				</fdd:urlReference>
			</fdd:url>
			<fdd:url>
				<fdd:urlReference>
					<link>https://github.com/arthur-e/Wicket</link>
					<tag>Wicket: Wicket is a lightweight library for translating between Well-Known Text (WKT) and various client-side mapping frameworks</tag>
				</fdd:urlReference>
			</fdd:url>
			<fdd:url>
				<fdd:urlReference>
					<link>https://datatypes.net/open-wkt-files</link>
					<tag>DataTypes.net: WKT file format description</tag>
					<comment>includes &quot;.wkt&quot; file extension</comment>
				</fdd:urlReference>
			</fdd:url>
			<fdd:url>
				<fdd:urlReference>
					<link>https://www.wikidata.org/wiki/Q61714670</link>
					<tag>Wikidata entry for Q61714670</tag>
					<comment>Information in Wikidata about &quot;well-known text representation of coordinate reference systems&quot;. Wikidata Title ID: Q61714670</comment>
				</fdd:urlReference>
			</fdd:url>
		</fdd:urls>
	</fdd:usefulReferences>
</fdd:FDD>
