<?xml version="1.0" encoding="UTF-8"?>
<fdd:FDD id="fdd000124" titleName="PDF/X Format Family (PDF for Prepress Graphics File Exchange)" shortName="PDF/X_family" xmlns:xsi="http://www.w3.org/2001/XMLSchema-instance" xmlns:fdd="http://www.loc.gov/preservation/digital/formats/schemas/fdd/v1" xsi:schemaLocation="http://www.loc.gov/preservation/digital/formats/schemas/fdd/v1 http://www.loc.gov/preservation/digital/formats/schemas/fdd/v1/fdd-v1-1.xsd">
	<fdd:properties>
		<fdd:gdfrGenreSelection>
			<fdd:gdfrGenres>
				<fdd:gdfrGenre>still-image</fdd:gdfrGenre>
				<fdd:gdfrGenre>text</fdd:gdfrGenre>
			</fdd:gdfrGenres>
		</fdd:gdfrGenreSelection>
		<fdd:formatCategories>
			<fdd:category>file-format</fdd:category>
			<fdd:category>encoding</fdd:category>
		</fdd:formatCategories>
		<fdd:gdfrComposition>unitary</fdd:gdfrComposition>
		<fdd:gdfrForm>binary</fdd:gdfrForm>
		<fdd:gdfrConstraint>structured</fdd:gdfrConstraint>
		<fdd:gdfrBasis>sampled</fdd:gdfrBasis>
		<fdd:updates>
			<fdd:date>2020-12-17</fdd:date>
		</fdd:updates>
		<fdd:draftStatus>Full</fdd:draftStatus>
	</fdd:properties>
	<fdd:identificationAndDescription>
		<fdd:fullName>ISO 15930. Graphic technology - Prepress digital data exchange using PDF</fdd:fullName>
		<fdd:keywords>
			<fdd:keyword>Portable Document Format</fdd:keyword>
		</fdd:keywords>
		<fdd:description>
			<p>PDF/X is a family of ISO standards for constrained forms of the <fddLink id="fdd000030">PDF_family</fddLink> of format specifications, designed for prepress digital data exchange.  According to the <a href="https://web.archive.org/web/20201001151231/http://www.pdfxreport.com/doku.php?id=en:faq">2003 PDF/X FAQ</a> by Martin Bailey, &quot;The aim for designers is to provide a digital content file that they can be confident will be printed predictably and correctly by the service provider, whether it’s a commercial print job printed on one site, or a magazine ad placed in many publications and printed across the world.

The aim for service providers and publishers is to receive robust digital content files that they can be confident will run through prepress without requiring rework or causing errors and will allow them to meet (or exceed) customer expectations on press.&quot;</p>
			<p>The first version of PDF/X was published in 1999 as an American National Standard and was based on PDF Version 1.2.  In 2001, a very similar specification, but based on PDF 1.3, was published as an international standard, ISO 15930-1.  This was the first ISO standard based on Adobe&apos;s PDF format.  The PDF/X standards are now developed and maintained by a working group with representatives primarily from the printing industry and with active support from Adobe Systems Incorporated.  The working group is WG2 of <a href="https://www.iso.org/committee/52214.html">ISO/TC 130
Graphic technology</a>.</p>
			<p>PDF/X restricts the content in a PDF document, prohibiting elements that do not directly serve the purpose of high-quality print production output, such as annotations, scripting actions, and embedded multimedia.  <a href="https://www.pdfa.org/wp-content/uploads/2017/05/PDFX-in-a-Nutshell.pdf">PDF/X in a Nutshell</a>, a brochure published by the PDF Association in 2017, stated, &quot;One principle of PDF/X is that conforming files must be complete, i.e. fully self-contained. In addition, nothing may appear on a PDF/X page that is either not printable at all (such as video or 3D) or where print output is not fully defined (for example, if a font is not embedded).&quot;  For more specific and more technical principles and constraints for PDF/X from the same brochure, see <a href="#notes">Notes</a> below.</p>
			<p>The PDF/X family of formats includes variants that combine both chronological versions and functional profiles. The PDF/X specifications use the term &quot;conformance level&quot; to refer to such combinations.  Some PDF/X conformance levels are intended to support complete or "blind" exchange of graphics files with all required elements within a single file. Some conformance levels are partial, assuming that the two parties share some information, for example an ICC color profile, through other means.</p>
			<p>Key constraints for blind exchange include:</p>
			<ul>
				<li>All fonts and images must be embedded</li>
				<li>Boxes that specify the print and trim areas must be explicitly defined</li>
				<li>Trapping status must be explicit.  [Trapping controls overlap of elements that are in different layers and applied through separate printing processes; a small degree of overlap is desirable to allow for imprecise registration in the printing process.  Trapping can be applied before or after exchange; but should not be applied more than once.  See <a href="https://en.wikipedia.org/wiki/Trap_(printing)">Wikipedia entry for Trap_(printing)</a>.]</li>
				<li>Colorspaces must be specified in a device-independent manner, using an <a href="https://www.pdflib.com/pdf-knowledge-base/pdfx-output-intents/">OutputIntent</a> and the colorspace definition (e.g., ICC profile) must be embedded.</li>
				<li>Encryption is disallowed in all PDF/X files compliant with versions other than PDF/X-1.</li>
			</ul>
			<p>For more specifics on constraints for PDF/X in relation to the underlying PDF format, see <a href="#notes">Notes</a> below.</p>
			<p>Starting in 1999, a number of specifications of PDF/X have been published, with new versions taking into account both new versions of the underlying PDF specification and new demands of the printing industry based on technological innovations, particularly in color printing.  Listed below are specification variants, using identification strings as found in the PDF metadata of compliant files.  For more on self-identification of PDF/X versions and conformance levels, see <a href="#notes">Notes</a> below. The annotations for the PDF/X variants listed below are drawn largely from the PDF/X FAQ, compiled by Martin Bailey and released with updates through 2005 and from &quot;PDF/X in a Nutshell&quot; from the PDF Association.  See <a href="#useful">Useful References</a> below. A summary table of PDF/X conformance levels is included in the introduction to ISO 15930-7:2010, online via <a href="https://www.iso.org/obp/ui/#iso:std:iso:15930:-7:ed-2:v1:en">ISO&apos;s online browsing platform</a>.</p>
			<p>
				<b>PDF/X-1:1999</b>: Prior to ISO standardization. Specified in <i>ANSI CGATS.12/1-1999, Graphic technology— Prepress digital data exchange — Use of PDF for composite data — Part 1: Complete exchange (PDF/X-1)</i>. Based on PDF 1.2.  Permitted encryption. Supported references to embedded stream objects using OPI (Open Prepress Interface) references.  This &quot;internal OPI&quot; mechanism allowed PDF/X to serve as a wrapper for <fddLink id="fdd000072">TIFF/IT</fddLink> images.  Very few implementations of <i>PDF/X-1:1999</i> were ever released by vendors.</p>
			<p>
				<b>PDF/X-1:2001</b>:  Specified in ISO 15930-1:2001.  Generally similar to <i>PDF/X-1:1999</i>, except based on <fddLink id="fdd000316">PDF 1.3</fddLink> rather than PDF 1.2.  For complete exchange for CMYK data.  Identical to <i>PDF/X-1a:2001</i> except that <i>PDF/X-1:2001</i> supported the &quot;internal OPI&quot; mechanism and allowed encryption.  In November 2003, there were no known implementations of <i>PDF/X-1:2001</i> and vendors were discouraged from implementing it.</p>
			<p>
				<b>PDF/X-1a:2001</b>: Specified in ISO 15930-1:2001.  For complete exchange for CMYK data. Based on PDF 1.3.  Disallowed encryption and any use of OPI.  By November 2003, <i>PDF/X-1a:2001</i> was widely adopted.  A special case for the self-identification of conformance level; see <a href="#notes">Notes</a> below.  Still widely used as of 2019.</p>
			<p>
				<b>PDF/X-1a:2003</b>: Specified in ISO 15930-4:2003.  For complete exchange for CMYK data.  A minor update to <i>PDF/X-1a:2001</i>, based on PDF 1.4.  In 2005, Martin Bailey&apos;s PDF/X FAQ recommended continued use of <i>(PDF/X-1a:2001)</i>, observing that &quot;the benefits to a user of creating or receiving files using the 2003 standards are outweighed by the disadvantage of the extra confusion that supporting them may cause.&quot;</p>
			<p>
				<b>PDF/X-3:2002</b>: Specified in ISO 15930-3:2002.  For complete exchange for both color-managed and CMYK workflows, based on PDF 1.3.  Functionally, a superset of PDF/X-1a:2001, which only supports CMYK workflows.  Disallows encryption and any use of OPI.  Widely used, but steadily superseded by use of PDF/X-4.</p>
			<p>
				<b>PDF/X-3:2003</b>: Specified in ISO 15930-6:2003.  For complete exchange for both color-managed and CMYK workflows, based on PDF 1.4.  Of features introduced in PDF 1.4, PDF/X-3:2003 disallows JBIG2, Transparency, and Referenced PDF.  Not widely used.</p>
			<p>
				<b>PDF/X-2:2003</b>: Specified in ISO 15930-5:2003, which was withdrawn in 2011.  For partial data exchange of both color-managed and CMYK workflows, based on PDF 1.4.  ISO 15930-5:2003 was expressed as a modification of the specification in ISO 15930-6:2003 for complete exchange, which was published at the same time.  Introduced a non-OPI mechanism for referring to external content for printing and required all such external content to be in files compliant to one of the then current PDF/X specifications. Of features introduced in PDF 1.4, PDF/X-2:2003 disallowed JBIG2 and transparency.</p>
			<p>
				<b>PDF/X-4</b>: Specified in ISO 15930-7:2010 (a minor revision of ISO 15930-7:2008). For complete exchange for both color-managed and CMYK workflows, based on PDF 1.6.  Permits transparency.  The use of optional content (often referred to as &quot;layers&quot;) is allowed, enabling regional versioning, for example.  Also supports JPEG2000, OpenType fonts, and 16-bit images. The document <i>info</i> directory previously used for metadata is optional.  PDF/X-4 files require an XMP-based document metadata stream instead.  If the <i>info</i> directory is present, its values must match those in the XMP-based metadata.  Uses PDF/X identification schema, with namespace URI <i>http://www.npes.org/pdfx/ns/id/</i> and prefix <i>pdfxid:</i> to declare PDF/X conformance level within the document metadata stream.  Widely used.</p>
			<p>
				<b>PDF/X-4p</b>: Specified in Annex A of ISO 15930-7.  Based on PDF 1.6.  Identical to  <i>PDF/X-4</i>, except that <i>PDF/X-4p</i> allows its OutputIntent to refer to an external ICC profile.</p>
			<p>
				<b>PDF/X-5g</b>: Specified in ISO 15930-8 (originally published in 2008, with minor revision in 2010).  For partial exchange, based on PDF/X-4 and PDF 1.6.  Allows external graphical content in PDF/X files conforming to <i>PDF/X-1a:2001</i>, <i>PDF/X-1a:2003</i>,  <i>PDF/X-3:2002</i>, <i>PDF/X-3:2003</i>, <i>PDF/X-4</i>, <i>PDF/X-4p</i>, <i>PDF/X-5g</i> or <i>PDF/X-5pg</i>.  Not widely used.</p>
			<p>
				<b>PDF/X-5n</b>: Specified in ISO 15930-8.  For partial exchange, based on PDF/X-4 and PDF 1.6.  Supports external n-colorant ICC profile conforming to ISO 15076-1.</p>
			<p>
				<b>PDF/X-5pg</b>: Specified in ISO 15930-8.  For partial exchange, based on ODF/X-4 and PDF 1.6.  Supports external ICC profile and external graphical content.  Not widely used.</p>
			<p>
				<b>PDF/X-6</b>: Published as <a href="https://www.iso.org/standard/77103.html">ISO 15930-9</a>, for complete exchange of printing data (PDF/X-6) and partial exchange of printing data with external profile reference (PDF/X-6p and PDF/X-6n) using PDF 2.0.   According to <a href="https://www.pdfa.org/the-new-pdf-2-0-and-subset-standards/">The new PDF 2.0 and subset standards (December 16, 2020)</a>, PDF/X-6 adds support for new features in PDF 2.0 such as page level output intents, black point compensation, halftone origins and CxF/X-4 spot colour characterisation data. For the first time PDF/X-6 permits PDF/X files to have annotations, including digital signatures, form fields and videos, reducing complexity in multi-channel workflows. If any ICC profile associated with any PDF/X output intent is externally supplied then the file is designated as PDF/X-6p for gray, RGB or CMYK-based profiles or PDF/X-6n for n-colorant profiles.  These new optional conformance levels in PDF/X-6 accommodate a wider variety of process optimizations and workflows as they allow ICC profiles to be maintained externally.  For discussions about the changes in PDF/X-6, see also the <a href="https://printplanet.com/threads/pdf-2-0-pdf-x-6.261648/">PDF 2.0 / PDF/X-6</a> thread from early 2017 on the PrintPlanet Forum, the 2020 presentation <a href="https://www.youtube.com/watch?v=Rc6mPNWy5I4">PDF/A-4, PDF/X-6 and the other new PDF standards | video</a> by Dietrich von Seggern and <a href="https://color.printing.org/wp-content/uploads/2019/01/Isaacs-EndtoEndPublishingPDF.pdf">End-to-End Publishing with PDF 2.0 and PDF/X-6</a> by Dov Isaacs of Adobe from January 2019.</p>
			<p>Since the publication of <fddLink id="fdd000125">PDF/A-1</fddLink> in 2005, updates to the PDF/X standard have been aligned to the fullest extent possible with the then current <fddLink id="fdd000318">PDF/A_family</fddLink> standard.  As stated in <a href="https://www.pdfa.org/pdfa-faq/">PDF/A FAQ (2015)</a>, &quot;The PDF/A and PDF/X standards are fundamentally compatible; i.e. a PDF file can generally conform to both PDF/A and PDF/X, but for maximum compatibility with modern PDF/X files, PDF/A-2 is highly recommended due to its support for transparency and layers.&quot;  QuarkXPress 2018 claims to be able to output a pdf file that conforms to both PDF/X-4 and PDF/A-2b or PDF/A-2u. See <a href="https://www.quark.com/documentation/quarkxpress/2019/english/A%20Guide%20to%20QuarkXPress%202019/_6_483597176871758E7_14.html#_3_426675626649782E7_14_1_1">Guide to QuarkXPress 2019: Output</a>.</p>
		</fdd:description>
		<fdd:shortDescription>PDF/X is a constrained form of PDF intended for prepress graphics exchange, particularly for advertisements, promotional materials, and packaging.  Different chronological versions and functional profiles (known as &quot;conformance levels&quot;) have been standardized in a sequence of parts of ISO 15930.</fdd:shortDescription>
		<fdd:productionPhase>A middle-state format for exchange during prepress activities.  Serves as a final-state digital format to the extent that it is used for online proofing prior to printing.</fdd:productionPhase>
		<fdd:relationships>
			<fdd:relationship>
				<fdd:typeOfRelationship>Subtype of</fdd:typeOfRelationship>
				<fdd:relatedTo>
					<fdd:id>fdd000030</fdd:id>
					<fdd:shortName>PDF_family</fdd:shortName>
					<fdd:titleName>PDF (Portable Document Format) Family</fdd:titleName>
				</fdd:relatedTo>
			</fdd:relationship>
			<fdd:relationship>
				<fdd:typeOfRelationship>Has subtype</fdd:typeOfRelationship>
				<fdd:comment>Various chronological versions and functional profiles (&quot;conformance levels&quot;), not described separately on this website at this time.</fdd:comment>
			</fdd:relationship>
		</fdd:relationships>
	</fdd:identificationAndDescription>
	<fdd:localUse>
		<fdd:experience>The Library of Congress has received some examples of PDF/X files in tests with newspaper content, but is not aware of any PDF files in its permanent collections that conform to any of the PDF/X standards.</fdd:experience>
		<fdd:preference>The Library of Congress Recommended Format Statement (RFS) includes PDF/X as a preferred format for <a href="https://www.loc.gov/preservation/resources/rfs/text.html#digital">textual works in digital form</a>, <a href="https://www.loc.gov/preservation/resources/rfs/text.html#e-serials">electronic serials</a>, and <a href="https://www.loc.gov/preservation/resources/rfs/musical-scores.html#digital-music">digital musical scores</a>. The RFS also includes PDF/X as an acceptable format for <a href="https://www.loc.gov/preservation/resources/rfs/stillimg.html#ogdigital">other graphic images - digital</a> and <a href="https://www.loc.gov/preservation/resources/rfs/design3D.html">2D and 3D Computer Aided Design vector images</a>. The RFS does not distinguish between PDF/X versions or profiles but LC will likely prefer those intended for blind exchange.  See also <fddLink id="fdd000030">PDF_family</fddLink>.</fdd:preference>
	</fdd:localUse>
	<fdd:sustainabilityFactors>
		<fdd:disclosure>
			<p>Open standard. Developed and maintained under the auspices of Working Group 2 of ISO/TC 130
Graphic technology. See <a href="https://www.iso.org/committee/52214.html">ISO/TC 130
committee page</a> and <a href="https://committee.iso.org/home/tc130">ISO/TC 130
website</a>.  See also <a href="https://printtechnologies.org/programs/standards-workroom/international-standards/iso-tc-130-u-s-technical-advisory-group/">ISO TC 130 &amp; U.S. Technical Advisory Group</a>.  A number of other entities are or have been involved in the standardization of PDF/X; see <a href="#notes">Notes</a> below for details.</p>
		</fdd:disclosure>
		<fdd:documentation>
			<p>Specific PDF/X versions and profiles are documented in various parts of ISO 15930.  See <a href="#specs">Format Specifications</a> below.</p>
			<p>Note: Another ISO standard related to PDF/X was <a href="https://www.iso.org/standard/34607.html">ISO 15929:2002</a>. Graphic technology - Prepress digital data exchange - Guidelines and principles for the development of PDF/X standards.  This standard was withdrawn in 2008, by which time its content had been integrated into current parts of ISO 15930 as appropriate.</p>
		</fdd:documentation>
		<fdd:adoption>
			<p>PDF/X is widely used in prepress workflows to enable correct printing of documents by commercial printing services.  See, for example, <a href="https://www.callassoftware.com/en/blog/how-pdf-changed-prepress-production-dramatically-in-the-last-25-years">How PDF changed prepress production dramatically in the last 25 years</a> by Stephan Jaeggi in October 2018.  Some PDF/X variants have been adopted more widely than others.  According to <a href="https://helpx.adobe.com/acrobat/using/pdf-conversion-settings.html#about_pdf_x_pdf_e_and_pdf_a_standards">About PDF/X, PDF/E, and PDF/A standards</a> from Adobe in October 2018, the most widely used standards for a print publishing workflow are PDF/X-1a, PDF/X-3, and PDF/X-4.  These are conformance levels for complete exchange.  The conformance levels for partial exchange are designed for use when a company is sending many files to the same commercial printing service using the same color configuration and/or some of the same print content. The most widely used conformance levels for partial exchange appear to be PDF/X-4p and PDF/X-5n.  <a href="../contact_format.shtml">Comments welcome</a>.</p>
			<p>A slide captioned &quot;The New PDF/X Lineup&quot; in <a href="https://color.printing.org/wp-content/uploads/2019/01/Isaacs-EndtoEndPublishingPDF.pdf">End-to-End Publishing with PDF 2.0 and PDF/X-6</a> from January 2019 lists PDF/X-1a-2001, PDF/X-3:2002, PDF/X-4 &amp; 4p, PDF/X-5g, 5n, &amp; 5pg, and, as under development, PDF/X-6, 6p, &amp; 6n.  By omitting the 2003 updates to PDF/X-1a and PDF/X-3, this echoes the answer to <i>Should I start using the 2003 revisions?</i> in the <a href="https://web.archive.org/web/20180415165348/http://www.npes.org/LinkClick.aspx?fileticket=qStx8zxAyHA=&amp;tabid=158&amp;mid=669">November 2005 PDF/X FAQ</a>, which states, &quot;As a general rule, the benefits to a user of creating or receiving files using the 2003 standards are outweighed by the disadvantage of the extra confusion that supporting them may cause. For both senders and receivers of files the default selection should therefore be PDF/X-1a:2001 or PDF/X-3:2002, rather than the 2003 variants. This matches the decision made by the <a href="https://www.gwg.org/">Ghent PDF Work Group</a> for their 2005 specifications.&quot;</p>
			<p>A key stimulus for the development of PDF/X was the requirement for a consistent specification for the submission of advertisements to print publications.  According to <a href="https://www.pdfa.org/wp-content/uploads/2017/05/PDFX-in-a-Nutshell.pdf">PDF/X in a Nutshell</a>, the first known use of a PDF/X-1 file in live production was for an advertisement in  the March 13, 2000 issue of Time magazine.  According to the <a href="https://web.archive.org/web/20201001151231/http://www.pdfxreport.com/doku.php?id=en:faq">November 2003 PDF/X FAQ</a> (available via Internet Archive), the first known case of PDF/X-1a being used for the whole of a magazine transmission from publisher to printer was "Wizards of the Coast – Dragon issue 292" in December 2001.  In October 2001, the Digital Distribution of Advertising for Publications Association (DDAP) published companion recommendations for <a href="https://web.archive.org/web/20031116204944/http://ddap.org/resources/white_papers/PDFXPosition.pdf">PDF/X as a File Format for Delivery of Digital Advertising</a> and <a href="https://web.archive.org/web/20040423233428/http://www.ddap.org/resource_center/tiffit_position_paper.php">TIFF/IT as a File Format for Delivery of Digital Advertising</a>.  By July 2005, the recommendation for <fddLink id="fdd000072">TIFF/IT</fddLink> had been dropped and was not mentioned on the newly designed <a href="https://web.archive.org/web/20050729010830/http://www.ddap.org/resources/">DDAP Resource Center</a> page; all the resources related to PDF/X.  The 2017 <a href="https://www.pdfa.org/wp-content/uploads/2017/05/PDFX-in-a-Nutshell.pdf">PDF/X in a Nutshell</a> brochure stated that most newspaper and magazine publishers have adopted PDF/X, requiring all advertising to be delivered as a PDF/X-1a file, and in turn delivering their final pages to the printer as PDF/X-1a files.</p>
			<p>PDF/X-1a:2001 remains widely used, despite the fact that PDF/X-4 is judged as superior by many experts, because it supports transparency.  See, for example, <a href="https://pdf-aktuell.ch/pa/language/en/pdfx-4-is-the-preferred-pdf-format/">PDF/X-4 is the preferred PDF format</a> by Stephan Jaeggi from August 2016.  See also a 2017 discussion thread on PrintPlanet, which started as a question about <a href="https://printplanet.com/forum/prepress-and-workflow/prepress-and-workflow-discussion/261648-pdf-2-0-pdf-x-6">PDF 2.0 / PDF/X-6</a> and moved into a discussion of adoption of PDF/X-4 vs PDF/X-1a.</p>
			<p>PDF/X-3:2002 remains widely used.  One reason may be that in MacOS, the Preview application included with the OS can convert a document into a PDF/X-3:2002 file, and no other PDF/X variant.   In <a href="https://pdf-aktuell.ch/pa/language/en/pdfx-4-is-the-preferred-pdf-format/">PDF/X-4 is the preferred PDF format</a> from 2016, Stephan Jaeggi reported on an informal survey question to the readers of his prepress newsletter, &quot;Which PDF format do you prefer?&quot;  He was disappointed by the continued use of PDF/X-3 to the extent revealed by the survey (21.60% compared with 38.89% for PDF/X-4).</p>
			<p>Conformance profiles that allowed external graphical content were introduced with PDF/X-5, but have not been adopted in practice.  In May 2019, <a href="https://www.pdflib.com/pdf-knowledge-base/future-iso-standards/">Future ISO standards based on PDF 2.0</a> from PDFLib, stated that &quot;there are no plans for successors to PDF/X-5g with external graphical content and PDF/X-5pg with external profile and content as these formats didn’t find adoption across the industry.&quot;</p>
			<p>Adobe has added support for new versions of PDF/X intended for complete exchange to Acrobat Pro as new editions were released, on some occasions releasing support for a draft of the next PDF/X version before it was approved.  Acrobat 4.0 (2000) and later could render PDF/X-1a:2001 and PDF/X-3:2002 files.  Acrobat 6 Professional (2003) offered support for rendering, creating, and validating PDF/X-1a:2001 and PDF/X-3:2002 files.  Acrobat 7 (2004) from Adobe could render, create. and validate PDF/X files using the 2003 versions of profiles 1a and 3.  By 2008, Acrobat 8 supported PDF/X-1a, PDF/X-3, and PDF/X-4.  Acrobat X (2011) supported rendering, creation, and validation for PDF/X-4:2010 and PDF/X-5:2010.  Another key Adobe product that supports PDF/X is InDesign.  InDesign in Creative Suite 3 and 4 could create PDF/X-4:2008 files. In April 2011, InDesign 2.5 in Creative Suite 5.5 supported PDF/X-4:2010 out of the box and PDF/X-5 via an SDK.  In Help for InDesign 14.0 (released in Oct 2018), <a href="https://helpx.adobe.com/indesign/using/exporting-publishing-pdf.html#adobe_pdf_presets">Adobe PDF Presets</a> indicates that, by default, Adobe InDesign offers output to PDF/X 1a:2001, PDF/X-3:2002, and PDF/X-4 by default.  &quot;Presets&quot; for PDF/X1 a:2003 and PDF/X 3:2003 presets are distributed as optional extras.  The same Help document indicates that Adobe&apos;s Illustrator and Photoshop applications can export PDF/X-4:2008 files.</p>
			<p>Many commercial printing services and applications support PDF/X.  The <a href="https://workflowhelp.kodak.com/display/PRIN81/Publish+to+PDF+File+dialog+box">Publish to PDF File dialog box</a> from the User Guide for Kodak&apos;s Prinergy Workflow software indicates options for PDF/X-1a:2001 and PDF/X-3. The <a href="https://www.pdfx-ready.ch/en/about-us/">PDFX-ready association</a> provides tools and guidance for workflows based on PDF/X-1a and PDF/X-4.  According to a <a href="https://www.pdfa.org/datalogics-announces-the-release-of-adobe-pdf-library-v15-now-available-on-all-platforms/">January 31, 2017 press release from Datalogics</a> (posted on pdfa.org), version 15 of the Adobe PDF Library SDK supports PDF/X conversion for graphic arts, prepress applications, and workflows. Another widely used tool that supports PDF/X is <a href="https://help.callassoftware.com/m/pdftoolbox">callas pdfToolbox</a>, which can generate files conforming to PDF/X-1a, PDF/X-3, PDF/X-4, PDF/X-4p, and PDF/X-5n. The <a href="https://www.pdflib.com/download/pdflib-product-family/">PDFlib</a> software library supports creation of PDF/X-3, PDF/X-4, PDF/X-5g, and PDF/X-5n.  See <a href="https://www.pdflib.com/pdflib-cookbook/pdfx/">PDFlib Cookbook | PDF/X</a>.  <a href="https://www.gwg.org/workflow-tools-downloads/overview-of-gwg-compliant-applications/">GWG Compliant Applications</a> lists applications that have been verified by the GWG to be compliant with one or more of the GWG specifications, which are based on PDF/X. <a href="https://www.gwg.org/instructions-for-successful-output-with-ghent-pdf-output-suite-5-0/">Instructions for successful output of Ghent PDF Output Suite 5.0</a> lists vendors of print workflow systems who have provided instructions for producing PDF/X-4 output that satisfies the GWG recommendations. Another list of applications is included in the response to <a href="https://pdf-aktuell.ch/pa/language/en/survey-archive/#standalone-appplications">Which standalone PDF applications are you using frequently for your prepress files?</a>.</p>
			<p>Some open source applications also support PDF/X. <a href="https://wiki.scribus.net/canvas/Help:Manual_PDFx3">Scribus</a>, an open source desktop publishing application, supports PDF/X-3. <a href="https://xmlgraphics.apache.org/fop/2.1/pdfx.html">Apache FOP</a> (Formatting Objects Processor), for rendering XML to other formats, supports PDF/X-3:2003 and PDF/X-4.  The <a href="https://ctan.org/pkg/pdfx?lang=en">pdfx package</a> for LaTeX facilitates generation of PDFs complying with PDF/X and PDF/A standards. It offers options for all PDF/X conformance levels.</p>
			<p>PDF/X-6 is a newly published standard as of December 2020.  The compilers of this resource have not attempted to assess the adoption of this version of the PDF/X family of formats. <a href="../contact_format.shtml">Comments welcome</a>.</p>
		</fdd:adoption>
		<fdd:licensingAndPatents>See <fddLink id="fdd000030">PDF_family</fddLink>.</fdd:licensingAndPatents>
		<fdd:transparency>Depends upon compliant software tools to read. Building tools for rendering requires sophistication. Requires familiarity with color-management standards and specifications to render fully as intended by the creator.  See also <fddLink id="fdd000030">PDF_family</fddLink>.</fdd:transparency>
		<fdd:selfDocumentation>Basic descriptive metadata elements (Title, CreationDate, ModDate) have been required since PDF/X-1:2001, with Creator and Producer recommended. For the profiles published in 2003 based on PDF 1.4, XMP-based document metadata may be present.  Starting with PDF/X-4 and PDF/X-5, based on PDF 1.6, the use of embedded XMP-based document metadata has been mandatory, with the following descriptive elements required: xmp:CreateDate, xmp:ModifyDate, xmp:MetadataDate, and dc:title.
Recommended are xmp:CreatorTool and pdf:Producer.  Also required are a UUID-based identifier for the document (xmpMM:DocumentID) and a version identifier (xmpMM:VersionID), typically a number.  See also <fddLink id="fdd000030">PDF_family</fddLink>.</fdd:selfDocumentation>
		<fdd:externalDependencies>PDF/X profiles intended for complete or "blind" exchange are constrained to avoid external dependencies.  All necessary fonts and color-management definitions must be embedded.  In contrast, PDF/X profiles intended for partial exchange are designed to support publishing workflows that employ repeated use of the same elements in many documents, particularly use of the same colorspace definition. For example, a PDF/X-4p document can only be printed correctly if the external colorspace definition is available.</fdd:externalDependencies>
		<fdd:techProtection>Encryption is prohibited in all conformance levels of PDF/X other than PDF/X-1:1999 and PDF/X-1:2001.</fdd:techProtection>
	</fdd:sustainabilityFactors>
	<fdd:qualityAndFunctionalityFactors>
		<fdd:stillImageQF>
			<fdd:normalImage>Good support.</fdd:normalImage>
			<fdd:clarity>Excellent in professional tools.  Some PDF viewers may not be able to take advantage of features intended to ensure high-quality print output.</fdd:clarity>
			<fdd:colorMaint>Excellent in professional tools.  Some PDF viewers may not be able to take advantage of color management features intended to ensure high-quality print output.</fdd:colorMaint>
			<fdd:graphics>Excellent.
</fdd:graphics>
			<fdd:multispectral>See <fddLink id="fdd000030">PDF_family</fddLink>.</fdd:multispectral>
		</fdd:stillImageQF>
		<fdd:textQF>
			<fdd:normalText>See <fddLink id="fdd000030">PDF_family</fddLink>.</fdd:normalText>
			<fdd:structure>See <fddLink id="fdd000030">PDF_family</fddLink>.</fdd:structure>
			<fdd:layout>See <fddLink id="fdd000030">PDF_family</fddLink>.</fdd:layout>
			<fdd:mathDiag>See <fddLink id="fdd000030">PDF_family</fddLink>.</fdd:mathDiag>
			<fdd:beyondText>See <fddLink id="fdd000030">PDF_family</fddLink>.</fdd:beyondText>
		</fdd:textQF>
	</fdd:qualityAndFunctionalityFactors>
	<fdd:fileTypeSignifiers>
		<fdd:signifiersGroup>
			<fdd:filenameExtension>
				<fdd:sigValues>
					<fdd:sigValue>pdf</fdd:sigValue>
				</fdd:sigValues>
				<fdd:note>The PDF/X standards do not indicate that a different extension should be used to distinguish PDF from PDF/X.</fdd:note>
			</fdd:filenameExtension>
			<fdd:internetMediaType>
				<fdd:sigValueNA>See note.</fdd:sigValueNA>
				<fdd:note>See <fddLink id="fdd000030">PDF_family</fddLink>.</fdd:note>
			</fdd:internetMediaType>
			<fdd:magicNumbers>
				<fdd:sigValueNA>See note.</fdd:sigValueNA>
				<fdd:note>The PDF/X standards indicate that the first characters in the PDF header should not be used to identify files as compliant with any PDF/X specification.  See also <fddLink id="fdd000030">PDF_family</fddLink>.</fdd:note>
			</fdd:magicNumbers>
			<fdd:other>
				<fdd:tag>Wikidata Title ID</fdd:tag>
				<fdd:values>
					<fdd:sigValues>
						<fdd:sigValue>Q1423339</fdd:sigValue>
					</fdd:sigValues>
					<fdd:note>See <a href="https://www.wikidata.org/wiki/Q1423339">https://www.wikidata.org/wiki/Q1423339</a> for information for the entire PDF/X family of formats.</fdd:note>
				</fdd:values>
			</fdd:other>
			<fdd:other>
				<fdd:tag>Indicator for profile, level, version, etc.</fdd:tag>
				<fdd:values>
					<fdd:sigValues>
						<fdd:sigValue>PDF/X-1:1999</fdd:sigValue>
						<fdd:sigValue>PDF/X-1:2001</fdd:sigValue>
						<fdd:sigValue>PDF/X-1a:2001</fdd:sigValue>
						<fdd:sigValue>PDF/X-1a:2003</fdd:sigValue>
						<fdd:sigValue>PDF/X-3:2002</fdd:sigValue>
						<fdd:sigValue>PDF/X-3:2003</fdd:sigValue>
						<fdd:sigValue>PDF/X-2:2003</fdd:sigValue>
						<fdd:sigValue>PDF/X-4</fdd:sigValue>
						<fdd:sigValue>PDF/X-4p</fdd:sigValue>
						<fdd:sigValue>PDF/X-5g</fdd:sigValue>
						<fdd:sigValue>PDF/X-5n</fdd:sigValue>
						<fdd:sigValue>PDF/X-5pg</fdd:sigValue>
						<fdd:sigValue>PDF/X/6</fdd:sigValue>
						<fdd:sigValue>PDF/X/6p</fdd:sigValue>
						<fdd:sigValue>PDF/X/6n</fdd:sigValue>
					</fdd:sigValues>
					<fdd:note>Each conformance level has a value for the <i>GTS_PDFXVersion</i> entry in the <i>info</i> directory or XMP-based document metadata.  See <a href="#notes">Notes</a> below for more information on the self-identification of PDF/X conformance levels.</fdd:note>
				</fdd:values>
			</fdd:other>
			<fdd:other>
				<fdd:tag>Pronom PUID</fdd:tag>
				<fdd:values>
					<fdd:sigValues>
						<fdd:sigValue>fmt/144</fdd:sigValue>
						<fdd:sigValue>fmt/145</fdd:sigValue>
						<fdd:sigValue>fmt/157</fdd:sigValue>
						<fdd:sigValue>fmt/146</fdd:sigValue>
						<fdd:sigValue>fmt/158</fdd:sigValue>
						<fdd:sigValue>fmt/148</fdd:sigValue>
						<fdd:sigValue>fmt/147</fdd:sigValue>
						<fdd:sigValue>fmt/488</fdd:sigValue>
						<fdd:sigValue>fmt/489</fdd:sigValue>
						<fdd:sigValue>fmt/490</fdd:sigValue>
						<fdd:sigValue>fmt/492</fdd:sigValue>
						<fdd:sigValue>fmt/491</fdd:sigValue>
					</fdd:sigValues>
					<fdd:note>There is no PRONOM entry for the PDF/X family of formats; entries exist for individual PDF/X conformance levels. Listed here are PUIDs for conformance levels <a href="https://www.nationalarchives.gov.uk/PRONOM/fmt/144">PDF/X-1:1999</a>, <a href="https://www.nationalarchives.gov.uk/PRONOM/fmt/145">PDF/X-1:2001</a>, <a href="https://www.nationalarchives.gov.uk/PRONOM/fmt/157">PDF/X-1a:2001</a>, <a href="https://www.nationalarchives.gov.uk/PRONOM/fmt/146">PDF/X-1a:2003</a>, <a href="https://www.nationalarchives.gov.uk/PRONOM/fmt/158">PDF/X-3:2002</a>, <a href="https://www.nationalarchives.gov.uk/PRONOM/fmt/148">PDF/X-3:2003</a>, <a href="https://www.nationalarchives.gov.uk/PRONOM/fmt/147">PDF/X-2:2003</a>, <a href="https://www.nationalarchives.gov.uk/PRONOM/fmt/488">PDF/X-4</a>, <a href="https://www.nationalarchives.gov.uk/PRONOM/fmt/489">PDF/X-4p</a>, <a href="https://www.nationalarchives.gov.uk/PRONOM/fmt/490">PDF/X-5g</a>, <a href="https://www.nationalarchives.gov.uk/PRONOM/fmt/492">PDF/X-5n</a>, and <a href="https://www.nationalarchives.gov.uk/PRONOM/fmt/491">PDF/X-5pg</a>, respectively.  Links in this note are to the PRONOM entries.</fdd:note>
				</fdd:values>
			</fdd:other>
			<fdd:other>
				<fdd:tag>Wikidata Title ID</fdd:tag>
				<fdd:values>
					<fdd:sigValues>
						<fdd:sigValue>Q29946692</fdd:sigValue>
						<fdd:sigValue>Q29946713</fdd:sigValue>
						<fdd:sigValue>Q29946726</fdd:sigValue>
						<fdd:sigValue>Q29946771</fdd:sigValue>
						<fdd:sigValue>Q29946829</fdd:sigValue>
						<fdd:sigValue>Q29946845</fdd:sigValue>
						<fdd:sigValue>Q29946810</fdd:sigValue>
						<fdd:sigValue>Q29946866</fdd:sigValue>
						<fdd:sigValue>Q29946883</fdd:sigValue>
						<fdd:sigValue>Q29946898</fdd:sigValue>
						<fdd:sigValue>Q29946914</fdd:sigValue>
						<fdd:sigValue>Q29946937</fdd:sigValue>
					</fdd:sigValues>
					<fdd:note>Listed here are Wikidata Title IDs for conformance levels <a href="https://www.wikidata.org/wiki/Q29946692">PDF/X-1:1999</a>, <a href="https://www.wikidata.org/wiki/Q29946713">PDF/X-1:2001</a>, <a href="https://www.wikidata.org/wiki/Q29946726">PDF/X-1a:2001</a>, <a href="https://www.wikidata.org/wiki/Q29946771">PDF/X-1a:2003</a>, <a href="https://www.wikidata.org/wiki/Q29946829">PDF/X-3:2002</a>, <a href="https://www.wikidata.org/wiki/Q29946845">PDF/X-3:2003</a>, <a href="https://www.wikidata.org/wiki/Q29946810">PDF/X-2:2003</a>, <a href="https://www.wikidata.org/wiki/Q29946866">PDF/X-4</a>, <a href="https://www.wikidata.org/wiki/Q29946883">PDF/X-4p</a>, <a href="https://www.wikidata.org/wiki/Q29946898">PDF/X-5g</a>, <a href="https://www.wikidata.org/wiki/Q29946914">PDF/X-5n</a>, and <a href="https://www.wikidata.org/wiki/Q29946937">PDF/X-5pg</a>, respectively.  Links in this note are to the Wikidata entries. </fdd:note>
				</fdd:values>
			</fdd:other>
		</fdd:signifiersGroup>
	</fdd:fileTypeSignifiers>
	<fdd:notes>
		<fdd:general>
			<p>
				<b>Self-identification of PDF/X Conformance Levels</b>:  PDF/X profiles are known as &quot;conformance levels.&quot;  For PDF/X profiles based on PDF versions prior to PDF 1.6, self-identification of the conformance level was via the <i>GTS_PDFXVersion</i> key in the <i>info</i> directory, which was mandatory for conforming PDF/X files through PDF/X-3.  The value is a specified string that identifies both the conformance level and the year the specification was published and is enclosed in parentheses, e.g., "(PDF/X-3:2002)".</p>
			<p>There is one special case: a <i>PDF/X-1a:2001</i> file must have a <i>GTS_PDFXVersion</i> key with value "(PDF/X-1:2001)" and also have a <i>GTS_PDFXConformance</i> key in the <i>info</i> directory with value "(PDF/X-1a:2001)".  Adopting the pattern used in all other cases, a <i>PDF/X-1a:2003</i> file simply requires a <i>GTS_PDFXVersion</i> key with value "(PDF/X-1a:2003)".</p>
			<p>Beginning with PDF/X-4 and PDF/X-5, first published by ISO in 2008, a new mechanism for self-identification as compliant to a particular PDF/X profile was introduced.  These profiles, based on PDF 1.6, require an XMP-based document metadata stream.  Within that stream there is a mandatory <i>pdfxid:GTS_PDFXVersion</i> entry with a value that is a specified string that identifies the conformance level (without the year and without enclosing parentheses), e.g., &quot;PDF/X-5g&quot;.  Formally, this uses a PDF/X identification schema, with namespace URI <i>http://www.npes.org/pdfx/ns/id/</i> and prefix <i>pdfxid:</i>.</p>
			<p>
				<b>Entities involved in PDF/X standardization</b>: </p>
			<ul>
				<li>
					<a href="https://www.iso.org/committee/52214.html">ISO/TC130, Graphic technology</a> is responsible for a number of specific areas, covered by separate working groups.  Working Group 2 (ISO/TC 130/WG 2) covers <i>Prepress Data Exchange</i> and has been responsible for <fddLink id="fdd000072">TIFF/IT</fddLink> since around 1998 and PDF/X since 2000.  National standards bodies, such as the American National Standards Institute (ANSI) can appoint or accredit other bodies as <a href="https://www.ansi.org/iso/ansi-activities/us-tags">Technical Advisory Groups (TAGs)</a>.  These groups develop and transmit, via ANSI, U.S. positions on activities and ballots of specific ISO Technical Committees.  TAGs are also a source of experts to participate in ISO technical committees, subcommittees, and working groups.  See <a href="https://printtechnologies.org/programs/standards-workroom/international-standards/iso-tc-130-u-s-technical-advisory-group/">ISO TC 130 &amp; U.S. Technical Advisory Group</a>, and its <a href="https://printtechnologies.org/wp-content/uploads/2020/06/ustag-roster_2019-2.pdf">Roster</a>.  This TAG consists of industry experts and provides guidance to ANSI on the development of the U.S. position on International Standards relating to the graphic arts.</li>
				<li>
					<a href="https://printtechnologies.org/programs/standards-workroom/national-standards/cgats-technologies-standards/">CGATS</a> (Committee for Graphic Arts Technology Standards) provides a vehicle for other industry organizations that have specifications to work under the CGATS &quot;umbrella&quot; to move their work into the standards arena, and have the work developed and approved as an American National Standard.   CGATS was formed in 1987 by the Image Technology Standards Board (ITSB) of the American National Standards Institute (ANSI), and received ANSI accreditation in 1989 as the U.S. TAG to ISO/TC130. CGATS has working groups for different areas in scope for ISO/TC130.  See <a href="https://printtechnologies.org/wp-content/uploads/2020/10/CGATS-Roster_WEB.pdf">CGATS Roster (2020)</a>.  CGATS, in collaboration with DDAP (Digital Distribution of Advertising for Publications), developed the first version of PDF/X (based on PDF 1.2) as the ANSI standard <a href="https://webstore.ansi.org/standards/npes/ansicgats121999">CGATS.12/1,Graphic technology—Prepress digital data exchange—Use of PDF for composite data—Part 1: Complete exchange (PDF/X-1)</a>.  CGATS then submitted the standard to ISO/TC130 and steered it through the approval process.  The CGATS working group that works on PDF/X is Working Group 1 of CGATS Subcommittee 6.  However, most of the detailed technical work on PDF/X maintenance and development now happens in ISO/TC130/WG2/TF2 with international participation.</li>
				<li>
					<a href="https://en.wikipedia.org/wiki/NPES">NPES</a> and its successor, <a href="https://printtechnologies.org/">APTech</a>, have provided administrative support and acted as secretariat for CGATS since 1987 and also to the U.S. TAG to ISO/TC130.  The NPES acronym derives from <i>National Printing Equipment and Supply Association</i>, one of many names used by the association, which in January 2018 became the Association for Print Technologies (<a href="https://printtechnologies.org/">APTech</a>).  See also the <a href="https://web.archive.org/web/20150702095817/http://www.npes.org/">NPES.org website</a> from 2015 with announcement of the rebranding.</li>
				<li>
					<a href="https://printtechnologies.org/">Aptech</a> (Association for Print Technologies). New name for <a href="https://en.wikipedia.org/wiki/NPES">NPES</a>, adopted in January 2018.  APTech is a trade association of companies which manufacture and distribute equipment, systems, software, and supplies used in printing, publishing, and document conversion.  As of 2020, Aptech serves as the secretariat for both CGATS and the U.S. TAG to ISO/TC130.  See <a href="https://printtechnologies.org/programs/standards-workroom/">Aptech | Industry Standards</a>.</li>
				<li>
					<a href="https://web.archive.org/web/19990427014523/http://www.ddap.org:80/">DDAP</a> (Digital Distribution of Advertising for Publications).  From 1992 to 2005, the DDAP Association was a graphic arts industry group charged with promoting &quot;Universal Exchange of Advertising through Open Process Integration and Accredited Standards&quot;.  DDAP was an active sponsor of the development of TIFF/IT and the initial specification of PDF/X.  See, for example, the Resources page on the DDAP website as of <a href="https://web.archive.org/web/19991013110011/http://ddap.org/resources/index.html">October 1999</a> and <a href="https://web.archive.org/web/20031203045404/http://www.ddap.org:80/resources/index.html">December 2003</a>.  DDAP also managed the <a href="https://web.archive.org/web/20040101141208/http://www.pdf-x.com/">PDF-X.com</a> website, launched in 2002.  In May 2005, DDAP joined IDEAlliance as a Network Group and updated its acronym to &quot;Digital Directions in Applications for Production.&quot; See <a href="https://web.archive.org/web/20050625073718/http://www.ddap.org/">IDEAlliance Unveils New DDAP Name, Vision, Mission</a>.  In April 2004, DDAP had on its website a <a href="https://web.archive.org/web/20040423233428/http://www.ddap.org/resource_center/tiffit_position_paper.php">recommendation</a> of ISO 12639:1998 TIFF/IT-P1 for the delivery of digital advertising material. As of July 2005, the <a href="https://web.archive.org/web/20050729010830/http://www.ddap.org/resources/">DDAP Resource Center</a> on a newly designed website had no mention of TIFF/IT, listing only resources related to PDF/X.</li>
			</ul>
			<p>
				<b>Principles for PDF/X expressed as constraints on PDF</b>: The 2017 <a href="https://www.pdfa.org/wp-content/uploads/2017/05/PDFX-in-a-Nutshell.pdf">PDF/X in a Nutshell</a> brochure lists the following as core principles of PDF/X, indicating that the listed constraints apply to all parts and conformance levels of PDF/X.</p>
			<ul>
				<li>An OutputIntent must be present that uses an ICC profile to specify the intended printing conditions (print device type, paper type) when colors (or shades of gray) are defined.</li>
				<li>Spot colors may only be used if they have an alternate color, and this alternate color must be the same for all occurrences of the respective spot color.</li>
				<li>Fonts must be embedded (either fully embedded, or as an embedded subset in which all characters used in the text are present).</li>
				<li>Images must be present in the PDF (no external graphical content is allowed).</li>
				<li>No password protection of any type.</li>
				<li>No transfer curves (since they modify appearance of colors).</li>
				<li>No alternate images (e.g. no low-resolution alternates).</li>
				<li>If the bleed zone is defined, the BleedBox must be outside the printable area (the TrimBox).</li>
				<li>No use of LZW compression.</li>
				<li>No annotations in the print area.</li>
				<li>No audio, video or 3D annotations.</li>
				<li>No form fields or JavaScript.</li>
				<li>No embedded files.</li>
				<li>PDF metadata must indicate whether the PDF has been trapped, or not.</li>
				<li>PDF metadata must claim conformance to PDF/X and to which part and conformance level of the PDF/X standard.</li>
			</ul>
			<p>Note that PDF/X-6 does not retain all these constraints.   See <a href="https://www.pdfa.org/the-new-pdf-2-0-and-subset-standards/">The new PDF 2.0 and subset standards (December 16, 2020)</a>, which states, &quot;For the first time PDF/X-6 permits PDF/X files to have annotations, including digital signatures, form fields and videos, reducing complexity in multi-channel workflows.&quot;</p>
		</fdd:general>
		<fdd:history>
			<p>The first PDF specification was published in 1993. By 1996 CGATS and DDAP (Digital Distribution of Advertising for Publications) working groups were in dialogue with Adobe to develop a subset of PDF for graphic arts data exchange.  The first PDF/X standard was published in 1999 by the Committee for Graphic Arts Technology Standards (<a href="https://printtechnologies.org/programs/standards-workroom/national-standards/cgats-technologies-standards/">CGATS</a>) as CGATS.12/1,Graphic technology—Prepress digital data exchange—Use of PDF for composite data—Part 1: Complete exchange (PDF/X-1) and was based on PDF Version 1.2.  This attracted the attention of the international community and a new work item was created in ISO/TC130, Graphic technology, to create an international standard based on the initial work by CGATS.  See <a href="https://prepress.ch/e/presentations/sb99/PDF-Day.pdf">PDF for Prepress</a>, a 1999 presentation by Stephan Jaeggi.</p>
			<p>The first standard related to PDF/X published by ISO, was ISO 15930-1, published in December 2001.  Since then, additional parts for ISO 15930 have been published, introducing new and updated specifications, based on newer underlying PDF versions and offering different functional profiles (complete or partial exchange; CMYK or colour-managed workflows).  See <a href="https://www.pdfa.org/wp-content/uploads/2017/05/PDFX-in-a-Nutshell.pdf">PDF/X in a Nutshell</a> from the PDF Association for more details on the history and different functional profiles.</p>
		</fdd:history>
	</fdd:notes>
	<fdd:formatSpecifications>
		<fdd:urls>
			<fdd:url>
				<fdd:urlGroup>
					<fdd:intro>ISO 15930.  Graphic technology - Prepress digital data exchange using PDF.  As of May 2019, the following parts are current: 1, 3, 4, 6, 7, 8, 9.  Part 2 was never published.  Part 5 (for PDF/X-2) was withdrawn in 2011.  The relationship between parts of ISO 15390 and functional profiles of PDF/X is not straightforward.  </fdd:intro>
					<fdd:urlList>
						<fdd:urlReference>
							<link>https://www.iso.org/standard/29061.html</link>
							<tag>ISO 15930-1:2001 Graphic technology -- Prepress digital data exchange -- Use of PDF -- Part 1: Complete exchange using CMYK data (PDF/X-1 and PDF/X-1a)</tag>
							<comment>Reviewed and confirmed in 2017.</comment>
						</fdd:urlReference>
						<fdd:urlReference>
							<link>https://www.iso.org/standard/34941.html</link>
							<tag>ISO 15930-3:2002  Graphic technology -- Prepress digital data exchange -- Use of PDF -- Part 3: Complete exchange suitable for colour-managed workflows (PDF/X-3)</tag>
							<comment>Reviewed and confirmed in 2018.</comment>
						</fdd:urlReference>
						<fdd:urlReference>
							<link>https://www.iso.org/standard/39938.html</link>
							<tag>ISO 15930-4:2003.  Graphic technology -- Prepress digital data exchange using PDF -- Part 4: Complete exchange of CMYK and spot colour printing data using PDF 1.4 (PDF/X-1a)</tag>
							<comment>Reviewed and confirmed in 2020.</comment>
						</fdd:urlReference>
						<fdd:urlReference>
							<link>https://www.iso.org/standard/39940.html</link>
							<tag>ISO 15930-6:2003  Graphic technology -- Prepress digital data exchange using PDF -- Part 6: Complete exchange of printing data suitable for colour-managed workflows using PDF 1.4 (PDF/X-3)</tag>
							<comment>Reviewed and confirmed in 2015.</comment>
						</fdd:urlReference>
						<fdd:urlReference>
							<link>https://www.iso.org/standard/55843.html</link>
							<tag>ISO 15930-7:2010  Graphic technology -- Prepress digital data exchange using PDF -- Part 7: Complete exchange of printing data (PDF/X-4) and partial exchange of printing data with external profile reference (PDF/X-4p) using PDF 1.6</tag>
							<comment>Specifies PDF/X-4 conformance level, which incorporates all features available in PDF/X-1a and PDF/X-3 conformance levels. Reviewed and confirmed in 2015</comment>
						</fdd:urlReference>
						<fdd:urlReference>
							<link>https://www.iso.org/standard/55844.html</link>
							<tag>ISO 15930-8:2010  Graphic technology -- Prepress digital data exchange using PDF -- Part 8: Partial exchange of printing data using PDF 1.6 (PDF/X-5)</tag>
							<comment>Technical Corrigendum #1 corrects spelling and capitalization of XMP properties.  Reviewed and confirmed in 2015.</comment>
						</fdd:urlReference>
						<fdd:urlReference>
							<link>https://www.iso.org/standard/77103.html</link>
							<tag>ISO 15930-9:2020 Graphic technology -- Prepress digital data exchange using PDF -- Part 9: Complete exchange of printing data (PDF/X-6) and partial exchange of printing data with external profile reference (PDF/X-6p and PDF/X-6n) using PDF 2.0-- Part 8:</tag>
						</fdd:urlReference>
					</fdd:urlList>
				</fdd:urlGroup>
			</fdd:url>
			<fdd:url>
				<fdd:urlGroup>
					<fdd:intro>PDF/X standards no longer current, as of May 2019.</fdd:intro>
					<fdd:urlList>
						<fdd:urlReference>
							<link>https://webstore.ansi.org/standards/npes/ansicgats121999</link>
							<tag> ANSI CGATS.12/1-1999
Graphic Technology - Prepress Digital Data Exchange - Use of PDF for Composite Data - Part 1: Complete Exchange (PDF/X-1)</tag>
							<comment>Superseded by ISO versions of PDF/X.  Based on PDF 1.2.  Permitted encryption.  Very few commercial implementations released..</comment>
						</fdd:urlReference>
						<fdd:urlReference>
							<link>https://www.iso.org/standard/34607.html</link>
							<tag>ISO 15929:2002.  Graphic technology - Prepress digital data exchange - Guidelines and principles for the development of PDF/X standards.</tag>
							<comment>Withdrawn in 2007.</comment>
						</fdd:urlReference>
						<fdd:urlReference>
							<link>https://www.iso.org/standard/39939.html</link>
							<tag>
ISO 15930-5:2003
Graphic technology -- Prepress digital data exchange using PDF -- Part 5: Partial exchange of printing data using PDF 1.4 (PDF/X-2)
</tag>
							<comment>An extension of PDF/X-3 which allowed for external linked data to be included.  Withdrawn in 2011.</comment>
						</fdd:urlReference>
					</fdd:urlList>
				</fdd:urlGroup>
			</fdd:url>
			<fdd:url>
				<fdd:urlGroup>
					<fdd:intro>See <fddLink id="fdd000030">PDF_family</fddLink> for links to the specifications for PDF versions that are the basis for different versions of PDF/X.</fdd:intro>
					<fdd:urlList/>
				</fdd:urlGroup>
			</fdd:url>
		</fdd:urls>
	</fdd:formatSpecifications>
	<fdd:usefulReferences>
		<fdd:urls>
			<fdd:url>
				<fdd:urlReference>
					<link>https://en.wikipedia.org/wiki/PDF/X</link>
					<tag>PDF/X entry in Wikipedia</tag>
				</fdd:urlReference>
			</fdd:url>
			<fdd:url>
				<fdd:urlGroup>
					<fdd:intro>The PDF/X FAQ by Martin Bailey of Global Graphics Software was released in several updates.  Copies have been available from many sources.</fdd:intro>
					<fdd:urlList>
						<fdd:urlReference>
							<link>https://planetpdf.com/planetpdf/pdfs/pdfxfaq_jan2002.pdf</link>
							<tag>PDF/X Frequently Asked Questions (January 2002) | by Martin Bailey</tag>
							<comment>Considers as current PDF/X-1a:2001 and PDF/X-3:2002.  Discourages use of PDF/X-1:1999 and PDF/X-1:2001</comment>
						</fdd:urlReference>
						<fdd:urlReference>
							<link>https://web.archive.org/web/20201001151231/http://www.pdfxreport.com/doku.php?id=en:faq</link>
							<tag>PDF/X Frequently Asked Questions (November 2003) | by Martin Bailey. Link now via Internet Archive.</tag>
							<comment>Discourages use of PDF/X-1:2001. Considers as current PDF/X1a:2001, PDF/X3:2002, PDF/X-2:2003. Recommends watching for adoption of PDF/X-1a:2003 and PDF/X-3:2003.</comment>
						</fdd:urlReference>
						<fdd:urlReference>
							<link>https://web.archive.org/web/20180415165348/http://www.npes.org/LinkClick.aspx?fileticket=qStx8zxAyHA=&amp;tabid=158&amp;mid=669</link>
							<tag>PDF/X Frequently Asked Questions (Nov 2005) | by Martin Bailey</tag>
							<comment>Link via Internet Archive from NPES website</comment>
						</fdd:urlReference>
						<fdd:urlReference>
							<link>https://secureservercdn.net/198.71.233.47/vgc.803.myftpupload.com/wp-content/uploads/2020/03/pdf-faq_fileticketqStx8zxAyHAtabid158mid669.pdf</link>
							<tag>PDF/X Frequently Asked Questions (Nov 2005) | by Martin Bailey</tag>
							<comment>From Aptech.</comment>
						</fdd:urlReference>
						<fdd:urlReference>
							<link>https://idealliance.org/files/IPA_pdfxq_a4.pdf</link>
							<tag>PDF/X: FrequentlyAsked Questions-Part IV (2006) | by Martin Bailey</tag>
							<comment>The FAQ was published in 4 parts in the IPA Bulletin in 2006.  Only Part 4 is available online as of May 2019.This version </comment>
						</fdd:urlReference>
					</fdd:urlList>
				</fdd:urlGroup>
			</fdd:url>
			<fdd:url>
				<fdd:urlReference>
					<link>https://www.pdfa.org/wp-content/uploads/2017/05/PDFX-in-a-Nutshell.pdf</link>
					<tag>PDF/X in a Nutshell | PDF Association (2017)</tag>
				</fdd:urlReference>
			</fdd:url>
			<fdd:url>
				<fdd:urlGroup>
					<fdd:intro>Selected resources from Aptech (Association of Print Technologies) at <a href="https://printtechnologies.org/">https://printtechnologies.org/</a>.  Aptech was formerly known as <a href="https://en.wikipedia.org/wiki/NPES">NPES</a> and provides administrative services for CGATS and the U.S. TAG to ISO/TC130.</fdd:intro>
					<fdd:urlList>
						<fdd:urlReference>
							<link>https://printtechnologies.org/programs/standards-workroom/tools-best-practices/pdf-x/</link>
							<tag>APTech | Tools and Best Practices: PDF/X</tag>
						</fdd:urlReference>
						<fdd:urlReference>
							<link>https://printtechnologies.org/programs/standards-workroom/</link>
							<tag>APTech | Industry Standards</tag>
						</fdd:urlReference>
						<fdd:urlReference>
							<link>https://printtechnologies.org/programs/standards-workroom/international-standards/</link>
							<tag>APTech | International Standards</tag>
						</fdd:urlReference>
						<fdd:urlReference>
							<link>https://printtechnologies.org/programs/standards-workroom/tools-best-practices/</link>
							<tag>APTech | Tools &amp; Best Practices </tag>
						</fdd:urlReference>
						<fdd:urlReference>
							<link>https://printtechnologies.org/wp-content/uploads/2020/06/ustag-roster_2019-2.pdf</link>
							<tag>U.S. Technical Advisory Group to ISO Technical Committee 130 (USTAG) Roster</tag>
						</fdd:urlReference>
						<fdd:urlReference>
							<link>https://printtechnologies.org/programs/standards-workroom/national-standards/cgats-technologies-standards/</link>
							<tag>APTech | Committee for Graphic Arts Technology Standards (CGATS)</tag>
							<comment>Working Group 1 of CGATS Subcommittee 6 is for PDF/X.</comment>
						</fdd:urlReference>
						<fdd:urlReference>
							<link>https://printtechnologies.org/wp-content/uploads/2020/10/CGATS-Roster_WEB.pdf</link>
							<tag>Committee for Graphic Arts Technologies Standards (CGATS) Roster (2020)</tag>
						</fdd:urlReference>
					</fdd:urlList>
				</fdd:urlGroup>
			</fdd:url>
			<fdd:url>
				<fdd:urlGroup>
					<fdd:intro>Application Notes for PDF/X Standards</fdd:intro>
					<fdd:urlList>
						<fdd:urlReference>
							<link>https://web.archive.org/web/20191023232512/http://www.valleynewspapers.org/PDF/PDF-X_Application-Notes_V3.pdf</link>
							<tag>Application Notes for PDF/X Standards, Version 3 (September 2002) | link now via Internet Archive</tag>
						</fdd:urlReference>
						<fdd:urlReference>
							<link>https://printtechnologies.org/programs/standards-workroom/tools-best-practices/pdf-x/</link>
							<tag>Aptech Tools and Best Practices: PDF/X | Application Notes for PDF/X Standards </tag>
							<comment>Relate to PDF/X-1a:2003, PDF/X-2:2003, and PDF/X-3:2003</comment>
						</fdd:urlReference>
					</fdd:urlList>
				</fdd:urlGroup>
			</fdd:url>
			<fdd:url>
				<fdd:urlGroup>
					<fdd:intro>Selected resources from the <a href="https://www.gwg.org/">Ghent Workgroup (GWG)</a>, an international organization made up of graphic arts users, associations, and developers.  GWG documents best practices and builds support tools for publishing and packaging workflows.</fdd:intro>
					<fdd:urlList>
						<fdd:urlReference>
							<link>https://www.gwg.org/learn/pdf/</link>
							<tag>Ghent Workgroup | Resources for PDF, mainly for PDF/X and PDF/VT</tag>
							<comment>The Ghent Workgroup is an international organization made up of graphic arts users, associations and developers building best practices for publishing and packaging workflows.</comment>
						</fdd:urlReference>
						<fdd:urlReference>
							<link>https://www.gwg.org/wp-content/uploads/PDFX-output-Intents.pdf</link>
							<tag>PDF/X Output Intents | from the Ghent Workgroup</tag>
						</fdd:urlReference>
						<fdd:urlReference>
							<link>https://www.gwg.org/instructions-for-successful-output-with-ghent-pdf-output-suite-5-0/</link>
							<tag>Instructions for successful output of Ghent PDF Output Suite 5.0</tag>
							<comment>Lists printing hardware and software that support PDF/X-4</comment>
						</fdd:urlReference>
						<fdd:urlReference>
							<link>https://www.gwg.org/workflow-tools-downloads/overview-of-gwg-compliant-applications/</link>
							<tag>GWG Compliant Applications</tag>
							<comment> lists all applications that have been verified by the GWG to be compliant with one or more of the GWG specifications, which are based on PDF/X.</comment>
						</fdd:urlReference>
					</fdd:urlList>
				</fdd:urlGroup>
			</fdd:url>
			<fdd:url>
				<fdd:urlGroup>
					<fdd:intro>Resources discussing PDF/X from companies providing commercial services and products for the printing industry.</fdd:intro>
					<fdd:urlList>
						<fdd:urlReference>
							<link>https://web.archive.org/web/20150318103725/http://www.globalgraphics.com/technology/pdfx/</link>
							<tag>PDF/X information and tools</tag>
							<comment>From GlobalGraphics in 2015.  Link via Internet Archive.</comment>
						</fdd:urlReference>
						<fdd:urlReference>
							<link>https://www.foxit.com/blog/pdfx-offers-a-family-of-pdf-standards-for-printing-and-publishing/</link>
							<tag>PDF/X Offers a Family of PDF Standards for Printing and Publishing (2013) | Blog post from Foxit Software</tag>
						</fdd:urlReference>
						<fdd:urlReference>
							<link>https://prepress.com/pdfx-or-pdf/</link>
							<tag>PDF/X or PDF? | Blog post from Prepress.com (January 2016)</tag>
							<comment>Describes advantages of using PDF/X rather than plain PDF for print output.</comment>
						</fdd:urlReference>
						<fdd:urlReference>
							<link>https://www.pdfx-ready.ch/en/about-us/</link>
							<tag>PDFX-ready Association</tag>
							<comment>PDFX-ready provides tools and guidelines for PDF/X-1a and PDF/X-4 workflows.</comment>
						</fdd:urlReference>
						<fdd:urlReference>
							<link>https://www.pdfx-ready.ch/en/guideline/</link>
							<tag>PDFX-ready Guideline: Workflow V2 - CMYK</tag>
							<comment>PDFX-ready provides tools and guidelines for PDF/X-1a and PDF/X-4 workflows. This guideline concentrates on the PDF/X-4 workflow using CMYK and spot colours.</comment>
						</fdd:urlReference>
						<fdd:urlReference>
							<link>https://wiki.esko.com/pages/viewpage.action?pageId=172017035</link>
							<tag>PDF/X-4.0 Compatibility | Esko WebCenter: KB170995288</tag>
						</fdd:urlReference>
						<fdd:urlReference>
							<link>https://printplanet.com/threads/xerox-confused-by-pdf-x.22915/</link>
							<tag>Q&amp;A on Xerox confused by PDF-X? | from PrintPlanet</tag>
						</fdd:urlReference>
						<fdd:urlReference>
							<link>https://blog.globalgraphics.com/whats-the-difference-between-pdfx-1a-and-pdfx-4/</link>
							<tag>What’s the difference between PDF/X-1a and PDF/X-4? (August 2020) | by Martin Bailey of Global Graphics</tag>
						</fdd:urlReference>
					</fdd:urlList>
				</fdd:urlGroup>
			</fdd:url>
			<fdd:url>
				<fdd:urlGroup>
					<fdd:intro>Resources related to use of PDF/X for submission of advertisements to print publications.</fdd:intro>
					<fdd:urlList>
						<fdd:urlReference>
							<link>https://web.archive.org/web/20031116204944/http://ddap.org/resources/white_papers/PDFXPosition.pdf</link>
							<tag>PDF/X as a File Format for Delivery of Digital Advertising (October, 2001) | DDAP</tag>
							<comment>Beginning in 2001, DDAP recommended PDF/X-1a.</comment>
						</fdd:urlReference>
						<fdd:urlReference>
							<link>https://web.archive.org/web/20050729010830/http://www.ddap.org/resources/</link>
							<tag>DDAP Resource Center (as of July 2005)</tag>
						</fdd:urlReference>
						<fdd:urlReference>
							<link>https://magazinescanada.ca/wp-content/uploads/2016/08/Magazines_Canada_PDFX4_Web.pdf</link>
							<tag>PDF/X-4 for Digital Ad Submission: Overview and Practice</tag>
							<comment>Endorsement from 2016 for PDF/X-4 from Magazines Canada, an association representing the majority of Canadian-owned, Canadian-content consumer, cultural, specialty, professional and business magazines.</comment>
						</fdd:urlReference>
					</fdd:urlList>
				</fdd:urlGroup>
			</fdd:url>
			<fdd:url>
				<fdd:urlGroup>
					<fdd:intro>Presentation at PDF Days Europe 2018 meeting held by the PDF Association entitled &quot;PDF’s ISO-standardized subsets: a tour&quot; by Dietrich von Seggern of callas software GmbH.</fdd:intro>
					<fdd:urlList>
						<fdd:urlReference>
							<link>https://www.pdfa.org/wp-content/uploads/2018/06/1145_von_Seggern.pdf</link>
							<tag>PDF’s ISO-standardized subsets: a tour (2018) | slides</tag>
						</fdd:urlReference>
						<fdd:urlReference>
							<link>https://www.youtube.com/watch?v=9BX0Sek696A</link>
							<tag>PDF’s ISO-standardized subsets: a tour | video</tag>
						</fdd:urlReference>
					</fdd:urlList>
				</fdd:urlGroup>
			</fdd:url>
			<fdd:url>
				<fdd:urlGroup>
					<fdd:intro>Fall 2020 resources from the PDF Association relating to PDF/X-6</fdd:intro>
					<fdd:urlList>
						<fdd:urlReference>
							<link>https://www.pdfa.org/the-new-pdf-2-0-and-subset-standards/</link>
							<tag>The new PDF 2.0 and subset standards (December 16, 2020)</tag>
						</fdd:urlReference>
						<fdd:urlReference>
							<link>https://www.youtube.com/watch?v=Rc6mPNWy5I4</link>
							<tag>PDF/A-4, PDF/X-6 and the other new PDF standards (2020) | video</tag>
							<comment> From OctoberPDFfest meeting.  By Dietrich von Seggern of callas software GmbH.</comment>
						</fdd:urlReference>
					</fdd:urlList>
				</fdd:urlGroup>
			</fdd:url>
			<fdd:url>
				<fdd:urlGroup>
					<fdd:intro>Resources related to PDF 2.0 features that support printing innovations and plans for PDF/X-6.</fdd:intro>
					<fdd:urlList>
						<fdd:urlReference>
							<link>https://www.globalgraphics.com/globalgraphics-software/impact-of-pdf-2-0-on-print-production</link>
							<tag>The Impact of
PDF 2.0 on
Print Production | by Martin Bailey of Global Graphics Software (August 2017) </tag>
							<comment>White paper aimed at the printing industry.  Covers changes significant to PDF/X users.</comment>
						</fdd:urlReference>
						<fdd:urlReference>
							<link>https://color.printing.org/wp-content/uploads/2019/01/Isaacs-EndtoEndPublishingPDF.pdf</link>
							<tag>End-to-End Publishing with PDF 2.0 and PDF/X-6 | presentation by Dov Isaacs of Adobe</tag>
						</fdd:urlReference>
						<fdd:urlReference>
							<link>https://www.pdflib.com/pdf-knowledge-base/future-iso-standards/</link>
							<tag>Future ISO standards based on PDF 2.0 | from PDFlib GmbH</tag>
							<comment>Indicates that PDF/X-6 will not have conformance levels for partial exchange equivalent to PDF/X-5g and PDF/X-pg.</comment>
						</fdd:urlReference>
					</fdd:urlList>
				</fdd:urlGroup>
			</fdd:url>
			<fdd:url>
				<fdd:urlGroup>
					<fdd:intro>Resources related to support for PDF/X in Adobe products</fdd:intro>
					<fdd:urlList>
						<fdd:urlReference>
							<link>https://planetpdf.com/planetpdf/pdfs/acro_aag_ue.pdf</link>
							<tag>Adobe Acrobat 6.0 Professional: For Prepress and Print Professionals (2003)</tag>
						</fdd:urlReference>
						<fdd:urlReference>
							<link>https://help.adobe.com/archive/en_US/acrobat/7/professional/ACROHELP.PDF</link>
							<tag>Acrobat 7.0 Professional | Help (2004)</tag>
							<comment>Indicates support for PDF/X-1a:2001, PDF/X-1a:2003, PDF/X-3:2002, PDF/X-3:2003.</comment>
						</fdd:urlReference>
						<fdd:urlReference>
							<link>https://help.adobe.com/archive/en_US/acrobat/8/professional/acrobat_8_help.pdf</link>
							<tag>Acrobat 8 Professional | User Guide (2007)</tag>
							<comment>Indicates support for PDF/X-1a, PDF/X-3, and PDF/X-4.</comment>
						</fdd:urlReference>
						<fdd:urlReference>
							<link>https://helpx.adobe.com/indesign/using/exporting-publishing-pdf.html#adobe_pdf_presets</link>
							<tag>Adobe InDesign Help | Export to Adobe PDF: Adobe PDF presets</tag>
							<comment>By default Adobe InDesign offers output to PDF/X 1a:2001, PDF/X-3:2002, and PDF/X 4 by default.  Presets for PDF/X1 a:2003 and PDF/X 3:2003 presets are distributed as optional extras.</comment>
						</fdd:urlReference>
					</fdd:urlList>
				</fdd:urlGroup>
			</fdd:url>
			<fdd:url>
				<fdd:urlGroup>
					<fdd:intro>Resources related to the early history of PDF/X</fdd:intro>
					<fdd:urlList>
						<fdd:urlReference>
							<link>https://www.pdf-aktuell.ch/docs/wp/pdf_wp.pdf</link>
							<tag>PDF for Prepress (1998) | White paper by PDF Experts Roundtable</tag>
							<comment>By representatives of the German and Swiss professional print publishing industry. </comment>
						</fdd:urlReference>
						<fdd:urlReference>
							<link>https://pdf-aktuell.ch/pa/language/en/our-white-paper-has-changed-prepress-20-years-ago/</link>
							<tag>Our white paper has changed
prepress 20 years ago | article by Stephan Jaeggi</tag>
						</fdd:urlReference>
						<fdd:urlReference>
							<link>https://prepress.ch/e/presentations/sb99/PDF-Day.pdf</link>
							<tag>PDF for Prepress (1999) | presentation by Stephan Jaeggi, PrePress-Consulting</tag>
						</fdd:urlReference>
						<fdd:urlReference>
							<link>https://web.archive.org/web/20010813191515/http:/www.npes.org/standards/workroom.html</link>
							<tag>NPES Standards Workroom (as of August 13, 2001)</tag>
							<comment>Provides evidence of activity on PDF/X in 2001 in CGATS and in ISO TC130/WG2/TF2.  Link via Internet Archive.  Linked documents were not captured by IA.</comment>
						</fdd:urlReference>
						<fdd:urlReference>
							<link>https://web.archive.org/web/20020601235847/http:/www.npes.org/standards/news.html</link>
							<tag>NPES Standards News (as of June 2002) </tag>
							<comment>Indicates that PDF/X standard was approved by ISO in January 2002.  Link via Internet Archive.  Linked documents were not captured by IA.</comment>
						</fdd:urlReference>
						<fdd:urlReference>
							<link>https://www.color.org/IPA_2003-11_PDFX.pdf</link>
							<tag>PDF/X, Characterized Printing Conditions &amp; Color Management (2003) | byDavid McDowell, NPES/Eastman Kodak Company</tag>
							<comment>Originally published in IPA Bulletin November/December 2003</comment>
						</fdd:urlReference>
						<fdd:urlReference>
							<link>https://web.archive.org/web/20040101141208/http://www.pdf-x.com/</link>
							<tag>PDF/X.COM | website managed by DDAP (as of January 1, 2004)</tag>
						</fdd:urlReference>
						<fdd:urlReference>
							<link>https://web.archive.org/web/20040423233428/http://www.ddap.org/resource_center/tiffit_position_paper.php</link>
							<tag>DDAP Position Statement: TIFF/IT as a File Format for Delivery of Digital Advertising
(October 2001)</tag>
							<comment>Link (as of April 2004) via Internet Archive</comment>
						</fdd:urlReference>
						<fdd:urlReference>
							<link>https://web.archive.org/web/20031116204944/http://ddap.org/resources/white_papers/PDFXPosition.pdf</link>
							<tag>DDAP Position Statement: PDF/X as a File Format for Delivery of Digital Advertising, October, 2001</tag>
							<comment>Link via Internet Archive as of November 2003.</comment>
						</fdd:urlReference>
						<fdd:urlReference>
							<link>https://web.archive.org/web/19991013110011/http://ddap.org/resources/index.html</link>
							<tag>DDAP Resource Center (as of October 1999)</tag>
							<comment>Link via Internet Archive.</comment>
						</fdd:urlReference>
						<fdd:urlReference>
							<link>https://web.archive.org/web/20031203045404/http://www.ddap.org:80/resources/index.html</link>
							<tag>DDAP Resource Center (as of December 2003)</tag>
							<comment>Link via Internet Archive.</comment>
						</fdd:urlReference>
						<fdd:urlReference>
							<link>https://web.archive.org/web/20050729010830/http://www.ddap.org/resources/</link>
							<tag>DDAP Resource Center (as of July 29, 2005)</tag>
							<comment>Link via Internet Archive.  No mention of TIFF/IT.  Listed only resources for PDF/X.</comment>
						</fdd:urlReference>
						<fdd:urlReference>
							<link>https://www.swop.org/about/milestones.asp</link>
							<tag>SWOP (Specifications for Web Offset Publications) | Milestones</tag>
						</fdd:urlReference>
						<fdd:urlReference>
							<link>https://web.archive.org/web/20201026105032/https://www.wsprint.org/tips/technology/pdf-and-pdfx-standards-demystified/</link>
							<tag>PDF and PDF/X Standards Demystified (2014) | from Western States Printing Alliance</tag>
							<comment>Includes a chronology through PDF/X-5.</comment>
						</fdd:urlReference>
						<fdd:urlReference>
							<link>https://www.callassoftware.com/en/blog/how-pdf-changed-prepress-production-dramatically-in-the-last-25-years</link>
							<tag>How PDF changed prepress production dramatically in the last 25 years (2018) | blog post from callas software </tag>
						</fdd:urlReference>
					</fdd:urlList>
				</fdd:urlGroup>
			</fdd:url>
			<fdd:url>
				<fdd:urlGroup>
					<fdd:intro>Open Prepress Interface (OPI)</fdd:intro>
					<fdd:urlList>
						<fdd:urlReference>
							<link>https://www.adobe.com/content/dam/acom/en/devnet/postscript/pdfs/OPI_13.pdf</link>
							<tag>Open Prepress Interface (OPI) Specification 1.3</tag>
						</fdd:urlReference>
						<fdd:urlReference>
							<link>https://www.pdfa.org/wp-content/uploads/2020/07/5660_OPI_2_0.pdf</link>
							<tag>Open Prepress Interface (OPI) Specification 2.0</tag>
						</fdd:urlReference>
					</fdd:urlList>
				</fdd:urlGroup>
			</fdd:url>
			<fdd:url>
				<fdd:urlGroup>
					<fdd:intro>Entries in PRONOM from the UK National Archives for PDF/X conformance levels, with PUIDs:</fdd:intro>
					<fdd:urlList>
						<fdd:urlReference>
							<link>https://www.nationalarchives.gov.uk/PRONOM/fmt/144</link>
							<tag>PRONOM entry for fmt/144</tag>
							<comment>Information in PRONOM about PDF/X-1:1999.  PUID: fmt/144</comment>
						</fdd:urlReference>
						<fdd:urlReference>
							<link>https://www.nationalarchives.gov.uk/PRONOM/fmt/145</link>
							<tag>PRONOM entry for fmt/145</tag>
							<comment>Information in PRONOM about PDF/X-1:2001.  PUID: fmt/145</comment>
						</fdd:urlReference>
						<fdd:urlReference>
							<link>https://www.nationalarchives.gov.uk/PRONOM/fmt/157</link>
							<tag>PRONOM entry for fmt/157</tag>
							<comment>Information in PRONOM about PDF/X-1a:2001.  PUID: fmt/157</comment>
						</fdd:urlReference>
						<fdd:urlReference>
							<link>https://www.nationalarchives.gov.uk/PRONOM/fmt/146</link>
							<tag>PRONOM entry for fmt/146</tag>
							<comment>Information in PRONOM about PDF/X-1a:2003.  PUID: fmt/146</comment>
						</fdd:urlReference>
						<fdd:urlReference>
							<link>https://www.nationalarchives.gov.uk/PRONOM/fmt/158</link>
							<tag>PRONOM entry for fmt/158</tag>
							<comment>Information in PRONOM about PDF/X-3:2002.  PUID: fmt/158</comment>
						</fdd:urlReference>
						<fdd:urlReference>
							<link>https://www.nationalarchives.gov.uk/PRONOM/fmt/148</link>
							<tag>PRONOM entry for fmt/148</tag>
							<comment>Information in PRONOM about PDF/X-3:2003.  PUID: fmt/148</comment>
						</fdd:urlReference>
						<fdd:urlReference>
							<link>https://www.nationalarchives.gov.uk/PRONOM/fmt/147</link>
							<tag>PRONOM entry for fmt/147</tag>
							<comment>Information in PRONOM about PDF/X-2:2003.  PUID: fmt/147</comment>
						</fdd:urlReference>
						<fdd:urlReference>
							<link>https://www.nationalarchives.gov.uk/PRONOM/fmt/488</link>
							<tag>PRONOM entry for fmt/488</tag>
							<comment>Information in PRONOM about PDF/X-4.  PUID: fmt/488</comment>
						</fdd:urlReference>
						<fdd:urlReference>
							<link>https://www.nationalarchives.gov.uk/PRONOM/fmt/489</link>
							<tag>PRONOM entry for fmt/489</tag>
							<comment>Information in PRONOM about PDF/X-4p.  PUID: fmt/489</comment>
						</fdd:urlReference>
						<fdd:urlReference>
							<link>https://www.nationalarchives.gov.uk/PRONOM/fmt/490</link>
							<tag>PRONOM entry for fmt/490</tag>
							<comment>Information in PRONOM about PDF/X-5g.  PUID: fmt/490</comment>
						</fdd:urlReference>
						<fdd:urlReference>
							<link>https://www.nationalarchives.gov.uk/PRONOM/fmt/492</link>
							<tag>PRONOM entry for fmt/492</tag>
							<comment>Information in PRONOM about PDF/X-5n.  PUID: fmt/492</comment>
						</fdd:urlReference>
						<fdd:urlReference>
							<link>https://www.nationalarchives.gov.uk/PRONOM/fmt/491</link>
							<tag>PRONOM entry for fmt/491</tag>
							<comment>Information in PRONOM about PDF/X-5pg.  PUID: fmt/491</comment>
						</fdd:urlReference>
					</fdd:urlList>
				</fdd:urlGroup>
			</fdd:url>
			<fdd:url>
				<fdd:urlReference>
					<link>https://www.wikidata.org/wiki/Q1423339</link>
					<tag>Wikidata entry for Q1423339</tag>
					<comment>Information in WikiData about Portable Document Format/Exchange (PDF/X). WikiData Title ID: Q1423339.</comment>
				</fdd:urlReference>
			</fdd:url>
			<fdd:url>
				<fdd:urlGroup>
					<fdd:intro>Wikidata Title IDs for PDF/X conformance levels</fdd:intro>
					<fdd:urlList>
						<fdd:urlReference>
							<link>https://www.wikidata.org/wiki/Q29946692</link>
							<tag>WikiData entry for Q29946692</tag>
							<comment>Information in WikiData about PDF/X-1:1999. WikiData Title ID: Q29946692.</comment>
						</fdd:urlReference>
						<fdd:urlReference>
							<link>https://www.wikidata.org/wiki/Q29946713</link>
							<tag>WikiData entry for Q29946713</tag>
							<comment>Information in WikiData about PDF/X-1:2001. WikiData Title ID: Q29946713.</comment>
						</fdd:urlReference>
						<fdd:urlReference>
							<link>https://www.wikidata.org/wiki/Q29946726</link>
							<tag>WikiData entry for Q29946726</tag>
							<comment>Information in WikiData about PDF/X-1a:2001. WikiData Title ID: Q29946726.</comment>
						</fdd:urlReference>
						<fdd:urlReference>
							<link>https://www.wikidata.org/wiki/Q29946771</link>
							<tag>WikiData entry for Q29946771</tag>
							<comment>Information in WikiData about PDF/X-1a:2003. WikiData Title ID: Q29946771.</comment>
						</fdd:urlReference>
						<fdd:urlReference>
							<link>https://www.wikidata.org/wiki/Q29946829</link>
							<tag>WikiData entry for Q29946829</tag>
							<comment>Information in WikiData about PDF/X-3:2002. WikiData Title ID: Q29946829.</comment>
						</fdd:urlReference>
						<fdd:urlReference>
							<link>https://www.wikidata.org/wiki/Q29946845</link>
							<tag>WikiData entry for Q29946845</tag>
							<comment>Information in WikiData about PDF/X-3:2003. WikiData Title ID: Q29946845.</comment>
						</fdd:urlReference>
						<fdd:urlReference>
							<link>https://www.wikidata.org/wiki/Q29946810</link>
							<tag>WikiData entry for Q29946810</tag>
							<comment>Information in WikiData about PDF/X-2:2003. WikiData Title ID: Q29946810.</comment>
						</fdd:urlReference>
						<fdd:urlReference>
							<link>https://www.wikidata.org/wiki/Q29946866</link>
							<tag>WikiData entry for Q29946866</tag>
							<comment>Information in WikiData about PDF/X-4. WikiData Title ID: Q29946866.</comment>
						</fdd:urlReference>
						<fdd:urlReference>
							<link>https://www.wikidata.org/wiki/Q29946883</link>
							<tag>WikiData entry for Q29946883</tag>
							<comment>Information in WikiData about PDF/X-4p. WikiData Title ID: Q29946883.</comment>
						</fdd:urlReference>
						<fdd:urlReference>
							<link>https://www.wikidata.org/wiki/Q29946898</link>
							<tag>WikiData entry for Q29946898</tag>
							<comment>Information in WikiData about PDF/X-5g. WikiData Title ID: Q29946898.</comment>
						</fdd:urlReference>
						<fdd:urlReference>
							<link>https://www.wikidata.org/wiki/Q29946914</link>
							<tag>WikiData entry for Q29946914</tag>
							<comment>Information in WikiData about PDF/X-5n. WikiData Title ID: Q29946914.</comment>
						</fdd:urlReference>
						<fdd:urlReference>
							<link>https://www.wikidata.org/wiki/Q29946937</link>
							<tag>WikiData entry for Q29946937</tag>
							<comment>Information in WikiData about PDF/X-5pg. WikiData Title ID: Q29946937.</comment>
						</fdd:urlReference>
					</fdd:urlList>
				</fdd:urlGroup>
			</fdd:url>
		</fdd:urls>
	</fdd:usefulReferences>
</fdd:FDD>
