<?xml version="1.0" encoding="UTF-8"?>
<fdd:FDD id="fdd000065" titleName="Indeo Video Codec, Version 3" shortName="Indeo_3" xmlns:xsi="http://www.w3.org/2001/XMLSchema-instance" xmlns:fdd="http://www.digitalpreservation.gov/formats/schemas/fdd/v1" xsi:schemaLocation="http://www.digitalpreservation.gov/formats/schemas/fdd/v1 http://www.digitalpreservation.gov/formats/schemas/fdd/v1/fdd-v1-0.xsd">
	<fdd:properties>
		<fdd:gdfrGenreSelection>
			<fdd:gdfrGenre>moving-image</fdd:gdfrGenre>
		</fdd:gdfrGenreSelection>
		<fdd:formatCategories>
			<fdd:category>encoding</fdd:category>
		</fdd:formatCategories>
		<fdd:updates>
			<fdd:date>2011-12-05</fdd:date>
		</fdd:updates>
		<fdd:draftStatus>Full</fdd:draftStatus>
	</fdd:properties>
	<fdd:identificationAndDescription>
		<fdd:fullName>Indeo Video Codec, Version 3</fdd:fullName>
		<fdd:keywords>
			<fdd:keyword>video formats</fdd:keyword>
			<fdd:keyword>codec formats</fdd:keyword>
		</fdd:keywords>
		<fdd:description>
			<p>Bitstream encoding for video, originally developed by Intel. <a href="http://www.jmcgowan.com/avicodecs.html">John McGowan</a> states that Indeo 3 employs vector quantization. Before being supplanted by later versions, Windows implementations were distributed by <a href="http://www.ligos.com">Ligos Corporation</a> and Mac versions by Apple. </p>
			<p>Versions 3.1 and 3.2 are both covered by this document.  Indeo versions 4 and 5 (<fddLink id="fdd000065">Indeo_5</fddLink>) compress by means of wavelet transforms rather than vector quantization; nevertheless, they are listed as later versions below.  As of December 2007, only version 4.4 (limited to OS 9) was being offered by <a href="http://support.apple.com/kb/DL1235?viewlocale=en_US">Apple</a>.</p>
		</fdd:description>
		<fdd:shortDescription>Bitstream encoding for video, originally developed by Intel. John McGowan states that Indeo 3 employs vector quantization. Windows implementations of Indeo are distributed by Ligos Corporation; the Mac versions by Apple Corporation. Versions 3.1 and 3.2 are both covered by this document.</fdd:shortDescription>
		<fdd:productionPhase>Generally used as an end-user delivery format.</fdd:productionPhase>
		<fdd:relationships>
			<fdd:relationship>
				<fdd:typeOfRelationship>Used by</fdd:typeOfRelationship>
				<fdd:relatedTo>
					<fdd:id>fdd000061</fdd:id>
					<fdd:shortName>AVI_Indeo</fdd:shortName>
					<fdd:titleName>AVI, Indeo Codec</fdd:titleName>
				</fdd:relatedTo>
			</fdd:relationship>
			<fdd:relationship>
				<fdd:typeOfRelationship>Used by</fdd:typeOfRelationship>
				<fdd:comment>QuickTime, Indeo Codec (not documented at this time)</fdd:comment>
			</fdd:relationship>
			<fdd:relationship>
				<fdd:typeOfRelationship>Has later version</fdd:typeOfRelationship>
				<fdd:comment>Indeo Video Codec, Version 4 (not documented at this time)</fdd:comment>
			</fdd:relationship>
			<fdd:relationship>
				<fdd:typeOfRelationship>Has later version</fdd:typeOfRelationship>
				<fdd:relatedTo>
					<fdd:id>fdd000085</fdd:id>
					<fdd:shortName>Indeo_5</fdd:shortName>
					<fdd:titleName>Indeo Video Codec, Version 5</fdd:titleName>
				</fdd:relatedTo>
			</fdd:relationship>
		</fdd:relationships>
	</fdd:identificationAndDescription>
	<fdd:sustainabilityFactors>
		<fdd:disclosure>
			Proprietary standard with some public documentation
		</fdd:disclosure>
		<fdd:documentation>
			Very limited documentation
is available for Indeo_3.  Some documentation available for its successor	<fddLink id="fdd000085">Indeo_5</fddLink>.</fdd:documentation>
		<fdd:adoption>
			<p>In early 2012, the Ligos website states, &quot;The codecs (video versions 4 and 5, and audio codec version 2.5) were originally developed by Intel® Corporation, and for years have been a popular solution for video and audio in CD-ROM games, computer training titles, encyclopedias and online media. Ligos continues to distribute Indeo software for legacy applications still requiring its use in Windows 95, 98, ME, XP and NT/2000 operating systems.&quot;  Indeo is not supported for use with Microsoft Vista or Windows 7 operating systems, nor for Mac OS X.
See <a href="http://www.ligos.com/index.php/home/support/indeosupport/">Indeo Support</a> from Ligos.</p>
		</fdd:adoption>
		<fdd:licensingAndPatents>Indeo codecs and software may be licensed from Ligos Corporation; some information in <a href="http://www.ligos.com/pdf_docs/Indeo_FAQ.pdf">Ligos Indeo FAQ</a>.
		</fdd:licensingAndPatents>
		<fdd:transparency>
			Depends upon algorithms and tools to read; will require sophistication to build tools.
		</fdd:transparency>
		<fdd:selfDocumentation>
			Not applicable; provided by wrapper formats.
		</fdd:selfDocumentation>
		<fdd:externalDependencies>
			None.
		</fdd:externalDependencies>
		<fdd:techProtection>
			Ligos Corporation <a href="http://www.ligos.com/pdf_docs/Indeo_FAQ.pdf">FAQ</a> states that developers can assign access keys to video files to protect them.  These or additional protections may [also?] be provided by wrapper formats.
		</fdd:techProtection>
	</fdd:sustainabilityFactors>
	<fdd:qualityAndFunctionalityFactors>
		<fdd:movingImageQF>
			<fdd:normalVideo>Not applicable</fdd:normalVideo>
			<fdd:clarity>Moderate, given this is a compression format.</fdd:clarity>
			<fdd:beyondVideo>Not applicable.</fdd:beyondVideo>
		</fdd:movingImageQF>
	</fdd:qualityAndFunctionalityFactors>
	<fdd:fileTypeSignifiers>
		<fdd:signifiersGroup>
			<fdd:filenameExtension>
				<fdd:sigValueNA>Not applicable.</fdd:sigValueNA>
			</fdd:filenameExtension>
			<fdd:internetMediaType>
				<fdd:sigValueNA>Not applicable.</fdd:sigValueNA>
			</fdd:internetMediaType>
			<fdd:magicNumbers>
				<fdd:sigValueNA>Not applicable.</fdd:sigValueNA>
			</fdd:magicNumbers>
			<fdd:other>
				<fdd:tag>Microsoft FOURCC</fdd:tag>
				<fdd:values>
					<fdd:sigValues>
						<fdd:sigValue>IV31</fdd:sigValue>
						<fdd:sigValue>IV32</fdd:sigValue>
					</fdd:sigValues>
					<fdd:note>Used when this codec is wrapped in Microsoft file formats, e.g., <fddLink id="fdd000059">AVI</fddLink> and <fddLink id="fdd000067">ASF</fddLink>; see the <a href="http://www.fourcc.org/codecs.php">list of FOURCC codes</a>, which also lists a number of additional <i>IV</i> FOURCCs.  <a href="http://www.jmcgowan.com/avicodecs.html">John McGowan</a> states that IV32 is generally used for Indeo 3; IV41 for Indeo 4, and IV50 for Indeo 5.  FOURCC codes are no longer managed by Microsoft, which has developed a new mechanism for identifying rich media types in general.</fdd:note>
				</fdd:values>
			</fdd:other>
		</fdd:signifiersGroup>
	</fdd:fileTypeSignifiers>
	<fdd:usefulReferences>
		<fdd:urls>
			<fdd:url>
				<fdd:urlReference>
					<link>http://www.ligos.com</link>
					<tag>Indeo product information</tag>
					<comment>From the Ligos Corporation </comment>
				</fdd:urlReference>
			</fdd:url>
			<fdd:url>
				<fdd:urlReference>
					<link>http://ligos.com/pdf_docs/Indeo_FAQ.pdf</link>
					<tag>FAQ</tag>
					<comment>From the Ligos Corporation </comment>
				</fdd:urlReference>
			</fdd:url>
			<fdd:url>
				<fdd:urlReference>
					<link>http://ligos.com/pdf_docs/Indeo_doc.pdf</link>
					<tag>Documentation</tag>
					<comment>From the Ligos Corporation  </comment>
				</fdd:urlReference>
			</fdd:url>
			<fdd:url>
				<fdd:urlReference>
					<link>http://www.jmcgowan.com/avicodecs.html</link>
					<tag>John McGowan's AVI Overview: Audio and Video Codecs</tag>
				</fdd:urlReference>
			</fdd:url>
			<fdd:url>
				<fdd:urlReference>
					<link>http://www.fourcc.org/codecs.php</link>
					<tag>List of FOURCC codes</tag>
					<comment>FOURCC codes were originally managed in a registry by Microsoft, but have been superseded by a more general mechanism to identify media types.</comment>
				</fdd:urlReference>
			</fdd:url>
			<fdd:url>
				<fdd:urlReference>
					<link>http://en.wikipedia.org/wiki/Indeo</link>
					<tag>Indeo from Wikipedia</tag>
				</fdd:urlReference>
			</fdd:url>
		</fdd:urls>
	</fdd:usefulReferences>
</fdd:FDD>
