<?xml version="1.0" encoding="UTF-8"?>
<fdd:FDD id="fdd000084" titleName="MPEG-4, Advanced Video Coding, Extended Profile" shortName="MPEG-4_AVC_EP" xmlns:xsi="http://www.w3.org/2001/XMLSchema-instance" xmlns:fdd="http://www.loc.gov/preservation/digital/formats/schemas/fdd/v1" xsi:schemaLocation="http://www.loc.gov/preservation/digital/formats/schemas/fdd/v1 http://www.loc.gov/preservation/digital/formats/schemas/fdd/v1/fdd-v1-2.xsd">
	<fdd:properties>
		<fdd:gdfrGenreSelection>
			<fdd:gdfrGenre>moving-image</fdd:gdfrGenre>
		</fdd:gdfrGenreSelection>
		<fdd:formatCategories>
			<fdd:category>encoding</fdd:category>
		</fdd:formatCategories>
		<fdd:gdfrComposition>unitary</fdd:gdfrComposition>
		<fdd:gdfrForm>binary</fdd:gdfrForm>
		<fdd:gdfrBasis>sampled</fdd:gdfrBasis>
		<fdd:updates>
			<fdd:date>2011-03-14</fdd:date>
		</fdd:updates>
		<fdd:draftStatus>Full</fdd:draftStatus>
	</fdd:properties>
	<fdd:identificationAndDescription>
		<fdd:fullName>Information technology -- Coding of audio-visual objects (formal name); MPEG-4, Advanced Video Coding (part 10), Extended Profile</fdd:fullName>
		<fdd:keywords>
			<fdd:keyword>MPEG</fdd:keyword>
			<fdd:keyword>MPEG-4</fdd:keyword>
		</fdd:keywords>
		<fdd:description>
			<p>Extended is the most complex of the three original <fddLink id="fdd000081">MPEG-4_AVC</fddLink> profiles (Baseline, Main, and Extended); it places the greatest demands on a decoder.  The constraints on this profile are limited and, like the Main Profile, examples may include intra (I), predicted (P), and bidirectional (B) slice types (<i>slice</i> is the MPEG-4_AVC term for a single <i>macroblock</i> or a set of macroblocks that make up a portion of an individual picture.)  For a discussion of the constraints and the levels that may be used in this profile, see Appendix A in Part 10 of the <a href="#specs">standard</a>, pp. 204-211.</p>
			<p>The extensions described here predate the FRExt (Fidelity Range Extensions), being finalized in 2005 and represented by four new profiles: <fddLink id="fdd000215">MPEG-4_AVC_HP</fddLink>, <fddLink id="fdd000216">MPEG-4_AVC_H10P</fddLink>, <fddLink id="fdd000217">MPEG-4_AVC_H422P</fddLink>, and <fddLink id="fdd000218">MPEG-4_AVC_H444P</fddLink>.</p>
		</fdd:description>
		<fdd:shortDescription>Extended is the most complex of the three original MPEG-4_AVC profiles; it places the greatest demands on a decoder. The constraints on this profile are limited and, like the Main Profile, examples may include intra (I), predicted (P), and bidirectional (B) slice types.</fdd:shortDescription>
		<fdd:productionPhase>Generally a final-state (end-user delivery) format.</fdd:productionPhase>
		<fdd:relationships>
			<fdd:relationship>
				<fdd:typeOfRelationship>Subtype of</fdd:typeOfRelationship>
				<fdd:relatedTo>
					<fdd:id>fdd000081</fdd:id>
					<fdd:shortName>MPEG-4_AVC</fdd:shortName>
					<fdd:titleName>MPEG-4, Advanced Video Coding (Part 10) (H.264)</fdd:titleName>
				</fdd:relatedTo>
			</fdd:relationship>
			<fdd:relationship>
				<fdd:typeOfRelationship>Used by</fdd:typeOfRelationship>
				<fdd:relatedTo>
					<fdd:id>fdd000220</fdd:id>
					<fdd:shortName>MP4_FF_2_AVC_EP</fdd:shortName>
					<fdd:titleName>MPEG-4 File Format, V.2, with AVC, Extended Profile</fdd:titleName>
				</fdd:relatedTo>
			</fdd:relationship>
		</fdd:relationships>
	</fdd:identificationAndDescription>
	<fdd:sustainabilityFactors>
		<fdd:disclosure>
			Open standard. See <fddLink id="fdd000081">MPEG-4_AVC</fddLink>.
		</fdd:disclosure>
		<fdd:documentation>
			See <fddLink id="fdd000081">MPEG-4_AVC</fddLink>.
		</fdd:documentation>
		<fdd:adoption>
			See <fddLink id="fdd000081">MPEG-4_AVC</fddLink>.
		</fdd:adoption>
		<fdd:licensingAndPatents>
			See <fddLink id="fdd000155">MP4_FF_2</fddLink>.
		</fdd:licensingAndPatents>
		<fdd:transparency>
			See <fddLink id="fdd000155">MP4_FF_2</fddLink>.
		</fdd:transparency>
		<fdd:selfDocumentation>
			See <fddLink id="fdd000155">MP4_FF_2</fddLink>.
		</fdd:selfDocumentation>
		<fdd:externalDependencies>
			See <fddLink id="fdd000155">MP4_FF_2</fddLink>.
		</fdd:externalDependencies>
		<fdd:techProtection>
			See <fddLink id="fdd000155">MP4_FF_2</fddLink>.
		</fdd:techProtection>
	</fdd:sustainabilityFactors>
	<fdd:qualityAndFunctionalityFactors>
		<fdd:movingImageQF>
			<fdd:normalVideo>Good support.</fdd:normalVideo>
			<fdd:clarity>See <fddLink id="fdd000081">MPEG-4_AVC</fddLink>. Depends in part on the level and encoding algorithm selected. The Extended Profile will produce greater clarity than the <fddLink id="fdd000082">MPEG-4_AVC_BP</fddLink> (Baseline Profile) and the <fddLink id="fdd000083">MPEG-4_AVC_MP</fddLink> (Main Profile) at a given picture size and data rate.  The clarity in all three of the original profiles is surpassed by the four FRExt (Fidelity Range Extension) profiles: <fddLink id="fdd000215">MPEG-4_AVC_HP</fddLink>, <fddLink id="fdd000216">MPEG-4_AVC_H10P</fddLink>, <fddLink id="fdd000217">MPEG-4_AVC_H422P</fddLink>, and <fddLink id="fdd000218">MPEG-4_AVC_H444P</fddLink>.</fdd:clarity>
			<fdd:beyondVideo>See <fddLink id="fdd000155">MP4_FF_2</fddLink>.</fdd:beyondVideo>
		</fdd:movingImageQF>
	</fdd:qualityAndFunctionalityFactors>
	<fdd:fileTypeSignifiers>
		<fdd:signifiersGroup>
			<fdd:filenameExtension>
				<fdd:sigValues>
					<fdd:sigValue>mp4</fdd:sigValue>
				</fdd:sigValues>
			</fdd:filenameExtension>
			<fdd:internetMediaType>
				<fdd:sigValueNA>See related format.</fdd:sigValueNA>
				<fdd:note>See <fddLink id="fdd000155">MP4_FF_2</fddLink>.</fdd:note>
			</fdd:internetMediaType>
			<fdd:magicNumbers>
				<fdd:sigValueNA>See related format.</fdd:sigValueNA>
				<fdd:note>See <fddLink id="fdd000155">MP4_FF_2</fddLink>.</fdd:note>
			</fdd:magicNumbers>
			<fdd:other>
				<fdd:tag>File type brand (ISO Base Media File Format)</fdd:tag>
				<fdd:values>
					<fdd:sigValueNA>See note.</fdd:sigValueNA>
					<fdd:note>Indicated in file wrapper and relates to "brands" defined in <a href="fdd000079.shtml">ISO_BMFF</a>.  Wrapping MPEG-4_AVC bitstreams in <fddLink id="fdd000037">MP4_FF_1</fddLink> would occasion the use of <i>mp41</i>; in <fddLink id="fdd000155">MP4_FF_2</fddLink>, use <i>mp42</i>.</fdd:note>
				</fdd:values>
			</fdd:other>
			<fdd:other>
				<fdd:tag>Indicator for profile, level, version, etc.</fdd:tag>
				<fdd:values>
					<fdd:sigValues>
						<fdd:sigValue>88</fdd:sigValue>
					</fdd:sigValues>
					<fdd:note>Profile indicator for <i>profile_idc</i>.  See Annex A of <a href="fdd000155.shtml#specs">Part 10</a> of the standard, pp. 204-05.</fdd:note>
				</fdd:values>
			</fdd:other>
			<fdd:other>
				<fdd:tag>Pronom PUID</fdd:tag>
				<fdd:values>
					<fdd:sigValueNA>See note.</fdd:sigValueNA>
					<fdd:note>PRONOM has no corresponding entry as of July 2022.</fdd:note>
				</fdd:values>
			</fdd:other>
			<fdd:other>
				<fdd:tag>Wikidata Title ID</fdd:tag>
				<fdd:values>
					<fdd:sigValueNA>See related format.</fdd:sigValueNA>
					<fdd:note>See <fddLink id="fdd000081">MPEG-4, Advanced Video Coding (Part 10) (H.264)</fddLink>.
					</fdd:note>
				</fdd:values>
			</fdd:other>
		</fdd:signifiersGroup>
	</fdd:fileTypeSignifiers>
	<fdd:formatSpecifications>
		<fdd:citations>
			<fdd:citation>
				<fdd:specReference> ISO/IEC 14496-10:2003   Information technology -- Coding of audio-visual objects -- Part 10: Advanced Video Coding</fdd:specReference>
			</fdd:citation>
			<fdd:citation>
				<fdd:specReference> ISO/IEC 14496-15:2003   Information technology -- Coding of audio-visual objects -- Part 15: Advanced Video Coding (AVC) file format</fdd:specReference>
			</fdd:citation>
		</fdd:citations>
	</fdd:formatSpecifications>
	<fdd:usefulReferences>
		<fdd:urls>
			<fdd:url>
				<fdd:urlGroup>
					<fdd:intro>See <fddLink id="fdd000155">MP4_FF_2</fddLink> and <fddLink id="fdd000081">MPEG-4_AVC</fddLink>.</fdd:intro>
				</fdd:urlGroup>
			</fdd:url>
		</fdd:urls>
	</fdd:usefulReferences>
</fdd:FDD>
