<?xml version="1.0" encoding="UTF-8"?>
<fdd:FDD id="fdd000177" titleName="Digital Cinema Initiative Distribution Master (DCDM), Version 1.0" shortName="DCDM_1_0" xmlns:xsi="http://www.w3.org/2001/XMLSchema-instance" xmlns:fdd="http://www.loc.gov/preservation/digital/formats/schemas/fdd/v1" xsi:schemaLocation="http://www.loc.gov/preservation/digital/formats/schemas/fdd/v1 http://www.loc.gov/preservation/digital/formats/schemas/fdd/v1/fdd-v1-1.xsd">
	<fdd:properties>
		<fdd:gdfrGenreSelection>
			<fdd:gdfrGenre>moving-image</fdd:gdfrGenre>
		</fdd:gdfrGenreSelection>
		<fdd:formatCategories>
			<fdd:category>file-format</fdd:category>
		</fdd:formatCategories>
		<fdd:updates>
			<fdd:date>2011-12-27</fdd:date>
		</fdd:updates>
		<fdd:draftStatus>Full</fdd:draftStatus>
	</fdd:properties>
	<fdd:identificationAndDescription>
		<fdd:fullName>Digital Cinema Initiative Distribution Master (DCDM).  Described in the Digital Cinema System Specification v1.0, July 20, 2005</fdd:fullName>
		<fdd:keywords>
			<fdd:keyword>Digital cinema formats</fdd:keyword>
			<fdd:keyword>digital motion picture formats</fdd:keyword>
		</fdd:keywords>
		<fdd:description>
			<p>The DCDM is a set of uncompressed and unencrypted files that represent moving image content optimized for the electronic playback in theaters.  The specification embraces not only theatrical feature films but is also intended for content like trailers and advertisements; the full range of works are called <i>compositions</i> in the specification.  The DCDM's files or <i>tracks</i> contain images (high resolution representations of motion picture frames, often produced by scanning film), audio, subpictures and/or timed text (mainly subtitles and/or captions), and auxiliary data (which includes such things as data to control room lights and curtains in a theater).  A <i>Composition Playlist</i> synchronizes the playback of these files.</p>
			<p>The overall Digital Cinema Initiative (DCI) <a href="#specs">system specification</a> defines a life cycle in which content exists in a succession of states:</p>
			<ul>
				<li>DSM.  Content originates as a <i>Digital Source Master</i>; format selected by producer, not specified.</li>
				<li>DCDM_1_0.  Content is shaped into a <i>Digital Cinema Distribution Master</i>, covered by the specification</li>
				<li>
					<fddLink id="fdd000200">DCP</fddLink>.  Content is compressed and encrypted for transport to the theater as a <i>Digital Cinema Package</i>, covered by the specification</li>
				<li>DCDM (again).  Content is unpackaged, decrypted, and decompressed at the theater for exhibition.</li>
			</ul>
			<p>Content is divided into <i>reels</i>, segments of picture and sound analogous to the film reels (typically 22 minutes in duration) that are distributed to theaters.</p>
			<p>DCDM employs a hierarchical structure that provides imagery at both <i>2K</i> (2048x1080 pixels) and <i>4K</i> (4096x2160 pixels) resolution, in order to serve projectors with different capabilities.</p>
			<p>The overall system specification devotes considerable space to the required capabilities for playback and projection systems in theaters, and regarding security and content protection.</p>
		</fdd:description>
		<fdd:shortDescription>The DCDM is a set of uncompressed and unencrypted files that represent moving image content optimized for electronic playback in theaters.  The specification embraces not only theatrical feature films but is also intended for content like trailers and advertisements; the full range of works are called compositions in the specification.  The DCDM's files or tracks contain images (high resolution representations of motion picture frames, often produced by scanning film), audio, subpictures and/or timed text (mainly subtitles and/or captions), and auxiliary data (which includes such things as data to control room lights and curtains in a theater).  A Composition Playlist synchronizes the playback of these files.</fdd:shortDescription>
		<fdd:productionPhase>Final-state for use in a distribution chain; may also serve as a middle-state format for archiving.</fdd:productionPhase>
		<fdd:relationships>
			<fdd:relationship>
				<fdd:typeOfRelationship>May contain</fdd:typeOfRelationship>
				<fdd:relatedTo>
					<fdd:id>fdd000203</fdd:id>
					<fdd:shortName>MXF_UNC</fdd:shortName>
					<fdd:titleName>MXF File with Uncompressed Images in Generic Container</fdd:titleName>
				</fdd:relatedTo>
			</fdd:relationship>
			<fdd:relationship>
				<fdd:typeOfRelationship>May contain</fdd:typeOfRelationship>
				<fdd:relatedTo>
					<fdd:id>fdd000356</fdd:id>
					<fdd:shortName>WAVE_BWF_LPCM_1</fdd:shortName>
					<fdd:titleName>Broadcast WAVE Audio File Format, Version 1</fdd:titleName>
				</fdd:relatedTo>
			</fdd:relationship>
			<fdd:relationship>
				<fdd:typeOfRelationship>May contain</fdd:typeOfRelationship>
				<fdd:relatedTo>
					<fdd:id>fdd000352</fdd:id>
					<fdd:shortName>WAVE_BWF_LPCM_2</fdd:shortName>
					<fdd:titleName>Broadcast WAVE Audio File Format, Version 2</fdd:titleName>
				</fdd:relatedTo>
			</fdd:relationship>
			<fdd:relationship>
				<fdd:typeOfRelationship>May contain</fdd:typeOfRelationship>
				<fdd:relatedTo>
					<fdd:id>fdd000153</fdd:id>
					<fdd:shortName>PNG</fdd:shortName>
					<fdd:titleName>Portable Network Graphics Format (PNG)</fdd:titleName>
				</fdd:relatedTo>
				<fdd:comment>
					<i>DCDM's subpicture track(s)</i>
				</fdd:comment>
			</fdd:relationship>
			<fdd:relationship>
				<fdd:typeOfRelationship>May contain</fdd:typeOfRelationship>
				<fdd:relatedTo>
					<fdd:id>fdd000075</fdd:id>
					<fdd:shortName>XML</fdd:shortName>
					<fdd:titleName>XML (eXtensible Markup Language)</fdd:titleName>
				</fdd:relatedTo>
				<fdd:comment>
					<i>DCDM's subpicture navigation file(s) and timed text track(s)</i>
				</fdd:comment>
			</fdd:relationship>
			<fdd:relationship>
				<fdd:typeOfRelationship>May contain</fdd:typeOfRelationship>
				<fdd:comment>Auxiliary data file(s) conforming to SMPTE specification 12M, not documented at this time</fdd:comment>
			</fdd:relationship>
			<fdd:relationship>
				<fdd:typeOfRelationship>Other</fdd:typeOfRelationship>
				<fdd:relatedTo>
					<fdd:id>fdd000200</fdd:id>
					<fdd:shortName>DCP_1_0</fdd:shortName>
					<fdd:titleName>Digital Cinema Initiative Package (DCP), Version 1.0</fdd:titleName>
				</fdd:relatedTo>
			</fdd:relationship>
			<fdd:relationship>
				<fdd:typeOfRelationship>Has earlier version</fdd:typeOfRelationship>
				<fdd:comment>Draft versions of overall specification; see <a href="#specs">Format specifications</a> below; not documented at this Web site.</fdd:comment>
			</fdd:relationship>
		</fdd:relationships>
	</fdd:identificationAndDescription>
	<fdd:localUse>
		<fdd:experience>None</fdd:experience>
		<fdd:preference>None</fdd:preference>
	</fdd:localUse>
	<fdd:sustainabilityFactors>
		<fdd:disclosure>Fully disclosed. Developed by the <a href="http://www.dcimovies.com/">Digital Cinema Initiatives</a>. [See <a href="#notes">Notes</a> below for information on the relationship of the DCI to the SMPTE DC28 standards-development process.]
		</fdd:disclosure>
		<fdd:documentation>The DCDM is one element defined in the Digital Cinema System Specification v5.2, June 2005.  The specification is accessible at the <a href="http://www.dcimovies.com/">Digital Cinema Initiatives</a> Web site.
		</fdd:documentation>
		<fdd:adoption>This format and the overall system was introduced in July 2005, and adoption will begin during the following years.
		</fdd:adoption>
		<fdd:licensingAndPatents>None identified.  The specification includes a disclaimer: "Compliance with this document may require use of one or more features covered by proprietary rights . . . no position is taken by DCI with respect to the validity of any patent of other proprietary right." (p. vii)
		</fdd:licensingAndPatents>
		<fdd:transparency>The bundling structure and some other elements will be encoded in XML, which is very transparent.  The essence wrappers, e.g., <fddLink id="fdd000013">MXF</fddLink>, are generally transparent.  The DCDM essences will be as transparent as their underlying encodings.
		</fdd:transparency>
		<fdd:selfDocumentation>Metadata to describe the content and to manage the playback process and security protections is a part of the specification.
		</fdd:selfDocumentation>
		<fdd:externalDependencies>Depends upon specialized projectors and other playback systems in theaters, including the use of a surround sound infrastructure and systems for curtains and lighting that respond to data in the DCDM, etc.
		</fdd:externalDependencies>
		<fdd:techProtection>Not fully investigated at this time.  In the 161-page draft specification, 78 pages are devoted to security.  A public-private key, signature based system is specified.
		</fdd:techProtection>
	</fdd:sustainabilityFactors>
	<fdd:qualityAndFunctionalityFactors>
		<fdd:movingImageQF>
			<fdd:normalVideo>DCDM files will play in special authoring or theater systems.</fdd:normalVideo>
			<fdd:clarity>Although the DCDM is uncompressed by definition, image files are compressed for movement to theaters in the DCP, using lossy JPEG 2000 with a maximum data rate of 250 Mb/s, which will yield excellent quality when decompressed.  Quality when projected will vary dependending upon picture size (2K vs. 4K; see Description above).</fdd:clarity>
			<fdd:beyondVideo>Extensive; not documented at this time.</fdd:beyondVideo>
		</fdd:movingImageQF>
		<fdd:soundQF>
			<fdd:normalSound>DCDM files will play in special authoring or theater systems.</fdd:normalSound>
			<fdd:fidelity>Excellent; sound track files can have sampling rates as high as 96 kHz; bit depth is specified as 24 bits per sample.</fdd:fidelity>
			<fdd:channels>Intended for use in surround-type environments; 16 channels are possible and specified mappings for 8- and 6-channel systems are specified.  Each channel will be represented by a separate sound file or track.</fdd:channels>
			<fdd:samples>Not investigated at this time.</fdd:samples>
			<fdd:beyondSound>Not investigated at this time.</fdd:beyondSound>
		</fdd:soundQF>
	</fdd:qualityAndFunctionalityFactors>
	<fdd:fileTypeSignifiers>
		<fdd:signifiersGroup>
			<fdd:filenameExtension>
				<fdd:sigValueNA>Not applicable.</fdd:sigValueNA>
			</fdd:filenameExtension>
			<fdd:internetMediaType>
				<fdd:sigValueNA>Not applicable.</fdd:sigValueNA>
			</fdd:internetMediaType>
			<fdd:magicNumbers>
				<fdd:sigValueNA>Not applicable.</fdd:sigValueNA>
			</fdd:magicNumbers>
		</fdd:signifiersGroup>
	</fdd:fileTypeSignifiers>
	<fdd:notes>
		<fdd:general>In the DCDM, the image track consists of uncompressed data mapped to the MXF Generic Container in accord with SMPTE standard 384M, using the frame wrapping method.  In the <fddLink id="fdd000200">DCP_1_0</fddLink>, the image track consists of lossy JPEG 2000 data mapped to the MXF Generic Container in accord with SMPTE standard 422M, and using JPEG 2000 codestreams conforming to <fddLink id="fdd000211">J2K_C_Profile_3</fddLink> (for 2K) and <fddLink id="fdd000213">J2K_C_Profile_4</fddLink> (for 4K).</fdd:general>
		<fdd:history>
			<p>From the <a href="http://www.dcimovies.com/">Digital Cinema Initiatives Web site</a>: "Digital Cinema Initiatives, LLC (DCI) was created in March 2002, as a joint venture of Disney, Fox, MGM, Paramount, Sony Pictures Entertainment, Universal and Warner Bros. Studios. DCI's primary purpose is to establish and document voluntary specifications for an open architecture for digital cinema that ensures a uniform and high level of technical performance, reliability and quality control. DCI will also facilitate the development of business plans and strategies to help spur deployment of digital cinema systems in movie theaters."  During 2004, DCI and others applied considerable effort to image quality testing, examining image-creation methodology, encoding, and projection systems.  The testing used <i>Standardised Evaluation Material</i> (StEM) created through a collaborative effort of the American Society of Cinematographers (ASC) and DCI.</p>
			<p>The formal standardization of DCI specifications is being overseen by the SMPTE technology committee DC28, made up of four working groups preparing more than 20 separate items. The relationship of this to the Digital Cinema Initiative (and a European counterpart) was articulated in 2006 by the <a href="http://www.imago.org/">European Federation of Cinematographers</a>: "The establishment of a new standard   for the future digital cinema projection copy has been delegated to the SMPTE [DC28 technology committee]. Both DCI (Digital Cinema Initiatives) and EDCF-T (European Digital Cinema Forum - Technical Module) are input bodies towards SMPTE DC28. . . . Now that the DCI published their specifications it is to expect that the standardisation work at SMPTE will accelerate and it is possible that SMPTE may finalize the standard in less than a year from now." </p>
		</fdd:history>
	</fdd:notes>
	<fdd:formatSpecifications>
		<fdd:urls>
			<fdd:url>
				<fdd:urlReference>
					<link>http://dcimovies.com/specification/</link>
					<tag>Current specification (Version 1.2 is current as of November 2013)</tag>
				</fdd:urlReference>
			</fdd:url>
			<fdd:url>
				<fdd:urlReference>
					<link>http://dcimovies.com/archives/</link>
					<tag>Archives of earlier specification versions, including drafts.</tag>
				</fdd:urlReference>
			</fdd:url>
		</fdd:urls>
	</fdd:formatSpecifications>
	<fdd:usefulReferences>
		<fdd:urls>
			<fdd:url>
				<fdd:urlReference>
					<link>http://www.dcimovies.com/</link>
					<tag>Digital Cinema Initiatives Web site</tag>
				</fdd:urlReference>
			</fdd:url>
			<fdd:url>
				<fdd:urlReference>
					<link>http://www.imago.org</link>
					<tag>European Federation of Cinematographers</tag>
				</fdd:urlReference>
			</fdd:url>
			<fdd:url>
				<fdd:urlReference>
					<link>http://www.fiafnet.org/commissions/TC%20docs/D-Cinema%20deposit%20specifications%20v1%200%202010-09-02%20final%201.pdf</link>
					<tag>FIAF Technical Commission Recommendation
on
the Deposit and Acquisition of D-Cinema
Elements
for Long Term Preservation and Access. v. 1.0, 2010-09-02</tag>
					<comment>Includes discussions about digital cinema elements appropriate for long-term preservation </comment>
				</fdd:urlReference>
			</fdd:url>
		</fdd:urls>
		<fdd:citations>
			<fdd:citation>
				<fdd:bookReference>Swartz, Charles S., editor.  <i>Understanding Digital Cinema: A Professional Handbook</i>.  Amsterdam; Boston: Focal Press, 2005.  LCCN: 2004021603; ISBN: 0240806174.</fdd:bookReference>
			</fdd:citation>
		</fdd:citations>
	</fdd:usefulReferences>
</fdd:FDD>
